date,city,store,product,opening_stock,received_stock,units_sold,closing_stock,stockout_flag
2026-04-03,Ahmedabad,Satellite,House Latte,47,50,41,56,False
2026-04-03,Ahmedabad,Satellite,Cold Brew,75,37,49,63,False
2026-04-03,Ahmedabad,Satellite,Breakfast Combo,46,47,23,70,False
2026-04-03,Ahmedabad,Satellite,Cappuccino,47,41,54,34,False
2026-04-03,Ahmedabad,Satellite,Chai Frappe,98,50,43,105,False
2026-04-03,Ahmedabad,Navrangpura,House Latte,102,40,20,122,False
2026-04-03,Ahmedabad,Navrangpura,Cold Brew,107,38,35,110,False
2026-04-03,Ahmedabad,Navrangpura,Breakfast Combo,69,27,52,44,False
2026-04-03,Ahmedabad,Navrangpura,Cappuccino,102,45,31,116,False
2026-04-03,Ahmedabad,Navrangpura,Chai Frappe,105,41,32,114,False
2026-04-03,Jaipur,C-Scheme,House Latte,76,29,18,87,False
2026-04-03,Jaipur,C-Scheme,Cold Brew,84,55,17,122,False
2026-04-03,Jaipur,C-Scheme,Breakfast Combo,108,53,26,135,False
2026-04-03,Jaipur,C-Scheme,Cappuccino,90,26,45,71,False
2026-04-03,Jaipur,C-Scheme,Chai Frappe,96,34,17,113,False
2026-04-03,Jaipur,Malviya Nagar,House Latte,117,37,50,104,False
2026-04-03,Jaipur,Malviya Nagar,Cold Brew,94,51,45,100,False
2026-04-03,Jaipur,Malviya Nagar,Breakfast Combo,55,34,33,56,False
2026-04-03,Jaipur,Malviya Nagar,Cappuccino,79,21,36,64,False
2026-04-03,Jaipur,Malviya Nagar,Chai Frappe,52,49,42,59,False
2026-04-03,Delhi,Connaught Place,House Latte,113,49,29,133,False
2026-04-03,Delhi,Connaught Place,Cold Brew,117,36,28,125,False
2026-04-03,Delhi,Connaught Place,Breakfast Combo,112,34,18,128,False
2026-04-03,Delhi,Connaught Place,Cappuccino,77,51,22,106,False
2026-04-03,Delhi,Connaught Place,Chai Frappe,77,25,42,60,False
2026-04-03,Delhi,Saket,House Latte,78,33,24,87,False
2026-04-03,Delhi,Saket,Cold Brew,85,46,52,79,False
2026-04-03,Delhi,Saket,Breakfast Combo,74,26,48,52,False
2026-04-03,Delhi,Saket,Cappuccino,90,48,18,120,False
2026-04-03,Delhi,Saket,Chai Frappe,64,50,48,66,False
2026-04-03,Mumbai,Bandra,House Latte,74,52,48,78,False
2026-04-03,Mumbai,Bandra,Cold Brew,70,55,26,99,False
2026-04-03,Mumbai,Bandra,Breakfast Combo,59,47,40,66,False
2026-04-03,Mumbai,Bandra,Cappuccino,51,53,22,82,False
2026-04-03,Mumbai,Bandra,Chai Frappe,104,20,46,78,False
2026-04-03,Mumbai,Andheri,House Latte,102,51,41,112,False
2026-04-03,Mumbai,Andheri,Cold Brew,77,48,26,99,False
2026-04-03,Mumbai,Andheri,Breakfast Combo,102,42,33,111,False
2026-04-03,Mumbai,Andheri,Cappuccino,80,42,16,106,False
2026-04-03,Mumbai,Andheri,Chai Frappe,51,29,19,61,False
2026-04-03,Bengaluru,Indiranagar,House Latte,75,46,41,80,False
2026-04-03,Bengaluru,Indiranagar,Cold Brew,77,54,37,94,False
2026-04-03,Bengaluru,Indiranagar,Breakfast Combo,46,50,37,59,False
2026-04-03,Bengaluru,Indiranagar,Cappuccino,90,42,37,95,False
2026-04-03,Bengaluru,Indiranagar,Chai Frappe,47,42,46,43,False
2026-04-03,Bengaluru,Koramangala,House Latte,64,44,16,92,False
2026-04-03,Bengaluru,Koramangala,Cold Brew,67,37,54,50,False
2026-04-03,Bengaluru,Koramangala,Breakfast Combo,57,31,31,57,False
2026-04-03,Bengaluru,Koramangala,Cappuccino,119,54,16,157,False
2026-04-03,Bengaluru,Koramangala,Chai Frappe,58,52,17,93,False
2026-04-03,Hyderabad,Banjara Hills,House Latte,108,31,51,88,False
2026-04-03,Hyderabad,Banjara Hills,Cold Brew,63,37,41,59,False
2026-04-03,Hyderabad,Banjara Hills,Breakfast Combo,50,42,35,57,False
2026-04-03,Hyderabad,Banjara Hills,Cappuccino,102,59,41,120,False
2026-04-03,Hyderabad,Banjara Hills,Chai Frappe,72,36,31,77,False
2026-04-03,Hyderabad,Gachibowli,House Latte,105,32,21,116,False
2026-04-03,Hyderabad,Gachibowli,Cold Brew,66,20,19,67,False
2026-04-03,Hyderabad,Gachibowli,Breakfast Combo,47,50,43,54,False
2026-04-03,Hyderabad,Gachibowli,Cappuccino,95,38,43,90,False
2026-04-03,Hyderabad,Gachibowli,Chai Frappe,52,56,35,73,False
2026-04-04,Ahmedabad,Satellite,House Latte,115,26,34,107,False
2026-04-04,Ahmedabad,Satellite,Cold Brew,95,39,32,102,False
2026-04-04,Ahmedabad,Satellite,Breakfast Combo,53,35,24,64,False
2026-04-04,Ahmedabad,Satellite,Cappuccino,64,47,40,71,False
2026-04-04,Ahmedabad,Satellite,Chai Frappe,88,34,53,69,False
2026-04-04,Ahmedabad,Navrangpura,House Latte,47,33,19,61,False
2026-04-04,Ahmedabad,Navrangpura,Cold Brew,67,58,29,96,False
2026-04-04,Ahmedabad,Navrangpura,Breakfast Combo,112,39,42,109,False
2026-04-04,Ahmedabad,Navrangpura,Cappuccino,76,30,45,61,False
2026-04-04,Ahmedabad,Navrangpura,Chai Frappe,117,30,46,101,False
2026-04-04,Jaipur,C-Scheme,House Latte,60,48,46,62,False
2026-04-04,Jaipur,C-Scheme,Cold Brew,75,49,25,99,False
2026-04-04,Jaipur,C-Scheme,Breakfast Combo,46,23,32,37,False
2026-04-04,Jaipur,C-Scheme,Cappuccino,112,25,33,104,False
2026-04-04,Jaipur,C-Scheme,Chai Frappe,96,28,43,81,False
2026-04-04,Jaipur,Malviya Nagar,House Latte,64,52,38,78,False
2026-04-04,Jaipur,Malviya Nagar,Cold Brew,83,27,33,77,False
2026-04-04,Jaipur,Malviya Nagar,Breakfast Combo,108,20,45,83,False
2026-04-04,Jaipur,Malviya Nagar,Cappuccino,79,48,41,86,False
2026-04-04,Jaipur,Malviya Nagar,Chai Frappe,74,32,40,66,False
2026-04-04,Delhi,Connaught Place,House Latte,51,43,18,76,False
2026-04-04,Delhi,Connaught Place,Cold Brew,91,45,18,118,False
2026-04-04,Delhi,Connaught Place,Breakfast Combo,100,36,46,90,False
2026-04-04,Delhi,Connaught Place,Cappuccino,43,27,34,36,False
2026-04-04,Delhi,Connaught Place,Chai Frappe,55,33,41,47,False
2026-04-04,Delhi,Saket,House Latte,51,47,19,79,False
2026-04-04,Delhi,Saket,Cold Brew,54,43,46,51,False
2026-04-04,Delhi,Saket,Breakfast Combo,53,31,52,32,False
2026-04-04,Delhi,Saket,Cappuccino,119,43,32,130,False
2026-04-04,Delhi,Saket,Chai Frappe,67,44,38,73,False
2026-04-04,Mumbai,Bandra,House Latte,63,20,21,62,False
2026-04-04,Mumbai,Bandra,Cold Brew,116,36,34,118,False
2026-04-04,Mumbai,Bandra,Breakfast Combo,77,51,17,111,False
2026-04-04,Mumbai,Bandra,Cappuccino,46,31,34,43,False
2026-04-04,Mumbai,Bandra,Chai Frappe,93,39,32,100,False
2026-04-04,Mumbai,Andheri,House Latte,115,26,37,104,False
2026-04-04,Mumbai,Andheri,Cold Brew,83,38,47,74,False
2026-04-04,Mumbai,Andheri,Breakfast Combo,61,58,28,91,False
2026-04-04,Mumbai,Andheri,Cappuccino,83,40,48,75,False
2026-04-04,Mumbai,Andheri,Chai Frappe,75,31,15,91,False
2026-04-04,Bengaluru,Indiranagar,House Latte,69,53,15,107,False
2026-04-04,Bengaluru,Indiranagar,Cold Brew,111,41,20,132,False
2026-04-04,Bengaluru,Indiranagar,Breakfast Combo,64,42,27,79,False
2026-04-04,Bengaluru,Indiranagar,Cappuccino,48,46,41,53,False
2026-04-04,Bengaluru,Indiranagar,Chai Frappe,49,31,24,56,False
2026-04-04,Bengaluru,Koramangala,House Latte,92,49,44,97,False
2026-04-04,Bengaluru,Koramangala,Cold Brew,115,50,27,138,False
2026-04-04,Bengaluru,Koramangala,Breakfast Combo,48,44,51,41,False
2026-04-04,Bengaluru,Koramangala,Cappuccino,118,29,24,123,False
2026-04-04,Bengaluru,Koramangala,Chai Frappe,42,25,37,30,False
2026-04-04,Hyderabad,Banjara Hills,House Latte,83,34,27,90,False
2026-04-04,Hyderabad,Banjara Hills,Cold Brew,106,38,47,97,False
2026-04-04,Hyderabad,Banjara Hills,Breakfast Combo,117,32,23,126,False
2026-04-04,Hyderabad,Banjara Hills,Cappuccino,116,45,26,135,False
2026-04-04,Hyderabad,Banjara Hills,Chai Frappe,89,40,51,78,False
2026-04-04,Hyderabad,Gachibowli,House Latte,60,59,52,67,False
2026-04-04,Hyderabad,Gachibowli,Cold Brew,54,26,36,44,False
2026-04-04,Hyderabad,Gachibowli,Breakfast Combo,43,31,32,42,False
2026-04-04,Hyderabad,Gachibowli,Cappuccino,117,59,21,155,False
2026-04-04,Hyderabad,Gachibowli,Chai Frappe,111,23,44,90,False
2026-04-05,Ahmedabad,Satellite,House Latte,107,55,23,139,False
2026-04-05,Ahmedabad,Satellite,Cold Brew,111,24,35,100,False
2026-04-05,Ahmedabad,Satellite,Breakfast Combo,77,32,15,94,False
2026-04-05,Ahmedabad,Satellite,Cappuccino,101,33,41,93,False
2026-04-05,Ahmedabad,Satellite,Chai Frappe,72,34,50,56,False
2026-04-05,Ahmedabad,Navrangpura,House Latte,47,49,44,52,False
2026-04-05,Ahmedabad,Navrangpura,Cold Brew,70,30,15,85,False
2026-04-05,Ahmedabad,Navrangpura,Breakfast Combo,114,57,24,147,False
2026-04-05,Ahmedabad,Navrangpura,Cappuccino,42,24,17,49,False
2026-04-05,Ahmedabad,Navrangpura,Chai Frappe,106,55,21,140,False
2026-04-05,Jaipur,C-Scheme,House Latte,99,27,29,97,False
2026-04-05,Jaipur,C-Scheme,Cold Brew,87,48,49,86,False
2026-04-05,Jaipur,C-Scheme,Breakfast Combo,43,27,26,44,False
2026-04-05,Jaipur,C-Scheme,Cappuccino,64,59,46,77,False
2026-04-05,Jaipur,C-Scheme,Chai Frappe,65,58,34,89,False
2026-04-05,Jaipur,Malviya Nagar,House Latte,80,37,20,97,False
2026-04-05,Jaipur,Malviya Nagar,Cold Brew,114,20,21,113,False
2026-04-05,Jaipur,Malviya Nagar,Breakfast Combo,58,31,20,69,False
2026-04-05,Jaipur,Malviya Nagar,Cappuccino,41,47,53,35,False
2026-04-05,Jaipur,Malviya Nagar,Chai Frappe,49,31,35,45,False
2026-04-05,Delhi,Connaught Place,House Latte,114,47,45,116,False
2026-04-05,Delhi,Connaught Place,Cold Brew,86,36,22,100,False
2026-04-05,Delhi,Connaught Place,Breakfast Combo,109,52,16,145,False
2026-04-05,Delhi,Connaught Place,Cappuccino,97,23,44,76,False
2026-04-05,Delhi,Connaught Place,Chai Frappe,106,25,32,99,False
2026-04-05,Delhi,Saket,House Latte,49,42,52,39,False
2026-04-05,Delhi,Saket,Cold Brew,46,35,53,28,False
2026-04-05,Delhi,Saket,Breakfast Combo,64,25,34,55,False
2026-04-05,Delhi,Saket,Cappuccino,80,46,27,99,False
2026-04-05,Delhi,Saket,Chai Frappe,116,40,26,130,False
2026-04-05,Mumbai,Bandra,House Latte,116,56,34,138,False
2026-04-05,Mumbai,Bandra,Cold Brew,41,43,37,47,False
2026-04-05,Mumbai,Bandra,Breakfast Combo,51,45,48,48,False
2026-04-05,Mumbai,Bandra,Cappuccino,48,48,20,76,False
2026-04-05,Mumbai,Bandra,Chai Frappe,99,36,15,120,False
2026-04-05,Mumbai,Andheri,House Latte,117,26,38,105,False
2026-04-05,Mumbai,Andheri,Cold Brew,54,57,44,67,False
2026-04-05,Mumbai,Andheri,Breakfast Combo,104,37,33,108,False
2026-04-05,Mumbai,Andheri,Cappuccino,90,51,48,93,False
2026-04-05,Mumbai,Andheri,Chai Frappe,41,46,19,68,False
2026-04-05,Bengaluru,Indiranagar,House Latte,63,53,25,91,False
2026-04-05,Bengaluru,Indiranagar,Cold Brew,103,38,24,117,False
2026-04-05,Bengaluru,Indiranagar,Breakfast Combo,66,41,45,62,False
2026-04-05,Bengaluru,Indiranagar,Cappuccino,88,57,49,96,False
2026-04-05,Bengaluru,Indiranagar,Chai Frappe,100,44,26,118,False
2026-04-05,Bengaluru,Koramangala,House Latte,73,24,29,68,False
2026-04-05,Bengaluru,Koramangala,Cold Brew,114,37,19,132,False
2026-04-05,Bengaluru,Koramangala,Breakfast Combo,92,58,49,101,False
2026-04-05,Bengaluru,Koramangala,Cappuccino,61,38,36,63,False
2026-04-05,Bengaluru,Koramangala,Chai Frappe,59,30,24,65,False
2026-04-05,Hyderabad,Banjara Hills,House Latte,119,49,48,120,False
2026-04-05,Hyderabad,Banjara Hills,Cold Brew,105,58,19,144,False
2026-04-05,Hyderabad,Banjara Hills,Breakfast Combo,110,22,34,98,False
2026-04-05,Hyderabad,Banjara Hills,Cappuccino,87,34,20,101,False
2026-04-05,Hyderabad,Banjara Hills,Chai Frappe,55,52,27,80,False
2026-04-05,Hyderabad,Gachibowli,House Latte,64,56,20,100,False
2026-04-05,Hyderabad,Gachibowli,Cold Brew,113,56,38,131,False
2026-04-05,Hyderabad,Gachibowli,Breakfast Combo,53,26,26,53,False
2026-04-05,Hyderabad,Gachibowli,Cappuccino,86,26,33,79,False
2026-04-05,Hyderabad,Gachibowli,Chai Frappe,49,41,15,75,False
2026-04-06,Ahmedabad,Satellite,House Latte,96,22,22,96,False
2026-04-06,Ahmedabad,Satellite,Cold Brew,53,53,17,89,False
2026-04-06,Ahmedabad,Satellite,Breakfast Combo,74,43,35,82,False
2026-04-06,Ahmedabad,Satellite,Cappuccino,94,52,30,116,False
2026-04-06,Ahmedabad,Satellite,Chai Frappe,106,32,54,84,False
2026-04-06,Ahmedabad,Navrangpura,House Latte,80,49,50,79,False
2026-04-06,Ahmedabad,Navrangpura,Cold Brew,103,54,36,121,False
2026-04-06,Ahmedabad,Navrangpura,Breakfast Combo,43,39,22,60,False
2026-04-06,Ahmedabad,Navrangpura,Cappuccino,111,29,24,116,False
2026-04-06,Ahmedabad,Navrangpura,Chai Frappe,59,45,37,67,False
2026-04-06,Jaipur,C-Scheme,House Latte,115,36,26,125,False
2026-04-06,Jaipur,C-Scheme,Cold Brew,43,20,29,34,False
2026-04-06,Jaipur,C-Scheme,Breakfast Combo,114,40,50,104,False
2026-04-06,Jaipur,C-Scheme,Cappuccino,48,23,48,23,False
2026-04-06,Jaipur,C-Scheme,Chai Frappe,48,22,31,39,False
2026-04-06,Jaipur,Malviya Nagar,House Latte,113,47,18,142,False
2026-04-06,Jaipur,Malviya Nagar,Cold Brew,106,53,47,112,False
2026-04-06,Jaipur,Malviya Nagar,Breakfast Combo,112,29,54,87,False
2026-04-06,Jaipur,Malviya Nagar,Cappuccino,65,52,38,79,False
2026-04-06,Jaipur,Malviya Nagar,Chai Frappe,102,45,40,107,False
2026-04-06,Delhi,Connaught Place,House Latte,89,51,44,96,False
2026-04-06,Delhi,Connaught Place,Cold Brew,50,53,36,67,False
2026-04-06,Delhi,Connaught Place,Breakfast Combo,65,40,53,52,False
2026-04-06,Delhi,Connaught Place,Cappuccino,108,53,33,128,False
2026-04-06,Delhi,Connaught Place,Chai Frappe,102,35,42,95,False
2026-04-06,Delhi,Saket,House Latte,91,29,25,95,False
2026-04-06,Delhi,Saket,Cold Brew,44,25,32,37,False
2026-04-06,Delhi,Saket,Breakfast Combo,78,26,31,73,False
2026-04-06,Delhi,Saket,Cappuccino,88,29,28,89,False
2026-04-06,Delhi,Saket,Chai Frappe,69,40,29,80,False
2026-04-06,Mumbai,Bandra,House Latte,98,33,32,99,False
2026-04-06,Mumbai,Bandra,Cold Brew,70,27,42,55,False
2026-04-06,Mumbai,Bandra,Breakfast Combo,58,31,46,43,False
2026-04-06,Mumbai,Bandra,Cappuccino,115,46,51,110,False
2026-04-06,Mumbai,Bandra,Chai Frappe,108,39,45,102,False
2026-04-06,Mumbai,Andheri,House Latte,66,38,36,68,False
2026-04-06,Mumbai,Andheri,Cold Brew,116,53,34,135,False
2026-04-06,Mumbai,Andheri,Breakfast Combo,92,28,47,73,False
2026-04-06,Mumbai,Andheri,Cappuccino,84,41,45,80,False
2026-04-06,Mumbai,Andheri,Chai Frappe,90,22,26,86,False
2026-04-06,Bengaluru,Indiranagar,House Latte,54,49,16,87,False
2026-04-06,Bengaluru,Indiranagar,Cold Brew,56,43,42,57,False
2026-04-06,Bengaluru,Indiranagar,Breakfast Combo,80,54,51,83,False
2026-04-06,Bengaluru,Indiranagar,Cappuccino,50,58,39,69,False
2026-04-06,Bengaluru,Indiranagar,Chai Frappe,90,23,39,74,False
2026-04-06,Bengaluru,Koramangala,House Latte,98,43,18,123,False
2026-04-06,Bengaluru,Koramangala,Cold Brew,81,57,43,95,False
2026-04-06,Bengaluru,Koramangala,Breakfast Combo,50,58,53,55,False
2026-04-06,Bengaluru,Koramangala,Cappuccino,53,52,31,74,False
2026-04-06,Bengaluru,Koramangala,Chai Frappe,87,37,46,78,False
2026-04-06,Hyderabad,Banjara Hills,House Latte,119,51,52,118,False
2026-04-06,Hyderabad,Banjara Hills,Cold Brew,115,23,25,113,False
2026-04-06,Hyderabad,Banjara Hills,Breakfast Combo,97,43,17,123,False
2026-04-06,Hyderabad,Banjara Hills,Cappuccino,47,40,39,48,False
2026-04-06,Hyderabad,Banjara Hills,Chai Frappe,53,26,20,59,False
2026-04-06,Hyderabad,Gachibowli,House Latte,85,20,37,68,False
2026-04-06,Hyderabad,Gachibowli,Cold Brew,78,38,42,74,False
2026-04-06,Hyderabad,Gachibowli,Breakfast Combo,81,49,45,85,False
2026-04-06,Hyderabad,Gachibowli,Cappuccino,113,51,35,129,False
2026-04-06,Hyderabad,Gachibowli,Chai Frappe,79,29,38,70,False
2026-04-07,Ahmedabad,Satellite,House Latte,51,57,48,60,False
2026-04-07,Ahmedabad,Satellite,Cold Brew,49,51,19,81,False
2026-04-07,Ahmedabad,Satellite,Breakfast Combo,97,23,34,86,False
2026-04-07,Ahmedabad,Satellite,Cappuccino,92,49,31,110,False
2026-04-07,Ahmedabad,Satellite,Chai Frappe,113,50,23,140,False
2026-04-07,Ahmedabad,Navrangpura,House Latte,93,49,28,114,False
2026-04-07,Ahmedabad,Navrangpura,Cold Brew,99,55,47,107,False
2026-04-07,Ahmedabad,Navrangpura,Breakfast Combo,101,45,25,121,False
2026-04-07,Ahmedabad,Navrangpura,Cappuccino,103,34,36,101,False
2026-04-07,Ahmedabad,Navrangpura,Chai Frappe,65,32,21,76,False
2026-04-07,Jaipur,C-Scheme,House Latte,116,25,18,123,False
2026-04-07,Jaipur,C-Scheme,Cold Brew,114,42,32,124,False
2026-04-07,Jaipur,C-Scheme,Breakfast Combo,98,35,20,113,False
2026-04-07,Jaipur,C-Scheme,Cappuccino,98,27,37,88,False
2026-04-07,Jaipur,C-Scheme,Chai Frappe,115,57,29,143,False
2026-04-07,Jaipur,Malviya Nagar,House Latte,102,44,34,112,False
2026-04-07,Jaipur,Malviya Nagar,Cold Brew,51,35,41,45,False
2026-04-07,Jaipur,Malviya Nagar,Breakfast Combo,118,20,43,95,False
2026-04-07,Jaipur,Malviya Nagar,Cappuccino,107,58,31,134,False
2026-04-07,Jaipur,Malviya Nagar,Chai Frappe,49,30,49,30,False
2026-04-07,Delhi,Connaught Place,House Latte,110,45,19,136,False
2026-04-07,Delhi,Connaught Place,Cold Brew,49,39,38,50,False
2026-04-07,Delhi,Connaught Place,Breakfast Combo,42,47,36,53,False
2026-04-07,Delhi,Connaught Place,Cappuccino,40,23,33,30,False
2026-04-07,Delhi,Connaught Place,Chai Frappe,97,53,32,118,False
2026-04-07,Delhi,Saket,House Latte,63,58,33,88,False
2026-04-07,Delhi,Saket,Cold Brew,65,37,15,87,False
2026-04-07,Delhi,Saket,Breakfast Combo,64,40,51,53,False
2026-04-07,Delhi,Saket,Cappuccino,99,51,36,114,False
2026-04-07,Delhi,Saket,Chai Frappe,48,35,54,29,False
2026-04-07,Mumbai,Bandra,House Latte,43,55,42,56,False
2026-04-07,Mumbai,Bandra,Cold Brew,62,51,48,65,False
2026-04-07,Mumbai,Bandra,Breakfast Combo,43,24,41,26,False
2026-04-07,Mumbai,Bandra,Cappuccino,119,20,41,98,False
2026-04-07,Mumbai,Bandra,Chai Frappe,50,46,39,57,False
2026-04-07,Mumbai,Andheri,House Latte,47,47,50,44,False
2026-04-07,Mumbai,Andheri,Cold Brew,109,21,24,106,False
2026-04-07,Mumbai,Andheri,Breakfast Combo,59,38,20,77,False
2026-04-07,Mumbai,Andheri,Cappuccino,108,51,47,112,False
2026-04-07,Mumbai,Andheri,Chai Frappe,55,20,51,24,False
2026-04-07,Bengaluru,Indiranagar,House Latte,63,46,51,58,False
2026-04-07,Bengaluru,Indiranagar,Cold Brew,42,20,15,47,False
2026-04-07,Bengaluru,Indiranagar,Breakfast Combo,52,22,47,27,False
2026-04-07,Bengaluru,Indiranagar,Cappuccino,88,59,47,100,False
2026-04-07,Bengaluru,Indiranagar,Chai Frappe,117,29,26,120,False
2026-04-07,Bengaluru,Koramangala,House Latte,107,29,17,119,False
2026-04-07,Bengaluru,Koramangala,Cold Brew,93,52,53,92,False
2026-04-07,Bengaluru,Koramangala,Breakfast Combo,114,24,45,93,False
2026-04-07,Bengaluru,Koramangala,Cappuccino,107,47,47,107,False
2026-04-07,Bengaluru,Koramangala,Chai Frappe,107,37,16,128,False
2026-04-07,Hyderabad,Banjara Hills,House Latte,76,28,19,85,False
2026-04-07,Hyderabad,Banjara Hills,Cold Brew,49,47,35,61,False
2026-04-07,Hyderabad,Banjara Hills,Breakfast Combo,83,49,36,96,False
2026-04-07,Hyderabad,Banjara Hills,Cappuccino,90,23,49,64,False
2026-04-07,Hyderabad,Banjara Hills,Chai Frappe,75,26,47,54,False
2026-04-07,Hyderabad,Gachibowli,House Latte,98,22,22,98,False
2026-04-07,Hyderabad,Gachibowli,Cold Brew,41,30,18,53,False
2026-04-07,Hyderabad,Gachibowli,Breakfast Combo,96,40,54,82,False
2026-04-07,Hyderabad,Gachibowli,Cappuccino,99,44,35,108,False
2026-04-07,Hyderabad,Gachibowli,Chai Frappe,44,22,39,27,False
2026-04-08,Ahmedabad,Satellite,House Latte,40,21,23,38,False
2026-04-08,Ahmedabad,Satellite,Cold Brew,110,38,43,105,False
2026-04-08,Ahmedabad,Satellite,Breakfast Combo,72,26,29,69,False
2026-04-08,Ahmedabad,Satellite,Cappuccino,47,50,22,75,False
2026-04-08,Ahmedabad,Satellite,Chai Frappe,70,59,38,91,False
2026-04-08,Ahmedabad,Navrangpura,House Latte,76,41,46,71,False
2026-04-08,Ahmedabad,Navrangpura,Cold Brew,60,45,49,56,False
2026-04-08,Ahmedabad,Navrangpura,Breakfast Combo,85,37,20,102,False
2026-04-08,Ahmedabad,Navrangpura,Cappuccino,59,57,36,80,False
2026-04-08,Ahmedabad,Navrangpura,Chai Frappe,64,36,38,62,False
2026-04-08,Jaipur,C-Scheme,House Latte,83,47,25,105,False
2026-04-08,Jaipur,C-Scheme,Cold Brew,91,37,52,76,False
2026-04-08,Jaipur,C-Scheme,Breakfast Combo,52,25,33,44,False
2026-04-08,Jaipur,C-Scheme,Cappuccino,80,47,31,96,False
2026-04-08,Jaipur,C-Scheme,Chai Frappe,113,38,20,131,False
2026-04-08,Jaipur,Malviya Nagar,House Latte,49,58,20,87,False
2026-04-08,Jaipur,Malviya Nagar,Cold Brew,115,31,18,128,False
2026-04-08,Jaipur,Malviya Nagar,Breakfast Combo,64,44,32,76,False
2026-04-08,Jaipur,Malviya Nagar,Cappuccino,102,44,31,115,False
2026-04-08,Jaipur,Malviya Nagar,Chai Frappe,90,58,31,117,False
2026-04-08,Delhi,Connaught Place,House Latte,52,36,48,40,False
2026-04-08,Delhi,Connaught Place,Cold Brew,57,57,38,76,False
2026-04-08,Delhi,Connaught Place,Breakfast Combo,88,32,51,69,False
2026-04-08,Delhi,Connaught Place,Cappuccino,42,31,31,42,False
2026-04-08,Delhi,Connaught Place,Chai Frappe,78,38,20,96,False
2026-04-08,Delhi,Saket,House Latte,58,23,37,44,False
2026-04-08,Delhi,Saket,Cold Brew,68,42,38,72,False
2026-04-08,Delhi,Saket,Breakfast Combo,96,41,40,97,False
2026-04-08,Delhi,Saket,Cappuccino,86,46,39,93,False
2026-04-08,Delhi,Saket,Chai Frappe,65,29,46,48,False
2026-04-08,Mumbai,Bandra,House Latte,67,41,22,86,False
2026-04-08,Mumbai,Bandra,Cold Brew,74,41,40,75,False
2026-04-08,Mumbai,Bandra,Breakfast Combo,82,34,53,63,False
2026-04-08,Mumbai,Bandra,Cappuccino,81,52,44,89,False
2026-04-08,Mumbai,Bandra,Chai Frappe,84,55,20,119,False
2026-04-08,Mumbai,Andheri,House Latte,113,54,35,132,False
2026-04-08,Mumbai,Andheri,Cold Brew,98,40,25,113,False
2026-04-08,Mumbai,Andheri,Breakfast Combo,103,29,27,105,False
2026-04-08,Mumbai,Andheri,Cappuccino,81,53,30,104,False
2026-04-08,Mumbai,Andheri,Chai Frappe,79,21,19,81,False
2026-04-08,Bengaluru,Indiranagar,House Latte,44,22,49,17,False
2026-04-08,Bengaluru,Indiranagar,Cold Brew,107,52,17,142,False
2026-04-08,Bengaluru,Indiranagar,Breakfast Combo,46,31,37,40,False
2026-04-08,Bengaluru,Indiranagar,Cappuccino,66,39,21,84,False
2026-04-08,Bengaluru,Indiranagar,Chai Frappe,98,32,17,113,False
2026-04-08,Bengaluru,Koramangala,House Latte,99,56,15,140,False
2026-04-08,Bengaluru,Koramangala,Cold Brew,74,53,43,84,False
2026-04-08,Bengaluru,Koramangala,Breakfast Combo,108,36,29,115,False
2026-04-08,Bengaluru,Koramangala,Cappuccino,96,26,24,98,False
2026-04-08,Bengaluru,Koramangala,Chai Frappe,88,46,19,115,False
2026-04-08,Hyderabad,Banjara Hills,House Latte,80,34,35,79,False
2026-04-08,Hyderabad,Banjara Hills,Cold Brew,116,23,54,85,False
2026-04-08,Hyderabad,Banjara Hills,Breakfast Combo,75,50,31,94,False
2026-04-08,Hyderabad,Banjara Hills,Cappuccino,64,50,42,72,False
2026-04-08,Hyderabad,Banjara Hills,Chai Frappe,51,48,45,54,False
2026-04-08,Hyderabad,Gachibowli,House Latte,71,57,40,88,False
2026-04-08,Hyderabad,Gachibowli,Cold Brew,66,20,41,45,False
2026-04-08,Hyderabad,Gachibowli,Breakfast Combo,56,50,36,70,False
2026-04-08,Hyderabad,Gachibowli,Cappuccino,77,26,43,60,False
2026-04-08,Hyderabad,Gachibowli,Chai Frappe,53,36,48,41,False
2026-04-09,Ahmedabad,Satellite,House Latte,113,59,53,119,False
2026-04-09,Ahmedabad,Satellite,Cold Brew,84,28,48,64,False
2026-04-09,Ahmedabad,Satellite,Breakfast Combo,104,59,41,122,False
2026-04-09,Ahmedabad,Satellite,Cappuccino,51,40,32,59,False
2026-04-09,Ahmedabad,Satellite,Chai Frappe,107,35,28,114,False
2026-04-09,Ahmedabad,Navrangpura,House Latte,46,53,45,54,False
2026-04-09,Ahmedabad,Navrangpura,Cold Brew,43,37,34,46,False
2026-04-09,Ahmedabad,Navrangpura,Breakfast Combo,77,56,21,112,False
2026-04-09,Ahmedabad,Navrangpura,Cappuccino,64,27,24,67,False
2026-04-09,Ahmedabad,Navrangpura,Chai Frappe,112,57,16,153,False
2026-04-09,Jaipur,C-Scheme,House Latte,90,29,22,97,False
2026-04-09,Jaipur,C-Scheme,Cold Brew,63,27,34,56,False
2026-04-09,Jaipur,C-Scheme,Breakfast Combo,119,43,43,119,False
2026-04-09,Jaipur,C-Scheme,Cappuccino,79,20,18,81,False
2026-04-09,Jaipur,C-Scheme,Chai Frappe,61,29,48,42,False
2026-04-09,Jaipur,Malviya Nagar,House Latte,107,54,40,121,False
2026-04-09,Jaipur,Malviya Nagar,Cold Brew,84,45,31,98,False
2026-04-09,Jaipur,Malviya Nagar,Breakfast Combo,93,51,45,99,False
2026-04-09,Jaipur,Malviya Nagar,Cappuccino,89,22,43,68,False
2026-04-09,Jaipur,Malviya Nagar,Chai Frappe,69,49,36,82,False
2026-04-09,Delhi,Connaught Place,House Latte,110,33,52,91,False
2026-04-09,Delhi,Connaught Place,Cold Brew,107,33,34,106,False
2026-04-09,Delhi,Connaught Place,Breakfast Combo,82,50,42,90,False
2026-04-09,Delhi,Connaught Place,Cappuccino,108,34,35,107,False
2026-04-09,Delhi,Connaught Place,Chai Frappe,74,56,27,103,False
2026-04-09,Delhi,Saket,House Latte,86,24,49,61,False
2026-04-09,Delhi,Saket,Cold Brew,70,33,38,65,False
2026-04-09,Delhi,Saket,Breakfast Combo,79,53,36,96,False
2026-04-09,Delhi,Saket,Cappuccino,81,24,15,90,False
2026-04-09,Delhi,Saket,Chai Frappe,71,59,51,79,False
2026-04-09,Mumbai,Bandra,House Latte,90,45,30,105,False
2026-04-09,Mumbai,Bandra,Cold Brew,54,20,28,46,False
2026-04-09,Mumbai,Bandra,Breakfast Combo,65,27,25,67,False
2026-04-09,Mumbai,Bandra,Cappuccino,41,44,52,33,False
2026-04-09,Mumbai,Bandra,Chai Frappe,95,37,31,101,False
2026-04-09,Mumbai,Andheri,House Latte,64,25,38,51,False
2026-04-09,Mumbai,Andheri,Cold Brew,85,20,31,74,False
2026-04-09,Mumbai,Andheri,Breakfast Combo,62,26,43,45,False
2026-04-09,Mumbai,Andheri,Cappuccino,82,45,43,84,False
2026-04-09,Mumbai,Andheri,Chai Frappe,118,52,39,131,False
2026-04-09,Bengaluru,Indiranagar,House Latte,110,39,54,95,False
2026-04-09,Bengaluru,Indiranagar,Cold Brew,100,46,51,95,False
2026-04-09,Bengaluru,Indiranagar,Breakfast Combo,81,48,26,103,False
2026-04-09,Bengaluru,Indiranagar,Cappuccino,117,44,46,115,False
2026-04-09,Bengaluru,Indiranagar,Chai Frappe,76,54,17,113,False
2026-04-09,Bengaluru,Koramangala,House Latte,49,40,44,45,False
2026-04-09,Bengaluru,Koramangala,Cold Brew,104,37,40,101,False
2026-04-09,Bengaluru,Koramangala,Breakfast Combo,84,58,41,101,False
2026-04-09,Bengaluru,Koramangala,Cappuccino,73,58,19,112,False
2026-04-09,Bengaluru,Koramangala,Chai Frappe,118,26,26,118,False
2026-04-09,Hyderabad,Banjara Hills,House Latte,105,49,53,101,False
2026-04-09,Hyderabad,Banjara Hills,Cold Brew,99,45,28,116,False
2026-04-09,Hyderabad,Banjara Hills,Breakfast Combo,40,24,26,38,False
2026-04-09,Hyderabad,Banjara Hills,Cappuccino,43,40,46,37,False
2026-04-09,Hyderabad,Banjara Hills,Chai Frappe,117,39,50,106,False
2026-04-09,Hyderabad,Gachibowli,House Latte,118,54,33,139,False
2026-04-09,Hyderabad,Gachibowli,Cold Brew,66,59,24,101,False
2026-04-09,Hyderabad,Gachibowli,Breakfast Combo,72,22,46,48,False
2026-04-09,Hyderabad,Gachibowli,Cappuccino,91,23,23,91,False
2026-04-09,Hyderabad,Gachibowli,Chai Frappe,84,41,47,78,False
2026-04-10,Ahmedabad,Satellite,House Latte,61,56,32,85,False
2026-04-10,Ahmedabad,Satellite,Cold Brew,105,29,16,118,False
2026-04-10,Ahmedabad,Satellite,Breakfast Combo,44,34,53,25,False
2026-04-10,Ahmedabad,Satellite,Cappuccino,43,34,19,58,False
2026-04-10,Ahmedabad,Satellite,Chai Frappe,114,47,45,116,False
2026-04-10,Ahmedabad,Navrangpura,House Latte,97,46,45,98,False
2026-04-10,Ahmedabad,Navrangpura,Cold Brew,40,54,44,50,False
2026-04-10,Ahmedabad,Navrangpura,Breakfast Combo,99,35,47,87,False
2026-04-10,Ahmedabad,Navrangpura,Cappuccino,70,21,51,40,False
2026-04-10,Ahmedabad,Navrangpura,Chai Frappe,58,24,39,43,False
2026-04-10,Jaipur,C-Scheme,House Latte,58,54,32,80,False
2026-04-10,Jaipur,C-Scheme,Cold Brew,40,58,35,63,False
2026-04-10,Jaipur,C-Scheme,Breakfast Combo,61,47,36,72,False
2026-04-10,Jaipur,C-Scheme,Cappuccino,42,50,31,61,False
2026-04-10,Jaipur,C-Scheme,Chai Frappe,95,55,39,111,False
2026-04-10,Jaipur,Malviya Nagar,House Latte,93,30,24,99,False
2026-04-10,Jaipur,Malviya Nagar,Cold Brew,73,54,35,92,False
2026-04-10,Jaipur,Malviya Nagar,Breakfast Combo,67,51,49,69,False
2026-04-10,Jaipur,Malviya Nagar,Cappuccino,112,31,43,100,False
2026-04-10,Jaipur,Malviya Nagar,Chai Frappe,87,37,30,94,False
2026-04-10,Delhi,Connaught Place,House Latte,49,30,36,43,False
2026-04-10,Delhi,Connaught Place,Cold Brew,110,54,22,142,False
2026-04-10,Delhi,Connaught Place,Breakfast Combo,94,23,42,75,False
2026-04-10,Delhi,Connaught Place,Cappuccino,67,37,43,61,False
2026-04-10,Delhi,Connaught Place,Chai Frappe,73,52,36,89,False
2026-04-10,Delhi,Saket,House Latte,119,45,26,138,False
2026-04-10,Delhi,Saket,Cold Brew,102,36,36,102,False
2026-04-10,Delhi,Saket,Breakfast Combo,50,24,37,37,False
2026-04-10,Delhi,Saket,Cappuccino,54,59,49,64,False
2026-04-10,Delhi,Saket,Chai Frappe,96,49,38,107,False
2026-04-10,Mumbai,Bandra,House Latte,44,35,34,45,False
2026-04-10,Mumbai,Bandra,Cold Brew,113,28,34,107,False
2026-04-10,Mumbai,Bandra,Breakfast Combo,67,25,19,73,False
2026-04-10,Mumbai,Bandra,Cappuccino,69,23,17,75,False
2026-04-10,Mumbai,Bandra,Chai Frappe,68,28,37,59,False
2026-04-10,Mumbai,Andheri,House Latte,41,32,33,40,False
2026-04-10,Mumbai,Andheri,Cold Brew,117,45,50,112,False
2026-04-10,Mumbai,Andheri,Breakfast Combo,67,37,31,73,False
2026-04-10,Mumbai,Andheri,Cappuccino,110,58,53,115,False
2026-04-10,Mumbai,Andheri,Chai Frappe,100,40,36,104,False
2026-04-10,Bengaluru,Indiranagar,House Latte,118,31,28,121,False
2026-04-10,Bengaluru,Indiranagar,Cold Brew,111,35,24,122,False
2026-04-10,Bengaluru,Indiranagar,Breakfast Combo,84,33,50,67,False
2026-04-10,Bengaluru,Indiranagar,Cappuccino,112,32,36,108,False
2026-04-10,Bengaluru,Indiranagar,Chai Frappe,118,49,23,144,False
2026-04-10,Bengaluru,Koramangala,House Latte,87,44,41,90,False
2026-04-10,Bengaluru,Koramangala,Cold Brew,42,31,49,24,False
2026-04-10,Bengaluru,Koramangala,Breakfast Combo,59,31,27,63,False
2026-04-10,Bengaluru,Koramangala,Cappuccino,54,26,28,52,False
2026-04-10,Bengaluru,Koramangala,Chai Frappe,109,20,26,103,False
2026-04-10,Hyderabad,Banjara Hills,House Latte,44,42,25,61,False
2026-04-10,Hyderabad,Banjara Hills,Cold Brew,103,43,46,100,False
2026-04-10,Hyderabad,Banjara Hills,Breakfast Combo,90,37,49,78,False
2026-04-10,Hyderabad,Banjara Hills,Cappuccino,78,57,54,81,False
2026-04-10,Hyderabad,Banjara Hills,Chai Frappe,87,46,25,108,False
2026-04-10,Hyderabad,Gachibowli,House Latte,105,46,51,100,False
2026-04-10,Hyderabad,Gachibowli,Cold Brew,61,51,33,79,False
2026-04-10,Hyderabad,Gachibowli,Breakfast Combo,54,26,37,43,False
2026-04-10,Hyderabad,Gachibowli,Cappuccino,65,24,32,57,False
2026-04-10,Hyderabad,Gachibowli,Chai Frappe,92,32,53,71,False
2026-04-11,Ahmedabad,Satellite,House Latte,102,40,52,90,False
2026-04-11,Ahmedabad,Satellite,Cold Brew,74,25,16,83,False
2026-04-11,Ahmedabad,Satellite,Breakfast Combo,115,58,44,129,False
2026-04-11,Ahmedabad,Satellite,Cappuccino,48,31,16,63,False
2026-04-11,Ahmedabad,Satellite,Chai Frappe,44,29,37,36,False
2026-04-11,Ahmedabad,Navrangpura,House Latte,45,59,33,71,False
2026-04-11,Ahmedabad,Navrangpura,Cold Brew,61,40,46,55,False
2026-04-11,Ahmedabad,Navrangpura,Breakfast Combo,65,21,17,69,False
2026-04-11,Ahmedabad,Navrangpura,Cappuccino,108,24,40,92,False
2026-04-11,Ahmedabad,Navrangpura,Chai Frappe,70,51,17,104,False
2026-04-11,Jaipur,C-Scheme,House Latte,111,47,32,126,False
2026-04-11,Jaipur,C-Scheme,Cold Brew,56,59,27,88,False
2026-04-11,Jaipur,C-Scheme,Breakfast Combo,79,35,24,90,False
2026-04-11,Jaipur,C-Scheme,Cappuccino,73,26,15,84,False
2026-04-11,Jaipur,C-Scheme,Chai Frappe,63,24,31,56,False
2026-04-11,Jaipur,Malviya Nagar,House Latte,109,26,15,120,False
2026-04-11,Jaipur,Malviya Nagar,Cold Brew,48,40,25,63,False
2026-04-11,Jaipur,Malviya Nagar,Breakfast Combo,79,21,28,72,False
2026-04-11,Jaipur,Malviya Nagar,Cappuccino,72,37,37,72,False
2026-04-11,Jaipur,Malviya Nagar,Chai Frappe,102,38,48,92,False
2026-04-11,Delhi,Connaught Place,House Latte,82,30,24,88,False
2026-04-11,Delhi,Connaught Place,Cold Brew,65,43,24,84,False
2026-04-11,Delhi,Connaught Place,Breakfast Combo,113,39,49,103,False
2026-04-11,Delhi,Connaught Place,Cappuccino,94,33,24,103,False
2026-04-11,Delhi,Connaught Place,Chai Frappe,99,33,24,108,False
2026-04-11,Delhi,Saket,House Latte,114,39,16,137,False
2026-04-11,Delhi,Saket,Cold Brew,79,38,49,68,False
2026-04-11,Delhi,Saket,Breakfast Combo,96,27,21,102,False
2026-04-11,Delhi,Saket,Cappuccino,88,21,27,82,False
2026-04-11,Delhi,Saket,Chai Frappe,51,20,51,20,False
2026-04-11,Mumbai,Bandra,House Latte,47,20,52,15,False
2026-04-11,Mumbai,Bandra,Cold Brew,55,52,16,91,False
2026-04-11,Mumbai,Bandra,Breakfast Combo,52,24,43,33,False
2026-04-11,Mumbai,Bandra,Cappuccino,89,39,24,104,False
2026-04-11,Mumbai,Bandra,Chai Frappe,47,42,24,65,False
2026-04-11,Mumbai,Andheri,House Latte,87,47,48,86,False
2026-04-11,Mumbai,Andheri,Cold Brew,79,20,26,73,False
2026-04-11,Mumbai,Andheri,Breakfast Combo,108,41,39,110,False
2026-04-11,Mumbai,Andheri,Cappuccino,76,26,50,52,False
2026-04-11,Mumbai,Andheri,Chai Frappe,101,59,49,111,False
2026-04-11,Bengaluru,Indiranagar,House Latte,63,30,24,69,False
2026-04-11,Bengaluru,Indiranagar,Cold Brew,113,42,33,122,False
2026-04-11,Bengaluru,Indiranagar,Breakfast Combo,117,44,51,110,False
2026-04-11,Bengaluru,Indiranagar,Cappuccino,118,23,29,112,False
2026-04-11,Bengaluru,Indiranagar,Chai Frappe,98,52,20,130,False
2026-04-11,Bengaluru,Koramangala,House Latte,65,41,46,60,False
2026-04-11,Bengaluru,Koramangala,Cold Brew,49,44,26,67,False
2026-04-11,Bengaluru,Koramangala,Breakfast Combo,57,40,31,66,False
2026-04-11,Bengaluru,Koramangala,Cappuccino,90,32,47,75,False
2026-04-11,Bengaluru,Koramangala,Chai Frappe,46,54,16,84,False
2026-04-11,Hyderabad,Banjara Hills,House Latte,98,33,30,101,False
2026-04-11,Hyderabad,Banjara Hills,Cold Brew,41,48,21,68,False
2026-04-11,Hyderabad,Banjara Hills,Breakfast Combo,92,49,48,93,False
2026-04-11,Hyderabad,Banjara Hills,Cappuccino,96,32,44,84,False
2026-04-11,Hyderabad,Banjara Hills,Chai Frappe,106,32,19,119,False
2026-04-11,Hyderabad,Gachibowli,House Latte,111,25,38,98,False
2026-04-11,Hyderabad,Gachibowli,Cold Brew,58,25,46,37,False
2026-04-11,Hyderabad,Gachibowli,Breakfast Combo,51,46,42,55,False
2026-04-11,Hyderabad,Gachibowli,Cappuccino,44,26,46,24,False
2026-04-11,Hyderabad,Gachibowli,Chai Frappe,80,24,54,50,False
2026-04-12,Ahmedabad,Satellite,House Latte,61,20,51,30,False
2026-04-12,Ahmedabad,Satellite,Cold Brew,41,42,54,29,False
2026-04-12,Ahmedabad,Satellite,Breakfast Combo,86,43,30,99,False
2026-04-12,Ahmedabad,Satellite,Cappuccino,50,42,50,42,False
2026-04-12,Ahmedabad,Satellite,Chai Frappe,47,55,31,71,False
2026-04-12,Ahmedabad,Navrangpura,House Latte,82,26,39,69,False
2026-04-12,Ahmedabad,Navrangpura,Cold Brew,54,30,43,41,False
2026-04-12,Ahmedabad,Navrangpura,Breakfast Combo,44,37,38,43,False
2026-04-12,Ahmedabad,Navrangpura,Cappuccino,50,31,28,53,False
2026-04-12,Ahmedabad,Navrangpura,Chai Frappe,93,59,48,104,False
2026-04-12,Jaipur,C-Scheme,House Latte,55,20,17,58,False
2026-04-12,Jaipur,C-Scheme,Cold Brew,87,26,24,89,False
2026-04-12,Jaipur,C-Scheme,Breakfast Combo,107,54,48,113,False
2026-04-12,Jaipur,C-Scheme,Cappuccino,60,44,39,65,False
2026-04-12,Jaipur,C-Scheme,Chai Frappe,54,42,36,60,False
2026-04-12,Jaipur,Malviya Nagar,House Latte,71,50,42,79,False
2026-04-12,Jaipur,Malviya Nagar,Cold Brew,82,49,45,86,False
2026-04-12,Jaipur,Malviya Nagar,Breakfast Combo,85,30,45,70,False
2026-04-12,Jaipur,Malviya Nagar,Cappuccino,97,59,20,136,False
2026-04-12,Jaipur,Malviya Nagar,Chai Frappe,73,56,35,94,False
2026-04-12,Delhi,Connaught Place,House Latte,115,20,16,119,False
2026-04-12,Delhi,Connaught Place,Cold Brew,103,34,35,102,False
2026-04-12,Delhi,Connaught Place,Breakfast Combo,74,36,52,58,False
2026-04-12,Delhi,Connaught Place,Cappuccino,47,50,50,47,False
2026-04-12,Delhi,Connaught Place,Chai Frappe,92,35,21,106,False
2026-04-12,Delhi,Saket,House Latte,94,38,20,112,False
2026-04-12,Delhi,Saket,Cold Brew,68,58,25,101,False
2026-04-12,Delhi,Saket,Breakfast Combo,54,47,22,79,False
2026-04-12,Delhi,Saket,Cappuccino,113,54,54,113,False
2026-04-12,Delhi,Saket,Chai Frappe,113,29,23,119,False
2026-04-12,Mumbai,Bandra,House Latte,67,38,50,55,False
2026-04-12,Mumbai,Bandra,Cold Brew,98,45,50,93,False
2026-04-12,Mumbai,Bandra,Breakfast Combo,91,35,31,95,False
2026-04-12,Mumbai,Bandra,Cappuccino,81,23,44,60,False
2026-04-12,Mumbai,Bandra,Chai Frappe,92,49,36,105,False
2026-04-12,Mumbai,Andheri,House Latte,102,57,37,122,False
2026-04-12,Mumbai,Andheri,Cold Brew,75,24,46,53,False
2026-04-12,Mumbai,Andheri,Breakfast Combo,112,47,49,110,False
2026-04-12,Mumbai,Andheri,Cappuccino,108,51,35,124,False
2026-04-12,Mumbai,Andheri,Chai Frappe,47,20,23,44,False
2026-04-12,Bengaluru,Indiranagar,House Latte,74,49,33,90,False
2026-04-12,Bengaluru,Indiranagar,Cold Brew,41,28,54,15,False
2026-04-12,Bengaluru,Indiranagar,Breakfast Combo,119,35,47,107,False
2026-04-12,Bengaluru,Indiranagar,Cappuccino,97,57,50,104,False
2026-04-12,Bengaluru,Indiranagar,Chai Frappe,90,35,40,85,False
2026-04-12,Bengaluru,Koramangala,House Latte,65,33,39,59,False
2026-04-12,Bengaluru,Koramangala,Cold Brew,85,43,30,98,False
2026-04-12,Bengaluru,Koramangala,Breakfast Combo,72,20,39,53,False
2026-04-12,Bengaluru,Koramangala,Cappuccino,86,57,35,108,False
2026-04-12,Bengaluru,Koramangala,Chai Frappe,77,22,22,77,False
2026-04-12,Hyderabad,Banjara Hills,House Latte,67,35,29,73,False
2026-04-12,Hyderabad,Banjara Hills,Cold Brew,71,50,20,101,False
2026-04-12,Hyderabad,Banjara Hills,Breakfast Combo,66,26,27,65,False
2026-04-12,Hyderabad,Banjara Hills,Cappuccino,94,21,28,87,False
2026-04-12,Hyderabad,Banjara Hills,Chai Frappe,41,58,44,55,False
2026-04-12,Hyderabad,Gachibowli,House Latte,59,27,18,68,False
2026-04-12,Hyderabad,Gachibowli,Cold Brew,77,50,38,89,False
2026-04-12,Hyderabad,Gachibowli,Breakfast Combo,110,33,26,117,False
2026-04-12,Hyderabad,Gachibowli,Cappuccino,78,28,54,52,False
2026-04-12,Hyderabad,Gachibowli,Chai Frappe,54,39,35,58,False
2026-04-13,Ahmedabad,Satellite,House Latte,44,38,33,49,False
2026-04-13,Ahmedabad,Satellite,Cold Brew,60,25,16,69,False
2026-04-13,Ahmedabad,Satellite,Breakfast Combo,40,39,18,61,False
2026-04-13,Ahmedabad,Satellite,Cappuccino,116,29,41,104,False
2026-04-13,Ahmedabad,Satellite,Chai Frappe,93,39,50,82,False
2026-04-13,Ahmedabad,Navrangpura,House Latte,48,29,25,52,False
2026-04-13,Ahmedabad,Navrangpura,Cold Brew,50,31,27,54,False
2026-04-13,Ahmedabad,Navrangpura,Breakfast Combo,101,32,50,83,False
2026-04-13,Ahmedabad,Navrangpura,Cappuccino,101,56,19,138,False
2026-04-13,Ahmedabad,Navrangpura,Chai Frappe,118,44,54,108,False
2026-04-13,Jaipur,C-Scheme,House Latte,68,58,38,88,False
2026-04-13,Jaipur,C-Scheme,Cold Brew,45,36,20,61,False
2026-04-13,Jaipur,C-Scheme,Breakfast Combo,115,32,23,124,False
2026-04-13,Jaipur,C-Scheme,Cappuccino,84,37,18,103,False
2026-04-13,Jaipur,C-Scheme,Chai Frappe,105,53,44,114,False
2026-04-13,Jaipur,Malviya Nagar,House Latte,89,36,36,89,False
2026-04-13,Jaipur,Malviya Nagar,Cold Brew,81,26,18,89,False
2026-04-13,Jaipur,Malviya Nagar,Breakfast Combo,60,38,21,77,False
2026-04-13,Jaipur,Malviya Nagar,Cappuccino,48,54,29,73,False
2026-04-13,Jaipur,Malviya Nagar,Chai Frappe,86,40,44,82,False
2026-04-13,Delhi,Connaught Place,House Latte,99,31,48,82,False
2026-04-13,Delhi,Connaught Place,Cold Brew,69,53,31,91,False
2026-04-13,Delhi,Connaught Place,Breakfast Combo,48,50,16,82,False
2026-04-13,Delhi,Connaught Place,Cappuccino,101,21,23,99,False
2026-04-13,Delhi,Connaught Place,Chai Frappe,88,57,31,114,False
2026-04-13,Delhi,Saket,House Latte,49,29,50,28,False
2026-04-13,Delhi,Saket,Cold Brew,98,24,30,92,False
2026-04-13,Delhi,Saket,Breakfast Combo,61,27,48,40,False
2026-04-13,Delhi,Saket,Cappuccino,89,27,41,75,False
2026-04-13,Delhi,Saket,Chai Frappe,73,22,32,63,False
2026-04-13,Mumbai,Bandra,House Latte,54,29,50,33,False
2026-04-13,Mumbai,Bandra,Cold Brew,96,25,49,72,False
2026-04-13,Mumbai,Bandra,Breakfast Combo,85,54,44,95,False
2026-04-13,Mumbai,Bandra,Cappuccino,67,41,36,72,False
2026-04-13,Mumbai,Bandra,Chai Frappe,97,29,28,98,False
2026-04-13,Mumbai,Andheri,House Latte,59,31,21,69,False
2026-04-13,Mumbai,Andheri,Cold Brew,42,57,17,82,False
2026-04-13,Mumbai,Andheri,Breakfast Combo,111,20,46,85,False
2026-04-13,Mumbai,Andheri,Cappuccino,66,40,26,80,False
2026-04-13,Mumbai,Andheri,Chai Frappe,79,38,36,81,False
2026-04-13,Bengaluru,Indiranagar,House Latte,71,41,48,64,False
2026-04-13,Bengaluru,Indiranagar,Cold Brew,74,34,20,88,False
2026-04-13,Bengaluru,Indiranagar,Breakfast Combo,68,25,22,71,False
2026-04-13,Bengaluru,Indiranagar,Cappuccino,116,23,34,105,False
2026-04-13,Bengaluru,Indiranagar,Chai Frappe,106,58,20,144,False
2026-04-13,Bengaluru,Koramangala,House Latte,53,34,37,50,False
2026-04-13,Bengaluru,Koramangala,Cold Brew,116,28,21,123,False
2026-04-13,Bengaluru,Koramangala,Breakfast Combo,60,54,16,98,False
2026-04-13,Bengaluru,Koramangala,Cappuccino,70,24,21,73,False
2026-04-13,Bengaluru,Koramangala,Chai Frappe,113,20,27,106,False
2026-04-13,Hyderabad,Banjara Hills,House Latte,113,44,17,140,False
2026-04-13,Hyderabad,Banjara Hills,Cold Brew,77,58,31,104,False
2026-04-13,Hyderabad,Banjara Hills,Breakfast Combo,82,41,41,82,False
2026-04-13,Hyderabad,Banjara Hills,Cappuccino,54,53,54,53,False
2026-04-13,Hyderabad,Banjara Hills,Chai Frappe,51,52,47,56,False
2026-04-13,Hyderabad,Gachibowli,House Latte,99,34,33,100,False
2026-04-13,Hyderabad,Gachibowli,Cold Brew,107,26,48,85,False
2026-04-13,Hyderabad,Gachibowli,Breakfast Combo,113,47,28,132,False
2026-04-13,Hyderabad,Gachibowli,Cappuccino,84,22,52,54,False
2026-04-13,Hyderabad,Gachibowli,Chai Frappe,67,22,46,43,False
2026-04-14,Ahmedabad,Satellite,House Latte,92,44,17,119,False
2026-04-14,Ahmedabad,Satellite,Cold Brew,100,45,46,99,False
2026-04-14,Ahmedabad,Satellite,Breakfast Combo,106,28,23,111,False
2026-04-14,Ahmedabad,Satellite,Cappuccino,113,41,32,122,False
2026-04-14,Ahmedabad,Satellite,Chai Frappe,62,45,45,62,False
2026-04-14,Ahmedabad,Navrangpura,House Latte,40,42,54,28,False
2026-04-14,Ahmedabad,Navrangpura,Cold Brew,62,31,50,43,False
2026-04-14,Ahmedabad,Navrangpura,Breakfast Combo,44,35,33,46,False
2026-04-14,Ahmedabad,Navrangpura,Cappuccino,103,25,32,96,False
2026-04-14,Ahmedabad,Navrangpura,Chai Frappe,52,51,40,63,False
2026-04-14,Jaipur,C-Scheme,House Latte,79,35,21,93,False
2026-04-14,Jaipur,C-Scheme,Cold Brew,113,45,27,131,False
2026-04-14,Jaipur,C-Scheme,Breakfast Combo,73,49,43,79,False
2026-04-14,Jaipur,C-Scheme,Cappuccino,76,32,41,67,False
2026-04-14,Jaipur,C-Scheme,Chai Frappe,92,43,17,118,False
2026-04-14,Jaipur,Malviya Nagar,House Latte,77,44,53,68,False
2026-04-14,Jaipur,Malviya Nagar,Cold Brew,82,33,37,78,False
2026-04-14,Jaipur,Malviya Nagar,Breakfast Combo,54,23,42,35,False
2026-04-14,Jaipur,Malviya Nagar,Cappuccino,118,53,38,133,False
2026-04-14,Jaipur,Malviya Nagar,Chai Frappe,43,59,32,70,False
2026-04-14,Delhi,Connaught Place,House Latte,63,55,44,74,False
2026-04-14,Delhi,Connaught Place,Cold Brew,99,31,54,76,False
2026-04-14,Delhi,Connaught Place,Breakfast Combo,76,41,45,72,False
2026-04-14,Delhi,Connaught Place,Cappuccino,92,26,27,91,False
2026-04-14,Delhi,Connaught Place,Chai Frappe,68,57,43,82,False
2026-04-14,Delhi,Saket,House Latte,69,49,44,74,False
2026-04-14,Delhi,Saket,Cold Brew,71,36,50,57,False
2026-04-14,Delhi,Saket,Breakfast Combo,84,25,43,66,False
2026-04-14,Delhi,Saket,Cappuccino,87,40,44,83,False
2026-04-14,Delhi,Saket,Chai Frappe,112,33,31,114,False
2026-04-14,Mumbai,Bandra,House Latte,55,45,31,69,False
2026-04-14,Mumbai,Bandra,Cold Brew,67,47,31,83,False
2026-04-14,Mumbai,Bandra,Breakfast Combo,77,37,25,89,False
2026-04-14,Mumbai,Bandra,Cappuccino,50,53,18,85,False
2026-04-14,Mumbai,Bandra,Chai Frappe,65,46,20,91,False
2026-04-14,Mumbai,Andheri,House Latte,92,49,41,100,False
2026-04-14,Mumbai,Andheri,Cold Brew,64,20,50,34,False
2026-04-14,Mumbai,Andheri,Breakfast Combo,66,52,22,96,False
2026-04-14,Mumbai,Andheri,Cappuccino,52,51,52,51,False
2026-04-14,Mumbai,Andheri,Chai Frappe,108,50,24,134,False
2026-04-14,Bengaluru,Indiranagar,House Latte,113,46,21,138,False
2026-04-14,Bengaluru,Indiranagar,Cold Brew,50,54,26,78,False
2026-04-14,Bengaluru,Indiranagar,Breakfast Combo,101,25,26,100,False
2026-04-14,Bengaluru,Indiranagar,Cappuccino,62,31,41,52,False
2026-04-14,Bengaluru,Indiranagar,Chai Frappe,113,56,44,125,False
2026-04-14,Bengaluru,Koramangala,House Latte,56,58,36,78,False
2026-04-14,Bengaluru,Koramangala,Cold Brew,83,48,45,86,False
2026-04-14,Bengaluru,Koramangala,Breakfast Combo,116,43,39,120,False
2026-04-14,Bengaluru,Koramangala,Cappuccino,99,30,27,102,False
2026-04-14,Bengaluru,Koramangala,Chai Frappe,90,22,27,85,False
2026-04-14,Hyderabad,Banjara Hills,House Latte,97,59,35,121,False
2026-04-14,Hyderabad,Banjara Hills,Cold Brew,71,37,42,66,False
2026-04-14,Hyderabad,Banjara Hills,Breakfast Combo,83,20,36,67,False
2026-04-14,Hyderabad,Banjara Hills,Cappuccino,72,48,50,70,False
2026-04-14,Hyderabad,Banjara Hills,Chai Frappe,116,44,29,131,False
2026-04-14,Hyderabad,Gachibowli,House Latte,75,27,52,50,False
2026-04-14,Hyderabad,Gachibowli,Cold Brew,107,54,28,133,False
2026-04-14,Hyderabad,Gachibowli,Breakfast Combo,65,54,36,83,False
2026-04-14,Hyderabad,Gachibowli,Cappuccino,96,39,32,103,False
2026-04-14,Hyderabad,Gachibowli,Chai Frappe,90,52,28,114,False
2026-04-15,Ahmedabad,Satellite,House Latte,104,29,31,102,False
2026-04-15,Ahmedabad,Satellite,Cold Brew,113,58,51,120,False
2026-04-15,Ahmedabad,Satellite,Breakfast Combo,65,53,52,66,False
2026-04-15,Ahmedabad,Satellite,Cappuccino,118,20,44,94,False
2026-04-15,Ahmedabad,Satellite,Chai Frappe,119,50,24,145,False
2026-04-15,Ahmedabad,Navrangpura,House Latte,101,24,34,91,False
2026-04-15,Ahmedabad,Navrangpura,Cold Brew,90,38,42,86,False
2026-04-15,Ahmedabad,Navrangpura,Breakfast Combo,59,44,40,63,False
2026-04-15,Ahmedabad,Navrangpura,Cappuccino,90,31,27,94,False
2026-04-15,Ahmedabad,Navrangpura,Chai Frappe,60,38,38,60,False
2026-04-15,Jaipur,C-Scheme,House Latte,69,36,26,79,False
2026-04-15,Jaipur,C-Scheme,Cold Brew,57,46,47,56,False
2026-04-15,Jaipur,C-Scheme,Breakfast Combo,63,54,37,80,False
2026-04-15,Jaipur,C-Scheme,Cappuccino,53,34,15,72,False
2026-04-15,Jaipur,C-Scheme,Chai Frappe,43,33,33,43,False
2026-04-15,Jaipur,Malviya Nagar,House Latte,103,25,48,80,False
2026-04-15,Jaipur,Malviya Nagar,Cold Brew,58,25,42,41,False
2026-04-15,Jaipur,Malviya Nagar,Breakfast Combo,101,44,19,126,False
2026-04-15,Jaipur,Malviya Nagar,Cappuccino,49,35,33,51,False
2026-04-15,Jaipur,Malviya Nagar,Chai Frappe,119,31,22,128,False
2026-04-15,Delhi,Connaught Place,House Latte,115,26,16,125,False
2026-04-15,Delhi,Connaught Place,Cold Brew,73,36,39,70,False
2026-04-15,Delhi,Connaught Place,Breakfast Combo,110,57,26,141,False
2026-04-15,Delhi,Connaught Place,Cappuccino,118,45,17,146,False
2026-04-15,Delhi,Connaught Place,Chai Frappe,115,25,38,102,False
2026-04-15,Delhi,Saket,House Latte,103,29,25,107,False
2026-04-15,Delhi,Saket,Cold Brew,78,55,23,110,False
2026-04-15,Delhi,Saket,Breakfast Combo,93,38,19,112,False
2026-04-15,Delhi,Saket,Cappuccino,96,53,38,111,False
2026-04-15,Delhi,Saket,Chai Frappe,54,26,31,49,False
2026-04-15,Mumbai,Bandra,House Latte,80,42,24,98,False
2026-04-15,Mumbai,Bandra,Cold Brew,80,31,42,69,False
2026-04-15,Mumbai,Bandra,Breakfast Combo,103,46,15,134,False
2026-04-15,Mumbai,Bandra,Cappuccino,119,20,54,85,False
2026-04-15,Mumbai,Bandra,Chai Frappe,42,40,19,63,False
2026-04-15,Mumbai,Andheri,House Latte,47,47,44,50,False
2026-04-15,Mumbai,Andheri,Cold Brew,49,59,27,81,False
2026-04-15,Mumbai,Andheri,Breakfast Combo,65,31,33,63,False
2026-04-15,Mumbai,Andheri,Cappuccino,54,36,23,67,False
2026-04-15,Mumbai,Andheri,Chai Frappe,44,34,41,37,False
2026-04-15,Bengaluru,Indiranagar,House Latte,101,34,27,108,False
2026-04-15,Bengaluru,Indiranagar,Cold Brew,102,47,48,101,False
2026-04-15,Bengaluru,Indiranagar,Breakfast Combo,112,52,52,112,False
2026-04-15,Bengaluru,Indiranagar,Cappuccino,73,35,27,81,False
2026-04-15,Bengaluru,Indiranagar,Chai Frappe,58,49,43,64,False
2026-04-15,Bengaluru,Koramangala,House Latte,104,26,34,96,False
2026-04-15,Bengaluru,Koramangala,Cold Brew,57,55,25,87,False
2026-04-15,Bengaluru,Koramangala,Breakfast Combo,51,42,50,43,False
2026-04-15,Bengaluru,Koramangala,Cappuccino,113,23,28,108,False
2026-04-15,Bengaluru,Koramangala,Chai Frappe,52,32,36,48,False
2026-04-15,Hyderabad,Banjara Hills,House Latte,62,22,35,49,False
2026-04-15,Hyderabad,Banjara Hills,Cold Brew,44,29,15,58,False
2026-04-15,Hyderabad,Banjara Hills,Breakfast Combo,46,37,49,34,False
2026-04-15,Hyderabad,Banjara Hills,Cappuccino,101,23,16,108,False
2026-04-15,Hyderabad,Banjara Hills,Chai Frappe,67,46,44,69,False
2026-04-15,Hyderabad,Gachibowli,House Latte,105,33,21,117,False
2026-04-15,Hyderabad,Gachibowli,Cold Brew,42,25,17,50,False
2026-04-15,Hyderabad,Gachibowli,Breakfast Combo,108,30,47,91,False
2026-04-15,Hyderabad,Gachibowli,Cappuccino,84,41,33,92,False
2026-04-15,Hyderabad,Gachibowli,Chai Frappe,105,21,18,108,False
2026-04-16,Ahmedabad,Satellite,House Latte,73,35,36,72,False
2026-04-16,Ahmedabad,Satellite,Cold Brew,99,43,25,117,False
2026-04-16,Ahmedabad,Satellite,Breakfast Combo,66,50,23,93,False
2026-04-16,Ahmedabad,Satellite,Cappuccino,80,41,45,76,False
2026-04-16,Ahmedabad,Satellite,Chai Frappe,97,38,27,108,False
2026-04-16,Ahmedabad,Navrangpura,House Latte,69,36,23,82,False
2026-04-16,Ahmedabad,Navrangpura,Cold Brew,90,28,40,78,False
2026-04-16,Ahmedabad,Navrangpura,Breakfast Combo,100,58,19,139,False
2026-04-16,Ahmedabad,Navrangpura,Cappuccino,100,23,28,95,False
2026-04-16,Ahmedabad,Navrangpura,Chai Frappe,54,26,22,58,False
2026-04-16,Jaipur,C-Scheme,House Latte,43,52,17,78,False
2026-04-16,Jaipur,C-Scheme,Cold Brew,71,47,54,64,False
2026-04-16,Jaipur,C-Scheme,Breakfast Combo,108,25,54,79,False
2026-04-16,Jaipur,C-Scheme,Cappuccino,92,27,32,87,False
2026-04-16,Jaipur,C-Scheme,Chai Frappe,113,35,22,126,False
2026-04-16,Jaipur,Malviya Nagar,House Latte,110,58,54,114,False
2026-04-16,Jaipur,Malviya Nagar,Cold Brew,116,54,33,137,False
2026-04-16,Jaipur,Malviya Nagar,Breakfast Combo,55,44,23,76,False
2026-04-16,Jaipur,Malviya Nagar,Cappuccino,77,46,52,71,False
2026-04-16,Jaipur,Malviya Nagar,Chai Frappe,63,30,44,49,False
2026-04-16,Delhi,Connaught Place,House Latte,40,42,44,38,False
2026-04-16,Delhi,Connaught Place,Cold Brew,84,35,48,71,False
2026-04-16,Delhi,Connaught Place,Breakfast Combo,69,48,33,84,False
2026-04-16,Delhi,Connaught Place,Cappuccino,42,41,16,67,False
2026-04-16,Delhi,Connaught Place,Chai Frappe,114,44,29,129,False
2026-04-16,Delhi,Saket,House Latte,78,44,25,97,False
2026-04-16,Delhi,Saket,Cold Brew,63,36,25,74,False
2026-04-16,Delhi,Saket,Breakfast Combo,100,24,48,76,False
2026-04-16,Delhi,Saket,Cappuccino,67,42,21,88,False
2026-04-16,Delhi,Saket,Chai Frappe,70,50,25,95,False
2026-04-16,Mumbai,Bandra,House Latte,50,40,21,69,False
2026-04-16,Mumbai,Bandra,Cold Brew,65,38,37,66,False
2026-04-16,Mumbai,Bandra,Breakfast Combo,91,47,48,90,False
2026-04-16,Mumbai,Bandra,Cappuccino,45,34,15,64,False
2026-04-16,Mumbai,Bandra,Chai Frappe,40,28,38,30,False
2026-04-16,Mumbai,Andheri,House Latte,111,50,40,121,False
2026-04-16,Mumbai,Andheri,Cold Brew,102,26,48,80,False
2026-04-16,Mumbai,Andheri,Breakfast Combo,111,23,33,101,False
2026-04-16,Mumbai,Andheri,Cappuccino,106,39,48,97,False
2026-04-16,Mumbai,Andheri,Chai Frappe,114,38,17,135,False
2026-04-16,Bengaluru,Indiranagar,House Latte,67,28,33,62,False
2026-04-16,Bengaluru,Indiranagar,Cold Brew,86,38,22,102,False
2026-04-16,Bengaluru,Indiranagar,Breakfast Combo,64,47,16,95,False
2026-04-16,Bengaluru,Indiranagar,Cappuccino,57,55,18,94,False
2026-04-16,Bengaluru,Indiranagar,Chai Frappe,73,28,19,82,False
2026-04-16,Bengaluru,Koramangala,House Latte,73,40,22,91,False
2026-04-16,Bengaluru,Koramangala,Cold Brew,46,25,41,30,False
2026-04-16,Bengaluru,Koramangala,Breakfast Combo,108,27,27,108,False
2026-04-16,Bengaluru,Koramangala,Cappuccino,67,34,24,77,False
2026-04-16,Bengaluru,Koramangala,Chai Frappe,44,41,29,56,False
2026-04-16,Hyderabad,Banjara Hills,House Latte,67,30,52,45,False
2026-04-16,Hyderabad,Banjara Hills,Cold Brew,88,36,23,101,False
2026-04-16,Hyderabad,Banjara Hills,Breakfast Combo,104,55,16,143,False
2026-04-16,Hyderabad,Banjara Hills,Cappuccino,114,47,18,143,False
2026-04-16,Hyderabad,Banjara Hills,Chai Frappe,100,24,17,107,False
2026-04-16,Hyderabad,Gachibowli,House Latte,49,38,39,48,False
2026-04-16,Hyderabad,Gachibowli,Cold Brew,72,24,22,74,False
2026-04-16,Hyderabad,Gachibowli,Breakfast Combo,108,58,45,121,False
2026-04-16,Hyderabad,Gachibowli,Cappuccino,48,52,42,58,False
2026-04-16,Hyderabad,Gachibowli,Chai Frappe,82,25,54,53,False
2026-04-17,Ahmedabad,Satellite,House Latte,75,21,23,73,False
2026-04-17,Ahmedabad,Satellite,Cold Brew,72,22,27,67,False
2026-04-17,Ahmedabad,Satellite,Breakfast Combo,77,57,18,116,False
2026-04-17,Ahmedabad,Satellite,Cappuccino,86,56,47,95,False
2026-04-17,Ahmedabad,Satellite,Chai Frappe,113,26,47,92,False
2026-04-17,Ahmedabad,Navrangpura,House Latte,118,33,34,117,False
2026-04-17,Ahmedabad,Navrangpura,Cold Brew,82,39,26,95,False
2026-04-17,Ahmedabad,Navrangpura,Breakfast Combo,117,58,30,145,False
2026-04-17,Ahmedabad,Navrangpura,Cappuccino,104,35,46,93,False
2026-04-17,Ahmedabad,Navrangpura,Chai Frappe,86,38,20,104,False
2026-04-17,Jaipur,C-Scheme,House Latte,92,32,23,101,False
2026-04-17,Jaipur,C-Scheme,Cold Brew,55,59,19,95,False
2026-04-17,Jaipur,C-Scheme,Breakfast Combo,103,54,16,141,False
2026-04-17,Jaipur,C-Scheme,Cappuccino,87,43,29,101,False
2026-04-17,Jaipur,C-Scheme,Chai Frappe,93,36,32,97,False
2026-04-17,Jaipur,Malviya Nagar,House Latte,74,52,40,86,False
2026-04-17,Jaipur,Malviya Nagar,Cold Brew,70,57,47,80,False
2026-04-17,Jaipur,Malviya Nagar,Breakfast Combo,114,49,30,133,False
2026-04-17,Jaipur,Malviya Nagar,Cappuccino,101,33,25,109,False
2026-04-17,Jaipur,Malviya Nagar,Chai Frappe,76,58,37,97,False
2026-04-17,Delhi,Connaught Place,House Latte,70,38,26,82,False
2026-04-17,Delhi,Connaught Place,Cold Brew,92,34,37,89,False
2026-04-17,Delhi,Connaught Place,Breakfast Combo,69,32,53,48,False
2026-04-17,Delhi,Connaught Place,Cappuccino,67,22,30,59,False
2026-04-17,Delhi,Connaught Place,Chai Frappe,82,23,27,78,False
2026-04-17,Delhi,Saket,House Latte,53,40,43,50,False
2026-04-17,Delhi,Saket,Cold Brew,117,35,49,103,False
2026-04-17,Delhi,Saket,Breakfast Combo,57,51,37,71,False
2026-04-17,Delhi,Saket,Cappuccino,100,50,36,114,False
2026-04-17,Delhi,Saket,Chai Frappe,60,41,48,53,False
2026-04-17,Mumbai,Bandra,House Latte,117,57,22,152,False
2026-04-17,Mumbai,Bandra,Cold Brew,87,24,41,70,False
2026-04-17,Mumbai,Bandra,Breakfast Combo,119,22,41,100,False
2026-04-17,Mumbai,Bandra,Cappuccino,115,53,30,138,False
2026-04-17,Mumbai,Bandra,Chai Frappe,48,56,51,53,False
2026-04-17,Mumbai,Andheri,House Latte,86,59,15,130,False
2026-04-17,Mumbai,Andheri,Cold Brew,89,21,52,58,False
2026-04-17,Mumbai,Andheri,Breakfast Combo,94,56,37,113,False
2026-04-17,Mumbai,Andheri,Cappuccino,46,21,28,39,False
2026-04-17,Mumbai,Andheri,Chai Frappe,99,26,49,76,False
2026-04-17,Bengaluru,Indiranagar,House Latte,59,39,23,75,False
2026-04-17,Bengaluru,Indiranagar,Cold Brew,77,38,15,100,False
2026-04-17,Bengaluru,Indiranagar,Breakfast Combo,85,51,52,84,False
2026-04-17,Bengaluru,Indiranagar,Cappuccino,66,55,50,71,False
2026-04-17,Bengaluru,Indiranagar,Chai Frappe,119,34,49,104,False
2026-04-17,Bengaluru,Koramangala,House Latte,85,22,25,82,False
2026-04-17,Bengaluru,Koramangala,Cold Brew,93,26,32,87,False
2026-04-17,Bengaluru,Koramangala,Breakfast Combo,101,25,34,92,False
2026-04-17,Bengaluru,Koramangala,Cappuccino,57,41,24,74,False
2026-04-17,Bengaluru,Koramangala,Chai Frappe,117,23,53,87,False
2026-04-17,Hyderabad,Banjara Hills,House Latte,103,54,49,108,False
2026-04-17,Hyderabad,Banjara Hills,Cold Brew,55,57,38,74,False
2026-04-17,Hyderabad,Banjara Hills,Breakfast Combo,116,55,38,133,False
2026-04-17,Hyderabad,Banjara Hills,Cappuccino,69,24,19,74,False
2026-04-17,Hyderabad,Banjara Hills,Chai Frappe,71,52,35,88,False
2026-04-17,Hyderabad,Gachibowli,House Latte,78,29,37,70,False
2026-04-17,Hyderabad,Gachibowli,Cold Brew,91,59,44,106,False
2026-04-17,Hyderabad,Gachibowli,Breakfast Combo,88,56,31,113,False
2026-04-17,Hyderabad,Gachibowli,Cappuccino,114,34,20,128,False
2026-04-17,Hyderabad,Gachibowli,Chai Frappe,73,25,19,79,False
2026-04-18,Ahmedabad,Satellite,House Latte,110,51,23,138,False
2026-04-18,Ahmedabad,Satellite,Cold Brew,107,22,26,103,False
2026-04-18,Ahmedabad,Satellite,Breakfast Combo,96,32,44,84,False
2026-04-18,Ahmedabad,Satellite,Cappuccino,109,22,15,116,False
2026-04-18,Ahmedabad,Satellite,Chai Frappe,115,40,35,120,False
2026-04-18,Ahmedabad,Navrangpura,House Latte,77,37,42,72,False
2026-04-18,Ahmedabad,Navrangpura,Cold Brew,86,26,40,72,False
2026-04-18,Ahmedabad,Navrangpura,Breakfast Combo,93,24,30,87,False
2026-04-18,Ahmedabad,Navrangpura,Cappuccino,103,44,20,127,False
2026-04-18,Ahmedabad,Navrangpura,Chai Frappe,43,43,33,53,False
2026-04-18,Jaipur,C-Scheme,House Latte,116,40,52,104,False
2026-04-18,Jaipur,C-Scheme,Cold Brew,57,37,20,74,False
2026-04-18,Jaipur,C-Scheme,Breakfast Combo,85,27,34,78,False
2026-04-18,Jaipur,C-Scheme,Cappuccino,67,27,18,76,False
2026-04-18,Jaipur,C-Scheme,Chai Frappe,80,57,22,115,False
2026-04-18,Jaipur,Malviya Nagar,House Latte,72,28,47,53,False
2026-04-18,Jaipur,Malviya Nagar,Cold Brew,73,58,24,107,False
2026-04-18,Jaipur,Malviya Nagar,Breakfast Combo,46,43,41,48,False
2026-04-18,Jaipur,Malviya Nagar,Cappuccino,119,54,50,123,False
2026-04-18,Jaipur,Malviya Nagar,Chai Frappe,90,34,32,92,False
2026-04-18,Delhi,Connaught Place,House Latte,50,37,29,58,False
2026-04-18,Delhi,Connaught Place,Cold Brew,42,28,36,34,False
2026-04-18,Delhi,Connaught Place,Breakfast Combo,69,59,34,94,False
2026-04-18,Delhi,Connaught Place,Cappuccino,116,46,16,146,False
2026-04-18,Delhi,Connaught Place,Chai Frappe,56,48,36,68,False
2026-04-18,Delhi,Saket,House Latte,64,40,51,53,False
2026-04-18,Delhi,Saket,Cold Brew,71,21,27,65,False
2026-04-18,Delhi,Saket,Breakfast Combo,114,50,48,116,False
2026-04-18,Delhi,Saket,Cappuccino,112,24,26,110,False
2026-04-18,Delhi,Saket,Chai Frappe,44,20,48,16,False
2026-04-18,Mumbai,Bandra,House Latte,114,26,43,97,False
2026-04-18,Mumbai,Bandra,Cold Brew,82,22,51,53,False
2026-04-18,Mumbai,Bandra,Breakfast Combo,109,42,43,108,False
2026-04-18,Mumbai,Bandra,Cappuccino,71,51,32,90,False
2026-04-18,Mumbai,Bandra,Chai Frappe,119,22,21,120,False
2026-04-18,Mumbai,Andheri,House Latte,117,31,27,121,False
2026-04-18,Mumbai,Andheri,Cold Brew,103,27,35,95,False
2026-04-18,Mumbai,Andheri,Breakfast Combo,62,27,53,36,False
2026-04-18,Mumbai,Andheri,Cappuccino,55,23,41,37,False
2026-04-18,Mumbai,Andheri,Chai Frappe,109,25,43,91,False
2026-04-18,Bengaluru,Indiranagar,House Latte,83,53,20,116,False
2026-04-18,Bengaluru,Indiranagar,Cold Brew,118,44,48,114,False
2026-04-18,Bengaluru,Indiranagar,Breakfast Combo,68,57,40,85,False
2026-04-18,Bengaluru,Indiranagar,Cappuccino,50,56,46,60,False
2026-04-18,Bengaluru,Indiranagar,Chai Frappe,64,41,30,75,False
2026-04-18,Bengaluru,Koramangala,House Latte,83,58,50,91,False
2026-04-18,Bengaluru,Koramangala,Cold Brew,57,58,32,83,False
2026-04-18,Bengaluru,Koramangala,Breakfast Combo,96,50,34,112,False
2026-04-18,Bengaluru,Koramangala,Cappuccino,76,38,49,65,False
2026-04-18,Bengaluru,Koramangala,Chai Frappe,70,31,29,72,False
2026-04-18,Hyderabad,Banjara Hills,House Latte,55,35,19,71,False
2026-04-18,Hyderabad,Banjara Hills,Cold Brew,47,48,18,77,False
2026-04-18,Hyderabad,Banjara Hills,Breakfast Combo,85,51,43,93,False
2026-04-18,Hyderabad,Banjara Hills,Cappuccino,75,27,52,50,False
2026-04-18,Hyderabad,Banjara Hills,Chai Frappe,106,44,18,132,False
2026-04-18,Hyderabad,Gachibowli,House Latte,42,32,21,53,False
2026-04-18,Hyderabad,Gachibowli,Cold Brew,108,28,26,110,False
2026-04-18,Hyderabad,Gachibowli,Breakfast Combo,118,52,23,147,False
2026-04-18,Hyderabad,Gachibowli,Cappuccino,70,40,41,69,False
2026-04-18,Hyderabad,Gachibowli,Chai Frappe,114,54,54,114,False
2026-04-19,Ahmedabad,Satellite,House Latte,43,29,37,35,False
2026-04-19,Ahmedabad,Satellite,Cold Brew,43,34,21,56,False
2026-04-19,Ahmedabad,Satellite,Breakfast Combo,114,22,20,116,False
2026-04-19,Ahmedabad,Satellite,Cappuccino,55,25,37,43,False
2026-04-19,Ahmedabad,Satellite,Chai Frappe,69,56,25,100,False
2026-04-19,Ahmedabad,Navrangpura,House Latte,82,46,40,88,False
2026-04-19,Ahmedabad,Navrangpura,Cold Brew,103,28,35,96,False
2026-04-19,Ahmedabad,Navrangpura,Breakfast Combo,104,54,39,119,False
2026-04-19,Ahmedabad,Navrangpura,Cappuccino,92,54,39,107,False
2026-04-19,Ahmedabad,Navrangpura,Chai Frappe,115,25,28,112,False
2026-04-19,Jaipur,C-Scheme,House Latte,48,23,33,38,False
2026-04-19,Jaipur,C-Scheme,Cold Brew,58,36,32,62,False
2026-04-19,Jaipur,C-Scheme,Breakfast Combo,89,57,48,98,False
2026-04-19,Jaipur,C-Scheme,Cappuccino,70,33,45,58,False
2026-04-19,Jaipur,C-Scheme,Chai Frappe,49,41,31,59,False
2026-04-19,Jaipur,Malviya Nagar,House Latte,54,44,27,71,False
2026-04-19,Jaipur,Malviya Nagar,Cold Brew,54,46,21,79,False
2026-04-19,Jaipur,Malviya Nagar,Breakfast Combo,93,26,32,87,False
2026-04-19,Jaipur,Malviya Nagar,Cappuccino,104,29,45,88,False
2026-04-19,Jaipur,Malviya Nagar,Chai Frappe,97,56,21,132,False
2026-04-19,Delhi,Connaught Place,House Latte,97,57,45,109,False
2026-04-19,Delhi,Connaught Place,Cold Brew,55,52,19,88,False
2026-04-19,Delhi,Connaught Place,Breakfast Combo,87,39,36,90,False
2026-04-19,Delhi,Connaught Place,Cappuccino,81,21,35,67,False
2026-04-19,Delhi,Connaught Place,Chai Frappe,114,37,26,125,False
2026-04-19,Delhi,Saket,House Latte,119,23,34,108,False
2026-04-19,Delhi,Saket,Cold Brew,81,39,51,69,False
2026-04-19,Delhi,Saket,Breakfast Combo,73,58,17,114,False
2026-04-19,Delhi,Saket,Cappuccino,98,43,24,117,False
2026-04-19,Delhi,Saket,Chai Frappe,58,48,40,66,False
2026-04-19,Mumbai,Bandra,House Latte,88,22,38,72,False
2026-04-19,Mumbai,Bandra,Cold Brew,118,20,33,105,False
2026-04-19,Mumbai,Bandra,Breakfast Combo,79,55,26,108,False
2026-04-19,Mumbai,Bandra,Cappuccino,78,48,17,109,False
2026-04-19,Mumbai,Bandra,Chai Frappe,104,52,43,113,False
2026-04-19,Mumbai,Andheri,House Latte,91,49,46,94,False
2026-04-19,Mumbai,Andheri,Cold Brew,112,37,33,116,False
2026-04-19,Mumbai,Andheri,Breakfast Combo,91,27,49,69,False
2026-04-19,Mumbai,Andheri,Cappuccino,101,45,27,119,False
2026-04-19,Mumbai,Andheri,Chai Frappe,67,37,41,63,False
2026-04-19,Bengaluru,Indiranagar,House Latte,102,46,52,96,False
2026-04-19,Bengaluru,Indiranagar,Cold Brew,116,48,29,135,False
2026-04-19,Bengaluru,Indiranagar,Breakfast Combo,87,37,40,84,False
2026-04-19,Bengaluru,Indiranagar,Cappuccino,104,34,35,103,False
2026-04-19,Bengaluru,Indiranagar,Chai Frappe,43,49,34,58,False
2026-04-19,Bengaluru,Koramangala,House Latte,76,41,23,94,False
2026-04-19,Bengaluru,Koramangala,Cold Brew,87,49,28,108,False
2026-04-19,Bengaluru,Koramangala,Breakfast Combo,50,35,22,63,False
2026-04-19,Bengaluru,Koramangala,Cappuccino,69,45,19,95,False
2026-04-19,Bengaluru,Koramangala,Chai Frappe,99,28,50,77,False
2026-04-19,Hyderabad,Banjara Hills,House Latte,98,30,37,91,False
2026-04-19,Hyderabad,Banjara Hills,Cold Brew,48,23,53,18,False
2026-04-19,Hyderabad,Banjara Hills,Breakfast Combo,104,26,26,104,False
2026-04-19,Hyderabad,Banjara Hills,Cappuccino,55,35,26,64,False
2026-04-19,Hyderabad,Banjara Hills,Chai Frappe,66,41,22,85,False
2026-04-19,Hyderabad,Gachibowli,House Latte,110,49,45,114,False
2026-04-19,Hyderabad,Gachibowli,Cold Brew,53,48,48,53,False
2026-04-19,Hyderabad,Gachibowli,Breakfast Combo,54,50,29,75,False
2026-04-19,Hyderabad,Gachibowli,Cappuccino,103,39,47,95,False
2026-04-19,Hyderabad,Gachibowli,Chai Frappe,51,35,25,61,False
2026-04-20,Ahmedabad,Satellite,House Latte,59,32,30,61,False
2026-04-20,Ahmedabad,Satellite,Cold Brew,50,48,37,61,False
2026-04-20,Ahmedabad,Satellite,Breakfast Combo,106,48,20,134,False
2026-04-20,Ahmedabad,Satellite,Cappuccino,45,36,34,47,False
2026-04-20,Ahmedabad,Satellite,Chai Frappe,59,51,38,72,False
2026-04-20,Ahmedabad,Navrangpura,House Latte,99,24,47,76,False
2026-04-20,Ahmedabad,Navrangpura,Cold Brew,56,37,32,61,False
2026-04-20,Ahmedabad,Navrangpura,Breakfast Combo,105,31,24,112,False
2026-04-20,Ahmedabad,Navrangpura,Cappuccino,67,34,22,79,False
2026-04-20,Ahmedabad,Navrangpura,Chai Frappe,54,29,33,50,False
2026-04-20,Jaipur,C-Scheme,House Latte,67,35,43,59,False
2026-04-20,Jaipur,C-Scheme,Cold Brew,59,56,45,70,False
2026-04-20,Jaipur,C-Scheme,Breakfast Combo,53,32,22,63,False
2026-04-20,Jaipur,C-Scheme,Cappuccino,61,34,20,75,False
2026-04-20,Jaipur,C-Scheme,Chai Frappe,41,37,43,35,False
2026-04-20,Jaipur,Malviya Nagar,House Latte,64,54,29,89,False
2026-04-20,Jaipur,Malviya Nagar,Cold Brew,112,29,36,105,False
2026-04-20,Jaipur,Malviya Nagar,Breakfast Combo,101,22,52,71,False
2026-04-20,Jaipur,Malviya Nagar,Cappuccino,69,39,40,68,False
2026-04-20,Jaipur,Malviya Nagar,Chai Frappe,91,20,49,62,False
2026-04-20,Delhi,Connaught Place,House Latte,89,59,33,115,False
2026-04-20,Delhi,Connaught Place,Cold Brew,89,37,50,76,False
2026-04-20,Delhi,Connaught Place,Breakfast Combo,106,56,35,127,False
2026-04-20,Delhi,Connaught Place,Cappuccino,103,34,33,104,False
2026-04-20,Delhi,Connaught Place,Chai Frappe,100,23,43,80,False
2026-04-20,Delhi,Saket,House Latte,41,43,34,50,False
2026-04-20,Delhi,Saket,Cold Brew,77,39,34,82,False
2026-04-20,Delhi,Saket,Breakfast Combo,72,38,37,73,False
2026-04-20,Delhi,Saket,Cappuccino,101,42,40,103,False
2026-04-20,Delhi,Saket,Chai Frappe,106,59,19,146,False
2026-04-20,Mumbai,Bandra,House Latte,97,29,22,104,False
2026-04-20,Mumbai,Bandra,Cold Brew,103,22,48,77,False
2026-04-20,Mumbai,Bandra,Breakfast Combo,101,59,41,119,False
2026-04-20,Mumbai,Bandra,Cappuccino,109,24,50,83,False
2026-04-20,Mumbai,Bandra,Chai Frappe,52,32,20,64,False
2026-04-20,Mumbai,Andheri,House Latte,72,49,25,96,False
2026-04-20,Mumbai,Andheri,Cold Brew,105,44,40,109,False
2026-04-20,Mumbai,Andheri,Breakfast Combo,115,37,28,124,False
2026-04-20,Mumbai,Andheri,Cappuccino,119,42,39,122,False
2026-04-20,Mumbai,Andheri,Chai Frappe,63,28,21,70,False
2026-04-20,Bengaluru,Indiranagar,House Latte,57,27,44,40,False
2026-04-20,Bengaluru,Indiranagar,Cold Brew,44,45,52,37,False
2026-04-20,Bengaluru,Indiranagar,Breakfast Combo,101,36,17,120,False
2026-04-20,Bengaluru,Indiranagar,Cappuccino,106,20,42,84,False
2026-04-20,Bengaluru,Indiranagar,Chai Frappe,93,27,44,76,False
2026-04-20,Bengaluru,Koramangala,House Latte,54,29,47,36,False
2026-04-20,Bengaluru,Koramangala,Cold Brew,118,30,51,97,False
2026-04-20,Bengaluru,Koramangala,Breakfast Combo,113,50,20,143,False
2026-04-20,Bengaluru,Koramangala,Cappuccino,63,47,54,56,False
2026-04-20,Bengaluru,Koramangala,Chai Frappe,105,36,24,117,False
2026-04-20,Hyderabad,Banjara Hills,House Latte,116,31,28,119,False
2026-04-20,Hyderabad,Banjara Hills,Cold Brew,117,42,25,134,False
2026-04-20,Hyderabad,Banjara Hills,Breakfast Combo,40,37,54,23,False
2026-04-20,Hyderabad,Banjara Hills,Cappuccino,74,47,25,96,False
2026-04-20,Hyderabad,Banjara Hills,Chai Frappe,102,51,39,114,False
2026-04-20,Hyderabad,Gachibowli,House Latte,101,43,30,114,False
2026-04-20,Hyderabad,Gachibowli,Cold Brew,99,53,48,104,False
2026-04-20,Hyderabad,Gachibowli,Breakfast Combo,57,47,15,89,False
2026-04-20,Hyderabad,Gachibowli,Cappuccino,85,42,29,98,False
2026-04-20,Hyderabad,Gachibowli,Chai Frappe,119,55,16,158,False
2026-04-21,Ahmedabad,Satellite,House Latte,56,28,50,34,False
2026-04-21,Ahmedabad,Satellite,Cold Brew,81,49,47,83,False
2026-04-21,Ahmedabad,Satellite,Breakfast Combo,101,23,20,104,False
2026-04-21,Ahmedabad,Satellite,Cappuccino,71,33,44,60,False
2026-04-21,Ahmedabad,Satellite,Chai Frappe,52,34,24,62,False
2026-04-21,Ahmedabad,Navrangpura,House Latte,55,26,22,59,False
2026-04-21,Ahmedabad,Navrangpura,Cold Brew,85,36,32,89,False
2026-04-21,Ahmedabad,Navrangpura,Breakfast Combo,78,49,49,78,False
2026-04-21,Ahmedabad,Navrangpura,Cappuccino,82,45,44,83,False
2026-04-21,Ahmedabad,Navrangpura,Chai Frappe,95,25,54,66,False
2026-04-21,Jaipur,C-Scheme,House Latte,53,36,41,48,False
2026-04-21,Jaipur,C-Scheme,Cold Brew,72,29,51,50,False
2026-04-21,Jaipur,C-Scheme,Breakfast Combo,45,29,54,20,False
2026-04-21,Jaipur,C-Scheme,Cappuccino,98,23,45,76,False
2026-04-21,Jaipur,C-Scheme,Chai Frappe,117,23,31,109,False
2026-04-21,Jaipur,Malviya Nagar,House Latte,77,25,23,79,False
2026-04-21,Jaipur,Malviya Nagar,Cold Brew,53,27,31,49,False
2026-04-21,Jaipur,Malviya Nagar,Breakfast Combo,77,29,26,80,False
2026-04-21,Jaipur,Malviya Nagar,Cappuccino,55,51,23,83,False
2026-04-21,Jaipur,Malviya Nagar,Chai Frappe,112,41,47,106,False
2026-04-21,Delhi,Connaught Place,House Latte,90,30,39,81,False
2026-04-21,Delhi,Connaught Place,Cold Brew,61,24,25,60,False
2026-04-21,Delhi,Connaught Place,Breakfast Combo,62,25,15,72,False
2026-04-21,Delhi,Connaught Place,Cappuccino,115,40,31,124,False
2026-04-21,Delhi,Connaught Place,Chai Frappe,114,28,31,111,False
2026-04-21,Delhi,Saket,House Latte,107,45,30,122,False
2026-04-21,Delhi,Saket,Cold Brew,60,21,18,63,False
2026-04-21,Delhi,Saket,Breakfast Combo,52,51,40,63,False
2026-04-21,Delhi,Saket,Cappuccino,74,51,21,104,False
2026-04-21,Delhi,Saket,Chai Frappe,56,35,51,40,False
2026-04-21,Mumbai,Bandra,House Latte,89,54,24,119,False
2026-04-21,Mumbai,Bandra,Cold Brew,107,22,24,105,False
2026-04-21,Mumbai,Bandra,Breakfast Combo,81,22,49,54,False
2026-04-21,Mumbai,Bandra,Cappuccino,109,41,27,123,False
2026-04-21,Mumbai,Bandra,Chai Frappe,47,44,36,55,False
2026-04-21,Mumbai,Andheri,House Latte,100,44,20,124,False
2026-04-21,Mumbai,Andheri,Cold Brew,49,51,21,79,False
2026-04-21,Mumbai,Andheri,Breakfast Combo,115,24,44,95,False
2026-04-21,Mumbai,Andheri,Cappuccino,118,37,17,138,False
2026-04-21,Mumbai,Andheri,Chai Frappe,110,27,36,101,False
2026-04-21,Bengaluru,Indiranagar,House Latte,118,49,16,151,False
2026-04-21,Bengaluru,Indiranagar,Cold Brew,105,26,44,87,False
2026-04-21,Bengaluru,Indiranagar,Breakfast Combo,89,31,31,89,False
2026-04-21,Bengaluru,Indiranagar,Cappuccino,49,59,24,84,False
2026-04-21,Bengaluru,Indiranagar,Chai Frappe,64,40,41,63,False
2026-04-21,Bengaluru,Koramangala,House Latte,80,40,38,82,False
2026-04-21,Bengaluru,Koramangala,Cold Brew,108,35,48,95,False
2026-04-21,Bengaluru,Koramangala,Breakfast Combo,102,58,51,109,False
2026-04-21,Bengaluru,Koramangala,Cappuccino,103,29,45,87,False
2026-04-21,Bengaluru,Koramangala,Chai Frappe,98,31,42,87,False
2026-04-21,Hyderabad,Banjara Hills,House Latte,60,40,46,54,False
2026-04-21,Hyderabad,Banjara Hills,Cold Brew,55,33,46,42,False
2026-04-21,Hyderabad,Banjara Hills,Breakfast Combo,76,58,15,119,False
2026-04-21,Hyderabad,Banjara Hills,Cappuccino,97,52,51,98,False
2026-04-21,Hyderabad,Banjara Hills,Chai Frappe,52,59,30,81,False
2026-04-21,Hyderabad,Gachibowli,House Latte,68,34,40,62,False
2026-04-21,Hyderabad,Gachibowli,Cold Brew,92,38,17,113,False
2026-04-21,Hyderabad,Gachibowli,Breakfast Combo,118,28,18,128,False
2026-04-21,Hyderabad,Gachibowli,Cappuccino,87,36,39,84,False
2026-04-21,Hyderabad,Gachibowli,Chai Frappe,110,23,26,107,False
2026-04-22,Ahmedabad,Satellite,House Latte,81,51,39,93,False
2026-04-22,Ahmedabad,Satellite,Cold Brew,70,44,54,60,False
2026-04-22,Ahmedabad,Satellite,Breakfast Combo,78,55,46,87,False
2026-04-22,Ahmedabad,Satellite,Cappuccino,64,29,45,48,False
2026-04-22,Ahmedabad,Satellite,Chai Frappe,56,33,24,65,False
2026-04-22,Ahmedabad,Navrangpura,House Latte,88,31,41,78,False
2026-04-22,Ahmedabad,Navrangpura,Cold Brew,114,53,52,115,False
2026-04-22,Ahmedabad,Navrangpura,Breakfast Combo,41,38,23,56,False
2026-04-22,Ahmedabad,Navrangpura,Cappuccino,113,48,27,134,False
2026-04-22,Ahmedabad,Navrangpura,Chai Frappe,85,44,34,95,False
2026-04-22,Jaipur,C-Scheme,House Latte,77,22,33,66,False
2026-04-22,Jaipur,C-Scheme,Cold Brew,67,52,49,70,False
2026-04-22,Jaipur,C-Scheme,Breakfast Combo,100,21,48,73,False
2026-04-22,Jaipur,C-Scheme,Cappuccino,71,36,52,55,False
2026-04-22,Jaipur,C-Scheme,Chai Frappe,109,22,29,102,False
2026-04-22,Jaipur,Malviya Nagar,House Latte,99,41,25,115,False
2026-04-22,Jaipur,Malviya Nagar,Cold Brew,81,54,23,112,False
2026-04-22,Jaipur,Malviya Nagar,Breakfast Combo,99,49,50,98,False
2026-04-22,Jaipur,Malviya Nagar,Cappuccino,63,28,36,55,False
2026-04-22,Jaipur,Malviya Nagar,Chai Frappe,82,36,46,72,False
2026-04-22,Delhi,Connaught Place,House Latte,103,29,46,86,False
2026-04-22,Delhi,Connaught Place,Cold Brew,58,36,16,78,False
2026-04-22,Delhi,Connaught Place,Breakfast Combo,67,58,32,93,False
2026-04-22,Delhi,Connaught Place,Cappuccino,96,24,40,80,False
2026-04-22,Delhi,Connaught Place,Chai Frappe,69,49,52,66,False
2026-04-22,Delhi,Saket,House Latte,82,24,34,72,False
2026-04-22,Delhi,Saket,Cold Brew,49,37,17,69,False
2026-04-22,Delhi,Saket,Breakfast Combo,91,32,23,100,False
2026-04-22,Delhi,Saket,Cappuccino,41,55,48,48,False
2026-04-22,Delhi,Saket,Chai Frappe,104,22,28,98,False
2026-04-22,Mumbai,Bandra,House Latte,117,43,20,140,False
2026-04-22,Mumbai,Bandra,Cold Brew,51,30,53,28,False
2026-04-22,Mumbai,Bandra,Breakfast Combo,53,56,42,67,False
2026-04-22,Mumbai,Bandra,Cappuccino,113,53,28,138,False
2026-04-22,Mumbai,Bandra,Chai Frappe,106,26,26,106,False
2026-04-22,Mumbai,Andheri,House Latte,56,25,18,63,False
2026-04-22,Mumbai,Andheri,Cold Brew,54,24,30,48,False
2026-04-22,Mumbai,Andheri,Breakfast Combo,45,22,54,13,False
2026-04-22,Mumbai,Andheri,Cappuccino,47,22,16,53,False
2026-04-22,Mumbai,Andheri,Chai Frappe,50,41,48,43,False
2026-04-22,Bengaluru,Indiranagar,House Latte,98,43,18,123,False
2026-04-22,Bengaluru,Indiranagar,Cold Brew,101,21,40,82,False
2026-04-22,Bengaluru,Indiranagar,Breakfast Combo,72,55,27,100,False
2026-04-22,Bengaluru,Indiranagar,Cappuccino,91,37,35,93,False
2026-04-22,Bengaluru,Indiranagar,Chai Frappe,115,48,31,132,False
2026-04-22,Bengaluru,Koramangala,House Latte,75,48,28,95,False
2026-04-22,Bengaluru,Koramangala,Cold Brew,53,38,17,74,False
2026-04-22,Bengaluru,Koramangala,Breakfast Combo,53,36,46,43,False
2026-04-22,Bengaluru,Koramangala,Cappuccino,102,30,31,101,False
2026-04-22,Bengaluru,Koramangala,Chai Frappe,52,50,24,78,False
2026-04-22,Hyderabad,Banjara Hills,House Latte,103,53,42,114,False
2026-04-22,Hyderabad,Banjara Hills,Cold Brew,66,58,42,82,False
2026-04-22,Hyderabad,Banjara Hills,Breakfast Combo,91,54,50,95,False
2026-04-22,Hyderabad,Banjara Hills,Cappuccino,46,55,45,56,False
2026-04-22,Hyderabad,Banjara Hills,Chai Frappe,56,32,45,43,False
2026-04-22,Hyderabad,Gachibowli,House Latte,57,38,42,53,False
2026-04-22,Hyderabad,Gachibowli,Cold Brew,92,56,19,129,False
2026-04-22,Hyderabad,Gachibowli,Breakfast Combo,63,59,37,85,False
2026-04-22,Hyderabad,Gachibowli,Cappuccino,59,31,28,62,False
2026-04-22,Hyderabad,Gachibowli,Chai Frappe,84,31,39,76,False
2026-04-23,Ahmedabad,Satellite,House Latte,75,44,21,98,False
2026-04-23,Ahmedabad,Satellite,Cold Brew,89,56,20,125,False
2026-04-23,Ahmedabad,Satellite,Breakfast Combo,66,47,39,74,False
2026-04-23,Ahmedabad,Satellite,Cappuccino,93,42,42,93,False
2026-04-23,Ahmedabad,Satellite,Chai Frappe,88,22,45,65,False
2026-04-23,Ahmedabad,Navrangpura,House Latte,75,22,31,66,False
2026-04-23,Ahmedabad,Navrangpura,Cold Brew,74,23,54,43,False
2026-04-23,Ahmedabad,Navrangpura,Breakfast Combo,57,33,32,58,False
2026-04-23,Ahmedabad,Navrangpura,Cappuccino,106,49,45,110,False
2026-04-23,Ahmedabad,Navrangpura,Chai Frappe,58,53,48,63,False
2026-04-23,Jaipur,C-Scheme,House Latte,77,41,16,102,False
2026-04-23,Jaipur,C-Scheme,Cold Brew,100,58,33,125,False
2026-04-23,Jaipur,C-Scheme,Breakfast Combo,83,39,18,104,False
2026-04-23,Jaipur,C-Scheme,Cappuccino,89,48,52,85,False
2026-04-23,Jaipur,C-Scheme,Chai Frappe,114,39,53,100,False
2026-04-23,Jaipur,Malviya Nagar,House Latte,82,45,39,88,False
2026-04-23,Jaipur,Malviya Nagar,Cold Brew,119,49,19,149,False
2026-04-23,Jaipur,Malviya Nagar,Breakfast Combo,45,36,35,46,False
2026-04-23,Jaipur,Malviya Nagar,Cappuccino,93,39,35,97,False
2026-04-23,Jaipur,Malviya Nagar,Chai Frappe,113,33,34,112,False
2026-04-23,Delhi,Connaught Place,House Latte,84,38,53,69,False
2026-04-23,Delhi,Connaught Place,Cold Brew,116,40,33,123,False
2026-04-23,Delhi,Connaught Place,Breakfast Combo,87,27,32,82,False
2026-04-23,Delhi,Connaught Place,Cappuccino,57,25,18,64,False
2026-04-23,Delhi,Connaught Place,Chai Frappe,86,20,40,66,False
2026-04-23,Delhi,Saket,House Latte,74,34,45,63,False
2026-04-23,Delhi,Saket,Cold Brew,83,49,43,89,False
2026-04-23,Delhi,Saket,Breakfast Combo,42,28,37,33,False
2026-04-23,Delhi,Saket,Cappuccino,118,26,19,125,False
2026-04-23,Delhi,Saket,Chai Frappe,115,58,21,152,False
2026-04-23,Mumbai,Bandra,House Latte,72,45,22,95,False
2026-04-23,Mumbai,Bandra,Cold Brew,66,35,40,61,False
2026-04-23,Mumbai,Bandra,Breakfast Combo,64,36,26,74,False
2026-04-23,Mumbai,Bandra,Cappuccino,100,26,24,102,False
2026-04-23,Mumbai,Bandra,Chai Frappe,59,56,52,63,False
2026-04-23,Mumbai,Andheri,House Latte,80,26,45,61,False
2026-04-23,Mumbai,Andheri,Cold Brew,79,53,29,103,False
2026-04-23,Mumbai,Andheri,Breakfast Combo,119,52,23,148,False
2026-04-23,Mumbai,Andheri,Cappuccino,98,31,28,101,False
2026-04-23,Mumbai,Andheri,Chai Frappe,60,47,25,82,False
2026-04-23,Bengaluru,Indiranagar,House Latte,91,43,45,89,False
2026-04-23,Bengaluru,Indiranagar,Cold Brew,119,20,54,85,False
2026-04-23,Bengaluru,Indiranagar,Breakfast Combo,48,41,28,61,False
2026-04-23,Bengaluru,Indiranagar,Cappuccino,91,48,49,90,False
2026-04-23,Bengaluru,Indiranagar,Chai Frappe,72,57,27,102,False
2026-04-23,Bengaluru,Koramangala,House Latte,56,35,36,55,False
2026-04-23,Bengaluru,Koramangala,Cold Brew,93,53,23,123,False
2026-04-23,Bengaluru,Koramangala,Breakfast Combo,64,57,32,89,False
2026-04-23,Bengaluru,Koramangala,Cappuccino,59,59,32,86,False
2026-04-23,Bengaluru,Koramangala,Chai Frappe,118,56,51,123,False
2026-04-23,Hyderabad,Banjara Hills,House Latte,86,51,53,84,False
2026-04-23,Hyderabad,Banjara Hills,Cold Brew,61,21,27,55,False
2026-04-23,Hyderabad,Banjara Hills,Breakfast Combo,90,41,18,113,False
2026-04-23,Hyderabad,Banjara Hills,Cappuccino,84,26,35,75,False
2026-04-23,Hyderabad,Banjara Hills,Chai Frappe,86,45,31,100,False
2026-04-23,Hyderabad,Gachibowli,House Latte,72,47,44,75,False
2026-04-23,Hyderabad,Gachibowli,Cold Brew,104,33,31,106,False
2026-04-23,Hyderabad,Gachibowli,Breakfast Combo,66,41,20,87,False
2026-04-23,Hyderabad,Gachibowli,Cappuccino,74,27,36,65,False
2026-04-23,Hyderabad,Gachibowli,Chai Frappe,108,59,32,135,False
2026-04-24,Ahmedabad,Satellite,House Latte,44,29,19,54,False
2026-04-24,Ahmedabad,Satellite,Cold Brew,100,59,37,122,False
2026-04-24,Ahmedabad,Satellite,Breakfast Combo,54,20,54,20,False
2026-04-24,Ahmedabad,Satellite,Cappuccino,65,24,22,67,False
2026-04-24,Ahmedabad,Satellite,Chai Frappe,60,46,50,56,False
2026-04-24,Ahmedabad,Navrangpura,House Latte,62,47,17,92,False
2026-04-24,Ahmedabad,Navrangpura,Cold Brew,40,22,51,11,False
2026-04-24,Ahmedabad,Navrangpura,Breakfast Combo,86,52,15,123,False
2026-04-24,Ahmedabad,Navrangpura,Cappuccino,41,53,19,75,False
2026-04-24,Ahmedabad,Navrangpura,Chai Frappe,52,40,39,53,False
2026-04-24,Jaipur,C-Scheme,House Latte,58,37,41,54,False
2026-04-24,Jaipur,C-Scheme,Cold Brew,75,35,17,93,False
2026-04-24,Jaipur,C-Scheme,Breakfast Combo,76,52,40,88,False
2026-04-24,Jaipur,C-Scheme,Cappuccino,111,25,15,121,False
2026-04-24,Jaipur,C-Scheme,Chai Frappe,83,27,38,72,False
2026-04-24,Jaipur,Malviya Nagar,House Latte,112,33,36,109,False
2026-04-24,Jaipur,Malviya Nagar,Cold Brew,94,26,50,70,False
2026-04-24,Jaipur,Malviya Nagar,Breakfast Combo,56,52,41,67,False
2026-04-24,Jaipur,Malviya Nagar,Cappuccino,51,48,22,77,False
2026-04-24,Jaipur,Malviya Nagar,Chai Frappe,87,58,53,92,False
2026-04-24,Delhi,Connaught Place,House Latte,109,39,37,111,False
2026-04-24,Delhi,Connaught Place,Cold Brew,64,56,34,86,False
2026-04-24,Delhi,Connaught Place,Breakfast Combo,101,34,44,91,False
2026-04-24,Delhi,Connaught Place,Cappuccino,57,49,16,90,False
2026-04-24,Delhi,Connaught Place,Chai Frappe,48,34,34,48,False
2026-04-24,Delhi,Saket,House Latte,96,34,15,115,False
2026-04-24,Delhi,Saket,Cold Brew,66,37,36,67,False
2026-04-24,Delhi,Saket,Breakfast Combo,91,29,39,81,False
2026-04-24,Delhi,Saket,Cappuccino,90,51,35,106,False
2026-04-24,Delhi,Saket,Chai Frappe,104,28,43,89,False
2026-04-24,Mumbai,Bandra,House Latte,43,24,49,18,False
2026-04-24,Mumbai,Bandra,Cold Brew,78,44,39,83,False
2026-04-24,Mumbai,Bandra,Breakfast Combo,95,29,22,102,False
2026-04-24,Mumbai,Bandra,Cappuccino,43,54,23,74,False
2026-04-24,Mumbai,Bandra,Chai Frappe,86,38,21,103,False
2026-04-24,Mumbai,Andheri,House Latte,73,23,22,74,False
2026-04-24,Mumbai,Andheri,Cold Brew,51,52,37,66,False
2026-04-24,Mumbai,Andheri,Breakfast Combo,114,37,23,128,False
2026-04-24,Mumbai,Andheri,Cappuccino,88,57,36,109,False
2026-04-24,Mumbai,Andheri,Chai Frappe,41,32,51,22,False
2026-04-24,Bengaluru,Indiranagar,House Latte,81,58,35,104,False
2026-04-24,Bengaluru,Indiranagar,Cold Brew,40,54,45,49,False
2026-04-24,Bengaluru,Indiranagar,Breakfast Combo,97,58,22,133,False
2026-04-24,Bengaluru,Indiranagar,Cappuccino,112,29,53,88,False
2026-04-24,Bengaluru,Indiranagar,Chai Frappe,55,42,46,51,False
2026-04-24,Bengaluru,Koramangala,House Latte,46,22,48,20,False
2026-04-24,Bengaluru,Koramangala,Cold Brew,44,44,52,36,False
2026-04-24,Bengaluru,Koramangala,Breakfast Combo,89,39,31,97,False
2026-04-24,Bengaluru,Koramangala,Cappuccino,91,42,35,98,False
2026-04-24,Bengaluru,Koramangala,Chai Frappe,52,46,44,54,False
2026-04-24,Hyderabad,Banjara Hills,House Latte,96,23,43,76,False
2026-04-24,Hyderabad,Banjara Hills,Cold Brew,98,27,48,77,False
2026-04-24,Hyderabad,Banjara Hills,Breakfast Combo,81,38,43,76,False
2026-04-24,Hyderabad,Banjara Hills,Cappuccino,80,41,27,94,False
2026-04-24,Hyderabad,Banjara Hills,Chai Frappe,114,58,20,152,False
2026-04-24,Hyderabad,Gachibowli,House Latte,98,20,29,89,False
2026-04-24,Hyderabad,Gachibowli,Cold Brew,117,26,30,113,False
2026-04-24,Hyderabad,Gachibowli,Breakfast Combo,57,49,33,73,False
2026-04-24,Hyderabad,Gachibowli,Cappuccino,87,57,35,109,False
2026-04-24,Hyderabad,Gachibowli,Chai Frappe,98,23,23,98,False
2026-04-25,Ahmedabad,Satellite,House Latte,115,54,41,128,False
2026-04-25,Ahmedabad,Satellite,Cold Brew,70,27,49,48,False
2026-04-25,Ahmedabad,Satellite,Breakfast Combo,102,29,38,93,False
2026-04-25,Ahmedabad,Satellite,Cappuccino,89,39,52,76,False
2026-04-25,Ahmedabad,Satellite,Chai Frappe,49,30,18,61,False
2026-04-25,Ahmedabad,Navrangpura,House Latte,95,45,54,86,False
2026-04-25,Ahmedabad,Navrangpura,Cold Brew,83,26,33,76,False
2026-04-25,Ahmedabad,Navrangpura,Breakfast Combo,47,46,41,52,False
2026-04-25,Ahmedabad,Navrangpura,Cappuccino,108,33,27,114,False
2026-04-25,Ahmedabad,Navrangpura,Chai Frappe,45,36,34,47,False
2026-04-25,Jaipur,C-Scheme,House Latte,100,50,20,130,False
2026-04-25,Jaipur,C-Scheme,Cold Brew,62,40,28,74,False
2026-04-25,Jaipur,C-Scheme,Breakfast Combo,42,53,44,51,False
2026-04-25,Jaipur,C-Scheme,Cappuccino,81,32,48,65,False
2026-04-25,Jaipur,C-Scheme,Chai Frappe,42,37,47,32,False
2026-04-25,Jaipur,Malviya Nagar,House Latte,116,30,41,105,False
2026-04-25,Jaipur,Malviya Nagar,Cold Brew,55,24,29,50,False
2026-04-25,Jaipur,Malviya Nagar,Breakfast Combo,110,47,34,123,False
2026-04-25,Jaipur,Malviya Nagar,Cappuccino,62,25,25,62,False
2026-04-25,Jaipur,Malviya Nagar,Chai Frappe,52,27,42,37,False
2026-04-25,Delhi,Connaught Place,House Latte,50,21,36,35,False
2026-04-25,Delhi,Connaught Place,Cold Brew,62,38,20,80,False
2026-04-25,Delhi,Connaught Place,Breakfast Combo,56,37,42,51,False
2026-04-25,Delhi,Connaught Place,Cappuccino,73,41,35,79,False
2026-04-25,Delhi,Connaught Place,Chai Frappe,61,31,32,60,False
2026-04-25,Delhi,Saket,House Latte,42,47,39,50,False
2026-04-25,Delhi,Saket,Cold Brew,64,34,28,70,False
2026-04-25,Delhi,Saket,Breakfast Combo,92,50,19,123,False
2026-04-25,Delhi,Saket,Cappuccino,73,20,33,60,False
2026-04-25,Delhi,Saket,Chai Frappe,59,33,33,59,False
2026-04-25,Mumbai,Bandra,House Latte,65,35,45,55,False
2026-04-25,Mumbai,Bandra,Cold Brew,104,20,30,94,False
2026-04-25,Mumbai,Bandra,Breakfast Combo,107,41,23,125,False
2026-04-25,Mumbai,Bandra,Cappuccino,87,25,15,97,False
2026-04-25,Mumbai,Bandra,Chai Frappe,90,40,45,85,False
2026-04-25,Mumbai,Andheri,House Latte,67,54,31,90,False
2026-04-25,Mumbai,Andheri,Cold Brew,99,24,18,105,False
2026-04-25,Mumbai,Andheri,Breakfast Combo,102,53,52,103,False
2026-04-25,Mumbai,Andheri,Cappuccino,65,20,54,31,False
2026-04-25,Mumbai,Andheri,Chai Frappe,88,29,45,72,False
2026-04-25,Bengaluru,Indiranagar,House Latte,112,31,45,98,False
2026-04-25,Bengaluru,Indiranagar,Cold Brew,103,40,40,103,False
2026-04-25,Bengaluru,Indiranagar,Breakfast Combo,61,57,54,64,False
2026-04-25,Bengaluru,Indiranagar,Cappuccino,118,49,16,151,False
2026-04-25,Bengaluru,Indiranagar,Chai Frappe,69,37,53,53,False
2026-04-25,Bengaluru,Koramangala,House Latte,83,41,20,104,False
2026-04-25,Bengaluru,Koramangala,Cold Brew,103,33,18,118,False
2026-04-25,Bengaluru,Koramangala,Breakfast Combo,119,27,15,131,False
2026-04-25,Bengaluru,Koramangala,Cappuccino,46,38,19,65,False
2026-04-25,Bengaluru,Koramangala,Chai Frappe,107,40,27,120,False
2026-04-25,Hyderabad,Banjara Hills,House Latte,40,39,21,58,False
2026-04-25,Hyderabad,Banjara Hills,Cold Brew,118,31,33,116,False
2026-04-25,Hyderabad,Banjara Hills,Breakfast Combo,41,25,23,43,False
2026-04-25,Hyderabad,Banjara Hills,Cappuccino,44,49,52,41,False
2026-04-25,Hyderabad,Banjara Hills,Chai Frappe,118,30,46,102,False
2026-04-25,Hyderabad,Gachibowli,House Latte,80,21,18,83,False
2026-04-25,Hyderabad,Gachibowli,Cold Brew,83,36,15,104,False
2026-04-25,Hyderabad,Gachibowli,Breakfast Combo,114,49,35,128,False
2026-04-25,Hyderabad,Gachibowli,Cappuccino,118,58,53,123,False
2026-04-25,Hyderabad,Gachibowli,Chai Frappe,60,55,35,80,False
2026-04-26,Ahmedabad,Satellite,House Latte,98,54,21,131,False
2026-04-26,Ahmedabad,Satellite,Cold Brew,75,25,26,74,False
2026-04-26,Ahmedabad,Satellite,Breakfast Combo,73,54,49,78,False
2026-04-26,Ahmedabad,Satellite,Cappuccino,71,33,36,68,False
2026-04-26,Ahmedabad,Satellite,Chai Frappe,112,59,24,147,False
2026-04-26,Ahmedabad,Navrangpura,House Latte,54,48,27,75,False
2026-04-26,Ahmedabad,Navrangpura,Cold Brew,55,21,31,45,False
2026-04-26,Ahmedabad,Navrangpura,Breakfast Combo,71,42,23,90,False
2026-04-26,Ahmedabad,Navrangpura,Cappuccino,97,47,33,111,False
2026-04-26,Ahmedabad,Navrangpura,Chai Frappe,54,40,41,53,False
2026-04-26,Jaipur,C-Scheme,House Latte,69,30,35,64,False
2026-04-26,Jaipur,C-Scheme,Cold Brew,68,36,28,76,False
2026-04-26,Jaipur,C-Scheme,Breakfast Combo,64,48,33,79,False
2026-04-26,Jaipur,C-Scheme,Cappuccino,77,46,29,94,False
2026-04-26,Jaipur,C-Scheme,Chai Frappe,48,54,17,85,False
2026-04-26,Jaipur,Malviya Nagar,House Latte,85,30,23,92,False
2026-04-26,Jaipur,Malviya Nagar,Cold Brew,43,56,32,67,False
2026-04-26,Jaipur,Malviya Nagar,Breakfast Combo,67,49,16,100,False
2026-04-26,Jaipur,Malviya Nagar,Cappuccino,85,39,37,87,False
2026-04-26,Jaipur,Malviya Nagar,Chai Frappe,49,58,24,83,False
2026-04-26,Delhi,Connaught Place,House Latte,94,49,28,115,False
2026-04-26,Delhi,Connaught Place,Cold Brew,50,31,47,34,False
2026-04-26,Delhi,Connaught Place,Breakfast Combo,112,57,24,145,False
2026-04-26,Delhi,Connaught Place,Cappuccino,88,26,43,71,False
2026-04-26,Delhi,Connaught Place,Chai Frappe,73,48,42,79,False
2026-04-26,Delhi,Saket,House Latte,119,39,28,130,False
2026-04-26,Delhi,Saket,Cold Brew,82,26,19,89,False
2026-04-26,Delhi,Saket,Breakfast Combo,81,53,36,98,False
2026-04-26,Delhi,Saket,Cappuccino,102,27,32,97,False
2026-04-26,Delhi,Saket,Chai Frappe,89,33,15,107,False
2026-04-26,Mumbai,Bandra,House Latte,45,57,39,63,False
2026-04-26,Mumbai,Bandra,Cold Brew,61,30,16,75,False
2026-04-26,Mumbai,Bandra,Breakfast Combo,115,24,45,94,False
2026-04-26,Mumbai,Bandra,Cappuccino,59,33,25,67,False
2026-04-26,Mumbai,Bandra,Chai Frappe,105,21,29,97,False
2026-04-26,Mumbai,Andheri,House Latte,62,30,22,70,False
2026-04-26,Mumbai,Andheri,Cold Brew,112,35,31,116,False
2026-04-26,Mumbai,Andheri,Breakfast Combo,70,59,28,101,False
2026-04-26,Mumbai,Andheri,Cappuccino,67,33,28,72,False
2026-04-26,Mumbai,Andheri,Chai Frappe,47,44,16,75,False
2026-04-26,Bengaluru,Indiranagar,House Latte,58,28,26,60,False
2026-04-26,Bengaluru,Indiranagar,Cold Brew,100,43,54,89,False
2026-04-26,Bengaluru,Indiranagar,Breakfast Combo,68,57,16,109,False
2026-04-26,Bengaluru,Indiranagar,Cappuccino,80,51,36,95,False
2026-04-26,Bengaluru,Indiranagar,Chai Frappe,114,32,16,130,False
2026-04-26,Bengaluru,Koramangala,House Latte,101,22,45,78,False
2026-04-26,Bengaluru,Koramangala,Cold Brew,98,53,34,117,False
2026-04-26,Bengaluru,Koramangala,Breakfast Combo,111,26,32,105,False
2026-04-26,Bengaluru,Koramangala,Cappuccino,49,50,43,56,False
2026-04-26,Bengaluru,Koramangala,Chai Frappe,104,50,27,127,False
2026-04-26,Hyderabad,Banjara Hills,House Latte,45,57,34,68,False
2026-04-26,Hyderabad,Banjara Hills,Cold Brew,47,57,54,50,False
2026-04-26,Hyderabad,Banjara Hills,Breakfast Combo,75,50,16,109,False
2026-04-26,Hyderabad,Banjara Hills,Cappuccino,47,31,41,37,False
2026-04-26,Hyderabad,Banjara Hills,Chai Frappe,50,21,41,30,False
2026-04-26,Hyderabad,Gachibowli,House Latte,101,49,46,104,False
2026-04-26,Hyderabad,Gachibowli,Cold Brew,104,44,35,113,False
2026-04-26,Hyderabad,Gachibowli,Breakfast Combo,108,33,18,123,False
2026-04-26,Hyderabad,Gachibowli,Cappuccino,100,31,54,77,False
2026-04-26,Hyderabad,Gachibowli,Chai Frappe,73,54,16,111,False
2026-04-27,Ahmedabad,Satellite,House Latte,92,37,33,96,False
2026-04-27,Ahmedabad,Satellite,Cold Brew,61,58,30,89,False
2026-04-27,Ahmedabad,Satellite,Breakfast Combo,108,37,16,129,False
2026-04-27,Ahmedabad,Satellite,Cappuccino,110,27,25,112,False
2026-04-27,Ahmedabad,Satellite,Chai Frappe,108,55,51,112,False
2026-04-27,Ahmedabad,Navrangpura,House Latte,74,50,28,96,False
2026-04-27,Ahmedabad,Navrangpura,Cold Brew,99,40,17,122,False
2026-04-27,Ahmedabad,Navrangpura,Breakfast Combo,73,38,25,86,False
2026-04-27,Ahmedabad,Navrangpura,Cappuccino,69,40,16,93,False
2026-04-27,Ahmedabad,Navrangpura,Chai Frappe,52,50,29,73,False
2026-04-27,Jaipur,C-Scheme,House Latte,88,42,37,93,False
2026-04-27,Jaipur,C-Scheme,Cold Brew,73,39,47,65,False
2026-04-27,Jaipur,C-Scheme,Breakfast Combo,117,30,41,106,False
2026-04-27,Jaipur,C-Scheme,Cappuccino,117,20,46,91,False
2026-04-27,Jaipur,C-Scheme,Chai Frappe,79,58,38,99,False
2026-04-27,Jaipur,Malviya Nagar,House Latte,107,26,20,113,False
2026-04-27,Jaipur,Malviya Nagar,Cold Brew,114,41,37,118,False
2026-04-27,Jaipur,Malviya Nagar,Breakfast Combo,53,29,47,35,False
2026-04-27,Jaipur,Malviya Nagar,Cappuccino,64,43,27,80,False
2026-04-27,Jaipur,Malviya Nagar,Chai Frappe,61,26,52,35,False
2026-04-27,Delhi,Connaught Place,House Latte,115,24,29,110,False
2026-04-27,Delhi,Connaught Place,Cold Brew,85,35,43,77,False
2026-04-27,Delhi,Connaught Place,Breakfast Combo,60,22,28,54,False
2026-04-27,Delhi,Connaught Place,Cappuccino,87,27,47,67,False
2026-04-27,Delhi,Connaught Place,Chai Frappe,40,22,35,27,False
2026-04-27,Delhi,Saket,House Latte,80,31,25,86,False
2026-04-27,Delhi,Saket,Cold Brew,45,46,30,61,False
2026-04-27,Delhi,Saket,Breakfast Combo,49,35,52,32,False
2026-04-27,Delhi,Saket,Cappuccino,60,55,25,90,False
2026-04-27,Delhi,Saket,Chai Frappe,54,30,27,57,False
2026-04-27,Mumbai,Bandra,House Latte,49,43,28,64,False
2026-04-27,Mumbai,Bandra,Cold Brew,97,39,32,104,False
2026-04-27,Mumbai,Bandra,Breakfast Combo,77,26,43,60,False
2026-04-27,Mumbai,Bandra,Cappuccino,48,48,54,42,False
2026-04-27,Mumbai,Bandra,Chai Frappe,101,38,27,112,False
2026-04-27,Mumbai,Andheri,House Latte,109,30,34,105,False
2026-04-27,Mumbai,Andheri,Cold Brew,101,56,51,106,False
2026-04-27,Mumbai,Andheri,Breakfast Combo,47,55,19,83,False
2026-04-27,Mumbai,Andheri,Cappuccino,86,57,41,102,False
2026-04-27,Mumbai,Andheri,Chai Frappe,115,33,27,121,False
2026-04-27,Bengaluru,Indiranagar,House Latte,66,34,42,58,False
2026-04-27,Bengaluru,Indiranagar,Cold Brew,76,49,31,94,False
2026-04-27,Bengaluru,Indiranagar,Breakfast Combo,64,27,37,54,False
2026-04-27,Bengaluru,Indiranagar,Cappuccino,111,54,25,140,False
2026-04-27,Bengaluru,Indiranagar,Chai Frappe,78,48,39,87,False
2026-04-27,Bengaluru,Koramangala,House Latte,45,43,16,72,False
2026-04-27,Bengaluru,Koramangala,Cold Brew,49,46,19,76,False
2026-04-27,Bengaluru,Koramangala,Breakfast Combo,67,43,41,69,False
2026-04-27,Bengaluru,Koramangala,Cappuccino,75,23,46,52,False
2026-04-27,Bengaluru,Koramangala,Chai Frappe,115,55,44,126,False
2026-04-27,Hyderabad,Banjara Hills,House Latte,72,55,34,93,False
2026-04-27,Hyderabad,Banjara Hills,Cold Brew,50,54,27,77,False
2026-04-27,Hyderabad,Banjara Hills,Breakfast Combo,115,34,49,100,False
2026-04-27,Hyderabad,Banjara Hills,Cappuccino,82,38,26,94,False
2026-04-27,Hyderabad,Banjara Hills,Chai Frappe,106,22,33,95,False
2026-04-27,Hyderabad,Gachibowli,House Latte,69,41,25,85,False
2026-04-27,Hyderabad,Gachibowli,Cold Brew,93,35,22,106,False
2026-04-27,Hyderabad,Gachibowli,Breakfast Combo,55,47,25,77,False
2026-04-27,Hyderabad,Gachibowli,Cappuccino,64,45,28,81,False
2026-04-27,Hyderabad,Gachibowli,Chai Frappe,71,29,28,72,False
2026-04-28,Ahmedabad,Satellite,House Latte,95,41,54,82,False
2026-04-28,Ahmedabad,Satellite,Cold Brew,101,20,30,91,False
2026-04-28,Ahmedabad,Satellite,Breakfast Combo,63,43,25,81,False
2026-04-28,Ahmedabad,Satellite,Cappuccino,117,31,35,113,False
2026-04-28,Ahmedabad,Satellite,Chai Frappe,49,56,51,54,False
2026-04-28,Ahmedabad,Navrangpura,House Latte,103,34,17,120,False
2026-04-28,Ahmedabad,Navrangpura,Cold Brew,96,37,54,79,False
2026-04-28,Ahmedabad,Navrangpura,Breakfast Combo,95,41,54,82,False
2026-04-28,Ahmedabad,Navrangpura,Cappuccino,104,38,15,127,False
2026-04-28,Ahmedabad,Navrangpura,Chai Frappe,47,37,37,47,False
2026-04-28,Jaipur,C-Scheme,House Latte,42,25,43,24,False
2026-04-28,Jaipur,C-Scheme,Cold Brew,100,21,35,86,False
2026-04-28,Jaipur,C-Scheme,Breakfast Combo,46,48,48,46,False
2026-04-28,Jaipur,C-Scheme,Cappuccino,109,43,40,112,False
2026-04-28,Jaipur,C-Scheme,Chai Frappe,114,44,32,126,False
2026-04-28,Jaipur,Malviya Nagar,House Latte,100,43,48,95,False
2026-04-28,Jaipur,Malviya Nagar,Cold Brew,81,54,16,119,False
2026-04-28,Jaipur,Malviya Nagar,Breakfast Combo,42,23,37,28,False
2026-04-28,Jaipur,Malviya Nagar,Cappuccino,96,28,21,103,False
2026-04-28,Jaipur,Malviya Nagar,Chai Frappe,108,50,40,118,False
2026-04-28,Delhi,Connaught Place,House Latte,79,36,15,100,False
2026-04-28,Delhi,Connaught Place,Cold Brew,55,55,28,82,False
2026-04-28,Delhi,Connaught Place,Breakfast Combo,96,48,27,117,False
2026-04-28,Delhi,Connaught Place,Cappuccino,56,47,18,85,False
2026-04-28,Delhi,Connaught Place,Chai Frappe,79,55,43,91,False
2026-04-28,Delhi,Saket,House Latte,101,23,22,102,False
2026-04-28,Delhi,Saket,Cold Brew,62,31,22,71,False
2026-04-28,Delhi,Saket,Breakfast Combo,117,26,43,100,False
2026-04-28,Delhi,Saket,Cappuccino,86,44,23,107,False
2026-04-28,Delhi,Saket,Chai Frappe,64,44,26,82,False
2026-04-28,Mumbai,Bandra,House Latte,95,21,17,99,False
2026-04-28,Mumbai,Bandra,Cold Brew,98,44,16,126,False
2026-04-28,Mumbai,Bandra,Breakfast Combo,111,20,53,78,False
2026-04-28,Mumbai,Bandra,Cappuccino,98,59,52,105,False
2026-04-28,Mumbai,Bandra,Chai Frappe,65,50,23,92,False
2026-04-28,Mumbai,Andheri,House Latte,77,29,34,72,False
2026-04-28,Mumbai,Andheri,Cold Brew,109,37,18,128,False
2026-04-28,Mumbai,Andheri,Breakfast Combo,65,51,35,81,False
2026-04-28,Mumbai,Andheri,Cappuccino,84,37,26,95,False
2026-04-28,Mumbai,Andheri,Chai Frappe,87,45,50,82,False
2026-04-28,Bengaluru,Indiranagar,House Latte,89,59,48,100,False
2026-04-28,Bengaluru,Indiranagar,Cold Brew,46,35,30,51,False
2026-04-28,Bengaluru,Indiranagar,Breakfast Combo,40,27,45,22,False
2026-04-28,Bengaluru,Indiranagar,Cappuccino,68,25,26,67,False
2026-04-28,Bengaluru,Indiranagar,Chai Frappe,61,26,19,68,False
2026-04-28,Bengaluru,Koramangala,House Latte,101,52,34,119,False
2026-04-28,Bengaluru,Koramangala,Cold Brew,89,56,48,97,False
2026-04-28,Bengaluru,Koramangala,Breakfast Combo,42,58,17,83,False
2026-04-28,Bengaluru,Koramangala,Cappuccino,42,36,44,34,False
2026-04-28,Bengaluru,Koramangala,Chai Frappe,46,31,25,52,False
2026-04-28,Hyderabad,Banjara Hills,House Latte,71,59,28,102,False
2026-04-28,Hyderabad,Banjara Hills,Cold Brew,56,24,22,58,False
2026-04-28,Hyderabad,Banjara Hills,Breakfast Combo,50,42,31,61,False
2026-04-28,Hyderabad,Banjara Hills,Cappuccino,79,53,38,94,False
2026-04-28,Hyderabad,Banjara Hills,Chai Frappe,52,35,27,60,False
2026-04-28,Hyderabad,Gachibowli,House Latte,106,32,20,118,False
2026-04-28,Hyderabad,Gachibowli,Cold Brew,98,37,18,117,False
2026-04-28,Hyderabad,Gachibowli,Breakfast Combo,95,28,49,74,False
2026-04-28,Hyderabad,Gachibowli,Cappuccino,106,34,37,103,False
2026-04-28,Hyderabad,Gachibowli,Chai Frappe,85,46,17,114,False
2026-04-29,Ahmedabad,Satellite,House Latte,65,26,42,49,False
2026-04-29,Ahmedabad,Satellite,Cold Brew,45,40,44,41,False
2026-04-29,Ahmedabad,Satellite,Breakfast Combo,115,31,15,131,False
2026-04-29,Ahmedabad,Satellite,Cappuccino,97,20,17,100,False
2026-04-29,Ahmedabad,Satellite,Chai Frappe,119,54,43,130,False
2026-04-29,Ahmedabad,Navrangpura,House Latte,106,23,18,111,False
2026-04-29,Ahmedabad,Navrangpura,Cold Brew,64,20,50,34,False
2026-04-29,Ahmedabad,Navrangpura,Breakfast Combo,44,41,49,36,False
2026-04-29,Ahmedabad,Navrangpura,Cappuccino,98,29,33,94,False
2026-04-29,Ahmedabad,Navrangpura,Chai Frappe,83,50,32,101,False
2026-04-29,Jaipur,C-Scheme,House Latte,62,51,50,63,False
2026-04-29,Jaipur,C-Scheme,Cold Brew,79,21,35,65,False
2026-04-29,Jaipur,C-Scheme,Breakfast Combo,111,59,31,139,False
2026-04-29,Jaipur,C-Scheme,Cappuccino,52,42,48,46,False
2026-04-29,Jaipur,C-Scheme,Chai Frappe,115,22,26,111,False
2026-04-29,Jaipur,Malviya Nagar,House Latte,78,23,50,51,False
2026-04-29,Jaipur,Malviya Nagar,Cold Brew,48,46,51,43,False
2026-04-29,Jaipur,Malviya Nagar,Breakfast Combo,94,50,25,119,False
2026-04-29,Jaipur,Malviya Nagar,Cappuccino,106,36,17,125,False
2026-04-29,Jaipur,Malviya Nagar,Chai Frappe,69,33,35,67,False
2026-04-29,Delhi,Connaught Place,House Latte,61,38,32,67,False
2026-04-29,Delhi,Connaught Place,Cold Brew,66,47,27,86,False
2026-04-29,Delhi,Connaught Place,Breakfast Combo,101,30,49,82,False
2026-04-29,Delhi,Connaught Place,Cappuccino,69,21,20,70,False
2026-04-29,Delhi,Connaught Place,Chai Frappe,104,54,23,135,False
2026-04-29,Delhi,Saket,House Latte,88,42,20,110,False
2026-04-29,Delhi,Saket,Cold Brew,76,47,53,70,False
2026-04-29,Delhi,Saket,Breakfast Combo,107,23,24,106,False
2026-04-29,Delhi,Saket,Cappuccino,74,26,37,63,False
2026-04-29,Delhi,Saket,Chai Frappe,40,24,16,48,False
2026-04-29,Mumbai,Bandra,House Latte,63,50,22,91,False
2026-04-29,Mumbai,Bandra,Cold Brew,118,30,16,132,False
2026-04-29,Mumbai,Bandra,Breakfast Combo,66,49,19,96,False
2026-04-29,Mumbai,Bandra,Cappuccino,45,53,38,60,False
2026-04-29,Mumbai,Bandra,Chai Frappe,67,50,48,69,False
2026-04-29,Mumbai,Andheri,House Latte,68,42,15,95,False
2026-04-29,Mumbai,Andheri,Cold Brew,64,43,22,85,False
2026-04-29,Mumbai,Andheri,Breakfast Combo,119,58,25,152,False
2026-04-29,Mumbai,Andheri,Cappuccino,71,27,35,63,False
2026-04-29,Mumbai,Andheri,Chai Frappe,49,35,37,47,False
2026-04-29,Bengaluru,Indiranagar,House Latte,88,43,23,108,False
2026-04-29,Bengaluru,Indiranagar,Cold Brew,103,47,45,105,False
2026-04-29,Bengaluru,Indiranagar,Breakfast Combo,77,55,30,102,False
2026-04-29,Bengaluru,Indiranagar,Cappuccino,104,28,24,108,False
2026-04-29,Bengaluru,Indiranagar,Chai Frappe,82,42,44,80,False
2026-04-29,Bengaluru,Koramangala,House Latte,63,54,28,89,False
2026-04-29,Bengaluru,Koramangala,Cold Brew,82,57,36,103,False
2026-04-29,Bengaluru,Koramangala,Breakfast Combo,94,56,53,97,False
2026-04-29,Bengaluru,Koramangala,Cappuccino,79,36,22,93,False
2026-04-29,Bengaluru,Koramangala,Chai Frappe,82,56,34,104,False
2026-04-29,Hyderabad,Banjara Hills,House Latte,67,24,30,61,False
2026-04-29,Hyderabad,Banjara Hills,Cold Brew,58,59,36,81,False
2026-04-29,Hyderabad,Banjara Hills,Breakfast Combo,50,22,49,23,False
2026-04-29,Hyderabad,Banjara Hills,Cappuccino,114,50,19,145,False
2026-04-29,Hyderabad,Banjara Hills,Chai Frappe,47,27,45,29,False
2026-04-29,Hyderabad,Gachibowli,House Latte,101,53,18,136,False
2026-04-29,Hyderabad,Gachibowli,Cold Brew,52,56,52,56,False
2026-04-29,Hyderabad,Gachibowli,Breakfast Combo,98,24,17,105,False
2026-04-29,Hyderabad,Gachibowli,Cappuccino,44,47,48,43,False
2026-04-29,Hyderabad,Gachibowli,Chai Frappe,90,30,45,75,False
2026-04-30,Ahmedabad,Satellite,House Latte,44,53,50,47,False
2026-04-30,Ahmedabad,Satellite,Cold Brew,97,55,38,114,False
2026-04-30,Ahmedabad,Satellite,Breakfast Combo,77,32,51,58,False
2026-04-30,Ahmedabad,Satellite,Cappuccino,95,27,53,69,False
2026-04-30,Ahmedabad,Satellite,Chai Frappe,44,43,22,65,False
2026-04-30,Ahmedabad,Navrangpura,House Latte,93,36,32,97,False
2026-04-30,Ahmedabad,Navrangpura,Cold Brew,93,50,30,113,False
2026-04-30,Ahmedabad,Navrangpura,Breakfast Combo,119,39,21,137,False
2026-04-30,Ahmedabad,Navrangpura,Cappuccino,40,28,42,26,False
2026-04-30,Ahmedabad,Navrangpura,Chai Frappe,83,33,34,82,False
2026-04-30,Jaipur,C-Scheme,House Latte,107,42,17,132,False
2026-04-30,Jaipur,C-Scheme,Cold Brew,43,39,31,51,False
2026-04-30,Jaipur,C-Scheme,Breakfast Combo,108,43,45,106,False
2026-04-30,Jaipur,C-Scheme,Cappuccino,86,33,41,78,False
2026-04-30,Jaipur,C-Scheme,Chai Frappe,89,48,22,115,False
2026-04-30,Jaipur,Malviya Nagar,House Latte,91,31,46,76,False
2026-04-30,Jaipur,Malviya Nagar,Cold Brew,103,44,52,95,False
2026-04-30,Jaipur,Malviya Nagar,Breakfast Combo,83,21,39,65,False
2026-04-30,Jaipur,Malviya Nagar,Cappuccino,102,24,19,107,False
2026-04-30,Jaipur,Malviya Nagar,Chai Frappe,61,53,36,78,False
2026-04-30,Delhi,Connaught Place,House Latte,118,54,37,135,False
2026-04-30,Delhi,Connaught Place,Cold Brew,94,33,18,109,False
2026-04-30,Delhi,Connaught Place,Breakfast Combo,71,43,22,92,False
2026-04-30,Delhi,Connaught Place,Cappuccino,57,20,44,33,False
2026-04-30,Delhi,Connaught Place,Chai Frappe,111,53,30,134,False
2026-04-30,Delhi,Saket,House Latte,87,58,38,107,False
2026-04-30,Delhi,Saket,Cold Brew,63,33,44,52,False
2026-04-30,Delhi,Saket,Breakfast Combo,75,53,49,79,False
2026-04-30,Delhi,Saket,Cappuccino,42,48,29,61,False
2026-04-30,Delhi,Saket,Chai Frappe,81,30,29,82,False
2026-04-30,Mumbai,Bandra,House Latte,66,22,46,42,False
2026-04-30,Mumbai,Bandra,Cold Brew,51,35,22,64,False
2026-04-30,Mumbai,Bandra,Breakfast Combo,52,34,51,35,False
2026-04-30,Mumbai,Bandra,Cappuccino,115,35,35,115,False
2026-04-30,Mumbai,Bandra,Chai Frappe,118,29,52,95,False
2026-04-30,Mumbai,Andheri,House Latte,48,29,28,49,False
2026-04-30,Mumbai,Andheri,Cold Brew,42,52,49,45,False
2026-04-30,Mumbai,Andheri,Breakfast Combo,70,53,45,78,False
2026-04-30,Mumbai,Andheri,Cappuccino,104,52,37,119,False
2026-04-30,Mumbai,Andheri,Chai Frappe,48,56,39,65,False
2026-04-30,Bengaluru,Indiranagar,House Latte,112,58,22,148,False
2026-04-30,Bengaluru,Indiranagar,Cold Brew,72,27,17,82,False
2026-04-30,Bengaluru,Indiranagar,Breakfast Combo,117,56,52,121,False
2026-04-30,Bengaluru,Indiranagar,Cappuccino,110,45,35,120,False
2026-04-30,Bengaluru,Indiranagar,Chai Frappe,119,42,40,121,False
2026-04-30,Bengaluru,Koramangala,House Latte,56,49,47,58,False
2026-04-30,Bengaluru,Koramangala,Cold Brew,94,39,22,111,False
2026-04-30,Bengaluru,Koramangala,Breakfast Combo,42,45,42,45,False
2026-04-30,Bengaluru,Koramangala,Cappuccino,101,58,34,125,False
2026-04-30,Bengaluru,Koramangala,Chai Frappe,106,48,26,128,False
2026-04-30,Hyderabad,Banjara Hills,House Latte,107,22,38,91,False
2026-04-30,Hyderabad,Banjara Hills,Cold Brew,115,46,52,109,False
2026-04-30,Hyderabad,Banjara Hills,Breakfast Combo,44,41,46,39,False
2026-04-30,Hyderabad,Banjara Hills,Cappuccino,91,55,33,113,False
2026-04-30,Hyderabad,Banjara Hills,Chai Frappe,94,36,49,81,False
2026-04-30,Hyderabad,Gachibowli,House Latte,49,30,18,61,False
2026-04-30,Hyderabad,Gachibowli,Cold Brew,96,29,27,98,False
2026-04-30,Hyderabad,Gachibowli,Breakfast Combo,106,34,20,120,False
2026-04-30,Hyderabad,Gachibowli,Cappuccino,41,29,51,19,False
2026-04-30,Hyderabad,Gachibowli,Chai Frappe,83,59,23,119,False
2026-05-01,Ahmedabad,Satellite,House Latte,68,26,30,64,False
2026-05-01,Ahmedabad,Satellite,Cold Brew,85,52,29,108,False
2026-05-01,Ahmedabad,Satellite,Breakfast Combo,101,45,26,120,False
2026-05-01,Ahmedabad,Satellite,Cappuccino,112,37,21,128,False
2026-05-01,Ahmedabad,Satellite,Chai Frappe,117,56,16,157,False
2026-05-01,Ahmedabad,Navrangpura,House Latte,112,57,48,121,False
2026-05-01,Ahmedabad,Navrangpura,Cold Brew,60,45,36,69,False
2026-05-01,Ahmedabad,Navrangpura,Breakfast Combo,89,44,40,93,False
2026-05-01,Ahmedabad,Navrangpura,Cappuccino,81,47,36,92,False
2026-05-01,Ahmedabad,Navrangpura,Chai Frappe,41,21,53,9,False
2026-05-01,Jaipur,C-Scheme,House Latte,112,43,21,134,False
2026-05-01,Jaipur,C-Scheme,Cold Brew,102,25,30,97,False
2026-05-01,Jaipur,C-Scheme,Breakfast Combo,66,20,47,39,False
2026-05-01,Jaipur,C-Scheme,Cappuccino,80,32,35,77,False
2026-05-01,Jaipur,C-Scheme,Chai Frappe,40,37,35,42,False
2026-05-01,Jaipur,Malviya Nagar,House Latte,67,53,24,96,False
2026-05-01,Jaipur,Malviya Nagar,Cold Brew,51,41,50,42,False
2026-05-01,Jaipur,Malviya Nagar,Breakfast Combo,70,21,53,38,False
2026-05-01,Jaipur,Malviya Nagar,Cappuccino,75,26,39,62,False
2026-05-01,Jaipur,Malviya Nagar,Chai Frappe,65,57,26,96,False
2026-05-01,Delhi,Connaught Place,House Latte,84,41,24,101,False
2026-05-01,Delhi,Connaught Place,Cold Brew,79,24,40,63,False
2026-05-01,Delhi,Connaught Place,Breakfast Combo,100,58,28,130,False
2026-05-01,Delhi,Connaught Place,Cappuccino,62,41,42,61,False
2026-05-01,Delhi,Connaught Place,Chai Frappe,119,21,24,116,False
2026-05-01,Delhi,Saket,House Latte,60,30,33,57,False
2026-05-01,Delhi,Saket,Cold Brew,109,21,47,83,False
2026-05-01,Delhi,Saket,Breakfast Combo,89,44,42,91,False
2026-05-01,Delhi,Saket,Cappuccino,49,49,24,74,False
2026-05-01,Delhi,Saket,Chai Frappe,81,47,39,89,False
2026-05-01,Mumbai,Bandra,House Latte,65,35,34,66,False
2026-05-01,Mumbai,Bandra,Cold Brew,43,49,18,74,False
2026-05-01,Mumbai,Bandra,Breakfast Combo,76,46,18,104,False
2026-05-01,Mumbai,Bandra,Cappuccino,119,35,15,139,False
2026-05-01,Mumbai,Bandra,Chai Frappe,92,42,40,94,False
2026-05-01,Mumbai,Andheri,House Latte,100,39,48,91,False
2026-05-01,Mumbai,Andheri,Cold Brew,69,41,21,89,False
2026-05-01,Mumbai,Andheri,Breakfast Combo,89,30,42,77,False
2026-05-01,Mumbai,Andheri,Cappuccino,104,54,52,106,False
2026-05-01,Mumbai,Andheri,Chai Frappe,49,25,52,22,False
2026-05-01,Bengaluru,Indiranagar,House Latte,70,21,26,65,False
2026-05-01,Bengaluru,Indiranagar,Cold Brew,106,34,18,122,False
2026-05-01,Bengaluru,Indiranagar,Breakfast Combo,97,27,29,95,False
2026-05-01,Bengaluru,Indiranagar,Cappuccino,40,44,32,52,False
2026-05-01,Bengaluru,Indiranagar,Chai Frappe,109,33,23,119,False
2026-05-01,Bengaluru,Koramangala,House Latte,53,28,33,48,False
2026-05-01,Bengaluru,Koramangala,Cold Brew,46,36,49,33,False
2026-05-01,Bengaluru,Koramangala,Breakfast Combo,101,45,50,96,False
2026-05-01,Bengaluru,Koramangala,Cappuccino,102,46,49,99,False
2026-05-01,Bengaluru,Koramangala,Chai Frappe,49,52,26,75,False
2026-05-01,Hyderabad,Banjara Hills,House Latte,98,56,34,120,False
2026-05-01,Hyderabad,Banjara Hills,Cold Brew,47,34,31,50,False
2026-05-01,Hyderabad,Banjara Hills,Breakfast Combo,114,57,37,134,False
2026-05-01,Hyderabad,Banjara Hills,Cappuccino,116,37,31,122,False
2026-05-01,Hyderabad,Banjara Hills,Chai Frappe,106,46,35,117,False
2026-05-01,Hyderabad,Gachibowli,House Latte,76,48,45,79,False
2026-05-01,Hyderabad,Gachibowli,Cold Brew,79,21,19,81,False
2026-05-01,Hyderabad,Gachibowli,Breakfast Combo,51,38,39,50,False
2026-05-01,Hyderabad,Gachibowli,Cappuccino,104,29,46,87,False
2026-05-01,Hyderabad,Gachibowli,Chai Frappe,93,22,29,86,False
2026-05-02,Ahmedabad,Satellite,House Latte,64,55,51,68,False
2026-05-02,Ahmedabad,Satellite,Cold Brew,105,41,34,112,False
2026-05-02,Ahmedabad,Satellite,Breakfast Combo,64,50,18,96,False
2026-05-02,Ahmedabad,Satellite,Cappuccino,61,25,34,52,False
2026-05-02,Ahmedabad,Satellite,Chai Frappe,63,27,30,60,False
2026-05-02,Ahmedabad,Navrangpura,House Latte,108,42,47,103,False
2026-05-02,Ahmedabad,Navrangpura,Cold Brew,113,56,29,140,False
2026-05-02,Ahmedabad,Navrangpura,Breakfast Combo,110,56,53,113,False
2026-05-02,Ahmedabad,Navrangpura,Cappuccino,68,29,38,59,False
2026-05-02,Ahmedabad,Navrangpura,Chai Frappe,114,56,37,133,False
2026-05-02,Jaipur,C-Scheme,House Latte,51,36,43,44,False
2026-05-02,Jaipur,C-Scheme,Cold Brew,84,33,28,89,False
2026-05-02,Jaipur,C-Scheme,Breakfast Combo,44,31,41,34,False
2026-05-02,Jaipur,C-Scheme,Cappuccino,59,59,18,100,False
2026-05-02,Jaipur,C-Scheme,Chai Frappe,87,39,48,78,False
2026-05-02,Jaipur,Malviya Nagar,House Latte,111,41,40,112,False
2026-05-02,Jaipur,Malviya Nagar,Cold Brew,95,40,22,113,False
2026-05-02,Jaipur,Malviya Nagar,Breakfast Combo,74,29,33,70,False
2026-05-02,Jaipur,Malviya Nagar,Cappuccino,89,28,24,93,False
2026-05-02,Jaipur,Malviya Nagar,Chai Frappe,105,35,22,118,False
2026-05-02,Delhi,Connaught Place,House Latte,97,48,48,97,False
2026-05-02,Delhi,Connaught Place,Cold Brew,100,59,37,122,False
2026-05-02,Delhi,Connaught Place,Breakfast Combo,62,54,25,91,False
2026-05-02,Delhi,Connaught Place,Cappuccino,63,53,50,66,False
2026-05-02,Delhi,Connaught Place,Chai Frappe,67,49,51,65,False
2026-05-02,Delhi,Saket,House Latte,103,20,41,82,False
2026-05-02,Delhi,Saket,Cold Brew,53,53,17,89,False
2026-05-02,Delhi,Saket,Breakfast Combo,119,27,31,115,False
2026-05-02,Delhi,Saket,Cappuccino,58,52,30,80,False
2026-05-02,Delhi,Saket,Chai Frappe,99,22,33,88,False
2026-05-02,Mumbai,Bandra,House Latte,112,57,23,146,False
2026-05-02,Mumbai,Bandra,Cold Brew,71,36,37,70,False
2026-05-02,Mumbai,Bandra,Breakfast Combo,82,24,45,61,False
2026-05-02,Mumbai,Bandra,Cappuccino,58,32,48,42,False
2026-05-02,Mumbai,Bandra,Chai Frappe,95,35,51,79,False
2026-05-02,Mumbai,Andheri,House Latte,71,42,24,89,False
2026-05-02,Mumbai,Andheri,Cold Brew,54,39,37,56,False
2026-05-02,Mumbai,Andheri,Breakfast Combo,104,35,50,89,False
2026-05-02,Mumbai,Andheri,Cappuccino,88,22,44,66,False
2026-05-02,Mumbai,Andheri,Chai Frappe,85,35,33,87,False
2026-05-02,Bengaluru,Indiranagar,House Latte,64,44,37,71,False
2026-05-02,Bengaluru,Indiranagar,Cold Brew,75,31,30,76,False
2026-05-02,Bengaluru,Indiranagar,Breakfast Combo,79,38,27,90,False
2026-05-02,Bengaluru,Indiranagar,Cappuccino,86,29,35,80,False
2026-05-02,Bengaluru,Indiranagar,Chai Frappe,49,38,46,41,False
2026-05-02,Bengaluru,Koramangala,House Latte,105,47,44,108,False
2026-05-02,Bengaluru,Koramangala,Cold Brew,45,33,41,37,False
2026-05-02,Bengaluru,Koramangala,Breakfast Combo,104,43,49,98,False
2026-05-02,Bengaluru,Koramangala,Cappuccino,61,26,18,69,False
2026-05-02,Bengaluru,Koramangala,Chai Frappe,86,46,26,106,False
2026-05-02,Hyderabad,Banjara Hills,House Latte,102,49,29,122,False
2026-05-02,Hyderabad,Banjara Hills,Cold Brew,59,49,41,67,False
2026-05-02,Hyderabad,Banjara Hills,Breakfast Combo,53,30,34,49,False
2026-05-02,Hyderabad,Banjara Hills,Cappuccino,80,26,52,54,False
2026-05-02,Hyderabad,Banjara Hills,Chai Frappe,71,35,17,89,False
2026-05-02,Hyderabad,Gachibowli,House Latte,110,29,54,85,False
2026-05-02,Hyderabad,Gachibowli,Cold Brew,79,54,22,111,False
2026-05-02,Hyderabad,Gachibowli,Breakfast Combo,53,52,47,58,False
2026-05-02,Hyderabad,Gachibowli,Cappuccino,83,21,52,52,False
2026-05-02,Hyderabad,Gachibowli,Chai Frappe,71,57,49,79,False
2026-05-03,Ahmedabad,Satellite,House Latte,108,47,41,114,False
2026-05-03,Ahmedabad,Satellite,Cold Brew,82,20,30,72,False
2026-05-03,Ahmedabad,Satellite,Breakfast Combo,98,52,37,113,False
2026-05-03,Ahmedabad,Satellite,Cappuccino,96,20,33,83,False
2026-05-03,Ahmedabad,Satellite,Chai Frappe,80,55,27,108,False
2026-05-03,Ahmedabad,Navrangpura,House Latte,58,34,21,71,False
2026-05-03,Ahmedabad,Navrangpura,Cold Brew,84,45,47,82,False
2026-05-03,Ahmedabad,Navrangpura,Breakfast Combo,117,22,24,115,False
2026-05-03,Ahmedabad,Navrangpura,Cappuccino,64,29,48,45,False
2026-05-03,Ahmedabad,Navrangpura,Chai Frappe,51,21,49,23,False
2026-05-03,Jaipur,C-Scheme,House Latte,116,29,28,117,False
2026-05-03,Jaipur,C-Scheme,Cold Brew,80,41,54,67,False
2026-05-03,Jaipur,C-Scheme,Breakfast Combo,72,20,31,61,False
2026-05-03,Jaipur,C-Scheme,Cappuccino,84,40,35,89,False
2026-05-03,Jaipur,C-Scheme,Chai Frappe,113,52,25,140,False
2026-05-03,Jaipur,Malviya Nagar,House Latte,68,46,31,83,False
2026-05-03,Jaipur,Malviya Nagar,Cold Brew,74,26,25,75,False
2026-05-03,Jaipur,Malviya Nagar,Breakfast Combo,99,53,46,106,False
2026-05-03,Jaipur,Malviya Nagar,Cappuccino,64,25,21,68,False
2026-05-03,Jaipur,Malviya Nagar,Chai Frappe,71,40,50,61,False
2026-05-03,Delhi,Connaught Place,House Latte,111,20,43,88,False
2026-05-03,Delhi,Connaught Place,Cold Brew,63,27,37,53,False
2026-05-03,Delhi,Connaught Place,Breakfast Combo,42,33,37,38,False
2026-05-03,Delhi,Connaught Place,Cappuccino,61,43,33,71,False
2026-05-03,Delhi,Connaught Place,Chai Frappe,103,27,17,113,False
2026-05-03,Delhi,Saket,House Latte,82,30,43,69,False
2026-05-03,Delhi,Saket,Cold Brew,47,43,54,36,False
2026-05-03,Delhi,Saket,Breakfast Combo,47,32,48,31,False
2026-05-03,Delhi,Saket,Cappuccino,82,26,23,85,False
2026-05-03,Delhi,Saket,Chai Frappe,101,54,29,126,False
2026-05-03,Mumbai,Bandra,House Latte,77,51,22,106,False
2026-05-03,Mumbai,Bandra,Cold Brew,56,50,22,84,False
2026-05-03,Mumbai,Bandra,Breakfast Combo,101,39,54,86,False
2026-05-03,Mumbai,Bandra,Cappuccino,42,57,24,75,False
2026-05-03,Mumbai,Bandra,Chai Frappe,42,48,36,54,False
2026-05-03,Mumbai,Andheri,House Latte,106,24,18,112,False
2026-05-03,Mumbai,Andheri,Cold Brew,85,55,31,109,False
2026-05-03,Mumbai,Andheri,Breakfast Combo,103,56,49,110,False
2026-05-03,Mumbai,Andheri,Cappuccino,80,47,36,91,False
2026-05-03,Mumbai,Andheri,Chai Frappe,93,42,36,99,False
2026-05-03,Bengaluru,Indiranagar,House Latte,74,46,45,75,False
2026-05-03,Bengaluru,Indiranagar,Cold Brew,113,44,19,138,False
2026-05-03,Bengaluru,Indiranagar,Breakfast Combo,86,32,16,102,False
2026-05-03,Bengaluru,Indiranagar,Cappuccino,45,43,52,36,False
2026-05-03,Bengaluru,Indiranagar,Chai Frappe,80,37,18,99,False
2026-05-03,Bengaluru,Koramangala,House Latte,94,22,48,68,False
2026-05-03,Bengaluru,Koramangala,Cold Brew,105,59,26,138,False
2026-05-03,Bengaluru,Koramangala,Breakfast Combo,52,31,46,37,False
2026-05-03,Bengaluru,Koramangala,Cappuccino,57,55,21,91,False
2026-05-03,Bengaluru,Koramangala,Chai Frappe,43,28,45,26,False
2026-05-03,Hyderabad,Banjara Hills,House Latte,88,34,41,81,False
2026-05-03,Hyderabad,Banjara Hills,Cold Brew,91,42,35,98,False
2026-05-03,Hyderabad,Banjara Hills,Breakfast Combo,48,30,36,42,False
2026-05-03,Hyderabad,Banjara Hills,Cappuccino,50,39,19,70,False
2026-05-03,Hyderabad,Banjara Hills,Chai Frappe,102,24,18,108,False
2026-05-03,Hyderabad,Gachibowli,House Latte,91,28,29,90,False
2026-05-03,Hyderabad,Gachibowli,Cold Brew,65,28,45,48,False
2026-05-03,Hyderabad,Gachibowli,Breakfast Combo,95,29,42,82,False
2026-05-03,Hyderabad,Gachibowli,Cappuccino,97,41,38,100,False
2026-05-03,Hyderabad,Gachibowli,Chai Frappe,114,38,30,122,False
2026-05-04,Ahmedabad,Satellite,House Latte,83,53,43,93,False
2026-05-04,Ahmedabad,Satellite,Cold Brew,46,38,44,40,False
2026-05-04,Ahmedabad,Satellite,Breakfast Combo,57,59,47,69,False
2026-05-04,Ahmedabad,Satellite,Cappuccino,107,23,38,92,False
2026-05-04,Ahmedabad,Satellite,Chai Frappe,82,45,49,78,False
2026-05-04,Ahmedabad,Navrangpura,House Latte,68,41,42,67,False
2026-05-04,Ahmedabad,Navrangpura,Cold Brew,100,50,28,122,False
2026-05-04,Ahmedabad,Navrangpura,Breakfast Combo,119,20,34,105,False
2026-05-04,Ahmedabad,Navrangpura,Cappuccino,88,22,33,77,False
2026-05-04,Ahmedabad,Navrangpura,Chai Frappe,87,44,19,112,False
2026-05-04,Jaipur,C-Scheme,House Latte,62,29,40,51,False
2026-05-04,Jaipur,C-Scheme,Cold Brew,66,42,44,64,False
2026-05-04,Jaipur,C-Scheme,Breakfast Combo,103,27,51,79,False
2026-05-04,Jaipur,C-Scheme,Cappuccino,53,20,16,57,False
2026-05-04,Jaipur,C-Scheme,Chai Frappe,56,54,23,87,False
2026-05-04,Jaipur,Malviya Nagar,House Latte,95,36,16,115,False
2026-05-04,Jaipur,Malviya Nagar,Cold Brew,75,21,34,62,False
2026-05-04,Jaipur,Malviya Nagar,Breakfast Combo,84,40,26,98,False
2026-05-04,Jaipur,Malviya Nagar,Cappuccino,101,43,25,119,False
2026-05-04,Jaipur,Malviya Nagar,Chai Frappe,74,24,51,47,False
2026-05-04,Delhi,Connaught Place,House Latte,100,31,41,90,False
2026-05-04,Delhi,Connaught Place,Cold Brew,94,44,17,121,False
2026-05-04,Delhi,Connaught Place,Breakfast Combo,110,58,53,115,False
2026-05-04,Delhi,Connaught Place,Cappuccino,118,57,44,131,False
2026-05-04,Delhi,Connaught Place,Chai Frappe,44,38,24,58,False
2026-05-04,Delhi,Saket,House Latte,57,53,47,63,False
2026-05-04,Delhi,Saket,Cold Brew,81,49,20,110,False
2026-05-04,Delhi,Saket,Breakfast Combo,57,54,33,78,False
2026-05-04,Delhi,Saket,Cappuccino,83,38,23,98,False
2026-05-04,Delhi,Saket,Chai Frappe,106,50,42,114,False
2026-05-04,Mumbai,Bandra,House Latte,68,45,53,60,False
2026-05-04,Mumbai,Bandra,Cold Brew,91,39,25,105,False
2026-05-04,Mumbai,Bandra,Breakfast Combo,81,34,39,76,False
2026-05-04,Mumbai,Bandra,Cappuccino,43,27,46,24,False
2026-05-04,Mumbai,Bandra,Chai Frappe,70,37,36,71,False
2026-05-04,Mumbai,Andheri,House Latte,75,50,24,101,False
2026-05-04,Mumbai,Andheri,Cold Brew,100,28,29,99,False
2026-05-04,Mumbai,Andheri,Breakfast Combo,87,55,24,118,False
2026-05-04,Mumbai,Andheri,Cappuccino,86,22,18,90,False
2026-05-04,Mumbai,Andheri,Chai Frappe,101,48,30,119,False
2026-05-04,Bengaluru,Indiranagar,House Latte,89,35,26,98,False
2026-05-04,Bengaluru,Indiranagar,Cold Brew,74,32,47,59,False
2026-05-04,Bengaluru,Indiranagar,Breakfast Combo,72,32,36,68,False
2026-05-04,Bengaluru,Indiranagar,Cappuccino,100,30,52,78,False
2026-05-04,Bengaluru,Indiranagar,Chai Frappe,77,46,53,70,False
2026-05-04,Bengaluru,Koramangala,House Latte,74,27,44,57,False
2026-05-04,Bengaluru,Koramangala,Cold Brew,40,38,54,24,False
2026-05-04,Bengaluru,Koramangala,Breakfast Combo,73,47,36,84,False
2026-05-04,Bengaluru,Koramangala,Cappuccino,57,32,35,54,False
2026-05-04,Bengaluru,Koramangala,Chai Frappe,48,36,31,53,False
2026-05-04,Hyderabad,Banjara Hills,House Latte,106,24,48,82,False
2026-05-04,Hyderabad,Banjara Hills,Cold Brew,72,46,37,81,False
2026-05-04,Hyderabad,Banjara Hills,Breakfast Combo,63,57,23,97,False
2026-05-04,Hyderabad,Banjara Hills,Cappuccino,42,50,39,53,False
2026-05-04,Hyderabad,Banjara Hills,Chai Frappe,111,38,15,134,False
2026-05-04,Hyderabad,Gachibowli,House Latte,41,37,24,54,False
2026-05-04,Hyderabad,Gachibowli,Cold Brew,113,24,50,87,False
2026-05-04,Hyderabad,Gachibowli,Breakfast Combo,57,24,25,56,False
2026-05-04,Hyderabad,Gachibowli,Cappuccino,51,36,28,59,False
2026-05-04,Hyderabad,Gachibowli,Chai Frappe,82,41,15,108,False
2026-05-05,Ahmedabad,Satellite,House Latte,49,26,22,53,False
2026-05-05,Ahmedabad,Satellite,Cold Brew,47,32,36,43,False
2026-05-05,Ahmedabad,Satellite,Breakfast Combo,64,33,33,64,False
2026-05-05,Ahmedabad,Satellite,Cappuccino,83,33,23,93,False
2026-05-05,Ahmedabad,Satellite,Chai Frappe,72,20,34,58,False
2026-05-05,Ahmedabad,Navrangpura,House Latte,115,35,19,131,False
2026-05-05,Ahmedabad,Navrangpura,Cold Brew,96,25,22,99,False
2026-05-05,Ahmedabad,Navrangpura,Breakfast Combo,51,55,54,52,False
2026-05-05,Ahmedabad,Navrangpura,Cappuccino,85,44,40,89,False
2026-05-05,Ahmedabad,Navrangpura,Chai Frappe,88,41,54,75,False
2026-05-05,Jaipur,C-Scheme,House Latte,98,23,30,91,False
2026-05-05,Jaipur,C-Scheme,Cold Brew,117,36,23,130,False
2026-05-05,Jaipur,C-Scheme,Breakfast Combo,109,44,37,116,False
2026-05-05,Jaipur,C-Scheme,Cappuccino,73,24,30,67,False
2026-05-05,Jaipur,C-Scheme,Chai Frappe,74,57,27,104,False
2026-05-05,Jaipur,Malviya Nagar,House Latte,51,37,54,34,False
2026-05-05,Jaipur,Malviya Nagar,Cold Brew,78,35,41,72,False
2026-05-05,Jaipur,Malviya Nagar,Breakfast Combo,91,31,53,69,False
2026-05-05,Jaipur,Malviya Nagar,Cappuccino,87,22,31,78,False
2026-05-05,Jaipur,Malviya Nagar,Chai Frappe,113,35,37,111,False
2026-05-05,Delhi,Connaught Place,House Latte,89,48,49,88,False
2026-05-05,Delhi,Connaught Place,Cold Brew,51,40,36,55,False
2026-05-05,Delhi,Connaught Place,Breakfast Combo,52,46,19,79,False
2026-05-05,Delhi,Connaught Place,Cappuccino,76,33,21,88,False
2026-05-05,Delhi,Connaught Place,Chai Frappe,105,29,25,109,False
2026-05-05,Delhi,Saket,House Latte,108,55,16,147,False
2026-05-05,Delhi,Saket,Cold Brew,62,48,46,64,False
2026-05-05,Delhi,Saket,Breakfast Combo,119,42,15,146,False
2026-05-05,Delhi,Saket,Cappuccino,109,26,19,116,False
2026-05-05,Delhi,Saket,Chai Frappe,93,44,17,120,False
2026-05-05,Mumbai,Bandra,House Latte,53,43,25,71,False
2026-05-05,Mumbai,Bandra,Cold Brew,94,36,38,92,False
2026-05-05,Mumbai,Bandra,Breakfast Combo,77,34,28,83,False
2026-05-05,Mumbai,Bandra,Cappuccino,95,40,38,97,False
2026-05-05,Mumbai,Bandra,Chai Frappe,86,28,51,63,False
2026-05-05,Mumbai,Andheri,House Latte,85,48,50,83,False
2026-05-05,Mumbai,Andheri,Cold Brew,113,46,46,113,False
2026-05-05,Mumbai,Andheri,Breakfast Combo,77,49,27,99,False
2026-05-05,Mumbai,Andheri,Cappuccino,96,23,51,68,False
2026-05-05,Mumbai,Andheri,Chai Frappe,59,46,15,90,False
2026-05-05,Bengaluru,Indiranagar,House Latte,52,59,48,63,False
2026-05-05,Bengaluru,Indiranagar,Cold Brew,57,25,47,35,False
2026-05-05,Bengaluru,Indiranagar,Breakfast Combo,119,26,41,104,False
2026-05-05,Bengaluru,Indiranagar,Cappuccino,62,49,31,80,False
2026-05-05,Bengaluru,Indiranagar,Chai Frappe,50,32,36,46,False
2026-05-05,Bengaluru,Koramangala,House Latte,103,20,53,70,False
2026-05-05,Bengaluru,Koramangala,Cold Brew,91,55,52,94,False
2026-05-05,Bengaluru,Koramangala,Breakfast Combo,52,23,46,29,False
2026-05-05,Bengaluru,Koramangala,Cappuccino,55,25,33,47,False
2026-05-05,Bengaluru,Koramangala,Chai Frappe,113,51,35,129,False
2026-05-05,Hyderabad,Banjara Hills,House Latte,55,33,42,46,False
2026-05-05,Hyderabad,Banjara Hills,Cold Brew,52,40,15,77,False
2026-05-05,Hyderabad,Banjara Hills,Breakfast Combo,66,29,42,53,False
2026-05-05,Hyderabad,Banjara Hills,Cappuccino,113,25,46,92,False
2026-05-05,Hyderabad,Banjara Hills,Chai Frappe,92,58,51,99,False
2026-05-05,Hyderabad,Gachibowli,House Latte,48,49,38,59,False
2026-05-05,Hyderabad,Gachibowli,Cold Brew,49,30,52,27,False
2026-05-05,Hyderabad,Gachibowli,Breakfast Combo,83,33,27,89,False
2026-05-05,Hyderabad,Gachibowli,Cappuccino,107,31,21,117,False
2026-05-05,Hyderabad,Gachibowli,Chai Frappe,85,59,22,122,False
2026-05-06,Ahmedabad,Satellite,House Latte,60,38,22,76,False
2026-05-06,Ahmedabad,Satellite,Cold Brew,92,30,20,102,False
2026-05-06,Ahmedabad,Satellite,Breakfast Combo,60,57,52,65,False
2026-05-06,Ahmedabad,Satellite,Cappuccino,80,36,47,69,False
2026-05-06,Ahmedabad,Satellite,Chai Frappe,55,46,42,59,False
2026-05-06,Ahmedabad,Navrangpura,House Latte,96,28,43,81,False
2026-05-06,Ahmedabad,Navrangpura,Cold Brew,88,55,21,122,False
2026-05-06,Ahmedabad,Navrangpura,Breakfast Combo,89,53,26,116,False
2026-05-06,Ahmedabad,Navrangpura,Cappuccino,99,23,43,79,False
2026-05-06,Ahmedabad,Navrangpura,Chai Frappe,88,27,17,98,False
2026-05-06,Jaipur,C-Scheme,House Latte,99,29,34,94,False
2026-05-06,Jaipur,C-Scheme,Cold Brew,44,58,36,66,False
2026-05-06,Jaipur,C-Scheme,Breakfast Combo,114,26,23,117,False
2026-05-06,Jaipur,C-Scheme,Cappuccino,88,44,46,86,False
2026-05-06,Jaipur,C-Scheme,Chai Frappe,114,52,20,146,False
2026-05-06,Jaipur,Malviya Nagar,House Latte,64,56,36,84,False
2026-05-06,Jaipur,Malviya Nagar,Cold Brew,109,42,16,135,False
2026-05-06,Jaipur,Malviya Nagar,Breakfast Combo,77,52,41,88,False
2026-05-06,Jaipur,Malviya Nagar,Cappuccino,50,28,49,29,False
2026-05-06,Jaipur,Malviya Nagar,Chai Frappe,118,50,18,150,False
2026-05-06,Delhi,Connaught Place,House Latte,89,53,40,102,False
2026-05-06,Delhi,Connaught Place,Cold Brew,87,38,24,101,False
2026-05-06,Delhi,Connaught Place,Breakfast Combo,62,49,17,94,False
2026-05-06,Delhi,Connaught Place,Cappuccino,46,35,45,36,False
2026-05-06,Delhi,Connaught Place,Chai Frappe,92,43,36,99,False
2026-05-06,Delhi,Saket,House Latte,48,33,18,63,False
2026-05-06,Delhi,Saket,Cold Brew,100,50,25,125,False
2026-05-06,Delhi,Saket,Breakfast Combo,63,32,50,45,False
2026-05-06,Delhi,Saket,Cappuccino,79,50,32,97,False
2026-05-06,Delhi,Saket,Chai Frappe,95,41,26,110,False
2026-05-06,Mumbai,Bandra,House Latte,110,48,45,113,False
2026-05-06,Mumbai,Bandra,Cold Brew,115,29,18,126,False
2026-05-06,Mumbai,Bandra,Breakfast Combo,86,33,32,87,False
2026-05-06,Mumbai,Bandra,Cappuccino,58,35,30,63,False
2026-05-06,Mumbai,Bandra,Chai Frappe,68,49,38,79,False
2026-05-06,Mumbai,Andheri,House Latte,77,24,37,64,False
2026-05-06,Mumbai,Andheri,Cold Brew,54,32,31,55,False
2026-05-06,Mumbai,Andheri,Breakfast Combo,51,35,25,61,False
2026-05-06,Mumbai,Andheri,Cappuccino,107,54,15,146,False
2026-05-06,Mumbai,Andheri,Chai Frappe,88,45,30,103,False
2026-05-06,Bengaluru,Indiranagar,House Latte,77,51,30,98,False
2026-05-06,Bengaluru,Indiranagar,Cold Brew,45,34,25,54,False
2026-05-06,Bengaluru,Indiranagar,Breakfast Combo,70,29,20,79,False
2026-05-06,Bengaluru,Indiranagar,Cappuccino,118,25,43,100,False
2026-05-06,Bengaluru,Indiranagar,Chai Frappe,97,44,51,90,False
2026-05-06,Bengaluru,Koramangala,House Latte,40,32,22,50,False
2026-05-06,Bengaluru,Koramangala,Cold Brew,86,45,50,81,False
2026-05-06,Bengaluru,Koramangala,Breakfast Combo,70,29,51,48,False
2026-05-06,Bengaluru,Koramangala,Cappuccino,93,50,32,111,False
2026-05-06,Bengaluru,Koramangala,Chai Frappe,75,35,44,66,False
2026-05-06,Hyderabad,Banjara Hills,House Latte,56,59,22,93,False
2026-05-06,Hyderabad,Banjara Hills,Cold Brew,76,32,40,68,False
2026-05-06,Hyderabad,Banjara Hills,Breakfast Combo,94,56,46,104,False
2026-05-06,Hyderabad,Banjara Hills,Cappuccino,59,28,50,37,False
2026-05-06,Hyderabad,Banjara Hills,Chai Frappe,79,23,47,55,False
2026-05-06,Hyderabad,Gachibowli,House Latte,91,21,46,66,False
2026-05-06,Hyderabad,Gachibowli,Cold Brew,88,44,49,83,False
2026-05-06,Hyderabad,Gachibowli,Breakfast Combo,79,38,39,78,False
2026-05-06,Hyderabad,Gachibowli,Cappuccino,55,26,48,33,False
2026-05-06,Hyderabad,Gachibowli,Chai Frappe,57,40,25,72,False
2026-05-07,Ahmedabad,Satellite,House Latte,58,43,47,54,False
2026-05-07,Ahmedabad,Satellite,Cold Brew,75,25,24,76,False
2026-05-07,Ahmedabad,Satellite,Breakfast Combo,53,55,27,81,False
2026-05-07,Ahmedabad,Satellite,Cappuccino,69,22,32,59,False
2026-05-07,Ahmedabad,Satellite,Chai Frappe,113,36,41,108,False
2026-05-07,Ahmedabad,Navrangpura,House Latte,54,25,44,35,False
2026-05-07,Ahmedabad,Navrangpura,Cold Brew,45,37,27,55,False
2026-05-07,Ahmedabad,Navrangpura,Breakfast Combo,41,41,53,29,False
2026-05-07,Ahmedabad,Navrangpura,Cappuccino,45,52,36,61,False
2026-05-07,Ahmedabad,Navrangpura,Chai Frappe,97,23,49,71,False
2026-05-07,Jaipur,C-Scheme,House Latte,40,56,41,55,False
2026-05-07,Jaipur,C-Scheme,Cold Brew,66,20,39,47,False
2026-05-07,Jaipur,C-Scheme,Breakfast Combo,46,44,45,45,False
2026-05-07,Jaipur,C-Scheme,Cappuccino,61,29,23,67,False
2026-05-07,Jaipur,C-Scheme,Chai Frappe,57,24,24,57,False
2026-05-07,Jaipur,Malviya Nagar,House Latte,92,32,46,78,False
2026-05-07,Jaipur,Malviya Nagar,Cold Brew,105,50,36,119,False
2026-05-07,Jaipur,Malviya Nagar,Breakfast Combo,65,57,23,99,False
2026-05-07,Jaipur,Malviya Nagar,Cappuccino,77,38,44,71,False
2026-05-07,Jaipur,Malviya Nagar,Chai Frappe,83,51,51,83,False
2026-05-07,Delhi,Connaught Place,House Latte,71,54,21,104,False
2026-05-07,Delhi,Connaught Place,Cold Brew,113,27,49,91,False
2026-05-07,Delhi,Connaught Place,Breakfast Combo,71,58,20,109,False
2026-05-07,Delhi,Connaught Place,Cappuccino,77,56,16,117,False
2026-05-07,Delhi,Connaught Place,Chai Frappe,61,23,27,57,False
2026-05-07,Delhi,Saket,House Latte,71,44,25,90,False
2026-05-07,Delhi,Saket,Cold Brew,52,26,52,26,False
2026-05-07,Delhi,Saket,Breakfast Combo,116,28,22,122,False
2026-05-07,Delhi,Saket,Cappuccino,44,58,43,59,False
2026-05-07,Delhi,Saket,Chai Frappe,100,31,40,91,False
2026-05-07,Mumbai,Bandra,House Latte,44,47,38,53,False
2026-05-07,Mumbai,Bandra,Cold Brew,66,48,40,74,False
2026-05-07,Mumbai,Bandra,Breakfast Combo,75,27,15,87,False
2026-05-07,Mumbai,Bandra,Cappuccino,115,31,27,119,False
2026-05-07,Mumbai,Bandra,Chai Frappe,94,30,30,94,False
2026-05-07,Mumbai,Andheri,House Latte,96,43,41,98,False
2026-05-07,Mumbai,Andheri,Cold Brew,40,38,34,44,False
2026-05-07,Mumbai,Andheri,Breakfast Combo,90,26,21,95,False
2026-05-07,Mumbai,Andheri,Cappuccino,100,46,47,99,False
2026-05-07,Mumbai,Andheri,Chai Frappe,61,59,25,95,False
2026-05-07,Bengaluru,Indiranagar,House Latte,92,26,51,67,False
2026-05-07,Bengaluru,Indiranagar,Cold Brew,66,52,28,90,False
2026-05-07,Bengaluru,Indiranagar,Breakfast Combo,103,38,17,124,False
2026-05-07,Bengaluru,Indiranagar,Cappuccino,55,47,22,80,False
2026-05-07,Bengaluru,Indiranagar,Chai Frappe,62,41,25,78,False
2026-05-07,Bengaluru,Koramangala,House Latte,50,44,42,52,False
2026-05-07,Bengaluru,Koramangala,Cold Brew,98,57,19,136,False
2026-05-07,Bengaluru,Koramangala,Breakfast Combo,74,29,51,52,False
2026-05-07,Bengaluru,Koramangala,Cappuccino,83,23,42,64,False
2026-05-07,Bengaluru,Koramangala,Chai Frappe,43,30,43,30,False
2026-05-07,Hyderabad,Banjara Hills,House Latte,80,50,37,93,False
2026-05-07,Hyderabad,Banjara Hills,Cold Brew,107,42,17,132,False
2026-05-07,Hyderabad,Banjara Hills,Breakfast Combo,45,51,16,80,False
2026-05-07,Hyderabad,Banjara Hills,Cappuccino,70,20,27,63,False
2026-05-07,Hyderabad,Banjara Hills,Chai Frappe,87,26,33,80,False
2026-05-07,Hyderabad,Gachibowli,House Latte,119,22,17,124,False
2026-05-07,Hyderabad,Gachibowli,Cold Brew,61,53,31,83,False
2026-05-07,Hyderabad,Gachibowli,Breakfast Combo,91,21,44,68,False
2026-05-07,Hyderabad,Gachibowli,Cappuccino,45,48,20,73,False
2026-05-07,Hyderabad,Gachibowli,Chai Frappe,108,31,22,117,False
2026-05-08,Ahmedabad,Satellite,House Latte,66,20,21,65,False
2026-05-08,Ahmedabad,Satellite,Cold Brew,87,32,29,90,False
2026-05-08,Ahmedabad,Satellite,Breakfast Combo,104,24,30,98,False
2026-05-08,Ahmedabad,Satellite,Cappuccino,54,39,28,65,False
2026-05-08,Ahmedabad,Satellite,Chai Frappe,43,22,49,16,False
2026-05-08,Ahmedabad,Navrangpura,House Latte,44,51,51,44,False
2026-05-08,Ahmedabad,Navrangpura,Cold Brew,77,32,46,63,False
2026-05-08,Ahmedabad,Navrangpura,Breakfast Combo,118,24,53,89,False
2026-05-08,Ahmedabad,Navrangpura,Cappuccino,115,25,17,123,False
2026-05-08,Ahmedabad,Navrangpura,Chai Frappe,97,23,39,81,False
2026-05-08,Jaipur,C-Scheme,House Latte,45,47,24,68,False
2026-05-08,Jaipur,C-Scheme,Cold Brew,47,22,22,47,False
2026-05-08,Jaipur,C-Scheme,Breakfast Combo,83,23,47,59,False
2026-05-08,Jaipur,C-Scheme,Cappuccino,88,31,54,65,False
2026-05-08,Jaipur,C-Scheme,Chai Frappe,92,46,21,117,False
2026-05-08,Jaipur,Malviya Nagar,House Latte,96,42,54,84,False
2026-05-08,Jaipur,Malviya Nagar,Cold Brew,78,47,28,97,False
2026-05-08,Jaipur,Malviya Nagar,Breakfast Combo,43,25,49,19,False
2026-05-08,Jaipur,Malviya Nagar,Cappuccino,99,34,42,91,False
2026-05-08,Jaipur,Malviya Nagar,Chai Frappe,40,21,35,26,False
2026-05-08,Delhi,Connaught Place,House Latte,89,57,45,101,False
2026-05-08,Delhi,Connaught Place,Cold Brew,60,52,34,78,False
2026-05-08,Delhi,Connaught Place,Breakfast Combo,106,26,16,116,False
2026-05-08,Delhi,Connaught Place,Cappuccino,44,59,18,85,False
2026-05-08,Delhi,Connaught Place,Chai Frappe,115,49,20,144,False
2026-05-08,Delhi,Saket,House Latte,109,25,20,114,False
2026-05-08,Delhi,Saket,Cold Brew,86,31,26,91,False
2026-05-08,Delhi,Saket,Breakfast Combo,55,44,16,83,False
2026-05-08,Delhi,Saket,Cappuccino,59,42,34,67,False
2026-05-08,Delhi,Saket,Chai Frappe,95,28,40,83,False
2026-05-08,Mumbai,Bandra,House Latte,100,35,25,110,False
2026-05-08,Mumbai,Bandra,Cold Brew,84,43,18,109,False
2026-05-08,Mumbai,Bandra,Breakfast Combo,85,26,37,74,False
2026-05-08,Mumbai,Bandra,Cappuccino,114,41,45,110,False
2026-05-08,Mumbai,Bandra,Chai Frappe,64,56,47,73,False
2026-05-08,Mumbai,Andheri,House Latte,113,49,40,122,False
2026-05-08,Mumbai,Andheri,Cold Brew,82,57,48,91,False
2026-05-08,Mumbai,Andheri,Breakfast Combo,73,23,15,81,False
2026-05-08,Mumbai,Andheri,Cappuccino,58,22,23,57,False
2026-05-08,Mumbai,Andheri,Chai Frappe,48,59,18,89,False
2026-05-08,Bengaluru,Indiranagar,House Latte,90,34,21,103,False
2026-05-08,Bengaluru,Indiranagar,Cold Brew,96,58,46,108,False
2026-05-08,Bengaluru,Indiranagar,Breakfast Combo,118,43,41,120,False
2026-05-08,Bengaluru,Indiranagar,Cappuccino,51,54,44,61,False
2026-05-08,Bengaluru,Indiranagar,Chai Frappe,60,34,39,55,False
2026-05-08,Bengaluru,Koramangala,House Latte,41,52,26,67,False
2026-05-08,Bengaluru,Koramangala,Cold Brew,45,33,48,30,False
2026-05-08,Bengaluru,Koramangala,Breakfast Combo,61,41,47,55,False
2026-05-08,Bengaluru,Koramangala,Cappuccino,42,50,26,66,False
2026-05-08,Bengaluru,Koramangala,Chai Frappe,95,27,20,102,False
2026-05-08,Hyderabad,Banjara Hills,House Latte,103,52,54,101,False
2026-05-08,Hyderabad,Banjara Hills,Cold Brew,94,38,22,110,False
2026-05-08,Hyderabad,Banjara Hills,Breakfast Combo,63,45,28,80,False
2026-05-08,Hyderabad,Banjara Hills,Cappuccino,78,26,32,72,False
2026-05-08,Hyderabad,Banjara Hills,Chai Frappe,59,24,20,63,False
2026-05-08,Hyderabad,Gachibowli,House Latte,81,34,18,97,False
2026-05-08,Hyderabad,Gachibowli,Cold Brew,81,26,15,92,False
2026-05-08,Hyderabad,Gachibowli,Breakfast Combo,50,37,53,34,False
2026-05-08,Hyderabad,Gachibowli,Cappuccino,59,31,24,66,False
2026-05-08,Hyderabad,Gachibowli,Chai Frappe,68,48,27,89,False
2026-05-09,Ahmedabad,Satellite,House Latte,92,55,52,95,False
2026-05-09,Ahmedabad,Satellite,Cold Brew,85,48,51,82,False
2026-05-09,Ahmedabad,Satellite,Breakfast Combo,102,31,20,113,False
2026-05-09,Ahmedabad,Satellite,Cappuccino,49,55,37,67,False
2026-05-09,Ahmedabad,Satellite,Chai Frappe,63,33,26,70,False
2026-05-09,Ahmedabad,Navrangpura,House Latte,104,44,50,98,False
2026-05-09,Ahmedabad,Navrangpura,Cold Brew,64,38,19,83,False
2026-05-09,Ahmedabad,Navrangpura,Breakfast Combo,117,40,37,120,False
2026-05-09,Ahmedabad,Navrangpura,Cappuccino,73,30,52,51,False
2026-05-09,Ahmedabad,Navrangpura,Chai Frappe,79,46,16,109,False
2026-05-09,Jaipur,C-Scheme,House Latte,62,52,18,96,False
2026-05-09,Jaipur,C-Scheme,Cold Brew,48,52,27,73,False
2026-05-09,Jaipur,C-Scheme,Breakfast Combo,61,42,22,81,False
2026-05-09,Jaipur,C-Scheme,Cappuccino,43,20,18,45,False
2026-05-09,Jaipur,C-Scheme,Chai Frappe,52,47,26,73,False
2026-05-09,Jaipur,Malviya Nagar,House Latte,45,20,34,31,False
2026-05-09,Jaipur,Malviya Nagar,Cold Brew,107,33,17,123,False
2026-05-09,Jaipur,Malviya Nagar,Breakfast Combo,58,39,22,75,False
2026-05-09,Jaipur,Malviya Nagar,Cappuccino,118,50,28,140,False
2026-05-09,Jaipur,Malviya Nagar,Chai Frappe,116,33,20,129,False
2026-05-09,Delhi,Connaught Place,House Latte,115,58,27,146,False
2026-05-09,Delhi,Connaught Place,Cold Brew,87,26,40,73,False
2026-05-09,Delhi,Connaught Place,Breakfast Combo,95,48,37,106,False
2026-05-09,Delhi,Connaught Place,Cappuccino,96,42,47,91,False
2026-05-09,Delhi,Connaught Place,Chai Frappe,54,39,31,62,False
2026-05-09,Delhi,Saket,House Latte,82,25,27,80,False
2026-05-09,Delhi,Saket,Cold Brew,116,24,40,100,False
2026-05-09,Delhi,Saket,Breakfast Combo,93,38,16,115,False
2026-05-09,Delhi,Saket,Cappuccino,42,31,19,54,False
2026-05-09,Delhi,Saket,Chai Frappe,47,26,22,51,False
2026-05-09,Mumbai,Bandra,House Latte,107,45,16,136,False
2026-05-09,Mumbai,Bandra,Cold Brew,90,25,31,84,False
2026-05-09,Mumbai,Bandra,Breakfast Combo,43,23,20,46,False
2026-05-09,Mumbai,Bandra,Cappuccino,74,38,29,83,False
2026-05-09,Mumbai,Bandra,Chai Frappe,89,48,44,93,False
2026-05-09,Mumbai,Andheri,House Latte,86,41,34,93,False
2026-05-09,Mumbai,Andheri,Cold Brew,59,39,15,83,False
2026-05-09,Mumbai,Andheri,Breakfast Combo,117,34,45,106,False
2026-05-09,Mumbai,Andheri,Cappuccino,116,39,49,106,False
2026-05-09,Mumbai,Andheri,Chai Frappe,78,25,16,87,False
2026-05-09,Bengaluru,Indiranagar,House Latte,50,57,34,73,False
2026-05-09,Bengaluru,Indiranagar,Cold Brew,65,37,25,77,False
2026-05-09,Bengaluru,Indiranagar,Breakfast Combo,109,59,18,150,False
2026-05-09,Bengaluru,Indiranagar,Cappuccino,97,33,16,114,False
2026-05-09,Bengaluru,Indiranagar,Chai Frappe,113,22,23,112,False
2026-05-09,Bengaluru,Koramangala,House Latte,42,38,38,42,False
2026-05-09,Bengaluru,Koramangala,Cold Brew,65,22,19,68,False
2026-05-09,Bengaluru,Koramangala,Breakfast Combo,114,52,52,114,False
2026-05-09,Bengaluru,Koramangala,Cappuccino,82,41,46,77,False
2026-05-09,Bengaluru,Koramangala,Chai Frappe,89,37,26,100,False
2026-05-09,Hyderabad,Banjara Hills,House Latte,78,22,22,78,False
2026-05-09,Hyderabad,Banjara Hills,Cold Brew,98,54,19,133,False
2026-05-09,Hyderabad,Banjara Hills,Breakfast Combo,47,23,46,24,False
2026-05-09,Hyderabad,Banjara Hills,Cappuccino,64,33,15,82,False
2026-05-09,Hyderabad,Banjara Hills,Chai Frappe,117,37,46,108,False
2026-05-09,Hyderabad,Gachibowli,House Latte,96,25,47,74,False
2026-05-09,Hyderabad,Gachibowli,Cold Brew,84,44,23,105,False
2026-05-09,Hyderabad,Gachibowli,Breakfast Combo,107,57,31,133,False
2026-05-09,Hyderabad,Gachibowli,Cappuccino,47,53,50,50,False
2026-05-09,Hyderabad,Gachibowli,Chai Frappe,80,43,23,100,False
2026-05-10,Ahmedabad,Satellite,House Latte,45,57,34,68,False
2026-05-10,Ahmedabad,Satellite,Cold Brew,61,47,16,92,False
2026-05-10,Ahmedabad,Satellite,Breakfast Combo,46,29,33,42,False
2026-05-10,Ahmedabad,Satellite,Cappuccino,69,27,29,67,False
2026-05-10,Ahmedabad,Satellite,Chai Frappe,66,40,37,69,False
2026-05-10,Ahmedabad,Navrangpura,House Latte,110,52,26,136,False
2026-05-10,Ahmedabad,Navrangpura,Cold Brew,112,40,22,130,False
2026-05-10,Ahmedabad,Navrangpura,Breakfast Combo,67,49,47,69,False
2026-05-10,Ahmedabad,Navrangpura,Cappuccino,69,26,22,73,False
2026-05-10,Ahmedabad,Navrangpura,Chai Frappe,48,47,35,60,False
2026-05-10,Jaipur,C-Scheme,House Latte,76,46,48,74,False
2026-05-10,Jaipur,C-Scheme,Cold Brew,103,25,38,90,False
2026-05-10,Jaipur,C-Scheme,Breakfast Combo,110,50,28,132,False
2026-05-10,Jaipur,C-Scheme,Cappuccino,71,55,16,110,False
2026-05-10,Jaipur,C-Scheme,Chai Frappe,82,24,50,56,False
2026-05-10,Jaipur,Malviya Nagar,House Latte,43,20,28,35,False
2026-05-10,Jaipur,Malviya Nagar,Cold Brew,56,39,26,69,False
2026-05-10,Jaipur,Malviya Nagar,Breakfast Combo,68,42,37,73,False
2026-05-10,Jaipur,Malviya Nagar,Cappuccino,114,39,37,116,False
2026-05-10,Jaipur,Malviya Nagar,Chai Frappe,94,26,41,79,False
2026-05-10,Delhi,Connaught Place,House Latte,108,32,22,118,False
2026-05-10,Delhi,Connaught Place,Cold Brew,67,31,38,60,False
2026-05-10,Delhi,Connaught Place,Breakfast Combo,109,43,20,132,False
2026-05-10,Delhi,Connaught Place,Cappuccino,65,47,28,84,False
2026-05-10,Delhi,Connaught Place,Chai Frappe,86,47,28,105,False
2026-05-10,Delhi,Saket,House Latte,91,35,20,106,False
2026-05-10,Delhi,Saket,Cold Brew,69,37,15,91,False
2026-05-10,Delhi,Saket,Breakfast Combo,111,41,16,136,False
2026-05-10,Delhi,Saket,Cappuccino,109,54,15,148,False
2026-05-10,Delhi,Saket,Chai Frappe,53,34,35,52,False
2026-05-10,Mumbai,Bandra,House Latte,98,36,39,95,False
2026-05-10,Mumbai,Bandra,Cold Brew,40,46,51,35,False
2026-05-10,Mumbai,Bandra,Breakfast Combo,82,38,26,94,False
2026-05-10,Mumbai,Bandra,Cappuccino,116,21,26,111,False
2026-05-10,Mumbai,Bandra,Chai Frappe,51,54,34,71,False
2026-05-10,Mumbai,Andheri,House Latte,113,46,37,122,False
2026-05-10,Mumbai,Andheri,Cold Brew,81,28,37,72,False
2026-05-10,Mumbai,Andheri,Breakfast Combo,94,58,36,116,False
2026-05-10,Mumbai,Andheri,Cappuccino,115,57,35,137,False
2026-05-10,Mumbai,Andheri,Chai Frappe,75,25,25,75,False
2026-05-10,Bengaluru,Indiranagar,House Latte,110,25,30,105,False
2026-05-10,Bengaluru,Indiranagar,Cold Brew,95,29,53,71,False
2026-05-10,Bengaluru,Indiranagar,Breakfast Combo,91,21,24,88,False
2026-05-10,Bengaluru,Indiranagar,Cappuccino,99,54,52,101,False
2026-05-10,Bengaluru,Indiranagar,Chai Frappe,108,22,44,86,False
2026-05-10,Bengaluru,Koramangala,House Latte,48,23,42,29,False
2026-05-10,Bengaluru,Koramangala,Cold Brew,78,45,49,74,False
2026-05-10,Bengaluru,Koramangala,Breakfast Combo,45,41,48,38,False
2026-05-10,Bengaluru,Koramangala,Cappuccino,75,40,34,81,False
2026-05-10,Bengaluru,Koramangala,Chai Frappe,112,21,50,83,False
2026-05-10,Hyderabad,Banjara Hills,House Latte,105,52,31,126,False
2026-05-10,Hyderabad,Banjara Hills,Cold Brew,81,34,25,90,False
2026-05-10,Hyderabad,Banjara Hills,Breakfast Combo,110,40,43,107,False
2026-05-10,Hyderabad,Banjara Hills,Cappuccino,48,51,41,58,False
2026-05-10,Hyderabad,Banjara Hills,Chai Frappe,119,25,36,108,False
2026-05-10,Hyderabad,Gachibowli,House Latte,80,41,17,104,False
2026-05-10,Hyderabad,Gachibowli,Cold Brew,77,31,39,69,False
2026-05-10,Hyderabad,Gachibowli,Breakfast Combo,58,37,39,56,False
2026-05-10,Hyderabad,Gachibowli,Cappuccino,45,51,43,53,False
2026-05-10,Hyderabad,Gachibowli,Chai Frappe,44,22,49,17,False
2026-05-11,Ahmedabad,Satellite,House Latte,62,54,34,82,False
2026-05-11,Ahmedabad,Satellite,Cold Brew,67,30,41,56,False
2026-05-11,Ahmedabad,Satellite,Breakfast Combo,48,36,28,56,False
2026-05-11,Ahmedabad,Satellite,Cappuccino,52,34,36,50,False
2026-05-11,Ahmedabad,Satellite,Chai Frappe,94,23,49,68,False
2026-05-11,Ahmedabad,Navrangpura,House Latte,110,47,51,106,False
2026-05-11,Ahmedabad,Navrangpura,Cold Brew,74,52,44,82,False
2026-05-11,Ahmedabad,Navrangpura,Breakfast Combo,85,27,37,75,False
2026-05-11,Ahmedabad,Navrangpura,Cappuccino,112,59,32,139,False
2026-05-11,Ahmedabad,Navrangpura,Chai Frappe,59,49,18,90,False
2026-05-11,Jaipur,C-Scheme,House Latte,52,42,54,40,False
2026-05-11,Jaipur,C-Scheme,Cold Brew,66,37,27,76,False
2026-05-11,Jaipur,C-Scheme,Breakfast Combo,75,20,38,57,False
2026-05-11,Jaipur,C-Scheme,Cappuccino,87,32,25,94,False
2026-05-11,Jaipur,C-Scheme,Chai Frappe,100,27,16,111,False
2026-05-11,Jaipur,Malviya Nagar,House Latte,43,55,29,69,False
2026-05-11,Jaipur,Malviya Nagar,Cold Brew,48,55,20,83,False
2026-05-11,Jaipur,Malviya Nagar,Breakfast Combo,66,20,42,44,False
2026-05-11,Jaipur,Malviya Nagar,Cappuccino,95,50,25,120,False
2026-05-11,Jaipur,Malviya Nagar,Chai Frappe,66,57,47,76,False
2026-05-11,Delhi,Connaught Place,House Latte,42,47,47,42,False
2026-05-11,Delhi,Connaught Place,Cold Brew,84,45,15,114,False
2026-05-11,Delhi,Connaught Place,Breakfast Combo,42,21,21,42,False
2026-05-11,Delhi,Connaught Place,Cappuccino,119,45,46,118,False
2026-05-11,Delhi,Connaught Place,Chai Frappe,63,57,22,98,False
2026-05-11,Delhi,Saket,House Latte,112,21,15,118,False
2026-05-11,Delhi,Saket,Cold Brew,46,51,25,72,False
2026-05-11,Delhi,Saket,Breakfast Combo,76,38,46,68,False
2026-05-11,Delhi,Saket,Cappuccino,67,20,30,57,False
2026-05-11,Delhi,Saket,Chai Frappe,63,49,45,67,False
2026-05-11,Mumbai,Bandra,House Latte,47,51,17,81,False
2026-05-11,Mumbai,Bandra,Cold Brew,89,35,27,97,False
2026-05-11,Mumbai,Bandra,Breakfast Combo,78,32,46,64,False
2026-05-11,Mumbai,Bandra,Cappuccino,117,52,32,137,False
2026-05-11,Mumbai,Bandra,Chai Frappe,80,37,46,71,False
2026-05-11,Mumbai,Andheri,House Latte,84,38,31,91,False
2026-05-11,Mumbai,Andheri,Cold Brew,70,42,42,70,False
2026-05-11,Mumbai,Andheri,Breakfast Combo,74,52,48,78,False
2026-05-11,Mumbai,Andheri,Cappuccino,74,56,21,109,False
2026-05-11,Mumbai,Andheri,Chai Frappe,114,31,37,108,False
2026-05-11,Bengaluru,Indiranagar,House Latte,62,37,28,71,False
2026-05-11,Bengaluru,Indiranagar,Cold Brew,96,23,48,71,False
2026-05-11,Bengaluru,Indiranagar,Breakfast Combo,112,42,36,118,False
2026-05-11,Bengaluru,Indiranagar,Cappuccino,95,27,44,78,False
2026-05-11,Bengaluru,Indiranagar,Chai Frappe,57,47,27,77,False
2026-05-11,Bengaluru,Koramangala,House Latte,99,51,23,127,False
2026-05-11,Bengaluru,Koramangala,Cold Brew,89,39,26,102,False
2026-05-11,Bengaluru,Koramangala,Breakfast Combo,87,59,15,131,False
2026-05-11,Bengaluru,Koramangala,Cappuccino,116,54,36,134,False
2026-05-11,Bengaluru,Koramangala,Chai Frappe,88,34,20,102,False
2026-05-11,Hyderabad,Banjara Hills,House Latte,85,52,24,113,False
2026-05-11,Hyderabad,Banjara Hills,Cold Brew,97,49,45,101,False
2026-05-11,Hyderabad,Banjara Hills,Breakfast Combo,67,35,31,71,False
2026-05-11,Hyderabad,Banjara Hills,Cappuccino,108,56,31,133,False
2026-05-11,Hyderabad,Banjara Hills,Chai Frappe,117,42,30,129,False
2026-05-11,Hyderabad,Gachibowli,House Latte,40,44,40,44,False
2026-05-11,Hyderabad,Gachibowli,Cold Brew,117,48,16,149,False
2026-05-11,Hyderabad,Gachibowli,Breakfast Combo,85,49,34,100,False
2026-05-11,Hyderabad,Gachibowli,Cappuccino,74,52,39,87,False
2026-05-11,Hyderabad,Gachibowli,Chai Frappe,94,38,26,106,False
2026-05-12,Ahmedabad,Satellite,House Latte,81,58,39,100,False
2026-05-12,Ahmedabad,Satellite,Cold Brew,96,24,54,66,False
2026-05-12,Ahmedabad,Satellite,Breakfast Combo,59,58,32,85,False
2026-05-12,Ahmedabad,Satellite,Cappuccino,113,55,45,123,False
2026-05-12,Ahmedabad,Satellite,Chai Frappe,113,44,48,109,False
2026-05-12,Ahmedabad,Navrangpura,House Latte,53,22,36,39,False
2026-05-12,Ahmedabad,Navrangpura,Cold Brew,104,50,36,118,False
2026-05-12,Ahmedabad,Navrangpura,Breakfast Combo,81,44,49,76,False
2026-05-12,Ahmedabad,Navrangpura,Cappuccino,107,24,38,93,False
2026-05-12,Ahmedabad,Navrangpura,Chai Frappe,70,51,35,86,False
2026-05-12,Jaipur,C-Scheme,House Latte,119,37,42,114,False
2026-05-12,Jaipur,C-Scheme,Cold Brew,48,57,21,84,False
2026-05-12,Jaipur,C-Scheme,Breakfast Combo,70,53,53,70,False
2026-05-12,Jaipur,C-Scheme,Cappuccino,78,39,16,101,False
2026-05-12,Jaipur,C-Scheme,Chai Frappe,118,20,16,122,False
2026-05-12,Jaipur,Malviya Nagar,House Latte,77,20,21,76,False
2026-05-12,Jaipur,Malviya Nagar,Cold Brew,90,48,26,112,False
2026-05-12,Jaipur,Malviya Nagar,Breakfast Combo,103,44,24,123,False
2026-05-12,Jaipur,Malviya Nagar,Cappuccino,96,43,47,92,False
2026-05-12,Jaipur,Malviya Nagar,Chai Frappe,52,29,27,54,False
2026-05-12,Delhi,Connaught Place,House Latte,67,55,44,78,False
2026-05-12,Delhi,Connaught Place,Cold Brew,83,41,50,74,False
2026-05-12,Delhi,Connaught Place,Breakfast Combo,75,29,20,84,False
2026-05-12,Delhi,Connaught Place,Cappuccino,66,46,33,79,False
2026-05-12,Delhi,Connaught Place,Chai Frappe,73,39,53,59,False
2026-05-12,Delhi,Saket,House Latte,119,26,19,126,False
2026-05-12,Delhi,Saket,Cold Brew,59,54,33,80,False
2026-05-12,Delhi,Saket,Breakfast Combo,109,45,37,117,False
2026-05-12,Delhi,Saket,Cappuccino,62,33,20,75,False
2026-05-12,Delhi,Saket,Chai Frappe,81,31,26,86,False
2026-05-12,Mumbai,Bandra,House Latte,43,51,52,42,False
2026-05-12,Mumbai,Bandra,Cold Brew,79,41,52,68,False
2026-05-12,Mumbai,Bandra,Breakfast Combo,80,44,32,92,False
2026-05-12,Mumbai,Bandra,Cappuccino,81,40,43,78,False
2026-05-12,Mumbai,Bandra,Chai Frappe,88,40,18,110,False
2026-05-12,Mumbai,Andheri,House Latte,112,55,22,145,False
2026-05-12,Mumbai,Andheri,Cold Brew,63,58,27,94,False
2026-05-12,Mumbai,Andheri,Breakfast Combo,104,51,49,106,False
2026-05-12,Mumbai,Andheri,Cappuccino,41,39,37,43,False
2026-05-12,Mumbai,Andheri,Chai Frappe,106,28,27,107,False
2026-05-12,Bengaluru,Indiranagar,House Latte,54,50,54,50,False
2026-05-12,Bengaluru,Indiranagar,Cold Brew,51,29,27,53,False
2026-05-12,Bengaluru,Indiranagar,Breakfast Combo,111,37,26,122,False
2026-05-12,Bengaluru,Indiranagar,Cappuccino,65,43,30,78,False
2026-05-12,Bengaluru,Indiranagar,Chai Frappe,51,52,31,72,False
2026-05-12,Bengaluru,Koramangala,House Latte,60,49,44,65,False
2026-05-12,Bengaluru,Koramangala,Cold Brew,52,22,16,58,False
2026-05-12,Bengaluru,Koramangala,Breakfast Combo,101,45,46,100,False
2026-05-12,Bengaluru,Koramangala,Cappuccino,90,36,38,88,False
2026-05-12,Bengaluru,Koramangala,Chai Frappe,97,35,51,81,False
2026-05-12,Hyderabad,Banjara Hills,House Latte,111,52,54,109,False
2026-05-12,Hyderabad,Banjara Hills,Cold Brew,71,24,34,61,False
2026-05-12,Hyderabad,Banjara Hills,Breakfast Combo,99,51,30,120,False
2026-05-12,Hyderabad,Banjara Hills,Cappuccino,63,37,47,53,False
2026-05-12,Hyderabad,Banjara Hills,Chai Frappe,44,33,24,53,False
2026-05-12,Hyderabad,Gachibowli,House Latte,104,38,18,124,False
2026-05-12,Hyderabad,Gachibowli,Cold Brew,60,21,34,47,False
2026-05-12,Hyderabad,Gachibowli,Breakfast Combo,119,42,49,112,False
2026-05-12,Hyderabad,Gachibowli,Cappuccino,99,55,27,127,False
2026-05-12,Hyderabad,Gachibowli,Chai Frappe,116,29,32,113,False
2026-05-13,Ahmedabad,Satellite,House Latte,94,31,25,100,False
2026-05-13,Ahmedabad,Satellite,Cold Brew,50,20,35,35,False
2026-05-13,Ahmedabad,Satellite,Breakfast Combo,118,28,32,114,False
2026-05-13,Ahmedabad,Satellite,Cappuccino,114,50,15,149,False
2026-05-13,Ahmedabad,Satellite,Chai Frappe,80,25,24,81,False
2026-05-13,Ahmedabad,Navrangpura,House Latte,59,44,22,81,False
2026-05-13,Ahmedabad,Navrangpura,Cold Brew,60,29,29,60,False
2026-05-13,Ahmedabad,Navrangpura,Breakfast Combo,92,35,28,99,False
2026-05-13,Ahmedabad,Navrangpura,Cappuccino,81,44,15,110,False
2026-05-13,Ahmedabad,Navrangpura,Chai Frappe,111,56,39,128,False
2026-05-13,Jaipur,C-Scheme,House Latte,85,47,32,100,False
2026-05-13,Jaipur,C-Scheme,Cold Brew,69,34,21,82,False
2026-05-13,Jaipur,C-Scheme,Breakfast Combo,107,32,26,113,False
2026-05-13,Jaipur,C-Scheme,Cappuccino,117,40,39,118,False
2026-05-13,Jaipur,C-Scheme,Chai Frappe,59,31,44,46,False
2026-05-13,Jaipur,Malviya Nagar,House Latte,76,25,48,53,False
2026-05-13,Jaipur,Malviya Nagar,Cold Brew,72,46,28,90,False
2026-05-13,Jaipur,Malviya Nagar,Breakfast Combo,84,51,50,85,False
2026-05-13,Jaipur,Malviya Nagar,Cappuccino,56,46,51,51,False
2026-05-13,Jaipur,Malviya Nagar,Chai Frappe,91,25,22,94,False
2026-05-13,Delhi,Connaught Place,House Latte,56,24,45,35,False
2026-05-13,Delhi,Connaught Place,Cold Brew,117,40,38,119,False
2026-05-13,Delhi,Connaught Place,Breakfast Combo,101,36,33,104,False
2026-05-13,Delhi,Connaught Place,Cappuccino,87,32,17,102,False
2026-05-13,Delhi,Connaught Place,Chai Frappe,85,52,17,120,False
2026-05-13,Delhi,Saket,House Latte,57,30,47,40,False
2026-05-13,Delhi,Saket,Cold Brew,80,41,40,81,False
2026-05-13,Delhi,Saket,Breakfast Combo,62,48,16,94,False
2026-05-13,Delhi,Saket,Cappuccino,49,52,41,60,False
2026-05-13,Delhi,Saket,Chai Frappe,54,37,17,74,False
2026-05-13,Mumbai,Bandra,House Latte,93,50,26,117,False
2026-05-13,Mumbai,Bandra,Cold Brew,68,29,30,67,False
2026-05-13,Mumbai,Bandra,Breakfast Combo,61,29,32,58,False
2026-05-13,Mumbai,Bandra,Cappuccino,108,50,26,132,False
2026-05-13,Mumbai,Bandra,Chai Frappe,115,28,51,92,False
2026-05-13,Mumbai,Andheri,House Latte,64,41,23,82,False
2026-05-13,Mumbai,Andheri,Cold Brew,100,32,49,83,False
2026-05-13,Mumbai,Andheri,Breakfast Combo,46,40,21,65,False
2026-05-13,Mumbai,Andheri,Cappuccino,111,36,41,106,False
2026-05-13,Mumbai,Andheri,Chai Frappe,110,41,17,134,False
2026-05-13,Bengaluru,Indiranagar,House Latte,57,28,51,34,False
2026-05-13,Bengaluru,Indiranagar,Cold Brew,112,39,50,101,False
2026-05-13,Bengaluru,Indiranagar,Breakfast Combo,59,47,30,76,False
2026-05-13,Bengaluru,Indiranagar,Cappuccino,59,30,31,58,False
2026-05-13,Bengaluru,Indiranagar,Chai Frappe,67,28,28,67,False
2026-05-13,Bengaluru,Koramangala,House Latte,50,58,30,78,False
2026-05-13,Bengaluru,Koramangala,Cold Brew,48,43,50,41,False
2026-05-13,Bengaluru,Koramangala,Breakfast Combo,68,53,39,82,False
2026-05-13,Bengaluru,Koramangala,Cappuccino,99,31,16,114,False
2026-05-13,Bengaluru,Koramangala,Chai Frappe,67,56,46,77,False
2026-05-13,Hyderabad,Banjara Hills,House Latte,102,55,29,128,False
2026-05-13,Hyderabad,Banjara Hills,Cold Brew,65,57,37,85,False
2026-05-13,Hyderabad,Banjara Hills,Breakfast Combo,63,31,50,44,False
2026-05-13,Hyderabad,Banjara Hills,Cappuccino,44,22,44,22,False
2026-05-13,Hyderabad,Banjara Hills,Chai Frappe,40,26,54,12,False
2026-05-13,Hyderabad,Gachibowli,House Latte,74,49,34,89,False
2026-05-13,Hyderabad,Gachibowli,Cold Brew,47,27,45,29,False
2026-05-13,Hyderabad,Gachibowli,Breakfast Combo,47,43,28,62,False
2026-05-13,Hyderabad,Gachibowli,Cappuccino,69,58,39,88,False
2026-05-13,Hyderabad,Gachibowli,Chai Frappe,89,34,30,93,False
2026-05-14,Ahmedabad,Satellite,House Latte,94,21,24,91,False
2026-05-14,Ahmedabad,Satellite,Cold Brew,88,44,18,114,False
2026-05-14,Ahmedabad,Satellite,Breakfast Combo,103,41,24,120,False
2026-05-14,Ahmedabad,Satellite,Cappuccino,100,59,31,128,False
2026-05-14,Ahmedabad,Satellite,Chai Frappe,62,31,38,55,False
2026-05-14,Ahmedabad,Navrangpura,House Latte,43,39,15,67,False
2026-05-14,Ahmedabad,Navrangpura,Cold Brew,43,37,44,36,False
2026-05-14,Ahmedabad,Navrangpura,Breakfast Combo,110,23,24,109,False
2026-05-14,Ahmedabad,Navrangpura,Cappuccino,73,42,54,61,False
2026-05-14,Ahmedabad,Navrangpura,Chai Frappe,94,41,17,118,False
2026-05-14,Jaipur,C-Scheme,House Latte,46,26,41,31,False
2026-05-14,Jaipur,C-Scheme,Cold Brew,66,29,41,54,False
2026-05-14,Jaipur,C-Scheme,Breakfast Combo,105,37,50,92,False
2026-05-14,Jaipur,C-Scheme,Cappuccino,98,48,49,97,False
2026-05-14,Jaipur,C-Scheme,Chai Frappe,54,50,53,51,False
2026-05-14,Jaipur,Malviya Nagar,House Latte,119,43,45,117,False
2026-05-14,Jaipur,Malviya Nagar,Cold Brew,111,54,50,115,False
2026-05-14,Jaipur,Malviya Nagar,Breakfast Combo,106,35,44,97,False
2026-05-14,Jaipur,Malviya Nagar,Cappuccino,72,52,47,77,False
2026-05-14,Jaipur,Malviya Nagar,Chai Frappe,114,43,34,123,False
2026-05-14,Delhi,Connaught Place,House Latte,53,45,37,61,False
2026-05-14,Delhi,Connaught Place,Cold Brew,81,47,49,79,False
2026-05-14,Delhi,Connaught Place,Breakfast Combo,51,37,43,45,False
2026-05-14,Delhi,Connaught Place,Cappuccino,105,51,46,110,False
2026-05-14,Delhi,Connaught Place,Chai Frappe,108,58,39,127,False
2026-05-14,Delhi,Saket,House Latte,59,42,43,58,False
2026-05-14,Delhi,Saket,Cold Brew,48,50,36,62,False
2026-05-14,Delhi,Saket,Breakfast Combo,114,28,51,91,False
2026-05-14,Delhi,Saket,Cappuccino,75,42,41,76,False
2026-05-14,Delhi,Saket,Chai Frappe,86,56,21,121,False
2026-05-14,Mumbai,Bandra,House Latte,98,58,23,133,False
2026-05-14,Mumbai,Bandra,Cold Brew,60,39,43,56,False
2026-05-14,Mumbai,Bandra,Breakfast Combo,116,51,46,121,False
2026-05-14,Mumbai,Bandra,Cappuccino,75,45,23,97,False
2026-05-14,Mumbai,Bandra,Chai Frappe,77,27,16,88,False
2026-05-14,Mumbai,Andheri,House Latte,108,52,35,125,False
2026-05-14,Mumbai,Andheri,Cold Brew,41,23,19,45,False
2026-05-14,Mumbai,Andheri,Breakfast Combo,97,28,25,100,False
2026-05-14,Mumbai,Andheri,Cappuccino,108,55,45,118,False
2026-05-14,Mumbai,Andheri,Chai Frappe,64,43,23,84,False
2026-05-14,Bengaluru,Indiranagar,House Latte,108,23,44,87,False
2026-05-14,Bengaluru,Indiranagar,Cold Brew,80,50,33,97,False
2026-05-14,Bengaluru,Indiranagar,Breakfast Combo,52,50,40,62,False
2026-05-14,Bengaluru,Indiranagar,Cappuccino,77,34,28,83,False
2026-05-14,Bengaluru,Indiranagar,Chai Frappe,78,30,26,82,False
2026-05-14,Bengaluru,Koramangala,House Latte,62,20,52,30,False
2026-05-14,Bengaluru,Koramangala,Cold Brew,58,26,21,63,False
2026-05-14,Bengaluru,Koramangala,Breakfast Combo,119,39,28,130,False
2026-05-14,Bengaluru,Koramangala,Cappuccino,72,23,27,68,False
2026-05-14,Bengaluru,Koramangala,Chai Frappe,59,52,17,94,False
2026-05-14,Hyderabad,Banjara Hills,House Latte,74,51,48,77,False
2026-05-14,Hyderabad,Banjara Hills,Cold Brew,81,28,28,81,False
2026-05-14,Hyderabad,Banjara Hills,Breakfast Combo,57,46,26,77,False
2026-05-14,Hyderabad,Banjara Hills,Cappuccino,90,46,52,84,False
2026-05-14,Hyderabad,Banjara Hills,Chai Frappe,69,58,31,96,False
2026-05-14,Hyderabad,Gachibowli,House Latte,94,46,47,93,False
2026-05-14,Hyderabad,Gachibowli,Cold Brew,77,51,29,99,False
2026-05-14,Hyderabad,Gachibowli,Breakfast Combo,79,39,43,75,False
2026-05-14,Hyderabad,Gachibowli,Cappuccino,89,23,47,65,False
2026-05-14,Hyderabad,Gachibowli,Chai Frappe,100,24,53,71,False
2026-05-15,Ahmedabad,Satellite,House Latte,92,23,34,81,False
2026-05-15,Ahmedabad,Satellite,Cold Brew,106,31,52,85,False
2026-05-15,Ahmedabad,Satellite,Breakfast Combo,73,29,29,73,False
2026-05-15,Ahmedabad,Satellite,Cappuccino,81,47,52,76,False
2026-05-15,Ahmedabad,Satellite,Chai Frappe,55,58,36,77,False
2026-05-15,Ahmedabad,Navrangpura,House Latte,50,57,28,79,False
2026-05-15,Ahmedabad,Navrangpura,Cold Brew,89,47,15,121,False
2026-05-15,Ahmedabad,Navrangpura,Breakfast Combo,57,47,27,77,False
2026-05-15,Ahmedabad,Navrangpura,Cappuccino,40,20,48,12,False
2026-05-15,Ahmedabad,Navrangpura,Chai Frappe,52,24,37,39,False
2026-05-15,Jaipur,C-Scheme,House Latte,49,46,36,59,False
2026-05-15,Jaipur,C-Scheme,Cold Brew,91,39,46,84,False
2026-05-15,Jaipur,C-Scheme,Breakfast Combo,91,36,15,112,False
2026-05-15,Jaipur,C-Scheme,Cappuccino,61,25,15,71,False
2026-05-15,Jaipur,C-Scheme,Chai Frappe,61,28,18,71,False
2026-05-15,Jaipur,Malviya Nagar,House Latte,64,40,22,82,False
2026-05-15,Jaipur,Malviya Nagar,Cold Brew,61,20,17,64,False
2026-05-15,Jaipur,Malviya Nagar,Breakfast Combo,52,38,41,49,False
2026-05-15,Jaipur,Malviya Nagar,Cappuccino,103,45,39,109,False
2026-05-15,Jaipur,Malviya Nagar,Chai Frappe,114,30,46,98,False
2026-05-15,Delhi,Connaught Place,House Latte,114,42,48,108,False
2026-05-15,Delhi,Connaught Place,Cold Brew,51,55,37,69,False
2026-05-15,Delhi,Connaught Place,Breakfast Combo,57,22,43,36,False
2026-05-15,Delhi,Connaught Place,Cappuccino,74,32,30,76,False
2026-05-15,Delhi,Connaught Place,Chai Frappe,119,37,18,138,False
2026-05-15,Delhi,Saket,House Latte,62,25,42,45,False
2026-05-15,Delhi,Saket,Cold Brew,104,53,40,117,False
2026-05-15,Delhi,Saket,Breakfast Combo,101,36,40,97,False
2026-05-15,Delhi,Saket,Cappuccino,48,41,37,52,False
2026-05-15,Delhi,Saket,Chai Frappe,42,41,43,40,False
2026-05-15,Mumbai,Bandra,House Latte,69,41,26,84,False
2026-05-15,Mumbai,Bandra,Cold Brew,61,25,28,58,False
2026-05-15,Mumbai,Bandra,Breakfast Combo,104,57,40,121,False
2026-05-15,Mumbai,Bandra,Cappuccino,89,44,34,99,False
2026-05-15,Mumbai,Bandra,Chai Frappe,73,44,46,71,False
2026-05-15,Mumbai,Andheri,House Latte,73,42,33,82,False
2026-05-15,Mumbai,Andheri,Cold Brew,62,31,18,75,False
2026-05-15,Mumbai,Andheri,Breakfast Combo,75,48,42,81,False
2026-05-15,Mumbai,Andheri,Cappuccino,118,21,45,94,False
2026-05-15,Mumbai,Andheri,Chai Frappe,103,37,26,114,False
2026-05-15,Bengaluru,Indiranagar,House Latte,68,47,49,66,False
2026-05-15,Bengaluru,Indiranagar,Cold Brew,91,40,41,90,False
2026-05-15,Bengaluru,Indiranagar,Breakfast Combo,45,44,16,73,False
2026-05-15,Bengaluru,Indiranagar,Cappuccino,116,55,35,136,False
2026-05-15,Bengaluru,Indiranagar,Chai Frappe,69,49,40,78,False
2026-05-15,Bengaluru,Koramangala,House Latte,96,40,24,112,False
2026-05-15,Bengaluru,Koramangala,Cold Brew,45,31,36,40,False
2026-05-15,Bengaluru,Koramangala,Breakfast Combo,73,40,26,87,False
2026-05-15,Bengaluru,Koramangala,Cappuccino,115,34,48,101,False
2026-05-15,Bengaluru,Koramangala,Chai Frappe,71,37,39,69,False
2026-05-15,Hyderabad,Banjara Hills,House Latte,61,28,30,59,False
2026-05-15,Hyderabad,Banjara Hills,Cold Brew,104,25,32,97,False
2026-05-15,Hyderabad,Banjara Hills,Breakfast Combo,93,48,32,109,False
2026-05-15,Hyderabad,Banjara Hills,Cappuccino,46,20,33,33,False
2026-05-15,Hyderabad,Banjara Hills,Chai Frappe,104,21,50,75,False
2026-05-15,Hyderabad,Gachibowli,House Latte,94,20,28,86,False
2026-05-15,Hyderabad,Gachibowli,Cold Brew,57,57,37,77,False
2026-05-15,Hyderabad,Gachibowli,Breakfast Combo,65,31,37,59,False
2026-05-15,Hyderabad,Gachibowli,Cappuccino,40,30,21,49,False
2026-05-15,Hyderabad,Gachibowli,Chai Frappe,89,46,33,102,False
2026-05-16,Ahmedabad,Satellite,House Latte,51,34,48,37,False
2026-05-16,Ahmedabad,Satellite,Cold Brew,56,26,19,63,False
2026-05-16,Ahmedabad,Satellite,Breakfast Combo,105,24,38,91,False
2026-05-16,Ahmedabad,Satellite,Cappuccino,119,45,31,133,False
2026-05-16,Ahmedabad,Satellite,Chai Frappe,56,20,21,55,False
2026-05-16,Ahmedabad,Navrangpura,House Latte,116,25,15,126,False
2026-05-16,Ahmedabad,Navrangpura,Cold Brew,105,36,29,112,False
2026-05-16,Ahmedabad,Navrangpura,Breakfast Combo,97,40,51,86,False
2026-05-16,Ahmedabad,Navrangpura,Cappuccino,77,48,50,75,False
2026-05-16,Ahmedabad,Navrangpura,Chai Frappe,77,31,53,55,False
2026-05-16,Jaipur,C-Scheme,House Latte,58,21,38,41,False
2026-05-16,Jaipur,C-Scheme,Cold Brew,118,23,48,93,False
2026-05-16,Jaipur,C-Scheme,Breakfast Combo,106,57,31,132,False
2026-05-16,Jaipur,C-Scheme,Cappuccino,60,40,20,80,False
2026-05-16,Jaipur,C-Scheme,Chai Frappe,107,46,34,119,False
2026-05-16,Jaipur,Malviya Nagar,House Latte,81,48,35,94,False
2026-05-16,Jaipur,Malviya Nagar,Cold Brew,107,56,52,111,False
2026-05-16,Jaipur,Malviya Nagar,Breakfast Combo,89,49,27,111,False
2026-05-16,Jaipur,Malviya Nagar,Cappuccino,43,36,49,30,False
2026-05-16,Jaipur,Malviya Nagar,Chai Frappe,50,41,22,69,False
2026-05-16,Delhi,Connaught Place,House Latte,74,25,44,55,False
2026-05-16,Delhi,Connaught Place,Cold Brew,104,50,43,111,False
2026-05-16,Delhi,Connaught Place,Breakfast Combo,58,41,19,80,False
2026-05-16,Delhi,Connaught Place,Cappuccino,69,40,41,68,False
2026-05-16,Delhi,Connaught Place,Chai Frappe,47,52,33,66,False
2026-05-16,Delhi,Saket,House Latte,110,41,36,115,False
2026-05-16,Delhi,Saket,Cold Brew,95,52,21,126,False
2026-05-16,Delhi,Saket,Breakfast Combo,80,21,33,68,False
2026-05-16,Delhi,Saket,Cappuccino,105,54,26,133,False
2026-05-16,Delhi,Saket,Chai Frappe,70,42,30,82,False
2026-05-16,Mumbai,Bandra,House Latte,54,32,31,55,False
2026-05-16,Mumbai,Bandra,Cold Brew,81,56,36,101,False
2026-05-16,Mumbai,Bandra,Breakfast Combo,70,46,45,71,False
2026-05-16,Mumbai,Bandra,Cappuccino,74,39,23,90,False
2026-05-16,Mumbai,Bandra,Chai Frappe,109,54,21,142,False
2026-05-16,Mumbai,Andheri,House Latte,67,30,51,46,False
2026-05-16,Mumbai,Andheri,Cold Brew,45,28,27,46,False
2026-05-16,Mumbai,Andheri,Breakfast Combo,84,29,36,77,False
2026-05-16,Mumbai,Andheri,Cappuccino,99,53,18,134,False
2026-05-16,Mumbai,Andheri,Chai Frappe,51,23,51,23,False
2026-05-16,Bengaluru,Indiranagar,House Latte,92,41,46,87,False
2026-05-16,Bengaluru,Indiranagar,Cold Brew,86,29,35,80,False
2026-05-16,Bengaluru,Indiranagar,Breakfast Combo,96,21,39,78,False
2026-05-16,Bengaluru,Indiranagar,Cappuccino,79,22,25,76,False
2026-05-16,Bengaluru,Indiranagar,Chai Frappe,75,33,26,82,False
2026-05-16,Bengaluru,Koramangala,House Latte,91,36,34,93,False
2026-05-16,Bengaluru,Koramangala,Cold Brew,103,23,29,97,False
2026-05-16,Bengaluru,Koramangala,Breakfast Combo,45,57,22,80,False
2026-05-16,Bengaluru,Koramangala,Cappuccino,105,27,27,105,False
2026-05-16,Bengaluru,Koramangala,Chai Frappe,88,53,22,119,False
2026-05-16,Hyderabad,Banjara Hills,House Latte,57,55,27,85,False
2026-05-16,Hyderabad,Banjara Hills,Cold Brew,56,49,18,87,False
2026-05-16,Hyderabad,Banjara Hills,Breakfast Combo,109,55,49,115,False
2026-05-16,Hyderabad,Banjara Hills,Cappuccino,63,24,32,55,False
2026-05-16,Hyderabad,Banjara Hills,Chai Frappe,66,58,40,84,False
2026-05-16,Hyderabad,Gachibowli,House Latte,115,50,43,122,False
2026-05-16,Hyderabad,Gachibowli,Cold Brew,48,22,16,54,False
2026-05-16,Hyderabad,Gachibowli,Breakfast Combo,87,28,54,61,False
2026-05-16,Hyderabad,Gachibowli,Cappuccino,50,57,41,66,False
2026-05-16,Hyderabad,Gachibowli,Chai Frappe,48,22,30,40,False
2026-05-17,Ahmedabad,Satellite,House Latte,67,32,36,63,False
2026-05-17,Ahmedabad,Satellite,Cold Brew,50,25,42,33,False
2026-05-17,Ahmedabad,Satellite,Breakfast Combo,119,30,52,97,False
2026-05-17,Ahmedabad,Satellite,Cappuccino,67,33,18,82,False
2026-05-17,Ahmedabad,Satellite,Chai Frappe,73,39,41,71,False
2026-05-17,Ahmedabad,Navrangpura,House Latte,52,27,32,47,False
2026-05-17,Ahmedabad,Navrangpura,Cold Brew,45,25,40,30,False
2026-05-17,Ahmedabad,Navrangpura,Breakfast Combo,116,42,20,138,False
2026-05-17,Ahmedabad,Navrangpura,Cappuccino,119,40,43,116,False
2026-05-17,Ahmedabad,Navrangpura,Chai Frappe,55,43,18,80,False
2026-05-17,Jaipur,C-Scheme,House Latte,90,28,51,67,False
2026-05-17,Jaipur,C-Scheme,Cold Brew,44,46,20,70,False
2026-05-17,Jaipur,C-Scheme,Breakfast Combo,94,39,53,80,False
2026-05-17,Jaipur,C-Scheme,Cappuccino,92,34,18,108,False
2026-05-17,Jaipur,C-Scheme,Chai Frappe,87,37,17,107,False
2026-05-17,Jaipur,Malviya Nagar,House Latte,86,28,24,90,False
2026-05-17,Jaipur,Malviya Nagar,Cold Brew,40,34,23,51,False
2026-05-17,Jaipur,Malviya Nagar,Breakfast Combo,45,37,23,59,False
2026-05-17,Jaipur,Malviya Nagar,Cappuccino,50,38,17,71,False
2026-05-17,Jaipur,Malviya Nagar,Chai Frappe,119,38,54,103,False
2026-05-17,Delhi,Connaught Place,House Latte,110,59,36,133,False
2026-05-17,Delhi,Connaught Place,Cold Brew,73,48,18,103,False
2026-05-17,Delhi,Connaught Place,Breakfast Combo,107,32,15,124,False
2026-05-17,Delhi,Connaught Place,Cappuccino,59,29,15,73,False
2026-05-17,Delhi,Connaught Place,Chai Frappe,93,23,48,68,False
2026-05-17,Delhi,Saket,House Latte,76,48,28,96,False
2026-05-17,Delhi,Saket,Cold Brew,50,27,40,37,False
2026-05-17,Delhi,Saket,Breakfast Combo,97,30,29,98,False
2026-05-17,Delhi,Saket,Cappuccino,115,54,31,138,False
2026-05-17,Delhi,Saket,Chai Frappe,59,32,36,55,False
2026-05-17,Mumbai,Bandra,House Latte,85,27,17,95,False
2026-05-17,Mumbai,Bandra,Cold Brew,79,51,21,109,False
2026-05-17,Mumbai,Bandra,Breakfast Combo,72,26,24,74,False
2026-05-17,Mumbai,Bandra,Cappuccino,88,31,25,94,False
2026-05-17,Mumbai,Bandra,Chai Frappe,119,26,22,123,False
2026-05-17,Mumbai,Andheri,House Latte,114,42,16,140,False
2026-05-17,Mumbai,Andheri,Cold Brew,73,42,25,90,False
2026-05-17,Mumbai,Andheri,Breakfast Combo,83,45,25,103,False
2026-05-17,Mumbai,Andheri,Cappuccino,104,38,53,89,False
2026-05-17,Mumbai,Andheri,Chai Frappe,47,32,43,36,False
2026-05-17,Bengaluru,Indiranagar,House Latte,111,28,54,85,False
2026-05-17,Bengaluru,Indiranagar,Cold Brew,55,36,27,64,False
2026-05-17,Bengaluru,Indiranagar,Breakfast Combo,73,56,44,85,False
2026-05-17,Bengaluru,Indiranagar,Cappuccino,103,30,52,81,False
2026-05-17,Bengaluru,Indiranagar,Chai Frappe,74,46,42,78,False
2026-05-17,Bengaluru,Koramangala,House Latte,93,44,34,103,False
2026-05-17,Bengaluru,Koramangala,Cold Brew,91,56,30,117,False
2026-05-17,Bengaluru,Koramangala,Breakfast Combo,80,27,29,78,False
2026-05-17,Bengaluru,Koramangala,Cappuccino,101,45,23,123,False
2026-05-17,Bengaluru,Koramangala,Chai Frappe,83,52,19,116,False
2026-05-17,Hyderabad,Banjara Hills,House Latte,44,35,41,38,False
2026-05-17,Hyderabad,Banjara Hills,Cold Brew,65,52,48,69,False
2026-05-17,Hyderabad,Banjara Hills,Breakfast Combo,82,35,16,101,False
2026-05-17,Hyderabad,Banjara Hills,Cappuccino,105,55,32,128,False
2026-05-17,Hyderabad,Banjara Hills,Chai Frappe,81,50,42,89,False
2026-05-17,Hyderabad,Gachibowli,House Latte,50,46,51,45,False
2026-05-17,Hyderabad,Gachibowli,Cold Brew,100,39,35,104,False
2026-05-17,Hyderabad,Gachibowli,Breakfast Combo,60,46,24,82,False
2026-05-17,Hyderabad,Gachibowli,Cappuccino,67,30,28,69,False
2026-05-17,Hyderabad,Gachibowli,Chai Frappe,69,23,43,49,False
2026-05-18,Ahmedabad,Satellite,House Latte,75,57,22,110,False
2026-05-18,Ahmedabad,Satellite,Cold Brew,93,27,36,84,False
2026-05-18,Ahmedabad,Satellite,Breakfast Combo,79,37,41,75,False
2026-05-18,Ahmedabad,Satellite,Cappuccino,106,32,48,90,False
2026-05-18,Ahmedabad,Satellite,Chai Frappe,54,31,27,58,False
2026-05-18,Ahmedabad,Navrangpura,House Latte,116,24,30,110,False
2026-05-18,Ahmedabad,Navrangpura,Cold Brew,73,52,34,91,False
2026-05-18,Ahmedabad,Navrangpura,Breakfast Combo,117,49,43,123,False
2026-05-18,Ahmedabad,Navrangpura,Cappuccino,100,26,32,94,False
2026-05-18,Ahmedabad,Navrangpura,Chai Frappe,86,28,19,95,False
2026-05-18,Jaipur,C-Scheme,House Latte,50,51,41,60,False
2026-05-18,Jaipur,C-Scheme,Cold Brew,62,49,42,69,False
2026-05-18,Jaipur,C-Scheme,Breakfast Combo,105,56,50,111,False
2026-05-18,Jaipur,C-Scheme,Cappuccino,54,50,30,74,False
2026-05-18,Jaipur,C-Scheme,Chai Frappe,72,45,39,78,False
2026-05-18,Jaipur,Malviya Nagar,House Latte,73,59,21,111,False
2026-05-18,Jaipur,Malviya Nagar,Cold Brew,47,21,47,21,False
2026-05-18,Jaipur,Malviya Nagar,Breakfast Combo,72,37,40,69,False
2026-05-18,Jaipur,Malviya Nagar,Cappuccino,74,42,17,99,False
2026-05-18,Jaipur,Malviya Nagar,Chai Frappe,52,57,33,76,False
2026-05-18,Delhi,Connaught Place,House Latte,53,34,28,59,False
2026-05-18,Delhi,Connaught Place,Cold Brew,61,31,44,48,False
2026-05-18,Delhi,Connaught Place,Breakfast Combo,48,32,33,47,False
2026-05-18,Delhi,Connaught Place,Cappuccino,83,55,51,87,False
2026-05-18,Delhi,Connaught Place,Chai Frappe,63,41,15,89,False
2026-05-18,Delhi,Saket,House Latte,89,26,17,98,False
2026-05-18,Delhi,Saket,Cold Brew,93,27,34,86,False
2026-05-18,Delhi,Saket,Breakfast Combo,48,49,45,52,False
2026-05-18,Delhi,Saket,Cappuccino,85,53,32,106,False
2026-05-18,Delhi,Saket,Chai Frappe,54,26,23,57,False
2026-05-18,Mumbai,Bandra,House Latte,56,32,23,65,False
2026-05-18,Mumbai,Bandra,Cold Brew,87,25,39,73,False
2026-05-18,Mumbai,Bandra,Breakfast Combo,66,47,35,78,False
2026-05-18,Mumbai,Bandra,Cappuccino,112,37,26,123,False
2026-05-18,Mumbai,Bandra,Chai Frappe,87,46,32,101,False
2026-05-18,Mumbai,Andheri,House Latte,84,38,27,95,False
2026-05-18,Mumbai,Andheri,Cold Brew,65,56,42,79,False
2026-05-18,Mumbai,Andheri,Breakfast Combo,47,58,43,62,False
2026-05-18,Mumbai,Andheri,Cappuccino,44,49,38,55,False
2026-05-18,Mumbai,Andheri,Chai Frappe,113,39,35,117,False
2026-05-18,Bengaluru,Indiranagar,House Latte,65,32,39,58,False
2026-05-18,Bengaluru,Indiranagar,Cold Brew,106,55,45,116,False
2026-05-18,Bengaluru,Indiranagar,Breakfast Combo,88,40,28,100,False
2026-05-18,Bengaluru,Indiranagar,Cappuccino,101,32,25,108,False
2026-05-18,Bengaluru,Indiranagar,Chai Frappe,109,43,29,123,False
2026-05-18,Bengaluru,Koramangala,House Latte,109,58,27,140,False
2026-05-18,Bengaluru,Koramangala,Cold Brew,81,39,43,77,False
2026-05-18,Bengaluru,Koramangala,Breakfast Combo,116,41,46,111,False
2026-05-18,Bengaluru,Koramangala,Cappuccino,87,55,31,111,False
2026-05-18,Bengaluru,Koramangala,Chai Frappe,70,36,54,52,False
2026-05-18,Hyderabad,Banjara Hills,House Latte,88,26,16,98,False
2026-05-18,Hyderabad,Banjara Hills,Cold Brew,81,52,34,99,False
2026-05-18,Hyderabad,Banjara Hills,Breakfast Combo,84,51,35,100,False
2026-05-18,Hyderabad,Banjara Hills,Cappuccino,112,45,44,113,False
2026-05-18,Hyderabad,Banjara Hills,Chai Frappe,102,45,17,130,False
2026-05-18,Hyderabad,Gachibowli,House Latte,74,25,35,64,False
2026-05-18,Hyderabad,Gachibowli,Cold Brew,51,40,28,63,False
2026-05-18,Hyderabad,Gachibowli,Breakfast Combo,41,24,35,30,False
2026-05-18,Hyderabad,Gachibowli,Cappuccino,46,54,45,55,False
2026-05-18,Hyderabad,Gachibowli,Chai Frappe,96,26,46,76,False
2026-05-19,Ahmedabad,Satellite,House Latte,90,35,15,110,False
2026-05-19,Ahmedabad,Satellite,Cold Brew,82,51,16,117,False
2026-05-19,Ahmedabad,Satellite,Breakfast Combo,44,35,35,44,False
2026-05-19,Ahmedabad,Satellite,Cappuccino,77,37,25,89,False
2026-05-19,Ahmedabad,Satellite,Chai Frappe,44,21,18,47,False
2026-05-19,Ahmedabad,Navrangpura,House Latte,95,51,32,114,False
2026-05-19,Ahmedabad,Navrangpura,Cold Brew,46,36,54,28,False
2026-05-19,Ahmedabad,Navrangpura,Breakfast Combo,59,39,36,62,False
2026-05-19,Ahmedabad,Navrangpura,Cappuccino,66,37,33,70,False
2026-05-19,Ahmedabad,Navrangpura,Chai Frappe,77,48,38,87,False
2026-05-19,Jaipur,C-Scheme,House Latte,44,20,31,33,False
2026-05-19,Jaipur,C-Scheme,Cold Brew,112,21,17,116,False
2026-05-19,Jaipur,C-Scheme,Breakfast Combo,94,38,24,108,False
2026-05-19,Jaipur,C-Scheme,Cappuccino,56,46,35,67,False
2026-05-19,Jaipur,C-Scheme,Chai Frappe,91,31,36,86,False
2026-05-19,Jaipur,Malviya Nagar,House Latte,108,32,30,110,False
2026-05-19,Jaipur,Malviya Nagar,Cold Brew,53,45,16,82,False
2026-05-19,Jaipur,Malviya Nagar,Breakfast Combo,59,48,15,92,False
2026-05-19,Jaipur,Malviya Nagar,Cappuccino,119,36,30,125,False
2026-05-19,Jaipur,Malviya Nagar,Chai Frappe,82,45,33,94,False
2026-05-19,Delhi,Connaught Place,House Latte,110,58,23,145,False
2026-05-19,Delhi,Connaught Place,Cold Brew,96,32,54,74,False
2026-05-19,Delhi,Connaught Place,Breakfast Combo,60,31,43,48,False
2026-05-19,Delhi,Connaught Place,Cappuccino,103,25,37,91,False
2026-05-19,Delhi,Connaught Place,Chai Frappe,67,44,37,74,False
2026-05-19,Delhi,Saket,House Latte,118,57,41,134,False
2026-05-19,Delhi,Saket,Cold Brew,94,55,22,127,False
2026-05-19,Delhi,Saket,Breakfast Combo,98,50,20,128,False
2026-05-19,Delhi,Saket,Cappuccino,110,47,28,129,False
2026-05-19,Delhi,Saket,Chai Frappe,78,39,51,66,False
2026-05-19,Mumbai,Bandra,House Latte,117,52,41,128,False
2026-05-19,Mumbai,Bandra,Cold Brew,48,56,20,84,False
2026-05-19,Mumbai,Bandra,Breakfast Combo,53,22,52,23,False
2026-05-19,Mumbai,Bandra,Cappuccino,79,29,18,90,False
2026-05-19,Mumbai,Bandra,Chai Frappe,72,48,54,66,False
2026-05-19,Mumbai,Andheri,House Latte,84,44,48,80,False
2026-05-19,Mumbai,Andheri,Cold Brew,112,31,54,89,False
2026-05-19,Mumbai,Andheri,Breakfast Combo,81,57,19,119,False
2026-05-19,Mumbai,Andheri,Cappuccino,47,55,41,61,False
2026-05-19,Mumbai,Andheri,Chai Frappe,54,55,19,90,False
2026-05-19,Bengaluru,Indiranagar,House Latte,94,28,17,105,False
2026-05-19,Bengaluru,Indiranagar,Cold Brew,104,53,19,138,False
2026-05-19,Bengaluru,Indiranagar,Breakfast Combo,47,44,16,75,False
2026-05-19,Bengaluru,Indiranagar,Cappuccino,99,56,45,110,False
2026-05-19,Bengaluru,Indiranagar,Chai Frappe,58,27,42,43,False
2026-05-19,Bengaluru,Koramangala,House Latte,44,41,32,53,False
2026-05-19,Bengaluru,Koramangala,Cold Brew,99,28,45,82,False
2026-05-19,Bengaluru,Koramangala,Breakfast Combo,95,29,29,95,False
2026-05-19,Bengaluru,Koramangala,Cappuccino,45,37,25,57,False
2026-05-19,Bengaluru,Koramangala,Chai Frappe,49,42,37,54,False
2026-05-19,Hyderabad,Banjara Hills,House Latte,46,27,18,55,False
2026-05-19,Hyderabad,Banjara Hills,Cold Brew,94,33,17,110,False
2026-05-19,Hyderabad,Banjara Hills,Breakfast Combo,55,59,25,89,False
2026-05-19,Hyderabad,Banjara Hills,Cappuccino,94,38,22,110,False
2026-05-19,Hyderabad,Banjara Hills,Chai Frappe,64,20,44,40,False
2026-05-19,Hyderabad,Gachibowli,House Latte,66,39,21,84,False
2026-05-19,Hyderabad,Gachibowli,Cold Brew,105,28,37,96,False
2026-05-19,Hyderabad,Gachibowli,Breakfast Combo,109,48,39,118,False
2026-05-19,Hyderabad,Gachibowli,Cappuccino,111,27,53,85,False
2026-05-19,Hyderabad,Gachibowli,Chai Frappe,84,36,25,95,False
2026-05-20,Ahmedabad,Satellite,House Latte,99,59,42,116,False
2026-05-20,Ahmedabad,Satellite,Cold Brew,42,38,44,36,False
2026-05-20,Ahmedabad,Satellite,Breakfast Combo,71,50,43,78,False
2026-05-20,Ahmedabad,Satellite,Cappuccino,45,42,21,66,False
2026-05-20,Ahmedabad,Satellite,Chai Frappe,78,35,47,66,False
2026-05-20,Ahmedabad,Navrangpura,House Latte,109,38,36,111,False
2026-05-20,Ahmedabad,Navrangpura,Cold Brew,90,46,40,96,False
2026-05-20,Ahmedabad,Navrangpura,Breakfast Combo,102,59,48,113,False
2026-05-20,Ahmedabad,Navrangpura,Cappuccino,50,39,33,56,False
2026-05-20,Ahmedabad,Navrangpura,Chai Frappe,80,41,43,78,False
2026-05-20,Jaipur,C-Scheme,House Latte,73,30,33,70,False
2026-05-20,Jaipur,C-Scheme,Cold Brew,108,32,15,125,False
2026-05-20,Jaipur,C-Scheme,Breakfast Combo,118,27,39,106,False
2026-05-20,Jaipur,C-Scheme,Cappuccino,104,30,28,106,False
2026-05-20,Jaipur,C-Scheme,Chai Frappe,62,25,21,66,False
2026-05-20,Jaipur,Malviya Nagar,House Latte,54,38,36,56,False
2026-05-20,Jaipur,Malviya Nagar,Cold Brew,41,53,42,52,False
2026-05-20,Jaipur,Malviya Nagar,Breakfast Combo,45,53,16,82,False
2026-05-20,Jaipur,Malviya Nagar,Cappuccino,84,38,35,87,False
2026-05-20,Jaipur,Malviya Nagar,Chai Frappe,116,57,26,147,False
2026-05-20,Delhi,Connaught Place,House Latte,86,58,44,100,False
2026-05-20,Delhi,Connaught Place,Cold Brew,111,37,26,122,False
2026-05-20,Delhi,Connaught Place,Breakfast Combo,80,52,52,80,False
2026-05-20,Delhi,Connaught Place,Cappuccino,94,48,35,107,False
2026-05-20,Delhi,Connaught Place,Chai Frappe,65,36,34,67,False
2026-05-20,Delhi,Saket,House Latte,105,42,46,101,False
2026-05-20,Delhi,Saket,Cold Brew,42,50,35,57,False
2026-05-20,Delhi,Saket,Breakfast Combo,119,38,34,123,False
2026-05-20,Delhi,Saket,Cappuccino,50,52,43,59,False
2026-05-20,Delhi,Saket,Chai Frappe,108,23,23,108,False
2026-05-20,Mumbai,Bandra,House Latte,110,21,35,96,False
2026-05-20,Mumbai,Bandra,Cold Brew,72,57,49,80,False
2026-05-20,Mumbai,Bandra,Breakfast Combo,111,31,38,104,False
2026-05-20,Mumbai,Bandra,Cappuccino,96,58,15,139,False
2026-05-20,Mumbai,Bandra,Chai Frappe,118,34,20,132,False
2026-05-20,Mumbai,Andheri,House Latte,89,51,20,120,False
2026-05-20,Mumbai,Andheri,Cold Brew,43,55,52,46,False
2026-05-20,Mumbai,Andheri,Breakfast Combo,52,56,51,57,False
2026-05-20,Mumbai,Andheri,Cappuccino,119,28,38,109,False
2026-05-20,Mumbai,Andheri,Chai Frappe,119,56,39,136,False
2026-05-20,Bengaluru,Indiranagar,House Latte,55,23,25,53,False
2026-05-20,Bengaluru,Indiranagar,Cold Brew,45,27,17,55,False
2026-05-20,Bengaluru,Indiranagar,Breakfast Combo,100,43,35,108,False
2026-05-20,Bengaluru,Indiranagar,Cappuccino,104,36,31,109,False
2026-05-20,Bengaluru,Indiranagar,Chai Frappe,56,37,21,72,False
2026-05-20,Bengaluru,Koramangala,House Latte,87,59,36,110,False
2026-05-20,Bengaluru,Koramangala,Cold Brew,63,47,47,63,False
2026-05-20,Bengaluru,Koramangala,Breakfast Combo,77,30,43,64,False
2026-05-20,Bengaluru,Koramangala,Cappuccino,54,59,27,86,False
2026-05-20,Bengaluru,Koramangala,Chai Frappe,68,49,15,102,False
2026-05-20,Hyderabad,Banjara Hills,House Latte,56,25,30,51,False
2026-05-20,Hyderabad,Banjara Hills,Cold Brew,84,27,28,83,False
2026-05-20,Hyderabad,Banjara Hills,Breakfast Combo,101,57,15,143,False
2026-05-20,Hyderabad,Banjara Hills,Cappuccino,90,21,35,76,False
2026-05-20,Hyderabad,Banjara Hills,Chai Frappe,110,51,24,137,False
2026-05-20,Hyderabad,Gachibowli,House Latte,60,51,47,64,False
2026-05-20,Hyderabad,Gachibowli,Cold Brew,62,20,32,50,False
2026-05-20,Hyderabad,Gachibowli,Breakfast Combo,89,37,52,74,False
2026-05-20,Hyderabad,Gachibowli,Cappuccino,105,51,15,141,False
2026-05-20,Hyderabad,Gachibowli,Chai Frappe,108,50,30,128,False
2026-05-21,Ahmedabad,Satellite,House Latte,87,52,51,88,False
2026-05-21,Ahmedabad,Satellite,Cold Brew,84,21,39,66,False
2026-05-21,Ahmedabad,Satellite,Breakfast Combo,94,22,47,69,False
2026-05-21,Ahmedabad,Satellite,Cappuccino,56,55,37,74,False
2026-05-21,Ahmedabad,Satellite,Chai Frappe,65,22,15,72,False
2026-05-21,Ahmedabad,Navrangpura,House Latte,99,35,48,86,False
2026-05-21,Ahmedabad,Navrangpura,Cold Brew,58,56,52,62,False
2026-05-21,Ahmedabad,Navrangpura,Breakfast Combo,48,45,52,41,False
2026-05-21,Ahmedabad,Navrangpura,Cappuccino,65,22,50,37,False
2026-05-21,Ahmedabad,Navrangpura,Chai Frappe,77,21,48,50,False
2026-05-21,Jaipur,C-Scheme,House Latte,94,22,25,91,False
2026-05-21,Jaipur,C-Scheme,Cold Brew,41,58,15,84,False
2026-05-21,Jaipur,C-Scheme,Breakfast Combo,103,40,38,105,False
2026-05-21,Jaipur,C-Scheme,Cappuccino,104,55,20,139,False
2026-05-21,Jaipur,C-Scheme,Chai Frappe,41,24,42,23,False
2026-05-21,Jaipur,Malviya Nagar,House Latte,85,23,24,84,False
2026-05-21,Jaipur,Malviya Nagar,Cold Brew,82,49,28,103,False
2026-05-21,Jaipur,Malviya Nagar,Breakfast Combo,115,59,45,129,False
2026-05-21,Jaipur,Malviya Nagar,Cappuccino,76,55,44,87,False
2026-05-21,Jaipur,Malviya Nagar,Chai Frappe,81,37,48,70,False
2026-05-21,Delhi,Connaught Place,House Latte,84,27,54,57,False
2026-05-21,Delhi,Connaught Place,Cold Brew,45,47,41,51,False
2026-05-21,Delhi,Connaught Place,Breakfast Combo,86,22,34,74,False
2026-05-21,Delhi,Connaught Place,Cappuccino,111,29,42,98,False
2026-05-21,Delhi,Connaught Place,Chai Frappe,108,58,35,131,False
2026-05-21,Delhi,Saket,House Latte,65,47,34,78,False
2026-05-21,Delhi,Saket,Cold Brew,90,49,43,96,False
2026-05-21,Delhi,Saket,Breakfast Combo,59,50,36,73,False
2026-05-21,Delhi,Saket,Cappuccino,114,46,50,110,False
2026-05-21,Delhi,Saket,Chai Frappe,118,59,44,133,False
2026-05-21,Mumbai,Bandra,House Latte,87,24,30,81,False
2026-05-21,Mumbai,Bandra,Cold Brew,78,51,38,91,False
2026-05-21,Mumbai,Bandra,Breakfast Combo,75,25,43,57,False
2026-05-21,Mumbai,Bandra,Cappuccino,74,21,26,69,False
2026-05-21,Mumbai,Bandra,Chai Frappe,110,24,31,103,False
2026-05-21,Mumbai,Andheri,House Latte,80,23,21,82,False
2026-05-21,Mumbai,Andheri,Cold Brew,115,43,23,135,False
2026-05-21,Mumbai,Andheri,Breakfast Combo,53,37,43,47,False
2026-05-21,Mumbai,Andheri,Cappuccino,98,27,44,81,False
2026-05-21,Mumbai,Andheri,Chai Frappe,111,29,16,124,False
2026-05-21,Bengaluru,Indiranagar,House Latte,116,40,46,110,False
2026-05-21,Bengaluru,Indiranagar,Cold Brew,65,31,24,72,False
2026-05-21,Bengaluru,Indiranagar,Breakfast Combo,57,38,19,76,False
2026-05-21,Bengaluru,Indiranagar,Cappuccino,107,40,51,96,False
2026-05-21,Bengaluru,Indiranagar,Chai Frappe,80,32,35,77,False
2026-05-21,Bengaluru,Koramangala,House Latte,52,52,43,61,False
2026-05-21,Bengaluru,Koramangala,Cold Brew,51,43,36,58,False
2026-05-21,Bengaluru,Koramangala,Breakfast Combo,56,24,45,35,False
2026-05-21,Bengaluru,Koramangala,Cappuccino,61,40,24,77,False
2026-05-21,Bengaluru,Koramangala,Chai Frappe,92,21,29,84,False
2026-05-21,Hyderabad,Banjara Hills,House Latte,83,37,39,81,False
2026-05-21,Hyderabad,Banjara Hills,Cold Brew,54,37,45,46,False
2026-05-21,Hyderabad,Banjara Hills,Breakfast Combo,66,26,48,44,False
2026-05-21,Hyderabad,Banjara Hills,Cappuccino,102,47,46,103,False
2026-05-21,Hyderabad,Banjara Hills,Chai Frappe,102,49,35,116,False
2026-05-21,Hyderabad,Gachibowli,House Latte,41,43,25,59,False
2026-05-21,Hyderabad,Gachibowli,Cold Brew,101,38,51,88,False
2026-05-21,Hyderabad,Gachibowli,Breakfast Combo,87,42,51,78,False
2026-05-21,Hyderabad,Gachibowli,Cappuccino,78,35,29,84,False
2026-05-21,Hyderabad,Gachibowli,Chai Frappe,110,50,21,139,False
2026-05-22,Ahmedabad,Satellite,House Latte,79,34,40,73,False
2026-05-22,Ahmedabad,Satellite,Cold Brew,44,48,44,48,False
2026-05-22,Ahmedabad,Satellite,Breakfast Combo,58,26,40,44,False
2026-05-22,Ahmedabad,Satellite,Cappuccino,60,57,46,71,False
2026-05-22,Ahmedabad,Satellite,Chai Frappe,116,41,52,105,False
2026-05-22,Ahmedabad,Navrangpura,House Latte,41,31,15,57,False
2026-05-22,Ahmedabad,Navrangpura,Cold Brew,94,40,26,108,False
2026-05-22,Ahmedabad,Navrangpura,Breakfast Combo,64,45,22,87,False
2026-05-22,Ahmedabad,Navrangpura,Cappuccino,81,44,24,101,False
2026-05-22,Ahmedabad,Navrangpura,Chai Frappe,58,34,38,54,False
2026-05-22,Jaipur,C-Scheme,House Latte,60,35,36,59,False
2026-05-22,Jaipur,C-Scheme,Cold Brew,54,42,20,76,False
2026-05-22,Jaipur,C-Scheme,Breakfast Combo,51,29,26,54,False
2026-05-22,Jaipur,C-Scheme,Cappuccino,42,58,27,73,False
2026-05-22,Jaipur,C-Scheme,Chai Frappe,104,56,47,113,False
2026-05-22,Jaipur,Malviya Nagar,House Latte,106,24,29,101,False
2026-05-22,Jaipur,Malviya Nagar,Cold Brew,99,43,15,127,False
2026-05-22,Jaipur,Malviya Nagar,Breakfast Combo,85,52,48,89,False
2026-05-22,Jaipur,Malviya Nagar,Cappuccino,70,29,27,72,False
2026-05-22,Jaipur,Malviya Nagar,Chai Frappe,63,33,27,69,False
2026-05-22,Delhi,Connaught Place,House Latte,76,21,26,71,False
2026-05-22,Delhi,Connaught Place,Cold Brew,65,26,50,41,False
2026-05-22,Delhi,Connaught Place,Breakfast Combo,94,56,37,113,False
2026-05-22,Delhi,Connaught Place,Cappuccino,48,56,33,71,False
2026-05-22,Delhi,Connaught Place,Chai Frappe,94,35,34,95,False
2026-05-22,Delhi,Saket,House Latte,79,31,37,73,False
2026-05-22,Delhi,Saket,Cold Brew,98,20,20,98,False
2026-05-22,Delhi,Saket,Breakfast Combo,107,42,53,96,False
2026-05-22,Delhi,Saket,Cappuccino,88,46,50,84,False
2026-05-22,Delhi,Saket,Chai Frappe,92,33,36,89,False
2026-05-22,Mumbai,Bandra,House Latte,58,33,42,49,False
2026-05-22,Mumbai,Bandra,Cold Brew,51,46,38,59,False
2026-05-22,Mumbai,Bandra,Breakfast Combo,64,21,43,42,False
2026-05-22,Mumbai,Bandra,Cappuccino,105,49,31,123,False
2026-05-22,Mumbai,Bandra,Chai Frappe,92,36,29,99,False
2026-05-22,Mumbai,Andheri,House Latte,66,28,53,41,False
2026-05-22,Mumbai,Andheri,Cold Brew,93,26,49,70,False
2026-05-22,Mumbai,Andheri,Breakfast Combo,52,43,21,74,False
2026-05-22,Mumbai,Andheri,Cappuccino,68,46,54,60,False
2026-05-22,Mumbai,Andheri,Chai Frappe,119,55,24,150,False
2026-05-22,Bengaluru,Indiranagar,House Latte,47,56,51,52,False
2026-05-22,Bengaluru,Indiranagar,Cold Brew,62,20,40,42,False
2026-05-22,Bengaluru,Indiranagar,Breakfast Combo,46,21,52,15,False
2026-05-22,Bengaluru,Indiranagar,Cappuccino,79,24,41,62,False
2026-05-22,Bengaluru,Indiranagar,Chai Frappe,69,41,50,60,False
2026-05-22,Bengaluru,Koramangala,House Latte,59,45,48,56,False
2026-05-22,Bengaluru,Koramangala,Cold Brew,73,58,32,99,False
2026-05-22,Bengaluru,Koramangala,Breakfast Combo,76,55,40,91,False
2026-05-22,Bengaluru,Koramangala,Cappuccino,109,51,43,117,False
2026-05-22,Bengaluru,Koramangala,Chai Frappe,59,35,49,45,False
2026-05-22,Hyderabad,Banjara Hills,House Latte,89,31,28,92,False
2026-05-22,Hyderabad,Banjara Hills,Cold Brew,102,27,19,110,False
2026-05-22,Hyderabad,Banjara Hills,Breakfast Combo,101,31,45,87,False
2026-05-22,Hyderabad,Banjara Hills,Cappuccino,82,59,35,106,False
2026-05-22,Hyderabad,Banjara Hills,Chai Frappe,109,54,23,140,False
2026-05-22,Hyderabad,Gachibowli,House Latte,119,49,19,149,False
2026-05-22,Hyderabad,Gachibowli,Cold Brew,40,30,15,55,False
2026-05-22,Hyderabad,Gachibowli,Breakfast Combo,68,59,34,93,False
2026-05-22,Hyderabad,Gachibowli,Cappuccino,41,39,23,57,False
2026-05-22,Hyderabad,Gachibowli,Chai Frappe,108,23,45,86,False
2026-05-23,Ahmedabad,Satellite,House Latte,75,20,41,54,False
2026-05-23,Ahmedabad,Satellite,Cold Brew,76,50,39,87,False
2026-05-23,Ahmedabad,Satellite,Breakfast Combo,102,38,15,125,False
2026-05-23,Ahmedabad,Satellite,Cappuccino,50,38,30,58,False
2026-05-23,Ahmedabad,Satellite,Chai Frappe,103,36,49,90,False
2026-05-23,Ahmedabad,Navrangpura,House Latte,55,35,45,45,False
2026-05-23,Ahmedabad,Navrangpura,Cold Brew,49,32,45,36,False
2026-05-23,Ahmedabad,Navrangpura,Breakfast Combo,87,51,35,103,False
2026-05-23,Ahmedabad,Navrangpura,Cappuccino,108,55,53,110,False
2026-05-23,Ahmedabad,Navrangpura,Chai Frappe,49,43,19,73,False
2026-05-23,Jaipur,C-Scheme,House Latte,58,32,40,50,False
2026-05-23,Jaipur,C-Scheme,Cold Brew,74,54,26,102,False
2026-05-23,Jaipur,C-Scheme,Breakfast Combo,89,50,54,85,False
2026-05-23,Jaipur,C-Scheme,Cappuccino,59,49,18,90,False
2026-05-23,Jaipur,C-Scheme,Chai Frappe,83,36,53,66,False
2026-05-23,Jaipur,Malviya Nagar,House Latte,101,57,49,109,False
2026-05-23,Jaipur,Malviya Nagar,Cold Brew,72,49,16,105,False
2026-05-23,Jaipur,Malviya Nagar,Breakfast Combo,84,21,43,62,False
2026-05-23,Jaipur,Malviya Nagar,Cappuccino,117,47,48,116,False
2026-05-23,Jaipur,Malviya Nagar,Chai Frappe,58,59,37,80,False
2026-05-23,Delhi,Connaught Place,House Latte,93,50,40,103,False
2026-05-23,Delhi,Connaught Place,Cold Brew,65,44,41,68,False
2026-05-23,Delhi,Connaught Place,Breakfast Combo,108,39,35,112,False
2026-05-23,Delhi,Connaught Place,Cappuccino,80,24,18,86,False
2026-05-23,Delhi,Connaught Place,Chai Frappe,41,46,31,56,False
2026-05-23,Delhi,Saket,House Latte,109,48,20,137,False
2026-05-23,Delhi,Saket,Cold Brew,48,34,51,31,False
2026-05-23,Delhi,Saket,Breakfast Combo,43,27,16,54,False
2026-05-23,Delhi,Saket,Cappuccino,73,59,42,90,False
2026-05-23,Delhi,Saket,Chai Frappe,79,25,29,75,False
2026-05-23,Mumbai,Bandra,House Latte,81,30,43,68,False
2026-05-23,Mumbai,Bandra,Cold Brew,118,28,25,121,False
2026-05-23,Mumbai,Bandra,Breakfast Combo,50,49,33,66,False
2026-05-23,Mumbai,Bandra,Cappuccino,62,28,17,73,False
2026-05-23,Mumbai,Bandra,Chai Frappe,78,47,24,101,False
2026-05-23,Mumbai,Andheri,House Latte,40,38,42,36,False
2026-05-23,Mumbai,Andheri,Cold Brew,67,30,21,76,False
2026-05-23,Mumbai,Andheri,Breakfast Combo,99,54,45,108,False
2026-05-23,Mumbai,Andheri,Cappuccino,81,48,30,99,False
2026-05-23,Mumbai,Andheri,Chai Frappe,41,34,43,32,False
2026-05-23,Bengaluru,Indiranagar,House Latte,91,59,54,96,False
2026-05-23,Bengaluru,Indiranagar,Cold Brew,59,20,25,54,False
2026-05-23,Bengaluru,Indiranagar,Breakfast Combo,110,52,18,144,False
2026-05-23,Bengaluru,Indiranagar,Cappuccino,52,42,41,53,False
2026-05-23,Bengaluru,Indiranagar,Chai Frappe,118,50,23,145,False
2026-05-23,Bengaluru,Koramangala,House Latte,42,45,37,50,False
2026-05-23,Bengaluru,Koramangala,Cold Brew,113,43,35,121,False
2026-05-23,Bengaluru,Koramangala,Breakfast Combo,64,23,50,37,False
2026-05-23,Bengaluru,Koramangala,Cappuccino,106,26,43,89,False
2026-05-23,Bengaluru,Koramangala,Chai Frappe,69,37,48,58,False
2026-05-23,Hyderabad,Banjara Hills,House Latte,107,27,27,107,False
2026-05-23,Hyderabad,Banjara Hills,Cold Brew,105,56,18,143,False
2026-05-23,Hyderabad,Banjara Hills,Breakfast Combo,106,39,38,107,False
2026-05-23,Hyderabad,Banjara Hills,Cappuccino,46,47,42,51,False
2026-05-23,Hyderabad,Banjara Hills,Chai Frappe,93,51,52,92,False
2026-05-23,Hyderabad,Gachibowli,House Latte,107,49,54,102,False
2026-05-23,Hyderabad,Gachibowli,Cold Brew,93,46,36,103,False
2026-05-23,Hyderabad,Gachibowli,Breakfast Combo,101,22,35,88,False
2026-05-23,Hyderabad,Gachibowli,Cappuccino,74,56,17,113,False
2026-05-23,Hyderabad,Gachibowli,Chai Frappe,91,27,50,68,False
2026-05-24,Ahmedabad,Satellite,House Latte,108,29,49,88,False
2026-05-24,Ahmedabad,Satellite,Cold Brew,79,58,44,93,False
2026-05-24,Ahmedabad,Satellite,Breakfast Combo,42,28,31,39,False
2026-05-24,Ahmedabad,Satellite,Cappuccino,56,25,54,27,False
2026-05-24,Ahmedabad,Satellite,Chai Frappe,109,37,23,123,False
2026-05-24,Ahmedabad,Navrangpura,House Latte,54,56,28,82,False
2026-05-24,Ahmedabad,Navrangpura,Cold Brew,41,35,33,43,False
2026-05-24,Ahmedabad,Navrangpura,Breakfast Combo,89,33,51,71,False
2026-05-24,Ahmedabad,Navrangpura,Cappuccino,91,59,29,121,False
2026-05-24,Ahmedabad,Navrangpura,Chai Frappe,92,34,42,84,False
2026-05-24,Jaipur,C-Scheme,House Latte,99,32,52,79,False
2026-05-24,Jaipur,C-Scheme,Cold Brew,108,55,23,140,False
2026-05-24,Jaipur,C-Scheme,Breakfast Combo,97,24,19,102,False
2026-05-24,Jaipur,C-Scheme,Cappuccino,117,26,49,94,False
2026-05-24,Jaipur,C-Scheme,Chai Frappe,74,32,17,89,False
2026-05-24,Jaipur,Malviya Nagar,House Latte,94,48,33,109,False
2026-05-24,Jaipur,Malviya Nagar,Cold Brew,104,32,37,99,False
2026-05-24,Jaipur,Malviya Nagar,Breakfast Combo,62,43,20,85,False
2026-05-24,Jaipur,Malviya Nagar,Cappuccino,78,41,37,82,False
2026-05-24,Jaipur,Malviya Nagar,Chai Frappe,75,45,35,85,False
2026-05-24,Delhi,Connaught Place,House Latte,62,28,40,50,False
2026-05-24,Delhi,Connaught Place,Cold Brew,115,50,40,125,False
2026-05-24,Delhi,Connaught Place,Breakfast Combo,113,55,35,133,False
2026-05-24,Delhi,Connaught Place,Cappuccino,48,45,39,54,False
2026-05-24,Delhi,Connaught Place,Chai Frappe,62,53,49,66,False
2026-05-24,Delhi,Saket,House Latte,66,39,22,83,False
2026-05-24,Delhi,Saket,Cold Brew,54,30,29,55,False
2026-05-24,Delhi,Saket,Breakfast Combo,61,26,32,55,False
2026-05-24,Delhi,Saket,Cappuccino,89,33,36,86,False
2026-05-24,Delhi,Saket,Chai Frappe,61,48,40,69,False
2026-05-24,Mumbai,Bandra,House Latte,116,22,49,89,False
2026-05-24,Mumbai,Bandra,Cold Brew,67,22,42,47,False
2026-05-24,Mumbai,Bandra,Breakfast Combo,53,27,54,26,False
2026-05-24,Mumbai,Bandra,Cappuccino,57,41,23,75,False
2026-05-24,Mumbai,Bandra,Chai Frappe,49,20,15,54,False
2026-05-24,Mumbai,Andheri,House Latte,77,37,16,98,False
2026-05-24,Mumbai,Andheri,Cold Brew,67,30,37,60,False
2026-05-24,Mumbai,Andheri,Breakfast Combo,119,47,51,115,False
2026-05-24,Mumbai,Andheri,Cappuccino,55,28,45,38,False
2026-05-24,Mumbai,Andheri,Chai Frappe,64,53,33,84,False
2026-05-24,Bengaluru,Indiranagar,House Latte,56,53,37,72,False
2026-05-24,Bengaluru,Indiranagar,Cold Brew,104,38,20,122,False
2026-05-24,Bengaluru,Indiranagar,Breakfast Combo,94,24,41,77,False
2026-05-24,Bengaluru,Indiranagar,Cappuccino,73,51,49,75,False
2026-05-24,Bengaluru,Indiranagar,Chai Frappe,72,55,19,108,False
2026-05-24,Bengaluru,Koramangala,House Latte,48,59,37,70,False
2026-05-24,Bengaluru,Koramangala,Cold Brew,76,26,26,76,False
2026-05-24,Bengaluru,Koramangala,Breakfast Combo,94,52,51,95,False
2026-05-24,Bengaluru,Koramangala,Cappuccino,72,38,21,89,False
2026-05-24,Bengaluru,Koramangala,Chai Frappe,46,37,38,45,False
2026-05-24,Hyderabad,Banjara Hills,House Latte,48,36,40,44,False
2026-05-24,Hyderabad,Banjara Hills,Cold Brew,104,57,28,133,False
2026-05-24,Hyderabad,Banjara Hills,Breakfast Combo,71,54,42,83,False
2026-05-24,Hyderabad,Banjara Hills,Cappuccino,61,47,21,87,False
2026-05-24,Hyderabad,Banjara Hills,Chai Frappe,75,32,54,53,False
2026-05-24,Hyderabad,Gachibowli,House Latte,42,54,26,70,False
2026-05-24,Hyderabad,Gachibowli,Cold Brew,42,46,42,46,False
2026-05-24,Hyderabad,Gachibowli,Breakfast Combo,51,21,19,53,False
2026-05-24,Hyderabad,Gachibowli,Cappuccino,72,25,43,54,False
2026-05-24,Hyderabad,Gachibowli,Chai Frappe,46,51,49,48,False
2026-05-25,Ahmedabad,Satellite,House Latte,97,57,52,102,False
2026-05-25,Ahmedabad,Satellite,Cold Brew,43,33,45,31,False
2026-05-25,Ahmedabad,Satellite,Breakfast Combo,67,49,45,71,False
2026-05-25,Ahmedabad,Satellite,Cappuccino,119,33,28,124,False
2026-05-25,Ahmedabad,Satellite,Chai Frappe,41,31,26,46,False
2026-05-25,Ahmedabad,Navrangpura,House Latte,76,36,49,63,False
2026-05-25,Ahmedabad,Navrangpura,Cold Brew,101,49,15,135,False
2026-05-25,Ahmedabad,Navrangpura,Breakfast Combo,77,49,24,102,False
2026-05-25,Ahmedabad,Navrangpura,Cappuccino,73,49,46,76,False
2026-05-25,Ahmedabad,Navrangpura,Chai Frappe,108,37,30,115,False
2026-05-25,Jaipur,C-Scheme,House Latte,70,46,31,85,False
2026-05-25,Jaipur,C-Scheme,Cold Brew,72,26,34,64,False
2026-05-25,Jaipur,C-Scheme,Breakfast Combo,58,40,50,48,False
2026-05-25,Jaipur,C-Scheme,Cappuccino,102,39,54,87,False
2026-05-25,Jaipur,C-Scheme,Chai Frappe,118,37,45,110,False
2026-05-25,Jaipur,Malviya Nagar,House Latte,67,55,29,93,False
2026-05-25,Jaipur,Malviya Nagar,Cold Brew,60,25,48,37,False
2026-05-25,Jaipur,Malviya Nagar,Breakfast Combo,63,52,18,97,False
2026-05-25,Jaipur,Malviya Nagar,Cappuccino,80,37,32,85,False
2026-05-25,Jaipur,Malviya Nagar,Chai Frappe,53,22,28,47,False
2026-05-25,Delhi,Connaught Place,House Latte,77,51,33,95,False
2026-05-25,Delhi,Connaught Place,Cold Brew,59,30,39,50,False
2026-05-25,Delhi,Connaught Place,Breakfast Combo,74,56,32,98,False
2026-05-25,Delhi,Connaught Place,Cappuccino,85,22,22,85,False
2026-05-25,Delhi,Connaught Place,Chai Frappe,108,33,31,110,False
2026-05-25,Delhi,Saket,House Latte,87,22,35,74,False
2026-05-25,Delhi,Saket,Cold Brew,67,25,31,61,False
2026-05-25,Delhi,Saket,Breakfast Combo,75,27,36,66,False
2026-05-25,Delhi,Saket,Cappuccino,99,30,53,76,False
2026-05-25,Delhi,Saket,Chai Frappe,88,50,17,121,False
2026-05-25,Mumbai,Bandra,House Latte,101,33,43,91,False
2026-05-25,Mumbai,Bandra,Cold Brew,104,30,25,109,False
2026-05-25,Mumbai,Bandra,Breakfast Combo,44,44,45,43,False
2026-05-25,Mumbai,Bandra,Cappuccino,72,26,27,71,False
2026-05-25,Mumbai,Bandra,Chai Frappe,72,56,19,109,False
2026-05-25,Mumbai,Andheri,House Latte,67,45,24,88,False
2026-05-25,Mumbai,Andheri,Cold Brew,110,56,30,136,False
2026-05-25,Mumbai,Andheri,Breakfast Combo,99,50,42,107,False
2026-05-25,Mumbai,Andheri,Cappuccino,54,21,28,47,False
2026-05-25,Mumbai,Andheri,Chai Frappe,50,31,40,41,False
2026-05-25,Bengaluru,Indiranagar,House Latte,87,28,15,100,False
2026-05-25,Bengaluru,Indiranagar,Cold Brew,58,38,46,50,False
2026-05-25,Bengaluru,Indiranagar,Breakfast Combo,69,31,37,63,False
2026-05-25,Bengaluru,Indiranagar,Cappuccino,45,29,16,58,False
2026-05-25,Bengaluru,Indiranagar,Chai Frappe,82,37,38,81,False
2026-05-25,Bengaluru,Koramangala,House Latte,89,35,49,75,False
2026-05-25,Bengaluru,Koramangala,Cold Brew,113,24,51,86,False
2026-05-25,Bengaluru,Koramangala,Breakfast Combo,55,29,36,48,False
2026-05-25,Bengaluru,Koramangala,Cappuccino,42,34,22,54,False
2026-05-25,Bengaluru,Koramangala,Chai Frappe,78,52,51,79,False
2026-05-25,Hyderabad,Banjara Hills,House Latte,56,41,33,64,False
2026-05-25,Hyderabad,Banjara Hills,Cold Brew,73,45,54,64,False
2026-05-25,Hyderabad,Banjara Hills,Breakfast Combo,72,22,51,43,False
2026-05-25,Hyderabad,Banjara Hills,Cappuccino,114,32,35,111,False
2026-05-25,Hyderabad,Banjara Hills,Chai Frappe,109,40,34,115,False
2026-05-25,Hyderabad,Gachibowli,House Latte,113,53,35,131,False
2026-05-25,Hyderabad,Gachibowli,Cold Brew,52,37,42,47,False
2026-05-25,Hyderabad,Gachibowli,Breakfast Combo,61,41,41,61,False
2026-05-25,Hyderabad,Gachibowli,Cappuccino,46,42,44,44,False
2026-05-25,Hyderabad,Gachibowli,Chai Frappe,57,41,43,55,False
2026-05-26,Ahmedabad,Satellite,House Latte,43,45,25,63,False
2026-05-26,Ahmedabad,Satellite,Cold Brew,71,45,15,101,False
2026-05-26,Ahmedabad,Satellite,Breakfast Combo,41,37,52,26,False
2026-05-26,Ahmedabad,Satellite,Cappuccino,40,51,17,74,False
2026-05-26,Ahmedabad,Satellite,Chai Frappe,79,37,33,83,False
2026-05-26,Ahmedabad,Navrangpura,House Latte,46,50,26,70,False
2026-05-26,Ahmedabad,Navrangpura,Cold Brew,101,46,37,110,False
2026-05-26,Ahmedabad,Navrangpura,Breakfast Combo,64,46,54,56,False
2026-05-26,Ahmedabad,Navrangpura,Cappuccino,113,56,23,146,False
2026-05-26,Ahmedabad,Navrangpura,Chai Frappe,86,35,53,68,False
2026-05-26,Jaipur,C-Scheme,House Latte,116,54,21,149,False
2026-05-26,Jaipur,C-Scheme,Cold Brew,65,48,44,69,False
2026-05-26,Jaipur,C-Scheme,Breakfast Combo,68,25,20,73,False
2026-05-26,Jaipur,C-Scheme,Cappuccino,94,38,34,98,False
2026-05-26,Jaipur,C-Scheme,Chai Frappe,105,20,45,80,False
2026-05-26,Jaipur,Malviya Nagar,House Latte,61,57,53,65,False
2026-05-26,Jaipur,Malviya Nagar,Cold Brew,80,32,24,88,False
2026-05-26,Jaipur,Malviya Nagar,Breakfast Combo,54,59,22,91,False
2026-05-26,Jaipur,Malviya Nagar,Cappuccino,75,39,42,72,False
2026-05-26,Jaipur,Malviya Nagar,Chai Frappe,107,42,45,104,False
2026-05-26,Delhi,Connaught Place,House Latte,85,37,21,101,False
2026-05-26,Delhi,Connaught Place,Cold Brew,56,37,16,77,False
2026-05-26,Delhi,Connaught Place,Breakfast Combo,65,38,33,70,False
2026-05-26,Delhi,Connaught Place,Cappuccino,105,58,44,119,False
2026-05-26,Delhi,Connaught Place,Chai Frappe,46,36,44,38,False
2026-05-26,Delhi,Saket,House Latte,87,38,32,93,False
2026-05-26,Delhi,Saket,Cold Brew,72,43,22,93,False
2026-05-26,Delhi,Saket,Breakfast Combo,81,28,42,67,False
2026-05-26,Delhi,Saket,Cappuccino,109,40,30,119,False
2026-05-26,Delhi,Saket,Chai Frappe,115,46,32,129,False
2026-05-26,Mumbai,Bandra,House Latte,42,20,23,39,False
2026-05-26,Mumbai,Bandra,Cold Brew,58,48,35,71,False
2026-05-26,Mumbai,Bandra,Breakfast Combo,119,41,51,109,False
2026-05-26,Mumbai,Bandra,Cappuccino,84,34,43,75,False
2026-05-26,Mumbai,Bandra,Chai Frappe,75,30,33,72,False
2026-05-26,Mumbai,Andheri,House Latte,93,35,43,85,False
2026-05-26,Mumbai,Andheri,Cold Brew,118,36,26,128,False
2026-05-26,Mumbai,Andheri,Breakfast Combo,72,53,22,103,False
2026-05-26,Mumbai,Andheri,Cappuccino,117,36,48,105,False
2026-05-26,Mumbai,Andheri,Chai Frappe,102,51,51,102,False
2026-05-26,Bengaluru,Indiranagar,House Latte,54,43,18,79,False
2026-05-26,Bengaluru,Indiranagar,Cold Brew,63,21,42,42,False
2026-05-26,Bengaluru,Indiranagar,Breakfast Combo,88,49,22,115,False
2026-05-26,Bengaluru,Indiranagar,Cappuccino,66,47,48,65,False
2026-05-26,Bengaluru,Indiranagar,Chai Frappe,110,22,31,101,False
2026-05-26,Bengaluru,Koramangala,House Latte,40,52,19,73,False
2026-05-26,Bengaluru,Koramangala,Cold Brew,105,26,15,116,False
2026-05-26,Bengaluru,Koramangala,Breakfast Combo,110,37,31,116,False
2026-05-26,Bengaluru,Koramangala,Cappuccino,91,30,42,79,False
2026-05-26,Bengaluru,Koramangala,Chai Frappe,74,30,30,74,False
2026-05-26,Hyderabad,Banjara Hills,House Latte,40,32,38,34,False
2026-05-26,Hyderabad,Banjara Hills,Cold Brew,51,24,41,34,False
2026-05-26,Hyderabad,Banjara Hills,Breakfast Combo,74,25,44,55,False
2026-05-26,Hyderabad,Banjara Hills,Cappuccino,102,21,23,100,False
2026-05-26,Hyderabad,Banjara Hills,Chai Frappe,69,49,17,101,False
2026-05-26,Hyderabad,Gachibowli,House Latte,104,32,20,116,False
2026-05-26,Hyderabad,Gachibowli,Cold Brew,109,23,20,112,False
2026-05-26,Hyderabad,Gachibowli,Breakfast Combo,115,40,33,122,False
2026-05-26,Hyderabad,Gachibowli,Cappuccino,94,45,39,100,False
2026-05-26,Hyderabad,Gachibowli,Chai Frappe,41,42,26,57,False
2026-05-27,Ahmedabad,Satellite,House Latte,104,40,19,125,False
2026-05-27,Ahmedabad,Satellite,Cold Brew,110,31,25,116,False
2026-05-27,Ahmedabad,Satellite,Breakfast Combo,114,51,49,116,False
2026-05-27,Ahmedabad,Satellite,Cappuccino,92,56,19,129,False
2026-05-27,Ahmedabad,Satellite,Chai Frappe,87,31,30,88,False
2026-05-27,Ahmedabad,Navrangpura,House Latte,59,28,32,55,False
2026-05-27,Ahmedabad,Navrangpura,Cold Brew,113,45,28,130,False
2026-05-27,Ahmedabad,Navrangpura,Breakfast Combo,74,41,24,91,False
2026-05-27,Ahmedabad,Navrangpura,Cappuccino,81,47,24,104,False
2026-05-27,Ahmedabad,Navrangpura,Chai Frappe,86,48,35,99,False
2026-05-27,Jaipur,C-Scheme,House Latte,63,42,46,59,False
2026-05-27,Jaipur,C-Scheme,Cold Brew,57,42,42,57,False
2026-05-27,Jaipur,C-Scheme,Breakfast Combo,65,35,50,50,False
2026-05-27,Jaipur,C-Scheme,Cappuccino,69,43,20,92,False
2026-05-27,Jaipur,C-Scheme,Chai Frappe,114,43,45,112,False
2026-05-27,Jaipur,Malviya Nagar,House Latte,88,34,28,94,False
2026-05-27,Jaipur,Malviya Nagar,Cold Brew,96,54,20,130,False
2026-05-27,Jaipur,Malviya Nagar,Breakfast Combo,107,53,19,141,False
2026-05-27,Jaipur,Malviya Nagar,Cappuccino,48,47,48,47,False
2026-05-27,Jaipur,Malviya Nagar,Chai Frappe,71,45,54,62,False
2026-05-27,Delhi,Connaught Place,House Latte,65,29,54,40,False
2026-05-27,Delhi,Connaught Place,Cold Brew,62,38,32,68,False
2026-05-27,Delhi,Connaught Place,Breakfast Combo,81,30,42,69,False
2026-05-27,Delhi,Connaught Place,Cappuccino,95,28,34,89,False
2026-05-27,Delhi,Connaught Place,Chai Frappe,44,28,54,18,False
2026-05-27,Delhi,Saket,House Latte,80,44,50,74,False
2026-05-27,Delhi,Saket,Cold Brew,97,51,43,105,False
2026-05-27,Delhi,Saket,Breakfast Combo,79,45,26,98,False
2026-05-27,Delhi,Saket,Cappuccino,111,27,50,88,False
2026-05-27,Delhi,Saket,Chai Frappe,110,25,43,92,False
2026-05-27,Mumbai,Bandra,House Latte,119,42,28,133,False
2026-05-27,Mumbai,Bandra,Cold Brew,110,40,19,131,False
2026-05-27,Mumbai,Bandra,Breakfast Combo,59,47,33,73,False
2026-05-27,Mumbai,Bandra,Cappuccino,57,51,19,89,False
2026-05-27,Mumbai,Bandra,Chai Frappe,57,38,16,79,False
2026-05-27,Mumbai,Andheri,House Latte,70,56,52,74,False
2026-05-27,Mumbai,Andheri,Cold Brew,109,32,17,124,False
2026-05-27,Mumbai,Andheri,Breakfast Combo,105,34,44,95,False
2026-05-27,Mumbai,Andheri,Cappuccino,49,46,38,57,False
2026-05-27,Mumbai,Andheri,Chai Frappe,113,24,31,106,False
2026-05-27,Bengaluru,Indiranagar,House Latte,119,35,41,113,False
2026-05-27,Bengaluru,Indiranagar,Cold Brew,52,49,26,75,False
2026-05-27,Bengaluru,Indiranagar,Breakfast Combo,85,55,41,99,False
2026-05-27,Bengaluru,Indiranagar,Cappuccino,77,27,28,76,False
2026-05-27,Bengaluru,Indiranagar,Chai Frappe,107,28,41,94,False
2026-05-27,Bengaluru,Koramangala,House Latte,78,32,43,67,False
2026-05-27,Bengaluru,Koramangala,Cold Brew,68,31,36,63,False
2026-05-27,Bengaluru,Koramangala,Breakfast Combo,100,54,40,114,False
2026-05-27,Bengaluru,Koramangala,Cappuccino,92,51,25,118,False
2026-05-27,Bengaluru,Koramangala,Chai Frappe,60,39,40,59,False
2026-05-27,Hyderabad,Banjara Hills,House Latte,91,26,46,71,False
2026-05-27,Hyderabad,Banjara Hills,Cold Brew,69,55,43,81,False
2026-05-27,Hyderabad,Banjara Hills,Breakfast Combo,118,45,36,127,False
2026-05-27,Hyderabad,Banjara Hills,Cappuccino,55,35,49,41,False
2026-05-27,Hyderabad,Banjara Hills,Chai Frappe,70,22,24,68,False
2026-05-27,Hyderabad,Gachibowli,House Latte,87,45,54,78,False
2026-05-27,Hyderabad,Gachibowli,Cold Brew,114,41,37,118,False
2026-05-27,Hyderabad,Gachibowli,Breakfast Combo,104,21,38,87,False
2026-05-27,Hyderabad,Gachibowli,Cappuccino,77,51,47,81,False
2026-05-27,Hyderabad,Gachibowli,Chai Frappe,92,46,42,96,False
2026-05-28,Ahmedabad,Satellite,House Latte,86,29,26,89,False
2026-05-28,Ahmedabad,Satellite,Cold Brew,99,44,24,119,False
2026-05-28,Ahmedabad,Satellite,Breakfast Combo,110,59,40,129,False
2026-05-28,Ahmedabad,Satellite,Cappuccino,58,57,24,91,False
2026-05-28,Ahmedabad,Satellite,Chai Frappe,74,54,35,93,False
2026-05-28,Ahmedabad,Navrangpura,House Latte,59,23,29,53,False
2026-05-28,Ahmedabad,Navrangpura,Cold Brew,93,48,23,118,False
2026-05-28,Ahmedabad,Navrangpura,Breakfast Combo,52,48,21,79,False
2026-05-28,Ahmedabad,Navrangpura,Cappuccino,45,39,37,47,False
2026-05-28,Ahmedabad,Navrangpura,Chai Frappe,59,28,24,63,False
2026-05-28,Jaipur,C-Scheme,House Latte,67,20,15,72,False
2026-05-28,Jaipur,C-Scheme,Cold Brew,69,20,27,62,False
2026-05-28,Jaipur,C-Scheme,Breakfast Combo,86,21,39,68,False
2026-05-28,Jaipur,C-Scheme,Cappuccino,89,42,40,91,False
2026-05-28,Jaipur,C-Scheme,Chai Frappe,104,22,21,105,False
2026-05-28,Jaipur,Malviya Nagar,House Latte,65,47,49,63,False
2026-05-28,Jaipur,Malviya Nagar,Cold Brew,113,43,31,125,False
2026-05-28,Jaipur,Malviya Nagar,Breakfast Combo,72,22,33,61,False
2026-05-28,Jaipur,Malviya Nagar,Cappuccino,81,28,45,64,False
2026-05-28,Jaipur,Malviya Nagar,Chai Frappe,104,32,51,85,False
2026-05-28,Delhi,Connaught Place,House Latte,48,56,45,59,False
2026-05-28,Delhi,Connaught Place,Cold Brew,57,46,27,76,False
2026-05-28,Delhi,Connaught Place,Breakfast Combo,103,26,24,105,False
2026-05-28,Delhi,Connaught Place,Cappuccino,64,27,28,63,False
2026-05-28,Delhi,Connaught Place,Chai Frappe,88,45,37,96,False
2026-05-28,Delhi,Saket,House Latte,55,28,51,32,False
2026-05-28,Delhi,Saket,Cold Brew,60,24,33,51,False
2026-05-28,Delhi,Saket,Breakfast Combo,40,33,49,24,False
2026-05-28,Delhi,Saket,Cappuccino,61,48,34,75,False
2026-05-28,Delhi,Saket,Chai Frappe,68,46,38,76,False
2026-05-28,Mumbai,Bandra,House Latte,65,28,51,42,False
2026-05-28,Mumbai,Bandra,Cold Brew,53,58,33,78,False
2026-05-28,Mumbai,Bandra,Breakfast Combo,119,34,37,116,False
2026-05-28,Mumbai,Bandra,Cappuccino,89,33,23,99,False
2026-05-28,Mumbai,Bandra,Chai Frappe,81,46,25,102,False
2026-05-28,Mumbai,Andheri,House Latte,101,45,21,125,False
2026-05-28,Mumbai,Andheri,Cold Brew,115,21,41,95,False
2026-05-28,Mumbai,Andheri,Breakfast Combo,75,46,45,76,False
2026-05-28,Mumbai,Andheri,Cappuccino,94,46,48,92,False
2026-05-28,Mumbai,Andheri,Chai Frappe,96,52,31,117,False
2026-05-28,Bengaluru,Indiranagar,House Latte,56,29,39,46,False
2026-05-28,Bengaluru,Indiranagar,Cold Brew,82,23,23,82,False
2026-05-28,Bengaluru,Indiranagar,Breakfast Combo,117,49,45,121,False
2026-05-28,Bengaluru,Indiranagar,Cappuccino,55,22,26,51,False
2026-05-28,Bengaluru,Indiranagar,Chai Frappe,108,40,46,102,False
2026-05-28,Bengaluru,Koramangala,House Latte,78,39,39,78,False
2026-05-28,Bengaluru,Koramangala,Cold Brew,116,37,38,115,False
2026-05-28,Bengaluru,Koramangala,Breakfast Combo,113,34,48,99,False
2026-05-28,Bengaluru,Koramangala,Cappuccino,82,55,33,104,False
2026-05-28,Bengaluru,Koramangala,Chai Frappe,90,32,40,82,False
2026-05-28,Hyderabad,Banjara Hills,House Latte,66,44,46,64,False
2026-05-28,Hyderabad,Banjara Hills,Cold Brew,74,37,27,84,False
2026-05-28,Hyderabad,Banjara Hills,Breakfast Combo,98,43,35,106,False
2026-05-28,Hyderabad,Banjara Hills,Cappuccino,42,24,15,51,False
2026-05-28,Hyderabad,Banjara Hills,Chai Frappe,108,54,17,145,False
2026-05-28,Hyderabad,Gachibowli,House Latte,43,51,35,59,False
2026-05-28,Hyderabad,Gachibowli,Cold Brew,64,44,24,84,False
2026-05-28,Hyderabad,Gachibowli,Breakfast Combo,55,34,50,39,False
2026-05-28,Hyderabad,Gachibowli,Cappuccino,101,27,37,91,False
2026-05-28,Hyderabad,Gachibowli,Chai Frappe,110,58,45,123,False
2026-05-29,Ahmedabad,Satellite,House Latte,50,29,23,56,False
2026-05-29,Ahmedabad,Satellite,Cold Brew,52,27,27,52,False
2026-05-29,Ahmedabad,Satellite,Breakfast Combo,84,35,31,88,False
2026-05-29,Ahmedabad,Satellite,Cappuccino,59,26,54,31,False
2026-05-29,Ahmedabad,Satellite,Chai Frappe,87,29,47,69,False
2026-05-29,Ahmedabad,Navrangpura,House Latte,106,58,21,143,False
2026-05-29,Ahmedabad,Navrangpura,Cold Brew,91,59,47,103,False
2026-05-29,Ahmedabad,Navrangpura,Breakfast Combo,58,55,31,82,False
2026-05-29,Ahmedabad,Navrangpura,Cappuccino,79,42,45,76,False
2026-05-29,Ahmedabad,Navrangpura,Chai Frappe,49,41,47,43,False
2026-05-29,Jaipur,C-Scheme,House Latte,83,30,17,96,False
2026-05-29,Jaipur,C-Scheme,Cold Brew,83,48,36,95,False
2026-05-29,Jaipur,C-Scheme,Breakfast Combo,118,44,35,127,False
2026-05-29,Jaipur,C-Scheme,Cappuccino,44,42,21,65,False
2026-05-29,Jaipur,C-Scheme,Chai Frappe,97,26,51,72,False
2026-05-29,Jaipur,Malviya Nagar,House Latte,64,37,20,81,False
2026-05-29,Jaipur,Malviya Nagar,Cold Brew,56,56,26,86,False
2026-05-29,Jaipur,Malviya Nagar,Breakfast Combo,81,59,39,101,False
2026-05-29,Jaipur,Malviya Nagar,Cappuccino,43,34,30,47,False
2026-05-29,Jaipur,Malviya Nagar,Chai Frappe,62,29,35,56,False
2026-05-29,Delhi,Connaught Place,House Latte,70,31,31,70,False
2026-05-29,Delhi,Connaught Place,Cold Brew,67,29,33,63,False
2026-05-29,Delhi,Connaught Place,Breakfast Combo,115,40,38,117,False
2026-05-29,Delhi,Connaught Place,Cappuccino,118,44,23,139,False
2026-05-29,Delhi,Connaught Place,Chai Frappe,71,39,33,77,False
2026-05-29,Delhi,Saket,House Latte,51,24,28,47,False
2026-05-29,Delhi,Saket,Cold Brew,113,48,48,113,False
2026-05-29,Delhi,Saket,Breakfast Combo,53,36,38,51,False
2026-05-29,Delhi,Saket,Cappuccino,74,36,29,81,False
2026-05-29,Delhi,Saket,Chai Frappe,44,54,52,46,False
2026-05-29,Mumbai,Bandra,House Latte,46,36,35,47,False
2026-05-29,Mumbai,Bandra,Cold Brew,102,59,31,130,False
2026-05-29,Mumbai,Bandra,Breakfast Combo,99,57,48,108,False
2026-05-29,Mumbai,Bandra,Cappuccino,63,52,31,84,False
2026-05-29,Mumbai,Bandra,Chai Frappe,41,50,48,43,False
2026-05-29,Mumbai,Andheri,House Latte,67,38,29,76,False
2026-05-29,Mumbai,Andheri,Cold Brew,49,59,15,93,False
2026-05-29,Mumbai,Andheri,Breakfast Combo,84,20,42,62,False
2026-05-29,Mumbai,Andheri,Cappuccino,112,45,39,118,False
2026-05-29,Mumbai,Andheri,Chai Frappe,106,58,49,115,False
2026-05-29,Bengaluru,Indiranagar,House Latte,58,42,47,53,False
2026-05-29,Bengaluru,Indiranagar,Cold Brew,63,47,15,95,False
2026-05-29,Bengaluru,Indiranagar,Breakfast Combo,110,44,44,110,False
2026-05-29,Bengaluru,Indiranagar,Cappuccino,106,28,33,101,False
2026-05-29,Bengaluru,Indiranagar,Chai Frappe,108,26,47,87,False
2026-05-29,Bengaluru,Koramangala,House Latte,63,43,35,71,False
2026-05-29,Bengaluru,Koramangala,Cold Brew,94,53,28,119,False
2026-05-29,Bengaluru,Koramangala,Breakfast Combo,53,36,39,50,False
2026-05-29,Bengaluru,Koramangala,Cappuccino,100,50,28,122,False
2026-05-29,Bengaluru,Koramangala,Chai Frappe,114,23,19,118,False
2026-05-29,Hyderabad,Banjara Hills,House Latte,41,57,22,76,False
2026-05-29,Hyderabad,Banjara Hills,Cold Brew,88,52,45,95,False
2026-05-29,Hyderabad,Banjara Hills,Breakfast Combo,115,22,31,106,False
2026-05-29,Hyderabad,Banjara Hills,Cappuccino,80,47,39,88,False
2026-05-29,Hyderabad,Banjara Hills,Chai Frappe,84,32,19,97,False
2026-05-29,Hyderabad,Gachibowli,House Latte,74,30,37,67,False
2026-05-29,Hyderabad,Gachibowli,Cold Brew,103,42,38,107,False
2026-05-29,Hyderabad,Gachibowli,Breakfast Combo,43,45,32,56,False
2026-05-29,Hyderabad,Gachibowli,Cappuccino,49,28,46,31,False
2026-05-29,Hyderabad,Gachibowli,Chai Frappe,113,40,54,99,False
2026-05-30,Ahmedabad,Satellite,House Latte,54,31,52,33,False
2026-05-30,Ahmedabad,Satellite,Cold Brew,54,46,23,77,False
2026-05-30,Ahmedabad,Satellite,Breakfast Combo,66,39,29,76,False
2026-05-30,Ahmedabad,Satellite,Cappuccino,109,58,35,132,False
2026-05-30,Ahmedabad,Satellite,Chai Frappe,82,22,24,80,False
2026-05-30,Ahmedabad,Navrangpura,House Latte,43,54,24,73,False
2026-05-30,Ahmedabad,Navrangpura,Cold Brew,67,53,43,77,False
2026-05-30,Ahmedabad,Navrangpura,Breakfast Combo,89,21,37,73,False
2026-05-30,Ahmedabad,Navrangpura,Cappuccino,84,32,44,72,False
2026-05-30,Ahmedabad,Navrangpura,Chai Frappe,114,30,28,116,False
2026-05-30,Jaipur,C-Scheme,House Latte,65,53,18,100,False
2026-05-30,Jaipur,C-Scheme,Cold Brew,111,51,34,128,False
2026-05-30,Jaipur,C-Scheme,Breakfast Combo,86,55,45,96,False
2026-05-30,Jaipur,C-Scheme,Cappuccino,62,22,41,43,False
2026-05-30,Jaipur,C-Scheme,Chai Frappe,51,23,54,20,False
2026-05-30,Jaipur,Malviya Nagar,House Latte,77,46,23,100,False
2026-05-30,Jaipur,Malviya Nagar,Cold Brew,48,22,29,41,False
2026-05-30,Jaipur,Malviya Nagar,Breakfast Combo,40,36,27,49,False
2026-05-30,Jaipur,Malviya Nagar,Cappuccino,82,43,27,98,False
2026-05-30,Jaipur,Malviya Nagar,Chai Frappe,76,23,27,72,False
2026-05-30,Delhi,Connaught Place,House Latte,118,59,34,143,False
2026-05-30,Delhi,Connaught Place,Cold Brew,115,40,20,135,False
2026-05-30,Delhi,Connaught Place,Breakfast Combo,109,36,39,106,False
2026-05-30,Delhi,Connaught Place,Cappuccino,91,32,44,79,False
2026-05-30,Delhi,Connaught Place,Chai Frappe,80,34,26,88,False
2026-05-30,Delhi,Saket,House Latte,99,29,19,109,False
2026-05-30,Delhi,Saket,Cold Brew,110,33,40,103,False
2026-05-30,Delhi,Saket,Breakfast Combo,97,53,40,110,False
2026-05-30,Delhi,Saket,Cappuccino,96,53,52,97,False
2026-05-30,Delhi,Saket,Chai Frappe,43,49,21,71,False
2026-05-30,Mumbai,Bandra,House Latte,111,21,24,108,False
2026-05-30,Mumbai,Bandra,Cold Brew,55,44,15,84,False
2026-05-30,Mumbai,Bandra,Breakfast Combo,41,40,53,28,False
2026-05-30,Mumbai,Bandra,Cappuccino,82,37,41,78,False
2026-05-30,Mumbai,Bandra,Chai Frappe,84,35,38,81,False
2026-05-30,Mumbai,Andheri,House Latte,40,29,41,28,False
2026-05-30,Mumbai,Andheri,Cold Brew,67,22,19,70,False
2026-05-30,Mumbai,Andheri,Breakfast Combo,109,33,15,127,False
2026-05-30,Mumbai,Andheri,Cappuccino,98,41,33,106,False
2026-05-30,Mumbai,Andheri,Chai Frappe,111,32,37,106,False
2026-05-30,Bengaluru,Indiranagar,House Latte,99,44,23,120,False
2026-05-30,Bengaluru,Indiranagar,Cold Brew,94,49,19,124,False
2026-05-30,Bengaluru,Indiranagar,Breakfast Combo,53,46,19,80,False
2026-05-30,Bengaluru,Indiranagar,Cappuccino,110,24,53,81,False
2026-05-30,Bengaluru,Indiranagar,Chai Frappe,93,37,25,105,False
2026-05-30,Bengaluru,Koramangala,House Latte,67,49,45,71,False
2026-05-30,Bengaluru,Koramangala,Cold Brew,56,41,54,43,False
2026-05-30,Bengaluru,Koramangala,Breakfast Combo,60,47,21,86,False
2026-05-30,Bengaluru,Koramangala,Cappuccino,106,26,26,106,False
2026-05-30,Bengaluru,Koramangala,Chai Frappe,76,34,21,89,False
2026-05-30,Hyderabad,Banjara Hills,House Latte,91,20,54,57,False
2026-05-30,Hyderabad,Banjara Hills,Cold Brew,44,33,52,25,False
2026-05-30,Hyderabad,Banjara Hills,Breakfast Combo,52,22,44,30,False
2026-05-30,Hyderabad,Banjara Hills,Cappuccino,45,55,33,67,False
2026-05-30,Hyderabad,Banjara Hills,Chai Frappe,109,29,20,118,False
2026-05-30,Hyderabad,Gachibowli,House Latte,117,50,51,116,False
2026-05-30,Hyderabad,Gachibowli,Cold Brew,65,36,38,63,False
2026-05-30,Hyderabad,Gachibowli,Breakfast Combo,75,29,30,74,False
2026-05-30,Hyderabad,Gachibowli,Cappuccino,88,21,28,81,False
2026-05-30,Hyderabad,Gachibowli,Chai Frappe,63,22,19,66,False
2026-05-31,Ahmedabad,Satellite,House Latte,79,24,28,75,False
2026-05-31,Ahmedabad,Satellite,Cold Brew,84,54,18,120,False
2026-05-31,Ahmedabad,Satellite,Breakfast Combo,74,24,32,66,False
2026-05-31,Ahmedabad,Satellite,Cappuccino,78,51,32,97,False
2026-05-31,Ahmedabad,Satellite,Chai Frappe,114,25,17,122,False
2026-05-31,Ahmedabad,Navrangpura,House Latte,40,34,22,52,False
2026-05-31,Ahmedabad,Navrangpura,Cold Brew,47,29,53,23,False
2026-05-31,Ahmedabad,Navrangpura,Breakfast Combo,104,20,51,73,False
2026-05-31,Ahmedabad,Navrangpura,Cappuccino,56,36,28,64,False
2026-05-31,Ahmedabad,Navrangpura,Chai Frappe,72,50,43,79,False
2026-05-31,Jaipur,C-Scheme,House Latte,87,45,44,88,False
2026-05-31,Jaipur,C-Scheme,Cold Brew,54,35,19,70,False
2026-05-31,Jaipur,C-Scheme,Breakfast Combo,96,37,40,93,False
2026-05-31,Jaipur,C-Scheme,Cappuccino,85,30,20,95,False
2026-05-31,Jaipur,C-Scheme,Chai Frappe,117,31,19,129,False
2026-05-31,Jaipur,Malviya Nagar,House Latte,64,56,25,95,False
2026-05-31,Jaipur,Malviya Nagar,Cold Brew,118,38,49,107,False
2026-05-31,Jaipur,Malviya Nagar,Breakfast Combo,92,21,35,78,False
2026-05-31,Jaipur,Malviya Nagar,Cappuccino,73,28,36,65,False
2026-05-31,Jaipur,Malviya Nagar,Chai Frappe,48,47,47,48,False
2026-05-31,Delhi,Connaught Place,House Latte,47,39,41,45,False
2026-05-31,Delhi,Connaught Place,Cold Brew,44,35,25,54,False
2026-05-31,Delhi,Connaught Place,Breakfast Combo,43,52,32,63,False
2026-05-31,Delhi,Connaught Place,Cappuccino,100,43,50,93,False
2026-05-31,Delhi,Connaught Place,Chai Frappe,119,44,29,134,False
2026-05-31,Delhi,Saket,House Latte,73,53,32,94,False
2026-05-31,Delhi,Saket,Cold Brew,81,27,54,54,False
2026-05-31,Delhi,Saket,Breakfast Combo,92,33,38,87,False
2026-05-31,Delhi,Saket,Cappuccino,72,26,49,49,False
2026-05-31,Delhi,Saket,Chai Frappe,110,53,29,134,False
2026-05-31,Mumbai,Bandra,House Latte,60,21,44,37,False
2026-05-31,Mumbai,Bandra,Cold Brew,66,55,49,72,False
2026-05-31,Mumbai,Bandra,Breakfast Combo,50,56,20,86,False
2026-05-31,Mumbai,Bandra,Cappuccino,79,38,53,64,False
2026-05-31,Mumbai,Bandra,Chai Frappe,92,55,38,109,False
2026-05-31,Mumbai,Andheri,House Latte,106,54,49,111,False
2026-05-31,Mumbai,Andheri,Cold Brew,72,35,54,53,False
2026-05-31,Mumbai,Andheri,Breakfast Combo,100,56,38,118,False
2026-05-31,Mumbai,Andheri,Cappuccino,114,48,44,118,False
2026-05-31,Mumbai,Andheri,Chai Frappe,54,42,44,52,False
2026-05-31,Bengaluru,Indiranagar,House Latte,100,58,28,130,False
2026-05-31,Bengaluru,Indiranagar,Cold Brew,64,58,54,68,False
2026-05-31,Bengaluru,Indiranagar,Breakfast Combo,54,35,52,37,False
2026-05-31,Bengaluru,Indiranagar,Cappuccino,55,51,19,87,False
2026-05-31,Bengaluru,Indiranagar,Chai Frappe,54,51,39,66,False
2026-05-31,Bengaluru,Koramangala,House Latte,84,54,27,111,False
2026-05-31,Bengaluru,Koramangala,Cold Brew,80,44,44,80,False
2026-05-31,Bengaluru,Koramangala,Breakfast Combo,66,45,32,79,False
2026-05-31,Bengaluru,Koramangala,Cappuccino,83,54,30,107,False
2026-05-31,Bengaluru,Koramangala,Chai Frappe,93,57,45,105,False
2026-05-31,Hyderabad,Banjara Hills,House Latte,119,43,26,136,False
2026-05-31,Hyderabad,Banjara Hills,Cold Brew,119,45,24,140,False
2026-05-31,Hyderabad,Banjara Hills,Breakfast Combo,65,30,48,47,False
2026-05-31,Hyderabad,Banjara Hills,Cappuccino,47,49,37,59,False
2026-05-31,Hyderabad,Banjara Hills,Chai Frappe,45,44,45,44,False
2026-05-31,Hyderabad,Gachibowli,House Latte,98,41,28,111,False
2026-05-31,Hyderabad,Gachibowli,Cold Brew,53,20,29,44,False
2026-05-31,Hyderabad,Gachibowli,Breakfast Combo,90,21,54,57,False
2026-05-31,Hyderabad,Gachibowli,Cappuccino,86,31,53,64,False
2026-05-31,Hyderabad,Gachibowli,Chai Frappe,54,58,26,86,False
2026-06-01,Ahmedabad,Satellite,House Latte,70,37,54,53,False
2026-06-01,Ahmedabad,Satellite,Cold Brew,60,58,28,90,False
2026-06-01,Ahmedabad,Satellite,Breakfast Combo,62,45,42,65,False
2026-06-01,Ahmedabad,Satellite,Cappuccino,67,25,30,62,False
2026-06-01,Ahmedabad,Satellite,Chai Frappe,83,21,18,86,False
2026-06-01,Ahmedabad,Navrangpura,House Latte,113,21,31,103,False
2026-06-01,Ahmedabad,Navrangpura,Cold Brew,101,33,34,100,False
2026-06-01,Ahmedabad,Navrangpura,Breakfast Combo,46,51,40,57,False
2026-06-01,Ahmedabad,Navrangpura,Cappuccino,108,54,29,133,False
2026-06-01,Ahmedabad,Navrangpura,Chai Frappe,43,33,20,56,False
2026-06-01,Jaipur,C-Scheme,House Latte,82,25,51,56,False
2026-06-01,Jaipur,C-Scheme,Cold Brew,88,30,51,67,False
2026-06-01,Jaipur,C-Scheme,Breakfast Combo,101,37,20,118,False
2026-06-01,Jaipur,C-Scheme,Cappuccino,67,43,45,65,False
2026-06-01,Jaipur,C-Scheme,Chai Frappe,60,49,26,83,False
2026-06-01,Jaipur,Malviya Nagar,House Latte,59,37,21,75,False
2026-06-01,Jaipur,Malviya Nagar,Cold Brew,72,34,26,80,False
2026-06-01,Jaipur,Malviya Nagar,Breakfast Combo,102,33,42,93,False
2026-06-01,Jaipur,Malviya Nagar,Cappuccino,97,46,25,118,False
2026-06-01,Jaipur,Malviya Nagar,Chai Frappe,106,29,26,109,False
2026-06-01,Delhi,Connaught Place,House Latte,109,33,42,100,False
2026-06-01,Delhi,Connaught Place,Cold Brew,43,44,49,38,False
2026-06-01,Delhi,Connaught Place,Breakfast Combo,96,43,48,91,False
2026-06-01,Delhi,Connaught Place,Cappuccino,63,35,17,81,False
2026-06-01,Delhi,Connaught Place,Chai Frappe,95,48,45,98,False
2026-06-01,Delhi,Saket,House Latte,99,25,41,83,False
2026-06-01,Delhi,Saket,Cold Brew,101,28,34,95,False
2026-06-01,Delhi,Saket,Breakfast Combo,113,36,45,104,False
2026-06-01,Delhi,Saket,Cappuccino,82,46,40,88,False
2026-06-01,Delhi,Saket,Chai Frappe,92,51,51,92,False
2026-06-01,Mumbai,Bandra,House Latte,63,57,40,80,False
2026-06-01,Mumbai,Bandra,Cold Brew,87,33,31,89,False
2026-06-01,Mumbai,Bandra,Breakfast Combo,92,34,26,100,False
2026-06-01,Mumbai,Bandra,Cappuccino,105,36,40,101,False
2026-06-01,Mumbai,Bandra,Chai Frappe,42,23,48,17,False
2026-06-01,Mumbai,Andheri,House Latte,51,51,51,51,False
2026-06-01,Mumbai,Andheri,Cold Brew,78,55,32,101,False
2026-06-01,Mumbai,Andheri,Breakfast Combo,116,29,32,113,False
2026-06-01,Mumbai,Andheri,Cappuccino,71,51,16,106,False
2026-06-01,Mumbai,Andheri,Chai Frappe,106,20,27,99,False
2026-06-01,Bengaluru,Indiranagar,House Latte,87,25,34,78,False
2026-06-01,Bengaluru,Indiranagar,Cold Brew,119,52,16,155,False
2026-06-01,Bengaluru,Indiranagar,Breakfast Combo,87,43,17,113,False
2026-06-01,Bengaluru,Indiranagar,Cappuccino,92,40,42,90,False
2026-06-01,Bengaluru,Indiranagar,Chai Frappe,63,30,44,49,False
2026-06-01,Bengaluru,Koramangala,House Latte,97,26,23,100,False
2026-06-01,Bengaluru,Koramangala,Cold Brew,86,53,23,116,False
2026-06-01,Bengaluru,Koramangala,Breakfast Combo,57,52,42,67,False
2026-06-01,Bengaluru,Koramangala,Cappuccino,112,51,53,110,False
2026-06-01,Bengaluru,Koramangala,Chai Frappe,55,30,24,61,False
2026-06-01,Hyderabad,Banjara Hills,House Latte,44,51,41,54,False
2026-06-01,Hyderabad,Banjara Hills,Cold Brew,46,27,22,51,False
2026-06-01,Hyderabad,Banjara Hills,Breakfast Combo,72,38,26,84,False
2026-06-01,Hyderabad,Banjara Hills,Cappuccino,114,28,37,105,False
2026-06-01,Hyderabad,Banjara Hills,Chai Frappe,75,35,48,62,False
2026-06-01,Hyderabad,Gachibowli,House Latte,118,20,33,105,False
2026-06-01,Hyderabad,Gachibowli,Cold Brew,49,37,39,47,False
2026-06-01,Hyderabad,Gachibowli,Breakfast Combo,72,32,27,77,False
2026-06-01,Hyderabad,Gachibowli,Cappuccino,63,33,29,67,False
2026-06-01,Hyderabad,Gachibowli,Chai Frappe,95,23,16,102,False
2026-06-02,Ahmedabad,Satellite,House Latte,81,47,25,103,False
2026-06-02,Ahmedabad,Satellite,Cold Brew,56,44,30,70,False
2026-06-02,Ahmedabad,Satellite,Breakfast Combo,98,25,19,104,False
2026-06-02,Ahmedabad,Satellite,Cappuccino,84,35,44,75,False
2026-06-02,Ahmedabad,Satellite,Chai Frappe,80,34,21,93,False
2026-06-02,Ahmedabad,Navrangpura,House Latte,53,50,24,79,False
2026-06-02,Ahmedabad,Navrangpura,Cold Brew,80,52,50,82,False
2026-06-02,Ahmedabad,Navrangpura,Breakfast Combo,61,24,45,40,False
2026-06-02,Ahmedabad,Navrangpura,Cappuccino,94,33,38,89,False
2026-06-02,Ahmedabad,Navrangpura,Chai Frappe,55,48,44,59,False
2026-06-02,Jaipur,C-Scheme,House Latte,63,38,28,73,False
2026-06-02,Jaipur,C-Scheme,Cold Brew,42,25,53,14,False
2026-06-02,Jaipur,C-Scheme,Breakfast Combo,76,25,16,85,False
2026-06-02,Jaipur,C-Scheme,Cappuccino,68,59,30,97,False
2026-06-02,Jaipur,C-Scheme,Chai Frappe,119,39,45,113,False
2026-06-02,Jaipur,Malviya Nagar,House Latte,102,21,15,108,False
2026-06-02,Jaipur,Malviya Nagar,Cold Brew,113,57,20,150,False
2026-06-02,Jaipur,Malviya Nagar,Breakfast Combo,91,56,53,94,False
2026-06-02,Jaipur,Malviya Nagar,Cappuccino,63,52,40,75,False
2026-06-02,Jaipur,Malviya Nagar,Chai Frappe,114,25,39,100,False
2026-06-02,Delhi,Connaught Place,House Latte,41,34,15,60,False
2026-06-02,Delhi,Connaught Place,Cold Brew,75,52,41,86,False
2026-06-02,Delhi,Connaught Place,Breakfast Combo,65,37,29,73,False
2026-06-02,Delhi,Connaught Place,Cappuccino,98,30,18,110,False
2026-06-02,Delhi,Connaught Place,Chai Frappe,80,53,34,99,False
2026-06-02,Delhi,Saket,House Latte,56,21,52,25,False
2026-06-02,Delhi,Saket,Cold Brew,100,26,17,109,False
2026-06-02,Delhi,Saket,Breakfast Combo,50,35,47,38,False
2026-06-02,Delhi,Saket,Cappuccino,52,52,15,89,False
2026-06-02,Delhi,Saket,Chai Frappe,99,31,53,77,False
2026-06-02,Mumbai,Bandra,House Latte,78,30,24,84,False
2026-06-02,Mumbai,Bandra,Cold Brew,106,36,29,113,False
2026-06-02,Mumbai,Bandra,Breakfast Combo,98,41,41,98,False
2026-06-02,Mumbai,Bandra,Cappuccino,75,22,15,82,False
2026-06-02,Mumbai,Bandra,Chai Frappe,43,42,35,50,False
2026-06-02,Mumbai,Andheri,House Latte,99,55,21,133,False
2026-06-02,Mumbai,Andheri,Cold Brew,116,57,39,134,False
2026-06-02,Mumbai,Andheri,Breakfast Combo,82,27,22,87,False
2026-06-02,Mumbai,Andheri,Cappuccino,41,45,32,54,False
2026-06-02,Mumbai,Andheri,Chai Frappe,55,25,17,63,False
2026-06-02,Bengaluru,Indiranagar,House Latte,91,47,40,98,False
2026-06-02,Bengaluru,Indiranagar,Cold Brew,48,21,19,50,False
2026-06-02,Bengaluru,Indiranagar,Breakfast Combo,100,49,26,123,False
2026-06-02,Bengaluru,Indiranagar,Cappuccino,44,32,47,29,False
2026-06-02,Bengaluru,Indiranagar,Chai Frappe,51,51,33,69,False
2026-06-02,Bengaluru,Koramangala,House Latte,51,57,35,73,False
2026-06-02,Bengaluru,Koramangala,Cold Brew,93,23,29,87,False
2026-06-02,Bengaluru,Koramangala,Breakfast Combo,90,45,17,118,False
2026-06-02,Bengaluru,Koramangala,Cappuccino,88,57,46,99,False
2026-06-02,Bengaluru,Koramangala,Chai Frappe,56,56,42,70,False
2026-06-02,Hyderabad,Banjara Hills,House Latte,44,25,51,18,False
2026-06-02,Hyderabad,Banjara Hills,Cold Brew,56,23,33,46,False
2026-06-02,Hyderabad,Banjara Hills,Breakfast Combo,82,42,41,83,False
2026-06-02,Hyderabad,Banjara Hills,Cappuccino,119,50,16,153,False
2026-06-02,Hyderabad,Banjara Hills,Chai Frappe,47,20,30,37,False
2026-06-02,Hyderabad,Gachibowli,House Latte,68,57,29,96,False
2026-06-02,Hyderabad,Gachibowli,Cold Brew,42,55,25,72,False
2026-06-02,Hyderabad,Gachibowli,Breakfast Combo,113,50,50,113,False
2026-06-02,Hyderabad,Gachibowli,Cappuccino,105,25,40,90,False
2026-06-02,Hyderabad,Gachibowli,Chai Frappe,72,45,44,73,False
2026-06-03,Ahmedabad,Satellite,House Latte,80,32,51,61,False
2026-06-03,Ahmedabad,Satellite,Cold Brew,93,55,24,124,False
2026-06-03,Ahmedabad,Satellite,Breakfast Combo,107,32,33,106,False
2026-06-03,Ahmedabad,Satellite,Cappuccino,108,34,25,117,False
2026-06-03,Ahmedabad,Satellite,Chai Frappe,113,58,27,144,False
2026-06-03,Ahmedabad,Navrangpura,House Latte,64,29,15,78,False
2026-06-03,Ahmedabad,Navrangpura,Cold Brew,84,30,48,66,False
2026-06-03,Ahmedabad,Navrangpura,Breakfast Combo,53,45,35,63,False
2026-06-03,Ahmedabad,Navrangpura,Cappuccino,88,24,33,79,False
2026-06-03,Ahmedabad,Navrangpura,Chai Frappe,90,33,49,74,False
2026-06-03,Jaipur,C-Scheme,House Latte,82,34,16,100,False
2026-06-03,Jaipur,C-Scheme,Cold Brew,53,39,31,61,False
2026-06-03,Jaipur,C-Scheme,Breakfast Combo,109,51,21,139,False
2026-06-03,Jaipur,C-Scheme,Cappuccino,87,38,19,106,False
2026-06-03,Jaipur,C-Scheme,Chai Frappe,93,41,18,116,False
2026-06-03,Jaipur,Malviya Nagar,House Latte,77,49,28,98,False
2026-06-03,Jaipur,Malviya Nagar,Cold Brew,68,24,23,69,False
2026-06-03,Jaipur,Malviya Nagar,Breakfast Combo,118,44,22,140,False
2026-06-03,Jaipur,Malviya Nagar,Cappuccino,78,27,32,73,False
2026-06-03,Jaipur,Malviya Nagar,Chai Frappe,51,44,37,58,False
2026-06-03,Delhi,Connaught Place,House Latte,90,37,26,101,False
2026-06-03,Delhi,Connaught Place,Cold Brew,59,28,32,55,False
2026-06-03,Delhi,Connaught Place,Breakfast Combo,76,46,17,105,False
2026-06-03,Delhi,Connaught Place,Cappuccino,62,54,51,65,False
2026-06-03,Delhi,Connaught Place,Chai Frappe,114,32,20,126,False
2026-06-03,Delhi,Saket,House Latte,55,25,53,27,False
2026-06-03,Delhi,Saket,Cold Brew,110,52,44,118,False
2026-06-03,Delhi,Saket,Breakfast Combo,67,39,48,58,False
2026-06-03,Delhi,Saket,Cappuccino,105,40,48,97,False
2026-06-03,Delhi,Saket,Chai Frappe,67,36,48,55,False
2026-06-03,Mumbai,Bandra,House Latte,70,50,33,87,False
2026-06-03,Mumbai,Bandra,Cold Brew,63,28,39,52,False
2026-06-03,Mumbai,Bandra,Breakfast Combo,78,34,44,68,False
2026-06-03,Mumbai,Bandra,Cappuccino,40,23,53,10,False
2026-06-03,Mumbai,Bandra,Chai Frappe,93,41,15,119,False
2026-06-03,Mumbai,Andheri,House Latte,87,37,38,86,False
2026-06-03,Mumbai,Andheri,Cold Brew,43,42,38,47,False
2026-06-03,Mumbai,Andheri,Breakfast Combo,63,22,53,32,False
2026-06-03,Mumbai,Andheri,Cappuccino,96,44,45,95,False
2026-06-03,Mumbai,Andheri,Chai Frappe,93,25,33,85,False
2026-06-03,Bengaluru,Indiranagar,House Latte,111,31,53,89,False
2026-06-03,Bengaluru,Indiranagar,Cold Brew,45,33,29,49,False
2026-06-03,Bengaluru,Indiranagar,Breakfast Combo,89,27,24,92,False
2026-06-03,Bengaluru,Indiranagar,Cappuccino,92,31,50,73,False
2026-06-03,Bengaluru,Indiranagar,Chai Frappe,109,32,37,104,False
2026-06-03,Bengaluru,Koramangala,House Latte,66,33,41,58,False
2026-06-03,Bengaluru,Koramangala,Cold Brew,63,25,25,63,False
2026-06-03,Bengaluru,Koramangala,Breakfast Combo,114,30,29,115,False
2026-06-03,Bengaluru,Koramangala,Cappuccino,90,24,25,89,False
2026-06-03,Bengaluru,Koramangala,Chai Frappe,53,56,52,57,False
2026-06-03,Hyderabad,Banjara Hills,House Latte,100,29,39,90,False
2026-06-03,Hyderabad,Banjara Hills,Cold Brew,92,54,21,125,False
2026-06-03,Hyderabad,Banjara Hills,Breakfast Combo,98,27,37,88,False
2026-06-03,Hyderabad,Banjara Hills,Cappuccino,110,22,20,112,False
2026-06-03,Hyderabad,Banjara Hills,Chai Frappe,105,20,42,83,False
2026-06-03,Hyderabad,Gachibowli,House Latte,80,33,49,64,False
2026-06-03,Hyderabad,Gachibowli,Cold Brew,107,33,15,125,False
2026-06-03,Hyderabad,Gachibowli,Breakfast Combo,50,24,54,20,False
2026-06-03,Hyderabad,Gachibowli,Cappuccino,87,47,24,110,False
2026-06-03,Hyderabad,Gachibowli,Chai Frappe,108,48,45,111,False
2026-06-04,Ahmedabad,Satellite,House Latte,77,47,36,88,False
2026-06-04,Ahmedabad,Satellite,Cold Brew,70,43,27,86,False
2026-06-04,Ahmedabad,Satellite,Breakfast Combo,116,48,44,120,False
2026-06-04,Ahmedabad,Satellite,Cappuccino,97,37,53,81,False
2026-06-04,Ahmedabad,Satellite,Chai Frappe,56,42,17,81,False
2026-06-04,Ahmedabad,Navrangpura,House Latte,63,42,34,71,False
2026-06-04,Ahmedabad,Navrangpura,Cold Brew,115,44,31,128,False
2026-06-04,Ahmedabad,Navrangpura,Breakfast Combo,74,44,46,72,False
2026-06-04,Ahmedabad,Navrangpura,Cappuccino,62,43,37,68,False
2026-06-04,Ahmedabad,Navrangpura,Chai Frappe,40,56,37,59,False
2026-06-04,Jaipur,C-Scheme,House Latte,59,45,42,62,False
2026-06-04,Jaipur,C-Scheme,Cold Brew,113,21,31,103,False
2026-06-04,Jaipur,C-Scheme,Breakfast Combo,54,42,35,61,False
2026-06-04,Jaipur,C-Scheme,Cappuccino,77,59,36,100,False
2026-06-04,Jaipur,C-Scheme,Chai Frappe,72,22,26,68,False
2026-06-04,Jaipur,Malviya Nagar,House Latte,111,38,51,98,False
2026-06-04,Jaipur,Malviya Nagar,Cold Brew,82,41,32,91,False
2026-06-04,Jaipur,Malviya Nagar,Breakfast Combo,84,22,17,89,False
2026-06-04,Jaipur,Malviya Nagar,Cappuccino,78,43,37,84,False
2026-06-04,Jaipur,Malviya Nagar,Chai Frappe,74,31,43,62,False
2026-06-04,Delhi,Connaught Place,House Latte,88,21,33,76,False
2026-06-04,Delhi,Connaught Place,Cold Brew,96,51,26,121,False
2026-06-04,Delhi,Connaught Place,Breakfast Combo,113,46,32,127,False
2026-06-04,Delhi,Connaught Place,Cappuccino,90,54,24,120,False
2026-06-04,Delhi,Connaught Place,Chai Frappe,52,37,18,71,False
2026-06-04,Delhi,Saket,House Latte,106,58,39,125,False
2026-06-04,Delhi,Saket,Cold Brew,118,22,40,100,False
2026-06-04,Delhi,Saket,Breakfast Combo,75,31,27,79,False
2026-06-04,Delhi,Saket,Cappuccino,83,45,21,107,False
2026-06-04,Delhi,Saket,Chai Frappe,89,57,15,131,False
2026-06-04,Mumbai,Bandra,House Latte,110,44,28,126,False
2026-06-04,Mumbai,Bandra,Cold Brew,98,44,45,97,False
2026-06-04,Mumbai,Bandra,Breakfast Combo,46,22,40,28,False
2026-06-04,Mumbai,Bandra,Cappuccino,64,29,31,62,False
2026-06-04,Mumbai,Bandra,Chai Frappe,98,27,53,72,False
2026-06-04,Mumbai,Andheri,House Latte,73,26,17,82,False
2026-06-04,Mumbai,Andheri,Cold Brew,108,24,31,101,False
2026-06-04,Mumbai,Andheri,Breakfast Combo,93,40,25,108,False
2026-06-04,Mumbai,Andheri,Cappuccino,48,48,34,62,False
2026-06-04,Mumbai,Andheri,Chai Frappe,43,27,37,33,False
2026-06-04,Bengaluru,Indiranagar,House Latte,53,35,19,69,False
2026-06-04,Bengaluru,Indiranagar,Cold Brew,103,45,46,102,False
2026-06-04,Bengaluru,Indiranagar,Breakfast Combo,44,35,25,54,False
2026-06-04,Bengaluru,Indiranagar,Cappuccino,89,52,24,117,False
2026-06-04,Bengaluru,Indiranagar,Chai Frappe,101,43,47,97,False
2026-06-04,Bengaluru,Koramangala,House Latte,46,59,32,73,False
2026-06-04,Bengaluru,Koramangala,Cold Brew,62,27,54,35,False
2026-06-04,Bengaluru,Koramangala,Breakfast Combo,110,25,32,103,False
2026-06-04,Bengaluru,Koramangala,Cappuccino,98,43,22,119,False
2026-06-04,Bengaluru,Koramangala,Chai Frappe,68,34,26,76,False
2026-06-04,Hyderabad,Banjara Hills,House Latte,116,28,43,101,False
2026-06-04,Hyderabad,Banjara Hills,Cold Brew,112,51,46,117,False
2026-06-04,Hyderabad,Banjara Hills,Breakfast Combo,52,25,46,31,False
2026-06-04,Hyderabad,Banjara Hills,Cappuccino,99,49,31,117,False
2026-06-04,Hyderabad,Banjara Hills,Chai Frappe,81,20,26,75,False
2026-06-04,Hyderabad,Gachibowli,House Latte,82,25,20,87,False
2026-06-04,Hyderabad,Gachibowli,Cold Brew,43,28,54,17,False
2026-06-04,Hyderabad,Gachibowli,Breakfast Combo,95,57,25,127,False
2026-06-04,Hyderabad,Gachibowli,Cappuccino,87,55,29,113,False
2026-06-04,Hyderabad,Gachibowli,Chai Frappe,92,47,48,91,False
2026-06-05,Ahmedabad,Satellite,House Latte,117,44,38,123,False
2026-06-05,Ahmedabad,Satellite,Cold Brew,109,47,29,127,False
2026-06-05,Ahmedabad,Satellite,Breakfast Combo,90,41,24,107,False
2026-06-05,Ahmedabad,Satellite,Cappuccino,81,44,51,74,False
2026-06-05,Ahmedabad,Satellite,Chai Frappe,86,26,54,58,False
2026-06-05,Ahmedabad,Navrangpura,House Latte,86,31,45,72,False
2026-06-05,Ahmedabad,Navrangpura,Cold Brew,70,34,48,56,False
2026-06-05,Ahmedabad,Navrangpura,Breakfast Combo,109,40,29,120,False
2026-06-05,Ahmedabad,Navrangpura,Cappuccino,109,26,44,91,False
2026-06-05,Ahmedabad,Navrangpura,Chai Frappe,86,54,31,109,False
2026-06-05,Jaipur,C-Scheme,House Latte,106,20,45,81,False
2026-06-05,Jaipur,C-Scheme,Cold Brew,45,45,22,68,False
2026-06-05,Jaipur,C-Scheme,Breakfast Combo,117,50,19,148,False
2026-06-05,Jaipur,C-Scheme,Cappuccino,111,30,36,105,False
2026-06-05,Jaipur,C-Scheme,Chai Frappe,46,24,24,46,False
2026-06-05,Jaipur,Malviya Nagar,House Latte,82,41,49,74,False
2026-06-05,Jaipur,Malviya Nagar,Cold Brew,53,49,15,87,False
2026-06-05,Jaipur,Malviya Nagar,Breakfast Combo,63,27,19,71,False
2026-06-05,Jaipur,Malviya Nagar,Cappuccino,86,56,41,101,False
2026-06-05,Jaipur,Malviya Nagar,Chai Frappe,108,43,17,134,False
2026-06-05,Delhi,Connaught Place,House Latte,67,52,16,103,False
2026-06-05,Delhi,Connaught Place,Cold Brew,47,53,17,83,False
2026-06-05,Delhi,Connaught Place,Breakfast Combo,116,50,41,125,False
2026-06-05,Delhi,Connaught Place,Cappuccino,82,23,31,74,False
2026-06-05,Delhi,Connaught Place,Chai Frappe,104,56,32,128,False
2026-06-05,Delhi,Saket,House Latte,107,51,17,141,False
2026-06-05,Delhi,Saket,Cold Brew,89,44,36,97,False
2026-06-05,Delhi,Saket,Breakfast Combo,101,55,37,119,False
2026-06-05,Delhi,Saket,Cappuccino,65,59,53,71,False
2026-06-05,Delhi,Saket,Chai Frappe,94,45,19,120,False
2026-06-05,Mumbai,Bandra,House Latte,72,27,35,64,False
2026-06-05,Mumbai,Bandra,Cold Brew,106,28,54,80,False
2026-06-05,Mumbai,Bandra,Breakfast Combo,50,23,53,20,False
2026-06-05,Mumbai,Bandra,Cappuccino,48,49,45,52,False
2026-06-05,Mumbai,Bandra,Chai Frappe,66,22,27,61,False
2026-06-05,Mumbai,Andheri,House Latte,45,46,50,41,False
2026-06-05,Mumbai,Andheri,Cold Brew,119,52,45,126,False
2026-06-05,Mumbai,Andheri,Breakfast Combo,110,50,41,119,False
2026-06-05,Mumbai,Andheri,Cappuccino,119,32,31,120,False
2026-06-05,Mumbai,Andheri,Chai Frappe,112,32,26,118,False
2026-06-05,Bengaluru,Indiranagar,House Latte,52,31,38,45,False
2026-06-05,Bengaluru,Indiranagar,Cold Brew,110,25,42,93,False
2026-06-05,Bengaluru,Indiranagar,Breakfast Combo,101,55,45,111,False
2026-06-05,Bengaluru,Indiranagar,Cappuccino,52,39,53,38,False
2026-06-05,Bengaluru,Indiranagar,Chai Frappe,112,44,53,103,False
2026-06-05,Bengaluru,Koramangala,House Latte,93,22,51,64,False
2026-06-05,Bengaluru,Koramangala,Cold Brew,53,35,24,64,False
2026-06-05,Bengaluru,Koramangala,Breakfast Combo,97,21,40,78,False
2026-06-05,Bengaluru,Koramangala,Cappuccino,109,51,27,133,False
2026-06-05,Bengaluru,Koramangala,Chai Frappe,111,34,42,103,False
2026-06-05,Hyderabad,Banjara Hills,House Latte,80,22,15,87,False
2026-06-05,Hyderabad,Banjara Hills,Cold Brew,54,57,53,58,False
2026-06-05,Hyderabad,Banjara Hills,Breakfast Combo,72,58,16,114,False
2026-06-05,Hyderabad,Banjara Hills,Cappuccino,117,29,16,130,False
2026-06-05,Hyderabad,Banjara Hills,Chai Frappe,100,35,26,109,False
2026-06-05,Hyderabad,Gachibowli,House Latte,100,33,45,88,False
2026-06-05,Hyderabad,Gachibowli,Cold Brew,55,23,27,51,False
2026-06-05,Hyderabad,Gachibowli,Breakfast Combo,88,28,20,96,False
2026-06-05,Hyderabad,Gachibowli,Cappuccino,99,39,32,106,False
2026-06-05,Hyderabad,Gachibowli,Chai Frappe,59,20,17,62,False
2026-06-06,Ahmedabad,Satellite,House Latte,94,23,24,93,False
2026-06-06,Ahmedabad,Satellite,Cold Brew,112,33,44,101,False
2026-06-06,Ahmedabad,Satellite,Breakfast Combo,67,57,47,77,False
2026-06-06,Ahmedabad,Satellite,Cappuccino,77,47,31,93,False
2026-06-06,Ahmedabad,Satellite,Chai Frappe,115,34,48,101,False
2026-06-06,Ahmedabad,Navrangpura,House Latte,89,45,29,105,False
2026-06-06,Ahmedabad,Navrangpura,Cold Brew,106,49,47,108,False
2026-06-06,Ahmedabad,Navrangpura,Breakfast Combo,104,26,50,80,False
2026-06-06,Ahmedabad,Navrangpura,Cappuccino,107,29,54,82,False
2026-06-06,Ahmedabad,Navrangpura,Chai Frappe,82,32,23,91,False
2026-06-06,Jaipur,C-Scheme,House Latte,69,21,42,48,False
2026-06-06,Jaipur,C-Scheme,Cold Brew,96,46,36,106,False
2026-06-06,Jaipur,C-Scheme,Breakfast Combo,69,48,49,68,False
2026-06-06,Jaipur,C-Scheme,Cappuccino,47,35,54,28,False
2026-06-06,Jaipur,C-Scheme,Chai Frappe,108,59,22,145,False
2026-06-06,Jaipur,Malviya Nagar,House Latte,77,25,49,53,False
2026-06-06,Jaipur,Malviya Nagar,Cold Brew,81,29,18,92,False
2026-06-06,Jaipur,Malviya Nagar,Breakfast Combo,99,52,50,101,False
2026-06-06,Jaipur,Malviya Nagar,Cappuccino,117,52,46,123,False
2026-06-06,Jaipur,Malviya Nagar,Chai Frappe,104,59,33,130,False
2026-06-06,Delhi,Connaught Place,House Latte,100,52,19,133,False
2026-06-06,Delhi,Connaught Place,Cold Brew,95,33,20,108,False
2026-06-06,Delhi,Connaught Place,Breakfast Combo,53,24,50,27,False
2026-06-06,Delhi,Connaught Place,Cappuccino,101,24,40,85,False
2026-06-06,Delhi,Connaught Place,Chai Frappe,92,40,39,93,False
2026-06-06,Delhi,Saket,House Latte,112,40,41,111,False
2026-06-06,Delhi,Saket,Cold Brew,85,35,50,70,False
2026-06-06,Delhi,Saket,Breakfast Combo,73,51,39,85,False
2026-06-06,Delhi,Saket,Cappuccino,94,50,44,100,False
2026-06-06,Delhi,Saket,Chai Frappe,85,44,35,94,False
2026-06-06,Mumbai,Bandra,House Latte,67,49,50,66,False
2026-06-06,Mumbai,Bandra,Cold Brew,96,50,48,98,False
2026-06-06,Mumbai,Bandra,Breakfast Combo,69,22,28,63,False
2026-06-06,Mumbai,Bandra,Cappuccino,100,52,35,117,False
2026-06-06,Mumbai,Bandra,Chai Frappe,102,22,40,84,False
2026-06-06,Mumbai,Andheri,House Latte,94,40,43,91,False
2026-06-06,Mumbai,Andheri,Cold Brew,79,40,39,80,False
2026-06-06,Mumbai,Andheri,Breakfast Combo,103,29,27,105,False
2026-06-06,Mumbai,Andheri,Cappuccino,73,28,28,73,False
2026-06-06,Mumbai,Andheri,Chai Frappe,68,32,31,69,False
2026-06-06,Bengaluru,Indiranagar,House Latte,80,47,27,100,False
2026-06-06,Bengaluru,Indiranagar,Cold Brew,107,39,43,103,False
2026-06-06,Bengaluru,Indiranagar,Breakfast Combo,49,26,33,42,False
2026-06-06,Bengaluru,Indiranagar,Cappuccino,69,39,21,87,False
2026-06-06,Bengaluru,Indiranagar,Chai Frappe,77,47,44,80,False
2026-06-06,Bengaluru,Koramangala,House Latte,59,33,36,56,False
2026-06-06,Bengaluru,Koramangala,Cold Brew,81,51,30,102,False
2026-06-06,Bengaluru,Koramangala,Breakfast Combo,93,55,26,122,False
2026-06-06,Bengaluru,Koramangala,Cappuccino,105,33,28,110,False
2026-06-06,Bengaluru,Koramangala,Chai Frappe,92,44,36,100,False
2026-06-06,Hyderabad,Banjara Hills,House Latte,58,23,51,30,False
2026-06-06,Hyderabad,Banjara Hills,Cold Brew,109,55,35,129,False
2026-06-06,Hyderabad,Banjara Hills,Breakfast Combo,110,38,18,130,False
2026-06-06,Hyderabad,Banjara Hills,Cappuccino,55,30,30,55,False
2026-06-06,Hyderabad,Banjara Hills,Chai Frappe,115,33,39,109,False
2026-06-06,Hyderabad,Gachibowli,House Latte,61,45,37,69,False
2026-06-06,Hyderabad,Gachibowli,Cold Brew,52,38,19,71,False
2026-06-06,Hyderabad,Gachibowli,Breakfast Combo,111,48,52,107,False
2026-06-06,Hyderabad,Gachibowli,Cappuccino,110,28,43,95,False
2026-06-06,Hyderabad,Gachibowli,Chai Frappe,48,58,46,60,False
2026-06-07,Ahmedabad,Satellite,House Latte,94,59,48,105,False
2026-06-07,Ahmedabad,Satellite,Cold Brew,109,24,15,118,False
2026-06-07,Ahmedabad,Satellite,Breakfast Combo,116,30,32,114,False
2026-06-07,Ahmedabad,Satellite,Cappuccino,43,44,47,40,False
2026-06-07,Ahmedabad,Satellite,Chai Frappe,107,43,41,109,False
2026-06-07,Ahmedabad,Navrangpura,House Latte,81,37,37,81,False
2026-06-07,Ahmedabad,Navrangpura,Cold Brew,114,30,33,111,False
2026-06-07,Ahmedabad,Navrangpura,Breakfast Combo,88,42,16,114,False
2026-06-07,Ahmedabad,Navrangpura,Cappuccino,62,45,42,65,False
2026-06-07,Ahmedabad,Navrangpura,Chai Frappe,98,59,41,116,False
2026-06-07,Jaipur,C-Scheme,House Latte,86,33,29,90,False
2026-06-07,Jaipur,C-Scheme,Cold Brew,106,38,43,101,False
2026-06-07,Jaipur,C-Scheme,Breakfast Combo,49,25,23,51,False
2026-06-07,Jaipur,C-Scheme,Cappuccino,55,44,40,59,False
2026-06-07,Jaipur,C-Scheme,Chai Frappe,84,31,38,77,False
2026-06-07,Jaipur,Malviya Nagar,House Latte,49,38,21,66,False
2026-06-07,Jaipur,Malviya Nagar,Cold Brew,46,26,19,53,False
2026-06-07,Jaipur,Malviya Nagar,Breakfast Combo,78,41,39,80,False
2026-06-07,Jaipur,Malviya Nagar,Cappuccino,75,27,15,87,False
2026-06-07,Jaipur,Malviya Nagar,Chai Frappe,96,59,26,129,False
2026-06-07,Delhi,Connaught Place,House Latte,56,32,23,65,False
2026-06-07,Delhi,Connaught Place,Cold Brew,57,39,46,50,False
2026-06-07,Delhi,Connaught Place,Breakfast Combo,96,58,29,125,False
2026-06-07,Delhi,Connaught Place,Cappuccino,79,35,16,98,False
2026-06-07,Delhi,Connaught Place,Chai Frappe,71,30,34,67,False
2026-06-07,Delhi,Saket,House Latte,52,49,48,53,False
2026-06-07,Delhi,Saket,Cold Brew,116,23,19,120,False
2026-06-07,Delhi,Saket,Breakfast Combo,117,53,38,132,False
2026-06-07,Delhi,Saket,Cappuccino,65,40,36,69,False
2026-06-07,Delhi,Saket,Chai Frappe,107,41,16,132,False
2026-06-07,Mumbai,Bandra,House Latte,95,51,26,120,False
2026-06-07,Mumbai,Bandra,Cold Brew,49,25,48,26,False
2026-06-07,Mumbai,Bandra,Breakfast Combo,75,41,53,63,False
2026-06-07,Mumbai,Bandra,Cappuccino,44,28,48,24,False
2026-06-07,Mumbai,Bandra,Chai Frappe,83,21,43,61,False
2026-06-07,Mumbai,Andheri,House Latte,51,51,46,56,False
2026-06-07,Mumbai,Andheri,Cold Brew,105,38,25,118,False
2026-06-07,Mumbai,Andheri,Breakfast Combo,110,42,40,112,False
2026-06-07,Mumbai,Andheri,Cappuccino,50,44,38,56,False
2026-06-07,Mumbai,Andheri,Chai Frappe,63,50,20,93,False
2026-06-07,Bengaluru,Indiranagar,House Latte,97,58,37,118,False
2026-06-07,Bengaluru,Indiranagar,Cold Brew,48,42,36,54,False
2026-06-07,Bengaluru,Indiranagar,Breakfast Combo,84,30,40,74,False
2026-06-07,Bengaluru,Indiranagar,Cappuccino,61,42,38,65,False
2026-06-07,Bengaluru,Indiranagar,Chai Frappe,91,51,50,92,False
2026-06-07,Bengaluru,Koramangala,House Latte,102,51,49,104,False
2026-06-07,Bengaluru,Koramangala,Cold Brew,59,31,36,54,False
2026-06-07,Bengaluru,Koramangala,Breakfast Combo,77,48,15,110,False
2026-06-07,Bengaluru,Koramangala,Cappuccino,51,49,47,53,False
2026-06-07,Bengaluru,Koramangala,Chai Frappe,64,32,37,59,False
2026-06-07,Hyderabad,Banjara Hills,House Latte,78,26,35,69,False
2026-06-07,Hyderabad,Banjara Hills,Cold Brew,105,49,47,107,False
2026-06-07,Hyderabad,Banjara Hills,Breakfast Combo,91,55,24,122,False
2026-06-07,Hyderabad,Banjara Hills,Cappuccino,43,24,54,13,False
2026-06-07,Hyderabad,Banjara Hills,Chai Frappe,91,29,49,71,False
2026-06-07,Hyderabad,Gachibowli,House Latte,64,43,24,83,False
2026-06-07,Hyderabad,Gachibowli,Cold Brew,47,30,24,53,False
2026-06-07,Hyderabad,Gachibowli,Breakfast Combo,84,20,24,80,False
2026-06-07,Hyderabad,Gachibowli,Cappuccino,85,35,40,80,False
2026-06-07,Hyderabad,Gachibowli,Chai Frappe,92,58,48,102,False
2026-06-08,Ahmedabad,Satellite,House Latte,58,47,40,65,False
2026-06-08,Ahmedabad,Satellite,Cold Brew,87,51,20,118,False
2026-06-08,Ahmedabad,Satellite,Breakfast Combo,70,52,50,72,False
2026-06-08,Ahmedabad,Satellite,Cappuccino,42,38,25,55,False
2026-06-08,Ahmedabad,Satellite,Chai Frappe,53,22,36,39,False
2026-06-08,Ahmedabad,Navrangpura,House Latte,93,41,29,105,False
2026-06-08,Ahmedabad,Navrangpura,Cold Brew,101,46,51,96,False
2026-06-08,Ahmedabad,Navrangpura,Breakfast Combo,67,29,33,63,False
2026-06-08,Ahmedabad,Navrangpura,Cappuccino,80,38,48,70,False
2026-06-08,Ahmedabad,Navrangpura,Chai Frappe,43,41,32,52,False
2026-06-08,Jaipur,C-Scheme,House Latte,56,45,47,54,False
2026-06-08,Jaipur,C-Scheme,Cold Brew,83,23,18,88,False
2026-06-08,Jaipur,C-Scheme,Breakfast Combo,73,46,27,92,False
2026-06-08,Jaipur,C-Scheme,Cappuccino,64,54,15,103,False
2026-06-08,Jaipur,C-Scheme,Chai Frappe,46,26,54,18,False
2026-06-08,Jaipur,Malviya Nagar,House Latte,79,26,27,78,False
2026-06-08,Jaipur,Malviya Nagar,Cold Brew,117,47,23,141,False
2026-06-08,Jaipur,Malviya Nagar,Breakfast Combo,59,22,45,36,False
2026-06-08,Jaipur,Malviya Nagar,Cappuccino,50,31,28,53,False
2026-06-08,Jaipur,Malviya Nagar,Chai Frappe,89,44,46,87,False
2026-06-08,Delhi,Connaught Place,House Latte,63,35,30,68,False
2026-06-08,Delhi,Connaught Place,Cold Brew,43,49,36,56,False
2026-06-08,Delhi,Connaught Place,Breakfast Combo,78,59,22,115,False
2026-06-08,Delhi,Connaught Place,Cappuccino,117,47,23,141,False
2026-06-08,Delhi,Connaught Place,Chai Frappe,94,50,29,115,False
2026-06-08,Delhi,Saket,House Latte,67,53,21,99,False
2026-06-08,Delhi,Saket,Cold Brew,41,46,51,36,False
2026-06-08,Delhi,Saket,Breakfast Combo,80,25,36,69,False
2026-06-08,Delhi,Saket,Cappuccino,60,53,39,74,False
2026-06-08,Delhi,Saket,Chai Frappe,66,44,41,69,False
2026-06-08,Mumbai,Bandra,House Latte,94,34,37,91,False
2026-06-08,Mumbai,Bandra,Cold Brew,43,36,30,49,False
2026-06-08,Mumbai,Bandra,Breakfast Combo,82,58,53,87,False
2026-06-08,Mumbai,Bandra,Cappuccino,78,45,19,104,False
2026-06-08,Mumbai,Bandra,Chai Frappe,78,47,42,83,False
2026-06-08,Mumbai,Andheri,House Latte,117,38,51,104,False
2026-06-08,Mumbai,Andheri,Cold Brew,118,42,18,142,False
2026-06-08,Mumbai,Andheri,Breakfast Combo,70,50,38,82,False
2026-06-08,Mumbai,Andheri,Cappuccino,114,52,17,149,False
2026-06-08,Mumbai,Andheri,Chai Frappe,108,34,47,95,False
2026-06-08,Bengaluru,Indiranagar,House Latte,80,38,17,101,False
2026-06-08,Bengaluru,Indiranagar,Cold Brew,49,43,37,55,False
2026-06-08,Bengaluru,Indiranagar,Breakfast Combo,84,26,35,75,False
2026-06-08,Bengaluru,Indiranagar,Cappuccino,44,25,34,35,False
2026-06-08,Bengaluru,Indiranagar,Chai Frappe,89,46,54,81,False
2026-06-08,Bengaluru,Koramangala,House Latte,108,35,46,97,False
2026-06-08,Bengaluru,Koramangala,Cold Brew,47,54,30,71,False
2026-06-08,Bengaluru,Koramangala,Breakfast Combo,100,58,43,115,False
2026-06-08,Bengaluru,Koramangala,Cappuccino,113,20,21,112,False
2026-06-08,Bengaluru,Koramangala,Chai Frappe,90,41,19,112,False
2026-06-08,Hyderabad,Banjara Hills,House Latte,97,22,54,65,False
2026-06-08,Hyderabad,Banjara Hills,Cold Brew,52,37,47,42,False
2026-06-08,Hyderabad,Banjara Hills,Breakfast Combo,81,49,43,87,False
2026-06-08,Hyderabad,Banjara Hills,Cappuccino,115,38,54,99,False
2026-06-08,Hyderabad,Banjara Hills,Chai Frappe,81,55,44,92,False
2026-06-08,Hyderabad,Gachibowli,House Latte,50,45,50,45,False
2026-06-08,Hyderabad,Gachibowli,Cold Brew,50,53,19,84,False
2026-06-08,Hyderabad,Gachibowli,Breakfast Combo,109,51,21,139,False
2026-06-08,Hyderabad,Gachibowli,Cappuccino,98,24,37,85,False
2026-06-08,Hyderabad,Gachibowli,Chai Frappe,113,28,21,120,False
2026-06-09,Ahmedabad,Satellite,House Latte,73,34,16,91,False
2026-06-09,Ahmedabad,Satellite,Cold Brew,76,30,19,87,False
2026-06-09,Ahmedabad,Satellite,Breakfast Combo,62,20,51,31,False
2026-06-09,Ahmedabad,Satellite,Cappuccino,119,34,50,103,False
2026-06-09,Ahmedabad,Satellite,Chai Frappe,76,56,21,111,False
2026-06-09,Ahmedabad,Navrangpura,House Latte,62,49,23,88,False
2026-06-09,Ahmedabad,Navrangpura,Cold Brew,105,37,31,111,False
2026-06-09,Ahmedabad,Navrangpura,Breakfast Combo,76,51,15,112,False
2026-06-09,Ahmedabad,Navrangpura,Cappuccino,100,51,47,104,False
2026-06-09,Ahmedabad,Navrangpura,Chai Frappe,119,51,36,134,False
2026-06-09,Jaipur,C-Scheme,House Latte,77,35,48,64,False
2026-06-09,Jaipur,C-Scheme,Cold Brew,71,42,18,95,False
2026-06-09,Jaipur,C-Scheme,Breakfast Combo,65,30,32,63,False
2026-06-09,Jaipur,C-Scheme,Cappuccino,80,48,32,96,False
2026-06-09,Jaipur,C-Scheme,Chai Frappe,52,41,17,76,False
2026-06-09,Jaipur,Malviya Nagar,House Latte,107,50,24,133,False
2026-06-09,Jaipur,Malviya Nagar,Cold Brew,61,21,29,53,False
2026-06-09,Jaipur,Malviya Nagar,Breakfast Combo,43,57,20,80,False
2026-06-09,Jaipur,Malviya Nagar,Cappuccino,92,42,24,110,False
2026-06-09,Jaipur,Malviya Nagar,Chai Frappe,104,24,50,78,False
2026-06-09,Delhi,Connaught Place,House Latte,99,45,50,94,False
2026-06-09,Delhi,Connaught Place,Cold Brew,72,31,21,82,False
2026-06-09,Delhi,Connaught Place,Breakfast Combo,113,36,48,101,False
2026-06-09,Delhi,Connaught Place,Cappuccino,66,58,49,75,False
2026-06-09,Delhi,Connaught Place,Chai Frappe,64,39,46,57,False
2026-06-09,Delhi,Saket,House Latte,58,20,26,52,False
2026-06-09,Delhi,Saket,Cold Brew,87,25,28,84,False
2026-06-09,Delhi,Saket,Breakfast Combo,113,23,17,119,False
2026-06-09,Delhi,Saket,Cappuccino,73,20,16,77,False
2026-06-09,Delhi,Saket,Chai Frappe,54,24,47,31,False
2026-06-09,Mumbai,Bandra,House Latte,49,40,43,46,False
2026-06-09,Mumbai,Bandra,Cold Brew,90,46,29,107,False
2026-06-09,Mumbai,Bandra,Breakfast Combo,111,22,19,114,False
2026-06-09,Mumbai,Bandra,Cappuccino,108,22,22,108,False
2026-06-09,Mumbai,Bandra,Chai Frappe,53,21,19,55,False
2026-06-09,Mumbai,Andheri,House Latte,85,46,18,113,False
2026-06-09,Mumbai,Andheri,Cold Brew,115,23,42,96,False
2026-06-09,Mumbai,Andheri,Breakfast Combo,104,40,34,110,False
2026-06-09,Mumbai,Andheri,Cappuccino,48,29,49,28,False
2026-06-09,Mumbai,Andheri,Chai Frappe,67,21,44,44,False
2026-06-09,Bengaluru,Indiranagar,House Latte,94,22,17,99,False
2026-06-09,Bengaluru,Indiranagar,Cold Brew,49,22,39,32,False
2026-06-09,Bengaluru,Indiranagar,Breakfast Combo,50,44,22,72,False
2026-06-09,Bengaluru,Indiranagar,Cappuccino,117,49,29,137,False
2026-06-09,Bengaluru,Indiranagar,Chai Frappe,74,22,17,79,False
2026-06-09,Bengaluru,Koramangala,House Latte,83,20,40,63,False
2026-06-09,Bengaluru,Koramangala,Cold Brew,70,25,36,59,False
2026-06-09,Bengaluru,Koramangala,Breakfast Combo,84,49,22,111,False
2026-06-09,Bengaluru,Koramangala,Cappuccino,83,53,25,111,False
2026-06-09,Bengaluru,Koramangala,Chai Frappe,106,48,32,122,False
2026-06-09,Hyderabad,Banjara Hills,House Latte,110,58,24,144,False
2026-06-09,Hyderabad,Banjara Hills,Cold Brew,118,20,20,118,False
2026-06-09,Hyderabad,Banjara Hills,Breakfast Combo,43,34,52,25,False
2026-06-09,Hyderabad,Banjara Hills,Cappuccino,88,44,18,114,False
2026-06-09,Hyderabad,Banjara Hills,Chai Frappe,81,35,34,82,False
2026-06-09,Hyderabad,Gachibowli,House Latte,60,28,53,35,False
2026-06-09,Hyderabad,Gachibowli,Cold Brew,84,36,17,103,False
2026-06-09,Hyderabad,Gachibowli,Breakfast Combo,101,38,30,109,False
2026-06-09,Hyderabad,Gachibowli,Cappuccino,93,25,36,82,False
2026-06-09,Hyderabad,Gachibowli,Chai Frappe,109,38,15,132,False
2026-06-10,Ahmedabad,Satellite,House Latte,58,22,35,45,False
2026-06-10,Ahmedabad,Satellite,Cold Brew,69,25,42,52,False
2026-06-10,Ahmedabad,Satellite,Breakfast Combo,54,33,54,33,False
2026-06-10,Ahmedabad,Satellite,Cappuccino,45,29,27,47,False
2026-06-10,Ahmedabad,Satellite,Chai Frappe,80,29,53,56,False
2026-06-10,Ahmedabad,Navrangpura,House Latte,40,57,36,61,False
2026-06-10,Ahmedabad,Navrangpura,Cold Brew,43,24,19,48,False
2026-06-10,Ahmedabad,Navrangpura,Breakfast Combo,62,33,40,55,False
2026-06-10,Ahmedabad,Navrangpura,Cappuccino,64,49,26,87,False
2026-06-10,Ahmedabad,Navrangpura,Chai Frappe,61,31,28,64,False
2026-06-10,Jaipur,C-Scheme,House Latte,107,29,25,111,False
2026-06-10,Jaipur,C-Scheme,Cold Brew,116,46,22,140,False
2026-06-10,Jaipur,C-Scheme,Breakfast Combo,109,27,21,115,False
2026-06-10,Jaipur,C-Scheme,Cappuccino,75,47,22,100,False
2026-06-10,Jaipur,C-Scheme,Chai Frappe,100,26,46,80,False
2026-06-10,Jaipur,Malviya Nagar,House Latte,47,38,40,45,False
2026-06-10,Jaipur,Malviya Nagar,Cold Brew,61,44,42,63,False
2026-06-10,Jaipur,Malviya Nagar,Breakfast Combo,92,35,45,82,False
2026-06-10,Jaipur,Malviya Nagar,Cappuccino,98,33,44,87,False
2026-06-10,Jaipur,Malviya Nagar,Chai Frappe,113,52,44,121,False
2026-06-10,Delhi,Connaught Place,House Latte,101,52,26,127,False
2026-06-10,Delhi,Connaught Place,Cold Brew,97,27,29,95,False
2026-06-10,Delhi,Connaught Place,Breakfast Combo,114,31,48,97,False
2026-06-10,Delhi,Connaught Place,Cappuccino,73,28,18,83,False
2026-06-10,Delhi,Connaught Place,Chai Frappe,83,38,35,86,False
2026-06-10,Delhi,Saket,House Latte,43,30,15,58,False
2026-06-10,Delhi,Saket,Cold Brew,64,57,21,100,False
2026-06-10,Delhi,Saket,Breakfast Combo,95,20,37,78,False
2026-06-10,Delhi,Saket,Cappuccino,113,33,22,124,False
2026-06-10,Delhi,Saket,Chai Frappe,85,31,50,66,False
2026-06-10,Mumbai,Bandra,House Latte,107,46,40,113,False
2026-06-10,Mumbai,Bandra,Cold Brew,88,49,33,104,False
2026-06-10,Mumbai,Bandra,Breakfast Combo,117,33,15,135,False
2026-06-10,Mumbai,Bandra,Cappuccino,95,46,54,87,False
2026-06-10,Mumbai,Bandra,Chai Frappe,71,36,37,70,False
2026-06-10,Mumbai,Andheri,House Latte,71,51,32,90,False
2026-06-10,Mumbai,Andheri,Cold Brew,102,37,24,115,False
2026-06-10,Mumbai,Andheri,Breakfast Combo,119,41,43,117,False
2026-06-10,Mumbai,Andheri,Cappuccino,87,34,53,68,False
2026-06-10,Mumbai,Andheri,Chai Frappe,69,59,32,96,False
2026-06-10,Bengaluru,Indiranagar,House Latte,41,21,53,9,False
2026-06-10,Bengaluru,Indiranagar,Cold Brew,82,35,47,70,False
2026-06-10,Bengaluru,Indiranagar,Breakfast Combo,89,46,42,93,False
2026-06-10,Bengaluru,Indiranagar,Cappuccino,55,23,44,34,False
2026-06-10,Bengaluru,Indiranagar,Chai Frappe,41,48,20,69,False
2026-06-10,Bengaluru,Koramangala,House Latte,61,48,39,70,False
2026-06-10,Bengaluru,Koramangala,Cold Brew,102,44,16,130,False
2026-06-10,Bengaluru,Koramangala,Breakfast Combo,107,28,20,115,False
2026-06-10,Bengaluru,Koramangala,Cappuccino,110,27,36,101,False
2026-06-10,Bengaluru,Koramangala,Chai Frappe,78,50,16,112,False
2026-06-10,Hyderabad,Banjara Hills,House Latte,48,36,33,51,False
2026-06-10,Hyderabad,Banjara Hills,Cold Brew,103,44,20,127,False
2026-06-10,Hyderabad,Banjara Hills,Breakfast Combo,118,38,53,103,False
2026-06-10,Hyderabad,Banjara Hills,Cappuccino,119,22,35,106,False
2026-06-10,Hyderabad,Banjara Hills,Chai Frappe,73,39,27,85,False
2026-06-10,Hyderabad,Gachibowli,House Latte,84,39,22,101,False
2026-06-10,Hyderabad,Gachibowli,Cold Brew,63,25,48,40,False
2026-06-10,Hyderabad,Gachibowli,Breakfast Combo,94,35,30,99,False
2026-06-10,Hyderabad,Gachibowli,Cappuccino,46,31,51,26,False
2026-06-10,Hyderabad,Gachibowli,Chai Frappe,42,25,48,19,False
2026-06-11,Ahmedabad,Satellite,House Latte,81,21,34,68,False
2026-06-11,Ahmedabad,Satellite,Cold Brew,99,33,30,102,False
2026-06-11,Ahmedabad,Satellite,Breakfast Combo,90,43,51,82,False
2026-06-11,Ahmedabad,Satellite,Cappuccino,59,31,21,69,False
2026-06-11,Ahmedabad,Satellite,Chai Frappe,93,41,28,106,False
2026-06-11,Ahmedabad,Navrangpura,House Latte,95,35,22,108,False
2026-06-11,Ahmedabad,Navrangpura,Cold Brew,83,37,31,89,False
2026-06-11,Ahmedabad,Navrangpura,Breakfast Combo,75,56,23,108,False
2026-06-11,Ahmedabad,Navrangpura,Cappuccino,62,42,16,88,False
2026-06-11,Ahmedabad,Navrangpura,Chai Frappe,51,42,35,58,False
2026-06-11,Jaipur,C-Scheme,House Latte,92,24,49,67,False
2026-06-11,Jaipur,C-Scheme,Cold Brew,78,26,27,77,False
2026-06-11,Jaipur,C-Scheme,Breakfast Combo,58,38,33,63,False
2026-06-11,Jaipur,C-Scheme,Cappuccino,74,38,51,61,False
2026-06-11,Jaipur,C-Scheme,Chai Frappe,116,39,53,102,False
2026-06-11,Jaipur,Malviya Nagar,House Latte,105,52,24,133,False
2026-06-11,Jaipur,Malviya Nagar,Cold Brew,75,34,18,91,False
2026-06-11,Jaipur,Malviya Nagar,Breakfast Combo,46,44,31,59,False
2026-06-11,Jaipur,Malviya Nagar,Cappuccino,106,46,18,134,False
2026-06-11,Jaipur,Malviya Nagar,Chai Frappe,107,39,37,109,False
2026-06-11,Delhi,Connaught Place,House Latte,117,45,15,147,False
2026-06-11,Delhi,Connaught Place,Cold Brew,54,37,16,75,False
2026-06-11,Delhi,Connaught Place,Breakfast Combo,53,51,20,84,False
2026-06-11,Delhi,Connaught Place,Cappuccino,53,40,18,75,False
2026-06-11,Delhi,Connaught Place,Chai Frappe,60,57,40,77,False
2026-06-11,Delhi,Saket,House Latte,117,34,39,112,False
2026-06-11,Delhi,Saket,Cold Brew,59,35,21,73,False
2026-06-11,Delhi,Saket,Breakfast Combo,106,27,23,110,False
2026-06-11,Delhi,Saket,Cappuccino,77,37,27,87,False
2026-06-11,Delhi,Saket,Chai Frappe,68,31,51,48,False
2026-06-11,Mumbai,Bandra,House Latte,86,56,54,88,False
2026-06-11,Mumbai,Bandra,Cold Brew,92,53,19,126,False
2026-06-11,Mumbai,Bandra,Breakfast Combo,115,39,43,111,False
2026-06-11,Mumbai,Bandra,Cappuccino,59,23,50,32,False
2026-06-11,Mumbai,Bandra,Chai Frappe,75,25,41,59,False
2026-06-11,Mumbai,Andheri,House Latte,44,38,43,39,False
2026-06-11,Mumbai,Andheri,Cold Brew,97,38,29,106,False
2026-06-11,Mumbai,Andheri,Breakfast Combo,107,27,17,117,False
2026-06-11,Mumbai,Andheri,Cappuccino,52,52,33,71,False
2026-06-11,Mumbai,Andheri,Chai Frappe,42,26,16,52,False
2026-06-11,Bengaluru,Indiranagar,House Latte,105,38,17,126,False
2026-06-11,Bengaluru,Indiranagar,Cold Brew,57,44,38,63,False
2026-06-11,Bengaluru,Indiranagar,Breakfast Combo,105,21,17,109,False
2026-06-11,Bengaluru,Indiranagar,Cappuccino,42,35,44,33,False
2026-06-11,Bengaluru,Indiranagar,Chai Frappe,93,28,41,80,False
2026-06-11,Bengaluru,Koramangala,House Latte,92,27,44,75,False
2026-06-11,Bengaluru,Koramangala,Cold Brew,73,22,30,65,False
2026-06-11,Bengaluru,Koramangala,Breakfast Combo,101,47,25,123,False
2026-06-11,Bengaluru,Koramangala,Cappuccino,100,35,33,102,False
2026-06-11,Bengaluru,Koramangala,Chai Frappe,46,59,48,57,False
2026-06-11,Hyderabad,Banjara Hills,House Latte,55,42,46,51,False
2026-06-11,Hyderabad,Banjara Hills,Cold Brew,80,28,53,55,False
2026-06-11,Hyderabad,Banjara Hills,Breakfast Combo,61,33,29,65,False
2026-06-11,Hyderabad,Banjara Hills,Cappuccino,111,40,43,108,False
2026-06-11,Hyderabad,Banjara Hills,Chai Frappe,112,57,49,120,False
2026-06-11,Hyderabad,Gachibowli,House Latte,112,57,54,115,False
2026-06-11,Hyderabad,Gachibowli,Cold Brew,91,25,19,97,False
2026-06-11,Hyderabad,Gachibowli,Breakfast Combo,103,32,47,88,False
2026-06-11,Hyderabad,Gachibowli,Cappuccino,114,45,45,114,False
2026-06-11,Hyderabad,Gachibowli,Chai Frappe,62,37,53,46,False
2026-06-12,Ahmedabad,Satellite,House Latte,105,28,52,81,False
2026-06-12,Ahmedabad,Satellite,Cold Brew,79,53,35,97,False
2026-06-12,Ahmedabad,Satellite,Breakfast Combo,88,26,28,86,False
2026-06-12,Ahmedabad,Satellite,Cappuccino,97,53,18,132,False
2026-06-12,Ahmedabad,Satellite,Chai Frappe,46,47,32,61,False
2026-06-12,Ahmedabad,Navrangpura,House Latte,107,22,28,101,False
2026-06-12,Ahmedabad,Navrangpura,Cold Brew,42,48,49,41,False
2026-06-12,Ahmedabad,Navrangpura,Breakfast Combo,52,32,48,36,False
2026-06-12,Ahmedabad,Navrangpura,Cappuccino,43,58,50,51,False
2026-06-12,Ahmedabad,Navrangpura,Chai Frappe,52,25,42,35,False
2026-06-12,Jaipur,C-Scheme,House Latte,40,40,17,63,False
2026-06-12,Jaipur,C-Scheme,Cold Brew,82,34,43,73,False
2026-06-12,Jaipur,C-Scheme,Breakfast Combo,110,39,40,109,False
2026-06-12,Jaipur,C-Scheme,Cappuccino,88,59,24,123,False
2026-06-12,Jaipur,C-Scheme,Chai Frappe,59,35,44,50,False
2026-06-12,Jaipur,Malviya Nagar,House Latte,109,31,19,121,False
2026-06-12,Jaipur,Malviya Nagar,Cold Brew,88,43,29,102,False
2026-06-12,Jaipur,Malviya Nagar,Breakfast Combo,54,53,48,59,False
2026-06-12,Jaipur,Malviya Nagar,Cappuccino,99,43,25,117,False
2026-06-12,Jaipur,Malviya Nagar,Chai Frappe,72,22,24,70,False
2026-06-12,Delhi,Connaught Place,House Latte,76,37,18,95,False
2026-06-12,Delhi,Connaught Place,Cold Brew,116,30,35,111,False
2026-06-12,Delhi,Connaught Place,Breakfast Combo,77,38,48,67,False
2026-06-12,Delhi,Connaught Place,Cappuccino,99,54,30,123,False
2026-06-12,Delhi,Connaught Place,Chai Frappe,61,37,37,61,False
2026-06-12,Delhi,Saket,House Latte,66,38,21,83,False
2026-06-12,Delhi,Saket,Cold Brew,86,48,36,98,False
2026-06-12,Delhi,Saket,Breakfast Combo,109,59,51,117,False
2026-06-12,Delhi,Saket,Cappuccino,47,55,28,74,False
2026-06-12,Delhi,Saket,Chai Frappe,76,36,26,86,False
2026-06-12,Mumbai,Bandra,House Latte,110,45,53,102,False
2026-06-12,Mumbai,Bandra,Cold Brew,116,36,44,108,False
2026-06-12,Mumbai,Bandra,Breakfast Combo,80,39,44,75,False
2026-06-12,Mumbai,Bandra,Cappuccino,95,56,45,106,False
2026-06-12,Mumbai,Bandra,Chai Frappe,89,56,19,126,False
2026-06-12,Mumbai,Andheri,House Latte,101,35,32,104,False
2026-06-12,Mumbai,Andheri,Cold Brew,102,30,50,82,False
2026-06-12,Mumbai,Andheri,Breakfast Combo,79,33,28,84,False
2026-06-12,Mumbai,Andheri,Cappuccino,73,57,19,111,False
2026-06-12,Mumbai,Andheri,Chai Frappe,80,53,33,100,False
2026-06-12,Bengaluru,Indiranagar,House Latte,85,33,20,98,False
2026-06-12,Bengaluru,Indiranagar,Cold Brew,91,56,35,112,False
2026-06-12,Bengaluru,Indiranagar,Breakfast Combo,74,25,52,47,False
2026-06-12,Bengaluru,Indiranagar,Cappuccino,109,56,29,136,False
2026-06-12,Bengaluru,Indiranagar,Chai Frappe,90,37,24,103,False
2026-06-12,Bengaluru,Koramangala,House Latte,56,35,37,54,False
2026-06-12,Bengaluru,Koramangala,Cold Brew,49,48,33,64,False
2026-06-12,Bengaluru,Koramangala,Breakfast Combo,110,31,17,124,False
2026-06-12,Bengaluru,Koramangala,Cappuccino,64,58,27,95,False
2026-06-12,Bengaluru,Koramangala,Chai Frappe,96,53,26,123,False
2026-06-12,Hyderabad,Banjara Hills,House Latte,91,28,29,90,False
2026-06-12,Hyderabad,Banjara Hills,Cold Brew,63,46,50,59,False
2026-06-12,Hyderabad,Banjara Hills,Breakfast Combo,60,31,47,44,False
2026-06-12,Hyderabad,Banjara Hills,Cappuccino,77,40,43,74,False
2026-06-12,Hyderabad,Banjara Hills,Chai Frappe,51,54,29,76,False
2026-06-12,Hyderabad,Gachibowli,House Latte,92,37,45,84,False
2026-06-12,Hyderabad,Gachibowli,Cold Brew,88,26,22,92,False
2026-06-12,Hyderabad,Gachibowli,Breakfast Combo,110,40,26,124,False
2026-06-12,Hyderabad,Gachibowli,Cappuccino,51,25,51,25,False
2026-06-12,Hyderabad,Gachibowli,Chai Frappe,118,35,23,130,False
2026-06-13,Ahmedabad,Satellite,House Latte,73,25,36,62,False
2026-06-13,Ahmedabad,Satellite,Cold Brew,90,59,27,122,False
2026-06-13,Ahmedabad,Satellite,Breakfast Combo,55,25,30,50,False
2026-06-13,Ahmedabad,Satellite,Cappuccino,88,22,45,65,False
2026-06-13,Ahmedabad,Satellite,Chai Frappe,76,51,33,94,False
2026-06-13,Ahmedabad,Navrangpura,House Latte,52,20,37,35,False
2026-06-13,Ahmedabad,Navrangpura,Cold Brew,83,52,50,85,False
2026-06-13,Ahmedabad,Navrangpura,Breakfast Combo,52,32,23,61,False
2026-06-13,Ahmedabad,Navrangpura,Cappuccino,48,20,18,50,False
2026-06-13,Ahmedabad,Navrangpura,Chai Frappe,81,26,22,85,False
2026-06-13,Jaipur,C-Scheme,House Latte,49,48,40,57,False
2026-06-13,Jaipur,C-Scheme,Cold Brew,116,24,23,117,False
2026-06-13,Jaipur,C-Scheme,Breakfast Combo,76,45,20,101,False
2026-06-13,Jaipur,C-Scheme,Cappuccino,56,36,15,77,False
2026-06-13,Jaipur,C-Scheme,Chai Frappe,71,50,36,85,False
2026-06-13,Jaipur,Malviya Nagar,House Latte,74,39,52,61,False
2026-06-13,Jaipur,Malviya Nagar,Cold Brew,81,41,52,70,False
2026-06-13,Jaipur,Malviya Nagar,Breakfast Combo,52,23,32,43,False
2026-06-13,Jaipur,Malviya Nagar,Cappuccino,65,28,19,74,False
2026-06-13,Jaipur,Malviya Nagar,Chai Frappe,110,44,42,112,False
2026-06-13,Delhi,Connaught Place,House Latte,49,33,39,43,False
2026-06-13,Delhi,Connaught Place,Cold Brew,82,47,41,88,False
2026-06-13,Delhi,Connaught Place,Breakfast Combo,73,51,25,99,False
2026-06-13,Delhi,Connaught Place,Cappuccino,46,56,15,87,False
2026-06-13,Delhi,Connaught Place,Chai Frappe,62,24,24,62,False
2026-06-13,Delhi,Saket,House Latte,71,25,33,63,False
2026-06-13,Delhi,Saket,Cold Brew,114,25,52,87,False
2026-06-13,Delhi,Saket,Breakfast Combo,72,43,32,83,False
2026-06-13,Delhi,Saket,Cappuccino,65,24,38,51,False
2026-06-13,Delhi,Saket,Chai Frappe,113,40,38,115,False
2026-06-13,Mumbai,Bandra,House Latte,91,35,19,107,False
2026-06-13,Mumbai,Bandra,Cold Brew,80,54,27,107,False
2026-06-13,Mumbai,Bandra,Breakfast Combo,109,54,24,139,False
2026-06-13,Mumbai,Bandra,Cappuccino,86,49,34,101,False
2026-06-13,Mumbai,Bandra,Chai Frappe,95,56,40,111,False
2026-06-13,Mumbai,Andheri,House Latte,107,52,47,112,False
2026-06-13,Mumbai,Andheri,Cold Brew,108,29,15,122,False
2026-06-13,Mumbai,Andheri,Breakfast Combo,52,29,42,39,False
2026-06-13,Mumbai,Andheri,Cappuccino,80,38,15,103,False
2026-06-13,Mumbai,Andheri,Chai Frappe,94,34,45,83,False
2026-06-13,Bengaluru,Indiranagar,House Latte,49,31,17,63,False
2026-06-13,Bengaluru,Indiranagar,Cold Brew,62,56,34,84,False
2026-06-13,Bengaluru,Indiranagar,Breakfast Combo,75,30,25,80,False
2026-06-13,Bengaluru,Indiranagar,Cappuccino,93,59,44,108,False
2026-06-13,Bengaluru,Indiranagar,Chai Frappe,98,38,18,118,False
2026-06-13,Bengaluru,Koramangala,House Latte,97,52,35,114,False
2026-06-13,Bengaluru,Koramangala,Cold Brew,47,48,51,44,False
2026-06-13,Bengaluru,Koramangala,Breakfast Combo,57,26,44,39,False
2026-06-13,Bengaluru,Koramangala,Cappuccino,66,48,43,71,False
2026-06-13,Bengaluru,Koramangala,Chai Frappe,61,21,37,45,False
2026-06-13,Hyderabad,Banjara Hills,House Latte,72,54,29,97,False
2026-06-13,Hyderabad,Banjara Hills,Cold Brew,59,54,44,69,False
2026-06-13,Hyderabad,Banjara Hills,Breakfast Combo,89,58,46,101,False
2026-06-13,Hyderabad,Banjara Hills,Cappuccino,109,51,31,129,False
2026-06-13,Hyderabad,Banjara Hills,Chai Frappe,44,44,45,43,False
2026-06-13,Hyderabad,Gachibowli,House Latte,119,47,37,129,False
2026-06-13,Hyderabad,Gachibowli,Cold Brew,86,24,15,95,False
2026-06-13,Hyderabad,Gachibowli,Breakfast Combo,43,56,46,53,False
2026-06-13,Hyderabad,Gachibowli,Cappuccino,60,36,34,62,False
2026-06-13,Hyderabad,Gachibowli,Chai Frappe,59,36,28,67,False
2026-06-14,Ahmedabad,Satellite,House Latte,95,50,18,127,False
2026-06-14,Ahmedabad,Satellite,Cold Brew,77,59,49,87,False
2026-06-14,Ahmedabad,Satellite,Breakfast Combo,103,49,15,137,False
2026-06-14,Ahmedabad,Satellite,Cappuccino,117,49,50,116,False
2026-06-14,Ahmedabad,Satellite,Chai Frappe,112,30,15,127,False
2026-06-14,Ahmedabad,Navrangpura,House Latte,92,38,15,115,False
2026-06-14,Ahmedabad,Navrangpura,Cold Brew,61,59,29,91,False
2026-06-14,Ahmedabad,Navrangpura,Breakfast Combo,60,46,41,65,False
2026-06-14,Ahmedabad,Navrangpura,Cappuccino,66,53,38,81,False
2026-06-14,Ahmedabad,Navrangpura,Chai Frappe,52,32,48,36,False
2026-06-14,Jaipur,C-Scheme,House Latte,47,20,41,26,False
2026-06-14,Jaipur,C-Scheme,Cold Brew,75,30,33,72,False
2026-06-14,Jaipur,C-Scheme,Breakfast Combo,54,34,24,64,False
2026-06-14,Jaipur,C-Scheme,Cappuccino,86,46,51,81,False
2026-06-14,Jaipur,C-Scheme,Chai Frappe,45,33,25,53,False
2026-06-14,Jaipur,Malviya Nagar,House Latte,86,41,50,77,False
2026-06-14,Jaipur,Malviya Nagar,Cold Brew,113,50,22,141,False
2026-06-14,Jaipur,Malviya Nagar,Breakfast Combo,43,55,52,46,False
2026-06-14,Jaipur,Malviya Nagar,Cappuccino,60,21,42,39,False
2026-06-14,Jaipur,Malviya Nagar,Chai Frappe,87,55,38,104,False
2026-06-14,Delhi,Connaught Place,House Latte,100,51,15,136,False
2026-06-14,Delhi,Connaught Place,Cold Brew,51,51,22,80,False
2026-06-14,Delhi,Connaught Place,Breakfast Combo,56,50,23,83,False
2026-06-14,Delhi,Connaught Place,Cappuccino,51,20,33,38,False
2026-06-14,Delhi,Connaught Place,Chai Frappe,90,49,51,88,False
2026-06-14,Delhi,Saket,House Latte,92,50,23,119,False
2026-06-14,Delhi,Saket,Cold Brew,67,32,17,82,False
2026-06-14,Delhi,Saket,Breakfast Combo,117,29,32,114,False
2026-06-14,Delhi,Saket,Cappuccino,68,21,51,38,False
2026-06-14,Delhi,Saket,Chai Frappe,57,24,28,53,False
2026-06-14,Mumbai,Bandra,House Latte,51,59,22,88,False
2026-06-14,Mumbai,Bandra,Cold Brew,64,30,16,78,False
2026-06-14,Mumbai,Bandra,Breakfast Combo,41,40,24,57,False
2026-06-14,Mumbai,Bandra,Cappuccino,46,31,25,52,False
2026-06-14,Mumbai,Bandra,Chai Frappe,73,59,27,105,False
2026-06-14,Mumbai,Andheri,House Latte,96,50,17,129,False
2026-06-14,Mumbai,Andheri,Cold Brew,80,37,35,82,False
2026-06-14,Mumbai,Andheri,Breakfast Combo,53,38,19,72,False
2026-06-14,Mumbai,Andheri,Cappuccino,115,43,16,142,False
2026-06-14,Mumbai,Andheri,Chai Frappe,80,57,44,93,False
2026-06-14,Bengaluru,Indiranagar,House Latte,61,55,22,94,False
2026-06-14,Bengaluru,Indiranagar,Cold Brew,59,26,51,34,False
2026-06-14,Bengaluru,Indiranagar,Breakfast Combo,97,40,41,96,False
2026-06-14,Bengaluru,Indiranagar,Cappuccino,60,22,48,34,False
2026-06-14,Bengaluru,Indiranagar,Chai Frappe,117,21,17,121,False
2026-06-14,Bengaluru,Koramangala,House Latte,84,21,43,62,False
2026-06-14,Bengaluru,Koramangala,Cold Brew,115,31,26,120,False
2026-06-14,Bengaluru,Koramangala,Breakfast Combo,109,34,24,119,False
2026-06-14,Bengaluru,Koramangala,Cappuccino,46,53,52,47,False
2026-06-14,Bengaluru,Koramangala,Chai Frappe,46,52,21,77,False
2026-06-14,Hyderabad,Banjara Hills,House Latte,51,35,32,54,False
2026-06-14,Hyderabad,Banjara Hills,Cold Brew,108,47,20,135,False
2026-06-14,Hyderabad,Banjara Hills,Breakfast Combo,86,55,41,100,False
2026-06-14,Hyderabad,Banjara Hills,Cappuccino,58,25,33,50,False
2026-06-14,Hyderabad,Banjara Hills,Chai Frappe,77,34,19,92,False
2026-06-14,Hyderabad,Gachibowli,House Latte,49,41,52,38,False
2026-06-14,Hyderabad,Gachibowli,Cold Brew,87,37,52,72,False
2026-06-14,Hyderabad,Gachibowli,Breakfast Combo,95,48,38,105,False
2026-06-14,Hyderabad,Gachibowli,Cappuccino,101,40,39,102,False
2026-06-14,Hyderabad,Gachibowli,Chai Frappe,89,50,50,89,False
2026-06-15,Ahmedabad,Satellite,House Latte,63,47,16,94,False
2026-06-15,Ahmedabad,Satellite,Cold Brew,82,55,40,97,False
2026-06-15,Ahmedabad,Satellite,Breakfast Combo,61,44,29,76,False
2026-06-15,Ahmedabad,Satellite,Cappuccino,74,29,39,64,False
2026-06-15,Ahmedabad,Satellite,Chai Frappe,55,37,52,40,False
2026-06-15,Ahmedabad,Navrangpura,House Latte,100,36,53,83,False
2026-06-15,Ahmedabad,Navrangpura,Cold Brew,41,58,29,70,False
2026-06-15,Ahmedabad,Navrangpura,Breakfast Combo,105,57,39,123,False
2026-06-15,Ahmedabad,Navrangpura,Cappuccino,88,49,24,113,False
2026-06-15,Ahmedabad,Navrangpura,Chai Frappe,54,33,34,53,False
2026-06-15,Jaipur,C-Scheme,House Latte,99,30,37,92,False
2026-06-15,Jaipur,C-Scheme,Cold Brew,40,21,53,8,False
2026-06-15,Jaipur,C-Scheme,Breakfast Combo,108,54,28,134,False
2026-06-15,Jaipur,C-Scheme,Cappuccino,81,46,25,102,False
2026-06-15,Jaipur,C-Scheme,Chai Frappe,99,47,31,115,False
2026-06-15,Jaipur,Malviya Nagar,House Latte,74,32,47,59,False
2026-06-15,Jaipur,Malviya Nagar,Cold Brew,118,59,45,132,False
2026-06-15,Jaipur,Malviya Nagar,Breakfast Combo,67,51,24,94,False
2026-06-15,Jaipur,Malviya Nagar,Cappuccino,111,30,31,110,False
2026-06-15,Jaipur,Malviya Nagar,Chai Frappe,47,23,30,40,False
2026-06-15,Delhi,Connaught Place,House Latte,84,20,48,56,False
2026-06-15,Delhi,Connaught Place,Cold Brew,49,59,25,83,False
2026-06-15,Delhi,Connaught Place,Breakfast Combo,70,26,47,49,False
2026-06-15,Delhi,Connaught Place,Cappuccino,98,23,19,102,False
2026-06-15,Delhi,Connaught Place,Chai Frappe,88,54,19,123,False
2026-06-15,Delhi,Saket,House Latte,57,41,19,79,False
2026-06-15,Delhi,Saket,Cold Brew,64,20,34,50,False
2026-06-15,Delhi,Saket,Breakfast Combo,97,36,25,108,False
2026-06-15,Delhi,Saket,Cappuccino,73,40,21,92,False
2026-06-15,Delhi,Saket,Chai Frappe,48,27,54,21,False
2026-06-15,Mumbai,Bandra,House Latte,97,25,27,95,False
2026-06-15,Mumbai,Bandra,Cold Brew,72,27,49,50,False
2026-06-15,Mumbai,Bandra,Breakfast Combo,115,29,15,129,False
2026-06-15,Mumbai,Bandra,Cappuccino,61,43,47,57,False
2026-06-15,Mumbai,Bandra,Chai Frappe,67,30,24,73,False
2026-06-15,Mumbai,Andheri,House Latte,40,20,32,28,False
2026-06-15,Mumbai,Andheri,Cold Brew,89,20,23,86,False
2026-06-15,Mumbai,Andheri,Breakfast Combo,112,59,40,131,False
2026-06-15,Mumbai,Andheri,Cappuccino,81,43,29,95,False
2026-06-15,Mumbai,Andheri,Chai Frappe,56,35,42,49,False
2026-06-15,Bengaluru,Indiranagar,House Latte,93,47,39,101,False
2026-06-15,Bengaluru,Indiranagar,Cold Brew,44,45,50,39,False
2026-06-15,Bengaluru,Indiranagar,Breakfast Combo,91,43,23,111,False
2026-06-15,Bengaluru,Indiranagar,Cappuccino,103,38,25,116,False
2026-06-15,Bengaluru,Indiranagar,Chai Frappe,79,24,52,51,False
2026-06-15,Bengaluru,Koramangala,House Latte,96,33,46,83,False
2026-06-15,Bengaluru,Koramangala,Cold Brew,44,35,41,38,False
2026-06-15,Bengaluru,Koramangala,Breakfast Combo,41,48,47,42,False
2026-06-15,Bengaluru,Koramangala,Cappuccino,87,28,44,71,False
2026-06-15,Bengaluru,Koramangala,Chai Frappe,67,49,40,76,False
2026-06-15,Hyderabad,Banjara Hills,House Latte,47,23,15,55,False
2026-06-15,Hyderabad,Banjara Hills,Cold Brew,45,31,16,60,False
2026-06-15,Hyderabad,Banjara Hills,Breakfast Combo,115,56,21,150,False
2026-06-15,Hyderabad,Banjara Hills,Cappuccino,64,49,41,72,False
2026-06-15,Hyderabad,Banjara Hills,Chai Frappe,86,59,40,105,False
2026-06-15,Hyderabad,Gachibowli,House Latte,93,40,36,97,False
2026-06-15,Hyderabad,Gachibowli,Cold Brew,63,40,51,52,False
2026-06-15,Hyderabad,Gachibowli,Breakfast Combo,70,25,38,57,False
2026-06-15,Hyderabad,Gachibowli,Cappuccino,102,58,36,124,False
2026-06-15,Hyderabad,Gachibowli,Chai Frappe,103,30,31,102,False
2026-06-16,Ahmedabad,Satellite,House Latte,73,33,43,63,False
2026-06-16,Ahmedabad,Satellite,Cold Brew,110,33,20,123,False
2026-06-16,Ahmedabad,Satellite,Breakfast Combo,106,53,52,107,False
2026-06-16,Ahmedabad,Satellite,Cappuccino,60,48,43,65,False
2026-06-16,Ahmedabad,Satellite,Chai Frappe,103,52,53,102,False
2026-06-16,Ahmedabad,Navrangpura,House Latte,78,23,22,79,False
2026-06-16,Ahmedabad,Navrangpura,Cold Brew,110,53,15,148,False
2026-06-16,Ahmedabad,Navrangpura,Breakfast Combo,69,29,27,71,False
2026-06-16,Ahmedabad,Navrangpura,Cappuccino,91,40,34,97,False
2026-06-16,Ahmedabad,Navrangpura,Chai Frappe,74,45,42,77,False
2026-06-16,Jaipur,C-Scheme,House Latte,43,25,28,40,False
2026-06-16,Jaipur,C-Scheme,Cold Brew,74,59,50,83,False
2026-06-16,Jaipur,C-Scheme,Breakfast Combo,91,21,19,93,False
2026-06-16,Jaipur,C-Scheme,Cappuccino,76,43,41,78,False
2026-06-16,Jaipur,C-Scheme,Chai Frappe,51,55,34,72,False
2026-06-16,Jaipur,Malviya Nagar,House Latte,87,21,47,61,False
2026-06-16,Jaipur,Malviya Nagar,Cold Brew,83,28,27,84,False
2026-06-16,Jaipur,Malviya Nagar,Breakfast Combo,68,21,52,37,False
2026-06-16,Jaipur,Malviya Nagar,Cappuccino,104,55,29,130,False
2026-06-16,Jaipur,Malviya Nagar,Chai Frappe,84,38,34,88,False
2026-06-16,Delhi,Connaught Place,House Latte,87,38,45,80,False
2026-06-16,Delhi,Connaught Place,Cold Brew,44,27,50,21,False
2026-06-16,Delhi,Connaught Place,Breakfast Combo,110,52,29,133,False
2026-06-16,Delhi,Connaught Place,Cappuccino,76,21,26,71,False
2026-06-16,Delhi,Connaught Place,Chai Frappe,98,33,34,97,False
2026-06-16,Delhi,Saket,House Latte,49,39,43,45,False
2026-06-16,Delhi,Saket,Cold Brew,85,42,51,76,False
2026-06-16,Delhi,Saket,Breakfast Combo,58,31,39,50,False
2026-06-16,Delhi,Saket,Cappuccino,78,59,17,120,False
2026-06-16,Delhi,Saket,Chai Frappe,49,33,33,49,False
2026-06-16,Mumbai,Bandra,House Latte,111,39,32,118,False
2026-06-16,Mumbai,Bandra,Cold Brew,53,37,36,54,False
2026-06-16,Mumbai,Bandra,Breakfast Combo,86,44,32,98,False
2026-06-16,Mumbai,Bandra,Cappuccino,52,26,21,57,False
2026-06-16,Mumbai,Bandra,Chai Frappe,89,54,50,93,False
2026-06-16,Mumbai,Andheri,House Latte,64,23,40,47,False
2026-06-16,Mumbai,Andheri,Cold Brew,43,45,30,58,False
2026-06-16,Mumbai,Andheri,Breakfast Combo,107,45,44,108,False
2026-06-16,Mumbai,Andheri,Cappuccino,72,53,36,89,False
2026-06-16,Mumbai,Andheri,Chai Frappe,90,34,32,92,False
2026-06-16,Bengaluru,Indiranagar,House Latte,107,35,15,127,False
2026-06-16,Bengaluru,Indiranagar,Cold Brew,70,35,31,74,False
2026-06-16,Bengaluru,Indiranagar,Breakfast Combo,45,25,27,43,False
2026-06-16,Bengaluru,Indiranagar,Cappuccino,73,21,30,64,False
2026-06-16,Bengaluru,Indiranagar,Chai Frappe,65,21,25,61,False
2026-06-16,Bengaluru,Koramangala,House Latte,62,25,45,42,False
2026-06-16,Bengaluru,Koramangala,Cold Brew,45,43,41,47,False
2026-06-16,Bengaluru,Koramangala,Breakfast Combo,104,41,36,109,False
2026-06-16,Bengaluru,Koramangala,Cappuccino,100,54,23,131,False
2026-06-16,Bengaluru,Koramangala,Chai Frappe,103,38,18,123,False
2026-06-16,Hyderabad,Banjara Hills,House Latte,88,59,20,127,False
2026-06-16,Hyderabad,Banjara Hills,Cold Brew,41,56,38,59,False
2026-06-16,Hyderabad,Banjara Hills,Breakfast Combo,57,51,30,78,False
2026-06-16,Hyderabad,Banjara Hills,Cappuccino,66,31,38,59,False
2026-06-16,Hyderabad,Banjara Hills,Chai Frappe,50,34,27,57,False
2026-06-16,Hyderabad,Gachibowli,House Latte,44,50,15,79,False
2026-06-16,Hyderabad,Gachibowli,Cold Brew,116,23,29,110,False
2026-06-16,Hyderabad,Gachibowli,Breakfast Combo,47,34,39,42,False
2026-06-16,Hyderabad,Gachibowli,Cappuccino,46,41,45,42,False
2026-06-16,Hyderabad,Gachibowli,Chai Frappe,76,24,42,58,False
2026-06-17,Ahmedabad,Satellite,House Latte,54,20,32,42,False
2026-06-17,Ahmedabad,Satellite,Cold Brew,61,21,46,36,False
2026-06-17,Ahmedabad,Satellite,Breakfast Combo,87,56,34,109,False
2026-06-17,Ahmedabad,Satellite,Cappuccino,75,53,18,110,False
2026-06-17,Ahmedabad,Satellite,Chai Frappe,68,51,26,93,False
2026-06-17,Ahmedabad,Navrangpura,House Latte,110,31,31,110,False
2026-06-17,Ahmedabad,Navrangpura,Cold Brew,111,29,53,87,False
2026-06-17,Ahmedabad,Navrangpura,Breakfast Combo,43,30,38,35,False
2026-06-17,Ahmedabad,Navrangpura,Cappuccino,87,56,53,90,False
2026-06-17,Ahmedabad,Navrangpura,Chai Frappe,94,46,27,113,False
2026-06-17,Jaipur,C-Scheme,House Latte,104,45,15,134,False
2026-06-17,Jaipur,C-Scheme,Cold Brew,106,34,34,106,False
2026-06-17,Jaipur,C-Scheme,Breakfast Combo,78,52,25,105,False
2026-06-17,Jaipur,C-Scheme,Cappuccino,71,21,28,64,False
2026-06-17,Jaipur,C-Scheme,Chai Frappe,47,43,50,40,False
2026-06-17,Jaipur,Malviya Nagar,House Latte,77,56,54,79,False
2026-06-17,Jaipur,Malviya Nagar,Cold Brew,44,40,36,48,False
2026-06-17,Jaipur,Malviya Nagar,Breakfast Combo,70,53,30,93,False
2026-06-17,Jaipur,Malviya Nagar,Cappuccino,44,41,23,62,False
2026-06-17,Jaipur,Malviya Nagar,Chai Frappe,68,40,43,65,False
2026-06-17,Delhi,Connaught Place,House Latte,62,35,17,80,False
2026-06-17,Delhi,Connaught Place,Cold Brew,70,43,39,74,False
2026-06-17,Delhi,Connaught Place,Breakfast Combo,63,22,38,47,False
2026-06-17,Delhi,Connaught Place,Cappuccino,92,23,35,80,False
2026-06-17,Delhi,Connaught Place,Chai Frappe,47,38,40,45,False
2026-06-17,Delhi,Saket,House Latte,97,48,45,100,False
2026-06-17,Delhi,Saket,Cold Brew,59,53,28,84,False
2026-06-17,Delhi,Saket,Breakfast Combo,69,51,28,92,False
2026-06-17,Delhi,Saket,Cappuccino,45,48,41,52,False
2026-06-17,Delhi,Saket,Chai Frappe,86,25,40,71,False
2026-06-17,Mumbai,Bandra,House Latte,55,42,35,62,False
2026-06-17,Mumbai,Bandra,Cold Brew,101,59,22,138,False
2026-06-17,Mumbai,Bandra,Breakfast Combo,49,42,53,38,False
2026-06-17,Mumbai,Bandra,Cappuccino,52,39,31,60,False
2026-06-17,Mumbai,Bandra,Chai Frappe,65,46,26,85,False
2026-06-17,Mumbai,Andheri,House Latte,79,53,30,102,False
2026-06-17,Mumbai,Andheri,Cold Brew,41,55,25,71,False
2026-06-17,Mumbai,Andheri,Breakfast Combo,101,50,36,115,False
2026-06-17,Mumbai,Andheri,Cappuccino,47,58,42,63,False
2026-06-17,Mumbai,Andheri,Chai Frappe,73,54,46,81,False
2026-06-17,Bengaluru,Indiranagar,House Latte,100,26,40,86,False
2026-06-17,Bengaluru,Indiranagar,Cold Brew,62,23,28,57,False
2026-06-17,Bengaluru,Indiranagar,Breakfast Combo,48,24,44,28,False
2026-06-17,Bengaluru,Indiranagar,Cappuccino,80,35,22,93,False
2026-06-17,Bengaluru,Indiranagar,Chai Frappe,101,45,38,108,False
2026-06-17,Bengaluru,Koramangala,House Latte,55,24,19,60,False
2026-06-17,Bengaluru,Koramangala,Cold Brew,42,58,29,71,False
2026-06-17,Bengaluru,Koramangala,Breakfast Combo,92,59,52,99,False
2026-06-17,Bengaluru,Koramangala,Cappuccino,65,39,33,71,False
2026-06-17,Bengaluru,Koramangala,Chai Frappe,42,50,37,55,False
2026-06-17,Hyderabad,Banjara Hills,House Latte,69,42,44,67,False
2026-06-17,Hyderabad,Banjara Hills,Cold Brew,41,45,49,37,False
2026-06-17,Hyderabad,Banjara Hills,Breakfast Combo,98,44,18,124,False
2026-06-17,Hyderabad,Banjara Hills,Cappuccino,99,50,34,115,False
2026-06-17,Hyderabad,Banjara Hills,Chai Frappe,86,44,19,111,False
2026-06-17,Hyderabad,Gachibowli,House Latte,60,51,53,58,False
2026-06-17,Hyderabad,Gachibowli,Cold Brew,61,36,51,46,False
2026-06-17,Hyderabad,Gachibowli,Breakfast Combo,52,30,17,65,False
2026-06-17,Hyderabad,Gachibowli,Cappuccino,58,45,28,75,False
2026-06-17,Hyderabad,Gachibowli,Chai Frappe,118,55,50,123,False
2026-06-18,Ahmedabad,Satellite,House Latte,98,48,35,111,False
2026-06-18,Ahmedabad,Satellite,Cold Brew,119,23,43,99,False
2026-06-18,Ahmedabad,Satellite,Breakfast Combo,51,33,25,59,False
2026-06-18,Ahmedabad,Satellite,Cappuccino,88,51,18,121,False
2026-06-18,Ahmedabad,Satellite,Chai Frappe,88,28,18,98,False
2026-06-18,Ahmedabad,Navrangpura,House Latte,73,43,23,93,False
2026-06-18,Ahmedabad,Navrangpura,Cold Brew,71,58,28,101,False
2026-06-18,Ahmedabad,Navrangpura,Breakfast Combo,119,53,29,143,False
2026-06-18,Ahmedabad,Navrangpura,Cappuccino,86,48,33,101,False
2026-06-18,Ahmedabad,Navrangpura,Chai Frappe,72,33,20,85,False
2026-06-18,Jaipur,C-Scheme,House Latte,41,33,46,28,False
2026-06-18,Jaipur,C-Scheme,Cold Brew,58,27,28,57,False
2026-06-18,Jaipur,C-Scheme,Breakfast Combo,87,28,23,92,False
2026-06-18,Jaipur,C-Scheme,Cappuccino,48,33,23,58,False
2026-06-18,Jaipur,C-Scheme,Chai Frappe,106,56,29,133,False
2026-06-18,Jaipur,Malviya Nagar,House Latte,46,23,27,42,False
2026-06-18,Jaipur,Malviya Nagar,Cold Brew,77,41,27,91,False
2026-06-18,Jaipur,Malviya Nagar,Breakfast Combo,68,31,35,64,False
2026-06-18,Jaipur,Malviya Nagar,Cappuccino,95,21,34,82,False
2026-06-18,Jaipur,Malviya Nagar,Chai Frappe,91,46,37,100,False
2026-06-18,Delhi,Connaught Place,House Latte,82,47,30,99,False
2026-06-18,Delhi,Connaught Place,Cold Brew,85,32,32,85,False
2026-06-18,Delhi,Connaught Place,Breakfast Combo,49,34,20,63,False
2026-06-18,Delhi,Connaught Place,Cappuccino,58,36,35,59,False
2026-06-18,Delhi,Connaught Place,Chai Frappe,115,21,50,86,False
2026-06-18,Delhi,Saket,House Latte,66,48,42,72,False
2026-06-18,Delhi,Saket,Cold Brew,117,24,53,88,False
2026-06-18,Delhi,Saket,Breakfast Combo,45,55,41,59,False
2026-06-18,Delhi,Saket,Cappuccino,78,35,18,95,False
2026-06-18,Delhi,Saket,Chai Frappe,104,49,52,101,False
2026-06-18,Mumbai,Bandra,House Latte,98,58,50,106,False
2026-06-18,Mumbai,Bandra,Cold Brew,74,48,25,97,False
2026-06-18,Mumbai,Bandra,Breakfast Combo,103,44,32,115,False
2026-06-18,Mumbai,Bandra,Cappuccino,90,31,39,82,False
2026-06-18,Mumbai,Bandra,Chai Frappe,77,32,54,55,False
2026-06-18,Mumbai,Andheri,House Latte,45,50,23,72,False
2026-06-18,Mumbai,Andheri,Cold Brew,57,26,19,64,False
2026-06-18,Mumbai,Andheri,Breakfast Combo,49,53,52,50,False
2026-06-18,Mumbai,Andheri,Cappuccino,86,20,49,57,False
2026-06-18,Mumbai,Andheri,Chai Frappe,88,40,52,76,False
2026-06-18,Bengaluru,Indiranagar,House Latte,72,34,46,60,False
2026-06-18,Bengaluru,Indiranagar,Cold Brew,82,48,42,88,False
2026-06-18,Bengaluru,Indiranagar,Breakfast Combo,107,32,17,122,False
2026-06-18,Bengaluru,Indiranagar,Cappuccino,78,45,47,76,False
2026-06-18,Bengaluru,Indiranagar,Chai Frappe,61,49,48,62,False
2026-06-18,Bengaluru,Koramangala,House Latte,104,52,54,102,False
2026-06-18,Bengaluru,Koramangala,Cold Brew,92,34,32,94,False
2026-06-18,Bengaluru,Koramangala,Breakfast Combo,99,29,39,89,False
2026-06-18,Bengaluru,Koramangala,Cappuccino,85,46,31,100,False
2026-06-18,Bengaluru,Koramangala,Chai Frappe,99,22,44,77,False
2026-06-18,Hyderabad,Banjara Hills,House Latte,104,55,51,108,False
2026-06-18,Hyderabad,Banjara Hills,Cold Brew,67,21,41,47,False
2026-06-18,Hyderabad,Banjara Hills,Breakfast Combo,47,31,43,35,False
2026-06-18,Hyderabad,Banjara Hills,Cappuccino,87,44,45,86,False
2026-06-18,Hyderabad,Banjara Hills,Chai Frappe,53,51,38,66,False
2026-06-18,Hyderabad,Gachibowli,House Latte,73,38,35,76,False
2026-06-18,Hyderabad,Gachibowli,Cold Brew,84,33,23,94,False
2026-06-18,Hyderabad,Gachibowli,Breakfast Combo,53,33,25,61,False
2026-06-18,Hyderabad,Gachibowli,Cappuccino,81,56,19,118,False
2026-06-18,Hyderabad,Gachibowli,Chai Frappe,64,21,53,32,False
2026-06-19,Ahmedabad,Satellite,House Latte,96,29,31,94,False
2026-06-19,Ahmedabad,Satellite,Cold Brew,97,58,37,118,False
2026-06-19,Ahmedabad,Satellite,Breakfast Combo,61,47,42,66,False
2026-06-19,Ahmedabad,Satellite,Cappuccino,91,21,43,69,False
2026-06-19,Ahmedabad,Satellite,Chai Frappe,41,56,50,47,False
2026-06-19,Ahmedabad,Navrangpura,House Latte,85,45,17,113,False
2026-06-19,Ahmedabad,Navrangpura,Cold Brew,109,30,25,114,False
2026-06-19,Ahmedabad,Navrangpura,Breakfast Combo,96,57,34,119,False
2026-06-19,Ahmedabad,Navrangpura,Cappuccino,80,41,26,95,False
2026-06-19,Ahmedabad,Navrangpura,Chai Frappe,87,58,30,115,False
2026-06-19,Jaipur,C-Scheme,House Latte,101,50,49,102,False
2026-06-19,Jaipur,C-Scheme,Cold Brew,97,56,43,110,False
2026-06-19,Jaipur,C-Scheme,Breakfast Combo,118,48,48,118,False
2026-06-19,Jaipur,C-Scheme,Cappuccino,111,59,38,132,False
2026-06-19,Jaipur,C-Scheme,Chai Frappe,96,58,30,124,False
2026-06-19,Jaipur,Malviya Nagar,House Latte,49,55,40,64,False
2026-06-19,Jaipur,Malviya Nagar,Cold Brew,74,48,16,106,False
2026-06-19,Jaipur,Malviya Nagar,Breakfast Combo,78,30,26,82,False
2026-06-19,Jaipur,Malviya Nagar,Cappuccino,117,42,20,139,False
2026-06-19,Jaipur,Malviya Nagar,Chai Frappe,69,29,51,47,False
2026-06-19,Delhi,Connaught Place,House Latte,63,34,28,69,False
2026-06-19,Delhi,Connaught Place,Cold Brew,54,51,38,67,False
2026-06-19,Delhi,Connaught Place,Breakfast Combo,74,35,41,68,False
2026-06-19,Delhi,Connaught Place,Cappuccino,47,57,37,67,False
2026-06-19,Delhi,Connaught Place,Chai Frappe,58,41,49,50,False
2026-06-19,Delhi,Saket,House Latte,53,40,38,55,False
2026-06-19,Delhi,Saket,Cold Brew,104,42,44,102,False
2026-06-19,Delhi,Saket,Breakfast Combo,101,55,29,127,False
2026-06-19,Delhi,Saket,Cappuccino,96,29,48,77,False
2026-06-19,Delhi,Saket,Chai Frappe,116,31,37,110,False
2026-06-19,Mumbai,Bandra,House Latte,105,21,43,83,False
2026-06-19,Mumbai,Bandra,Cold Brew,105,54,22,137,False
2026-06-19,Mumbai,Bandra,Breakfast Combo,100,51,15,136,False
2026-06-19,Mumbai,Bandra,Cappuccino,96,45,53,88,False
2026-06-19,Mumbai,Bandra,Chai Frappe,43,58,37,64,False
2026-06-19,Mumbai,Andheri,House Latte,61,35,45,51,False
2026-06-19,Mumbai,Andheri,Cold Brew,119,32,54,97,False
2026-06-19,Mumbai,Andheri,Breakfast Combo,90,27,38,79,False
2026-06-19,Mumbai,Andheri,Cappuccino,104,22,18,108,False
2026-06-19,Mumbai,Andheri,Chai Frappe,40,42,17,65,False
2026-06-19,Bengaluru,Indiranagar,House Latte,114,25,17,122,False
2026-06-19,Bengaluru,Indiranagar,Cold Brew,60,50,51,59,False
2026-06-19,Bengaluru,Indiranagar,Breakfast Combo,60,40,45,55,False
2026-06-19,Bengaluru,Indiranagar,Cappuccino,103,26,48,81,False
2026-06-19,Bengaluru,Indiranagar,Chai Frappe,109,49,36,122,False
2026-06-19,Bengaluru,Koramangala,House Latte,71,55,49,77,False
2026-06-19,Bengaluru,Koramangala,Cold Brew,81,49,30,100,False
2026-06-19,Bengaluru,Koramangala,Breakfast Combo,99,23,51,71,False
2026-06-19,Bengaluru,Koramangala,Cappuccino,81,43,22,102,False
2026-06-19,Bengaluru,Koramangala,Chai Frappe,82,20,50,52,False
2026-06-19,Hyderabad,Banjara Hills,House Latte,99,38,48,89,False
2026-06-19,Hyderabad,Banjara Hills,Cold Brew,104,24,17,111,False
2026-06-19,Hyderabad,Banjara Hills,Breakfast Combo,60,20,37,43,False
2026-06-19,Hyderabad,Banjara Hills,Cappuccino,82,41,17,106,False
2026-06-19,Hyderabad,Banjara Hills,Chai Frappe,113,59,38,134,False
2026-06-19,Hyderabad,Gachibowli,House Latte,40,35,43,32,False
2026-06-19,Hyderabad,Gachibowli,Cold Brew,99,29,47,81,False
2026-06-19,Hyderabad,Gachibowli,Breakfast Combo,117,40,30,127,False
2026-06-19,Hyderabad,Gachibowli,Cappuccino,82,21,35,68,False
2026-06-19,Hyderabad,Gachibowli,Chai Frappe,42,21,37,26,False
2026-06-20,Ahmedabad,Satellite,House Latte,80,59,35,104,False
2026-06-20,Ahmedabad,Satellite,Cold Brew,118,52,28,142,False
2026-06-20,Ahmedabad,Satellite,Breakfast Combo,114,39,38,115,False
2026-06-20,Ahmedabad,Satellite,Cappuccino,48,28,35,41,False
2026-06-20,Ahmedabad,Satellite,Chai Frappe,61,43,18,86,False
2026-06-20,Ahmedabad,Navrangpura,House Latte,60,46,39,67,False
2026-06-20,Ahmedabad,Navrangpura,Cold Brew,118,55,47,126,False
2026-06-20,Ahmedabad,Navrangpura,Breakfast Combo,40,44,24,60,False
2026-06-20,Ahmedabad,Navrangpura,Cappuccino,61,28,33,56,False
2026-06-20,Ahmedabad,Navrangpura,Chai Frappe,49,41,21,69,False
2026-06-20,Jaipur,C-Scheme,House Latte,80,45,22,103,False
2026-06-20,Jaipur,C-Scheme,Cold Brew,48,52,44,56,False
2026-06-20,Jaipur,C-Scheme,Breakfast Combo,60,55,23,92,False
2026-06-20,Jaipur,C-Scheme,Cappuccino,114,24,41,97,False
2026-06-20,Jaipur,C-Scheme,Chai Frappe,41,27,31,37,False
2026-06-20,Jaipur,Malviya Nagar,House Latte,46,38,24,60,False
2026-06-20,Jaipur,Malviya Nagar,Cold Brew,47,58,54,51,False
2026-06-20,Jaipur,Malviya Nagar,Breakfast Combo,116,26,30,112,False
2026-06-20,Jaipur,Malviya Nagar,Cappuccino,66,33,31,68,False
2026-06-20,Jaipur,Malviya Nagar,Chai Frappe,80,39,26,93,False
2026-06-20,Delhi,Connaught Place,House Latte,118,59,28,149,False
2026-06-20,Delhi,Connaught Place,Cold Brew,57,41,29,69,False
2026-06-20,Delhi,Connaught Place,Breakfast Combo,118,37,16,139,False
2026-06-20,Delhi,Connaught Place,Cappuccino,50,22,30,42,False
2026-06-20,Delhi,Connaught Place,Chai Frappe,65,54,50,69,False
2026-06-20,Delhi,Saket,House Latte,51,57,38,70,False
2026-06-20,Delhi,Saket,Cold Brew,64,36,32,68,False
2026-06-20,Delhi,Saket,Breakfast Combo,53,54,15,92,False
2026-06-20,Delhi,Saket,Cappuccino,45,30,20,55,False
2026-06-20,Delhi,Saket,Chai Frappe,44,35,30,49,False
2026-06-20,Mumbai,Bandra,House Latte,50,52,50,52,False
2026-06-20,Mumbai,Bandra,Cold Brew,97,40,52,85,False
2026-06-20,Mumbai,Bandra,Breakfast Combo,68,37,15,90,False
2026-06-20,Mumbai,Bandra,Cappuccino,96,23,41,78,False
2026-06-20,Mumbai,Bandra,Chai Frappe,102,28,39,91,False
2026-06-20,Mumbai,Andheri,House Latte,64,35,36,63,False
2026-06-20,Mumbai,Andheri,Cold Brew,59,51,30,80,False
2026-06-20,Mumbai,Andheri,Breakfast Combo,76,52,24,104,False
2026-06-20,Mumbai,Andheri,Cappuccino,76,59,30,105,False
2026-06-20,Mumbai,Andheri,Chai Frappe,49,31,53,27,False
2026-06-20,Bengaluru,Indiranagar,House Latte,100,52,25,127,False
2026-06-20,Bengaluru,Indiranagar,Cold Brew,107,35,46,96,False
2026-06-20,Bengaluru,Indiranagar,Breakfast Combo,110,28,52,86,False
2026-06-20,Bengaluru,Indiranagar,Cappuccino,90,49,45,94,False
2026-06-20,Bengaluru,Indiranagar,Chai Frappe,53,49,23,79,False
2026-06-20,Bengaluru,Koramangala,House Latte,61,24,22,63,False
2026-06-20,Bengaluru,Koramangala,Cold Brew,118,33,30,121,False
2026-06-20,Bengaluru,Koramangala,Breakfast Combo,78,48,37,89,False
2026-06-20,Bengaluru,Koramangala,Cappuccino,82,53,34,101,False
2026-06-20,Bengaluru,Koramangala,Chai Frappe,101,56,42,115,False
2026-06-20,Hyderabad,Banjara Hills,House Latte,42,30,39,33,False
2026-06-20,Hyderabad,Banjara Hills,Cold Brew,78,31,28,81,False
2026-06-20,Hyderabad,Banjara Hills,Breakfast Combo,46,29,46,29,False
2026-06-20,Hyderabad,Banjara Hills,Cappuccino,40,53,28,65,False
2026-06-20,Hyderabad,Banjara Hills,Chai Frappe,104,30,48,86,False
2026-06-20,Hyderabad,Gachibowli,House Latte,85,54,17,122,False
2026-06-20,Hyderabad,Gachibowli,Cold Brew,103,30,29,104,False
2026-06-20,Hyderabad,Gachibowli,Breakfast Combo,43,58,40,61,False
2026-06-20,Hyderabad,Gachibowli,Cappuccino,118,42,21,139,False
2026-06-20,Hyderabad,Gachibowli,Chai Frappe,66,37,20,83,False
2026-06-21,Ahmedabad,Satellite,House Latte,114,58,37,135,False
2026-06-21,Ahmedabad,Satellite,Cold Brew,86,48,42,92,False
2026-06-21,Ahmedabad,Satellite,Breakfast Combo,45,41,46,40,False
2026-06-21,Ahmedabad,Satellite,Cappuccino,104,43,50,97,False
2026-06-21,Ahmedabad,Satellite,Chai Frappe,86,35,32,89,False
2026-06-21,Ahmedabad,Navrangpura,House Latte,95,55,24,126,False
2026-06-21,Ahmedabad,Navrangpura,Cold Brew,63,46,45,64,False
2026-06-21,Ahmedabad,Navrangpura,Breakfast Combo,71,45,15,101,False
2026-06-21,Ahmedabad,Navrangpura,Cappuccino,63,58,38,83,False
2026-06-21,Ahmedabad,Navrangpura,Chai Frappe,109,28,26,111,False
2026-06-21,Jaipur,C-Scheme,House Latte,117,59,50,126,False
2026-06-21,Jaipur,C-Scheme,Cold Brew,65,52,33,84,False
2026-06-21,Jaipur,C-Scheme,Breakfast Combo,107,54,32,129,False
2026-06-21,Jaipur,C-Scheme,Cappuccino,64,58,33,89,False
2026-06-21,Jaipur,C-Scheme,Chai Frappe,74,46,52,68,False
2026-06-21,Jaipur,Malviya Nagar,House Latte,50,59,31,78,False
2026-06-21,Jaipur,Malviya Nagar,Cold Brew,42,32,33,41,False
2026-06-21,Jaipur,Malviya Nagar,Breakfast Combo,94,42,20,116,False
2026-06-21,Jaipur,Malviya Nagar,Cappuccino,79,29,25,83,False
2026-06-21,Jaipur,Malviya Nagar,Chai Frappe,96,52,21,127,False
2026-06-21,Delhi,Connaught Place,House Latte,88,36,28,96,False
2026-06-21,Delhi,Connaught Place,Cold Brew,97,29,45,81,False
2026-06-21,Delhi,Connaught Place,Breakfast Combo,72,23,46,49,False
2026-06-21,Delhi,Connaught Place,Cappuccino,108,42,43,107,False
2026-06-21,Delhi,Connaught Place,Chai Frappe,51,33,28,56,False
2026-06-21,Delhi,Saket,House Latte,101,34,44,91,False
2026-06-21,Delhi,Saket,Cold Brew,64,44,23,85,False
2026-06-21,Delhi,Saket,Breakfast Combo,84,23,44,63,False
2026-06-21,Delhi,Saket,Cappuccino,42,59,48,53,False
2026-06-21,Delhi,Saket,Chai Frappe,86,56,47,95,False
2026-06-21,Mumbai,Bandra,House Latte,51,49,30,70,False
2026-06-21,Mumbai,Bandra,Cold Brew,108,54,53,109,False
2026-06-21,Mumbai,Bandra,Breakfast Combo,76,27,20,83,False
2026-06-21,Mumbai,Bandra,Cappuccino,53,59,38,74,False
2026-06-21,Mumbai,Bandra,Chai Frappe,68,37,21,84,False
2026-06-21,Mumbai,Andheri,House Latte,85,37,46,76,False
2026-06-21,Mumbai,Andheri,Cold Brew,41,57,17,81,False
2026-06-21,Mumbai,Andheri,Breakfast Combo,73,33,43,63,False
2026-06-21,Mumbai,Andheri,Cappuccino,92,27,34,85,False
2026-06-21,Mumbai,Andheri,Chai Frappe,82,38,15,105,False
2026-06-21,Bengaluru,Indiranagar,House Latte,54,40,25,69,False
2026-06-21,Bengaluru,Indiranagar,Cold Brew,83,26,44,65,False
2026-06-21,Bengaluru,Indiranagar,Breakfast Combo,55,45,48,52,False
2026-06-21,Bengaluru,Indiranagar,Cappuccino,68,25,15,78,False
2026-06-21,Bengaluru,Indiranagar,Chai Frappe,68,24,50,42,False
2026-06-21,Bengaluru,Koramangala,House Latte,117,59,51,125,False
2026-06-21,Bengaluru,Koramangala,Cold Brew,86,33,32,87,False
2026-06-21,Bengaluru,Koramangala,Breakfast Combo,60,53,32,81,False
2026-06-21,Bengaluru,Koramangala,Cappuccino,70,47,29,88,False
2026-06-21,Bengaluru,Koramangala,Chai Frappe,68,29,17,80,False
2026-06-21,Hyderabad,Banjara Hills,House Latte,43,36,54,25,False
2026-06-21,Hyderabad,Banjara Hills,Cold Brew,60,45,27,78,False
2026-06-21,Hyderabad,Banjara Hills,Breakfast Combo,64,26,37,53,False
2026-06-21,Hyderabad,Banjara Hills,Cappuccino,92,34,36,90,False
2026-06-21,Hyderabad,Banjara Hills,Chai Frappe,78,30,42,66,False
2026-06-21,Hyderabad,Gachibowli,House Latte,84,22,34,72,False
2026-06-21,Hyderabad,Gachibowli,Cold Brew,71,51,27,95,False
2026-06-21,Hyderabad,Gachibowli,Breakfast Combo,116,44,20,140,False
2026-06-21,Hyderabad,Gachibowli,Cappuccino,72,55,25,102,False
2026-06-21,Hyderabad,Gachibowli,Chai Frappe,96,51,42,105,False
2026-06-22,Ahmedabad,Satellite,House Latte,47,34,28,53,False
2026-06-22,Ahmedabad,Satellite,Cold Brew,67,55,15,107,False
2026-06-22,Ahmedabad,Satellite,Breakfast Combo,83,59,50,92,False
2026-06-22,Ahmedabad,Satellite,Cappuccino,88,59,31,116,False
2026-06-22,Ahmedabad,Satellite,Chai Frappe,88,41,16,113,False
2026-06-22,Ahmedabad,Navrangpura,House Latte,43,55,21,77,False
2026-06-22,Ahmedabad,Navrangpura,Cold Brew,68,44,38,74,False
2026-06-22,Ahmedabad,Navrangpura,Breakfast Combo,81,59,46,94,False
2026-06-22,Ahmedabad,Navrangpura,Cappuccino,115,46,54,107,False
2026-06-22,Ahmedabad,Navrangpura,Chai Frappe,88,41,47,82,False
2026-06-22,Jaipur,C-Scheme,House Latte,109,22,51,80,False
2026-06-22,Jaipur,C-Scheme,Cold Brew,95,55,43,107,False
2026-06-22,Jaipur,C-Scheme,Breakfast Combo,114,31,22,123,False
2026-06-22,Jaipur,C-Scheme,Cappuccino,55,30,23,62,False
2026-06-22,Jaipur,C-Scheme,Chai Frappe,75,27,21,81,False
2026-06-22,Jaipur,Malviya Nagar,House Latte,81,51,20,112,False
2026-06-22,Jaipur,Malviya Nagar,Cold Brew,80,46,43,83,False
2026-06-22,Jaipur,Malviya Nagar,Breakfast Combo,48,49,16,81,False
2026-06-22,Jaipur,Malviya Nagar,Cappuccino,58,32,49,41,False
2026-06-22,Jaipur,Malviya Nagar,Chai Frappe,55,51,54,52,False
2026-06-22,Delhi,Connaught Place,House Latte,116,32,18,130,False
2026-06-22,Delhi,Connaught Place,Cold Brew,57,50,22,85,False
2026-06-22,Delhi,Connaught Place,Breakfast Combo,91,34,45,80,False
2026-06-22,Delhi,Connaught Place,Cappuccino,88,43,46,85,False
2026-06-22,Delhi,Connaught Place,Chai Frappe,116,34,36,114,False
2026-06-22,Delhi,Saket,House Latte,90,52,34,108,False
2026-06-22,Delhi,Saket,Cold Brew,69,53,53,69,False
2026-06-22,Delhi,Saket,Breakfast Combo,85,24,26,83,False
2026-06-22,Delhi,Saket,Cappuccino,77,48,41,84,False
2026-06-22,Delhi,Saket,Chai Frappe,105,21,33,93,False
2026-06-22,Mumbai,Bandra,House Latte,96,59,20,135,False
2026-06-22,Mumbai,Bandra,Cold Brew,110,20,22,108,False
2026-06-22,Mumbai,Bandra,Breakfast Combo,107,51,53,105,False
2026-06-22,Mumbai,Bandra,Cappuccino,88,44,36,96,False
2026-06-22,Mumbai,Bandra,Chai Frappe,80,40,26,94,False
2026-06-22,Mumbai,Andheri,House Latte,108,34,39,103,False
2026-06-22,Mumbai,Andheri,Cold Brew,93,41,39,95,False
2026-06-22,Mumbai,Andheri,Breakfast Combo,43,32,32,43,False
2026-06-22,Mumbai,Andheri,Cappuccino,71,56,50,77,False
2026-06-22,Mumbai,Andheri,Chai Frappe,96,34,17,113,False
2026-06-22,Bengaluru,Indiranagar,House Latte,100,55,34,121,False
2026-06-22,Bengaluru,Indiranagar,Cold Brew,106,57,36,127,False
2026-06-22,Bengaluru,Indiranagar,Breakfast Combo,56,20,45,31,False
2026-06-22,Bengaluru,Indiranagar,Cappuccino,84,26,17,93,False
2026-06-22,Bengaluru,Indiranagar,Chai Frappe,117,32,28,121,False
2026-06-22,Bengaluru,Koramangala,House Latte,90,34,51,73,False
2026-06-22,Bengaluru,Koramangala,Cold Brew,94,34,25,103,False
2026-06-22,Bengaluru,Koramangala,Breakfast Combo,108,43,51,100,False
2026-06-22,Bengaluru,Koramangala,Cappuccino,67,20,50,37,False
2026-06-22,Bengaluru,Koramangala,Chai Frappe,59,53,43,69,False
2026-06-22,Hyderabad,Banjara Hills,House Latte,58,50,18,90,False
2026-06-22,Hyderabad,Banjara Hills,Cold Brew,71,34,41,64,False
2026-06-22,Hyderabad,Banjara Hills,Breakfast Combo,82,44,34,92,False
2026-06-22,Hyderabad,Banjara Hills,Cappuccino,99,26,43,82,False
2026-06-22,Hyderabad,Banjara Hills,Chai Frappe,44,23,43,24,False
2026-06-22,Hyderabad,Gachibowli,House Latte,52,50,20,82,False
2026-06-22,Hyderabad,Gachibowli,Cold Brew,51,57,22,86,False
2026-06-22,Hyderabad,Gachibowli,Breakfast Combo,113,33,46,100,False
2026-06-22,Hyderabad,Gachibowli,Cappuccino,115,24,28,111,False
2026-06-22,Hyderabad,Gachibowli,Chai Frappe,85,54,22,117,False
2026-06-23,Ahmedabad,Satellite,House Latte,54,34,23,65,False
2026-06-23,Ahmedabad,Satellite,Cold Brew,61,25,48,38,False
2026-06-23,Ahmedabad,Satellite,Breakfast Combo,103,25,36,92,False
2026-06-23,Ahmedabad,Satellite,Cappuccino,91,45,54,82,False
2026-06-23,Ahmedabad,Satellite,Chai Frappe,91,47,16,122,False
2026-06-23,Ahmedabad,Navrangpura,House Latte,46,44,51,39,False
2026-06-23,Ahmedabad,Navrangpura,Cold Brew,71,45,23,93,False
2026-06-23,Ahmedabad,Navrangpura,Breakfast Combo,76,50,41,85,False
2026-06-23,Ahmedabad,Navrangpura,Cappuccino,49,55,52,52,False
2026-06-23,Ahmedabad,Navrangpura,Chai Frappe,78,33,36,75,False
2026-06-23,Jaipur,C-Scheme,House Latte,104,38,16,126,False
2026-06-23,Jaipur,C-Scheme,Cold Brew,45,52,46,51,False
2026-06-23,Jaipur,C-Scheme,Breakfast Combo,101,25,21,105,False
2026-06-23,Jaipur,C-Scheme,Cappuccino,71,29,30,70,False
2026-06-23,Jaipur,C-Scheme,Chai Frappe,84,31,19,96,False
2026-06-23,Jaipur,Malviya Nagar,House Latte,72,48,39,81,False
2026-06-23,Jaipur,Malviya Nagar,Cold Brew,65,32,38,59,False
2026-06-23,Jaipur,Malviya Nagar,Breakfast Combo,53,53,49,57,False
2026-06-23,Jaipur,Malviya Nagar,Cappuccino,42,58,15,85,False
2026-06-23,Jaipur,Malviya Nagar,Chai Frappe,76,46,28,94,False
2026-06-23,Delhi,Connaught Place,House Latte,56,21,44,33,False
2026-06-23,Delhi,Connaught Place,Cold Brew,42,39,30,51,False
2026-06-23,Delhi,Connaught Place,Breakfast Combo,117,57,47,127,False
2026-06-23,Delhi,Connaught Place,Cappuccino,98,41,28,111,False
2026-06-23,Delhi,Connaught Place,Chai Frappe,53,58,30,81,False
2026-06-23,Delhi,Saket,House Latte,74,25,26,73,False
2026-06-23,Delhi,Saket,Cold Brew,90,37,38,89,False
2026-06-23,Delhi,Saket,Breakfast Combo,56,23,50,29,False
2026-06-23,Delhi,Saket,Cappuccino,74,34,26,82,False
2026-06-23,Delhi,Saket,Chai Frappe,92,42,30,104,False
2026-06-23,Mumbai,Bandra,House Latte,114,56,22,148,False
2026-06-23,Mumbai,Bandra,Cold Brew,91,58,34,115,False
2026-06-23,Mumbai,Bandra,Breakfast Combo,42,25,41,26,False
2026-06-23,Mumbai,Bandra,Cappuccino,112,25,36,101,False
2026-06-23,Mumbai,Bandra,Chai Frappe,79,31,40,70,False
2026-06-23,Mumbai,Andheri,House Latte,110,29,17,122,False
2026-06-23,Mumbai,Andheri,Cold Brew,68,32,44,56,False
2026-06-23,Mumbai,Andheri,Breakfast Combo,82,20,28,74,False
2026-06-23,Mumbai,Andheri,Cappuccino,98,39,37,100,False
2026-06-23,Mumbai,Andheri,Chai Frappe,61,32,20,73,False
2026-06-23,Bengaluru,Indiranagar,House Latte,46,21,39,28,False
2026-06-23,Bengaluru,Indiranagar,Cold Brew,52,42,53,41,False
2026-06-23,Bengaluru,Indiranagar,Breakfast Combo,95,43,19,119,False
2026-06-23,Bengaluru,Indiranagar,Cappuccino,79,55,30,104,False
2026-06-23,Bengaluru,Indiranagar,Chai Frappe,106,48,25,129,False
2026-06-23,Bengaluru,Koramangala,House Latte,51,20,26,45,False
2026-06-23,Bengaluru,Koramangala,Cold Brew,66,46,37,75,False
2026-06-23,Bengaluru,Koramangala,Breakfast Combo,78,48,45,81,False
2026-06-23,Bengaluru,Koramangala,Cappuccino,97,55,29,123,False
2026-06-23,Bengaluru,Koramangala,Chai Frappe,105,36,22,119,False
2026-06-23,Hyderabad,Banjara Hills,House Latte,51,23,53,21,False
2026-06-23,Hyderabad,Banjara Hills,Cold Brew,53,53,46,60,False
2026-06-23,Hyderabad,Banjara Hills,Breakfast Combo,75,56,51,80,False
2026-06-23,Hyderabad,Banjara Hills,Cappuccino,114,39,26,127,False
2026-06-23,Hyderabad,Banjara Hills,Chai Frappe,43,53,49,47,False
2026-06-23,Hyderabad,Gachibowli,House Latte,82,22,47,57,False
2026-06-23,Hyderabad,Gachibowli,Cold Brew,63,41,41,63,False
2026-06-23,Hyderabad,Gachibowli,Breakfast Combo,51,22,18,55,False
2026-06-23,Hyderabad,Gachibowli,Cappuccino,116,58,32,142,False
2026-06-23,Hyderabad,Gachibowli,Chai Frappe,74,36,29,81,False
2026-06-24,Ahmedabad,Satellite,House Latte,83,34,39,78,False
2026-06-24,Ahmedabad,Satellite,Cold Brew,70,45,52,63,False
2026-06-24,Ahmedabad,Satellite,Breakfast Combo,56,22,36,42,False
2026-06-24,Ahmedabad,Satellite,Cappuccino,49,29,46,32,False
2026-06-24,Ahmedabad,Satellite,Chai Frappe,73,41,46,68,False
2026-06-24,Ahmedabad,Navrangpura,House Latte,50,39,16,73,False
2026-06-24,Ahmedabad,Navrangpura,Cold Brew,79,28,51,56,False
2026-06-24,Ahmedabad,Navrangpura,Breakfast Combo,60,28,15,73,False
2026-06-24,Ahmedabad,Navrangpura,Cappuccino,50,28,24,54,False
2026-06-24,Ahmedabad,Navrangpura,Chai Frappe,99,55,49,105,False
2026-06-24,Jaipur,C-Scheme,House Latte,116,55,33,138,False
2026-06-24,Jaipur,C-Scheme,Cold Brew,71,45,27,89,False
2026-06-24,Jaipur,C-Scheme,Breakfast Combo,88,59,22,125,False
2026-06-24,Jaipur,C-Scheme,Cappuccino,101,57,36,122,False
2026-06-24,Jaipur,C-Scheme,Chai Frappe,68,30,21,77,False
2026-06-24,Jaipur,Malviya Nagar,House Latte,65,49,35,79,False
2026-06-24,Jaipur,Malviya Nagar,Cold Brew,57,41,47,51,False
2026-06-24,Jaipur,Malviya Nagar,Breakfast Combo,41,20,53,8,False
2026-06-24,Jaipur,Malviya Nagar,Cappuccino,99,43,51,91,False
2026-06-24,Jaipur,Malviya Nagar,Chai Frappe,87,40,23,104,False
2026-06-24,Delhi,Connaught Place,House Latte,104,50,26,128,False
2026-06-24,Delhi,Connaught Place,Cold Brew,98,49,18,129,False
2026-06-24,Delhi,Connaught Place,Breakfast Combo,52,43,39,56,False
2026-06-24,Delhi,Connaught Place,Cappuccino,92,34,48,78,False
2026-06-24,Delhi,Connaught Place,Chai Frappe,75,28,19,84,False
2026-06-24,Delhi,Saket,House Latte,110,48,33,125,False
2026-06-24,Delhi,Saket,Cold Brew,56,23,21,58,False
2026-06-24,Delhi,Saket,Breakfast Combo,48,41,22,67,False
2026-06-24,Delhi,Saket,Cappuccino,50,31,42,39,False
2026-06-24,Delhi,Saket,Chai Frappe,79,26,44,61,False
2026-06-24,Mumbai,Bandra,House Latte,79,27,42,64,False
2026-06-24,Mumbai,Bandra,Cold Brew,119,41,21,139,False
2026-06-24,Mumbai,Bandra,Breakfast Combo,64,43,54,53,False
2026-06-24,Mumbai,Bandra,Cappuccino,114,57,48,123,False
2026-06-24,Mumbai,Bandra,Chai Frappe,85,45,44,86,False
2026-06-24,Mumbai,Andheri,House Latte,97,45,20,122,False
2026-06-24,Mumbai,Andheri,Cold Brew,110,20,32,98,False
2026-06-24,Mumbai,Andheri,Breakfast Combo,74,59,18,115,False
2026-06-24,Mumbai,Andheri,Cappuccino,78,34,18,94,False
2026-06-24,Mumbai,Andheri,Chai Frappe,57,36,51,42,False
2026-06-24,Bengaluru,Indiranagar,House Latte,71,55,44,82,False
2026-06-24,Bengaluru,Indiranagar,Cold Brew,105,54,43,116,False
2026-06-24,Bengaluru,Indiranagar,Breakfast Combo,98,26,43,81,False
2026-06-24,Bengaluru,Indiranagar,Cappuccino,43,49,41,51,False
2026-06-24,Bengaluru,Indiranagar,Chai Frappe,100,45,29,116,False
2026-06-24,Bengaluru,Koramangala,House Latte,69,43,33,79,False
2026-06-24,Bengaluru,Koramangala,Cold Brew,67,39,36,70,False
2026-06-24,Bengaluru,Koramangala,Breakfast Combo,59,45,27,77,False
2026-06-24,Bengaluru,Koramangala,Cappuccino,61,36,19,78,False
2026-06-24,Bengaluru,Koramangala,Chai Frappe,88,49,53,84,False
2026-06-24,Hyderabad,Banjara Hills,House Latte,62,41,35,68,False
2026-06-24,Hyderabad,Banjara Hills,Cold Brew,98,44,47,95,False
2026-06-24,Hyderabad,Banjara Hills,Breakfast Combo,108,24,29,103,False
2026-06-24,Hyderabad,Banjara Hills,Cappuccino,92,41,34,99,False
2026-06-24,Hyderabad,Banjara Hills,Chai Frappe,53,42,44,51,False
2026-06-24,Hyderabad,Gachibowli,House Latte,43,43,51,35,False
2026-06-24,Hyderabad,Gachibowli,Cold Brew,85,58,29,114,False
2026-06-24,Hyderabad,Gachibowli,Breakfast Combo,40,47,23,64,False
2026-06-24,Hyderabad,Gachibowli,Cappuccino,40,27,52,15,False
2026-06-24,Hyderabad,Gachibowli,Chai Frappe,102,31,38,95,False
2026-06-25,Ahmedabad,Satellite,House Latte,67,27,54,40,False
2026-06-25,Ahmedabad,Satellite,Cold Brew,105,34,29,110,False
2026-06-25,Ahmedabad,Satellite,Breakfast Combo,105,38,30,113,False
2026-06-25,Ahmedabad,Satellite,Cappuccino,70,37,35,72,False
2026-06-25,Ahmedabad,Satellite,Chai Frappe,43,39,32,50,False
2026-06-25,Ahmedabad,Navrangpura,House Latte,61,34,31,64,False
2026-06-25,Ahmedabad,Navrangpura,Cold Brew,69,56,36,89,False
2026-06-25,Ahmedabad,Navrangpura,Breakfast Combo,80,30,51,59,False
2026-06-25,Ahmedabad,Navrangpura,Cappuccino,41,42,21,62,False
2026-06-25,Ahmedabad,Navrangpura,Chai Frappe,101,35,26,110,False
2026-06-25,Jaipur,C-Scheme,House Latte,44,51,30,65,False
2026-06-25,Jaipur,C-Scheme,Cold Brew,61,53,15,99,False
2026-06-25,Jaipur,C-Scheme,Breakfast Combo,77,26,20,83,False
2026-06-25,Jaipur,C-Scheme,Cappuccino,41,27,52,16,False
2026-06-25,Jaipur,C-Scheme,Chai Frappe,75,59,25,109,False
2026-06-25,Jaipur,Malviya Nagar,House Latte,100,23,19,104,False
2026-06-25,Jaipur,Malviya Nagar,Cold Brew,41,55,41,55,False
2026-06-25,Jaipur,Malviya Nagar,Breakfast Combo,99,57,28,128,False
2026-06-25,Jaipur,Malviya Nagar,Cappuccino,97,40,36,101,False
2026-06-25,Jaipur,Malviya Nagar,Chai Frappe,92,38,15,115,False
2026-06-25,Delhi,Connaught Place,House Latte,46,40,37,49,False
2026-06-25,Delhi,Connaught Place,Cold Brew,98,42,22,118,False
2026-06-25,Delhi,Connaught Place,Breakfast Combo,69,37,54,52,False
2026-06-25,Delhi,Connaught Place,Cappuccino,82,45,44,83,False
2026-06-25,Delhi,Connaught Place,Chai Frappe,68,58,41,85,False
2026-06-25,Delhi,Saket,House Latte,107,49,39,117,False
2026-06-25,Delhi,Saket,Cold Brew,42,43,20,65,False
2026-06-25,Delhi,Saket,Breakfast Combo,88,48,36,100,False
2026-06-25,Delhi,Saket,Cappuccino,64,22,41,45,False
2026-06-25,Delhi,Saket,Chai Frappe,95,39,43,91,False
2026-06-25,Mumbai,Bandra,House Latte,102,40,16,126,False
2026-06-25,Mumbai,Bandra,Cold Brew,109,38,41,106,False
2026-06-25,Mumbai,Bandra,Breakfast Combo,112,34,39,107,False
2026-06-25,Mumbai,Bandra,Cappuccino,41,55,17,79,False
2026-06-25,Mumbai,Bandra,Chai Frappe,83,34,16,101,False
2026-06-25,Mumbai,Andheri,House Latte,76,57,21,112,False
2026-06-25,Mumbai,Andheri,Cold Brew,63,27,19,71,False
2026-06-25,Mumbai,Andheri,Breakfast Combo,58,42,46,54,False
2026-06-25,Mumbai,Andheri,Cappuccino,95,50,43,102,False
2026-06-25,Mumbai,Andheri,Chai Frappe,70,56,21,105,False
2026-06-25,Bengaluru,Indiranagar,House Latte,95,24,45,74,False
2026-06-25,Bengaluru,Indiranagar,Cold Brew,46,28,30,44,False
2026-06-25,Bengaluru,Indiranagar,Breakfast Combo,95,21,25,91,False
2026-06-25,Bengaluru,Indiranagar,Cappuccino,66,49,53,62,False
2026-06-25,Bengaluru,Indiranagar,Chai Frappe,89,40,28,101,False
2026-06-25,Bengaluru,Koramangala,House Latte,105,24,20,109,False
2026-06-25,Bengaluru,Koramangala,Cold Brew,56,30,33,53,False
2026-06-25,Bengaluru,Koramangala,Breakfast Combo,115,46,30,131,False
2026-06-25,Bengaluru,Koramangala,Cappuccino,56,45,25,76,False
2026-06-25,Bengaluru,Koramangala,Chai Frappe,118,39,37,120,False
2026-06-25,Hyderabad,Banjara Hills,House Latte,112,32,33,111,False
2026-06-25,Hyderabad,Banjara Hills,Cold Brew,82,30,17,95,False
2026-06-25,Hyderabad,Banjara Hills,Breakfast Combo,62,24,42,44,False
2026-06-25,Hyderabad,Banjara Hills,Cappuccino,40,32,50,22,False
2026-06-25,Hyderabad,Banjara Hills,Chai Frappe,85,46,41,90,False
2026-06-25,Hyderabad,Gachibowli,House Latte,63,45,23,85,False
2026-06-25,Hyderabad,Gachibowli,Cold Brew,90,47,50,87,False
2026-06-25,Hyderabad,Gachibowli,Breakfast Combo,113,20,26,107,False
2026-06-25,Hyderabad,Gachibowli,Cappuccino,83,32,39,76,False
2026-06-25,Hyderabad,Gachibowli,Chai Frappe,108,30,50,88,False
2026-06-26,Ahmedabad,Satellite,House Latte,110,56,17,149,False
2026-06-26,Ahmedabad,Satellite,Cold Brew,63,24,19,68,False
2026-06-26,Ahmedabad,Satellite,Breakfast Combo,44,37,18,63,False
2026-06-26,Ahmedabad,Satellite,Cappuccino,63,59,50,72,False
2026-06-26,Ahmedabad,Satellite,Chai Frappe,114,21,41,94,False
2026-06-26,Ahmedabad,Navrangpura,House Latte,90,25,51,64,False
2026-06-26,Ahmedabad,Navrangpura,Cold Brew,72,59,19,112,False
2026-06-26,Ahmedabad,Navrangpura,Breakfast Combo,92,25,52,65,False
2026-06-26,Ahmedabad,Navrangpura,Cappuccino,88,23,23,88,False
2026-06-26,Ahmedabad,Navrangpura,Chai Frappe,68,20,15,73,False
2026-06-26,Jaipur,C-Scheme,House Latte,114,59,36,137,False
2026-06-26,Jaipur,C-Scheme,Cold Brew,112,46,16,142,False
2026-06-26,Jaipur,C-Scheme,Breakfast Combo,97,20,47,70,False
2026-06-26,Jaipur,C-Scheme,Cappuccino,69,25,25,69,False
2026-06-26,Jaipur,C-Scheme,Chai Frappe,94,53,37,110,False
2026-06-26,Jaipur,Malviya Nagar,House Latte,52,56,46,62,False
2026-06-26,Jaipur,Malviya Nagar,Cold Brew,72,42,53,61,False
2026-06-26,Jaipur,Malviya Nagar,Breakfast Combo,70,21,20,71,False
2026-06-26,Jaipur,Malviya Nagar,Cappuccino,88,59,44,103,False
2026-06-26,Jaipur,Malviya Nagar,Chai Frappe,89,32,32,89,False
2026-06-26,Delhi,Connaught Place,House Latte,43,34,39,38,False
2026-06-26,Delhi,Connaught Place,Cold Brew,112,56,47,121,False
2026-06-26,Delhi,Connaught Place,Breakfast Combo,41,52,23,70,False
2026-06-26,Delhi,Connaught Place,Cappuccino,89,57,50,96,False
2026-06-26,Delhi,Connaught Place,Chai Frappe,93,31,35,89,False
2026-06-26,Delhi,Saket,House Latte,96,40,31,105,False
2026-06-26,Delhi,Saket,Cold Brew,72,43,16,99,False
2026-06-26,Delhi,Saket,Breakfast Combo,119,24,54,89,False
2026-06-26,Delhi,Saket,Cappuccino,42,40,31,51,False
2026-06-26,Delhi,Saket,Chai Frappe,85,37,50,72,False
2026-06-26,Mumbai,Bandra,House Latte,41,59,42,58,False
2026-06-26,Mumbai,Bandra,Cold Brew,102,25,17,110,False
2026-06-26,Mumbai,Bandra,Breakfast Combo,71,32,46,57,False
2026-06-26,Mumbai,Bandra,Cappuccino,111,37,45,103,False
2026-06-26,Mumbai,Bandra,Chai Frappe,44,49,18,75,False
2026-06-26,Mumbai,Andheri,House Latte,93,35,31,97,False
2026-06-26,Mumbai,Andheri,Cold Brew,62,36,49,49,False
2026-06-26,Mumbai,Andheri,Breakfast Combo,104,33,26,111,False
2026-06-26,Mumbai,Andheri,Cappuccino,80,47,22,105,False
2026-06-26,Mumbai,Andheri,Chai Frappe,98,57,48,107,False
2026-06-26,Bengaluru,Indiranagar,House Latte,83,32,27,88,False
2026-06-26,Bengaluru,Indiranagar,Cold Brew,99,38,19,118,False
2026-06-26,Bengaluru,Indiranagar,Breakfast Combo,94,25,54,65,False
2026-06-26,Bengaluru,Indiranagar,Cappuccino,73,33,17,89,False
2026-06-26,Bengaluru,Indiranagar,Chai Frappe,53,57,36,74,False
2026-06-26,Bengaluru,Koramangala,House Latte,112,58,16,154,False
2026-06-26,Bengaluru,Koramangala,Cold Brew,70,53,34,89,False
2026-06-26,Bengaluru,Koramangala,Breakfast Combo,80,42,43,79,False
2026-06-26,Bengaluru,Koramangala,Cappuccino,115,55,40,130,False
2026-06-26,Bengaluru,Koramangala,Chai Frappe,86,34,19,101,False
2026-06-26,Hyderabad,Banjara Hills,House Latte,96,20,42,74,False
2026-06-26,Hyderabad,Banjara Hills,Cold Brew,79,51,52,78,False
2026-06-26,Hyderabad,Banjara Hills,Breakfast Combo,84,42,34,92,False
2026-06-26,Hyderabad,Banjara Hills,Cappuccino,69,23,16,76,False
2026-06-26,Hyderabad,Banjara Hills,Chai Frappe,97,56,17,136,False
2026-06-26,Hyderabad,Gachibowli,House Latte,66,44,43,67,False
2026-06-26,Hyderabad,Gachibowli,Cold Brew,98,47,18,127,False
2026-06-26,Hyderabad,Gachibowli,Breakfast Combo,60,38,17,81,False
2026-06-26,Hyderabad,Gachibowli,Cappuccino,67,35,54,48,False
2026-06-26,Hyderabad,Gachibowli,Chai Frappe,65,58,43,80,False
2026-06-27,Ahmedabad,Satellite,House Latte,95,52,48,99,False
2026-06-27,Ahmedabad,Satellite,Cold Brew,57,36,36,57,False
2026-06-27,Ahmedabad,Satellite,Breakfast Combo,118,21,34,105,False
2026-06-27,Ahmedabad,Satellite,Cappuccino,57,28,45,40,False
2026-06-27,Ahmedabad,Satellite,Chai Frappe,56,51,54,53,False
2026-06-27,Ahmedabad,Navrangpura,House Latte,102,26,20,108,False
2026-06-27,Ahmedabad,Navrangpura,Cold Brew,74,42,46,70,False
2026-06-27,Ahmedabad,Navrangpura,Breakfast Combo,73,26,54,45,False
2026-06-27,Ahmedabad,Navrangpura,Cappuccino,112,46,42,116,False
2026-06-27,Ahmedabad,Navrangpura,Chai Frappe,114,38,20,132,False
2026-06-27,Jaipur,C-Scheme,House Latte,88,38,46,80,False
2026-06-27,Jaipur,C-Scheme,Cold Brew,101,38,29,110,False
2026-06-27,Jaipur,C-Scheme,Breakfast Combo,73,45,40,78,False
2026-06-27,Jaipur,C-Scheme,Cappuccino,80,41,54,67,False
2026-06-27,Jaipur,C-Scheme,Chai Frappe,60,26,46,40,False
2026-06-27,Jaipur,Malviya Nagar,House Latte,114,44,31,127,False
2026-06-27,Jaipur,Malviya Nagar,Cold Brew,67,38,17,88,False
2026-06-27,Jaipur,Malviya Nagar,Breakfast Combo,82,30,25,87,False
2026-06-27,Jaipur,Malviya Nagar,Cappuccino,84,58,23,119,False
2026-06-27,Jaipur,Malviya Nagar,Chai Frappe,112,40,53,99,False
2026-06-27,Delhi,Connaught Place,House Latte,70,59,41,88,False
2026-06-27,Delhi,Connaught Place,Cold Brew,93,42,33,102,False
2026-06-27,Delhi,Connaught Place,Breakfast Combo,82,54,46,90,False
2026-06-27,Delhi,Connaught Place,Cappuccino,41,47,48,40,False
2026-06-27,Delhi,Connaught Place,Chai Frappe,99,39,28,110,False
2026-06-27,Delhi,Saket,House Latte,93,46,29,110,False
2026-06-27,Delhi,Saket,Cold Brew,72,34,16,90,False
2026-06-27,Delhi,Saket,Breakfast Combo,42,23,31,34,False
2026-06-27,Delhi,Saket,Cappuccino,80,36,53,63,False
2026-06-27,Delhi,Saket,Chai Frappe,57,35,24,68,False
2026-06-27,Mumbai,Bandra,House Latte,63,43,27,79,False
2026-06-27,Mumbai,Bandra,Cold Brew,65,46,48,63,False
2026-06-27,Mumbai,Bandra,Breakfast Combo,57,24,24,57,False
2026-06-27,Mumbai,Bandra,Cappuccino,86,58,21,123,False
2026-06-27,Mumbai,Bandra,Chai Frappe,43,41,54,30,False
2026-06-27,Mumbai,Andheri,House Latte,84,56,40,100,False
2026-06-27,Mumbai,Andheri,Cold Brew,42,37,45,34,False
2026-06-27,Mumbai,Andheri,Breakfast Combo,80,27,22,85,False
2026-06-27,Mumbai,Andheri,Cappuccino,93,38,37,94,False
2026-06-27,Mumbai,Andheri,Chai Frappe,69,33,41,61,False
2026-06-27,Bengaluru,Indiranagar,House Latte,40,37,29,48,False
2026-06-27,Bengaluru,Indiranagar,Cold Brew,102,49,32,119,False
2026-06-27,Bengaluru,Indiranagar,Breakfast Combo,61,29,23,67,False
2026-06-27,Bengaluru,Indiranagar,Cappuccino,61,50,16,95,False
2026-06-27,Bengaluru,Indiranagar,Chai Frappe,42,41,23,60,False
2026-06-27,Bengaluru,Koramangala,House Latte,106,50,45,111,False
2026-06-27,Bengaluru,Koramangala,Cold Brew,76,37,32,81,False
2026-06-27,Bengaluru,Koramangala,Breakfast Combo,55,42,49,48,False
2026-06-27,Bengaluru,Koramangala,Cappuccino,60,22,37,45,False
2026-06-27,Bengaluru,Koramangala,Chai Frappe,71,51,49,73,False
2026-06-27,Hyderabad,Banjara Hills,House Latte,116,35,51,100,False
2026-06-27,Hyderabad,Banjara Hills,Cold Brew,49,34,25,58,False
2026-06-27,Hyderabad,Banjara Hills,Breakfast Combo,113,44,29,128,False
2026-06-27,Hyderabad,Banjara Hills,Cappuccino,52,51,41,62,False
2026-06-27,Hyderabad,Banjara Hills,Chai Frappe,108,37,20,125,False
2026-06-27,Hyderabad,Gachibowli,House Latte,66,44,24,86,False
2026-06-27,Hyderabad,Gachibowli,Cold Brew,45,52,36,61,False
2026-06-27,Hyderabad,Gachibowli,Breakfast Combo,71,42,44,69,False
2026-06-27,Hyderabad,Gachibowli,Cappuccino,40,37,25,52,False
2026-06-27,Hyderabad,Gachibowli,Chai Frappe,47,21,32,36,False
2026-06-28,Ahmedabad,Satellite,House Latte,83,40,46,77,False
2026-06-28,Ahmedabad,Satellite,Cold Brew,76,43,47,72,False
2026-06-28,Ahmedabad,Satellite,Breakfast Combo,92,56,23,125,False
2026-06-28,Ahmedabad,Satellite,Cappuccino,102,47,38,111,False
2026-06-28,Ahmedabad,Satellite,Chai Frappe,40,41,49,32,False
2026-06-28,Ahmedabad,Navrangpura,House Latte,91,20,26,85,False
2026-06-28,Ahmedabad,Navrangpura,Cold Brew,85,52,32,105,False
2026-06-28,Ahmedabad,Navrangpura,Breakfast Combo,108,51,25,134,False
2026-06-28,Ahmedabad,Navrangpura,Cappuccino,55,56,38,73,False
2026-06-28,Ahmedabad,Navrangpura,Chai Frappe,107,56,31,132,False
2026-06-28,Jaipur,C-Scheme,House Latte,43,56,38,61,False
2026-06-28,Jaipur,C-Scheme,Cold Brew,49,41,16,74,False
2026-06-28,Jaipur,C-Scheme,Breakfast Combo,63,33,33,63,False
2026-06-28,Jaipur,C-Scheme,Cappuccino,85,53,29,109,False
2026-06-28,Jaipur,C-Scheme,Chai Frappe,98,57,44,111,False
2026-06-28,Jaipur,Malviya Nagar,House Latte,60,47,26,81,False
2026-06-28,Jaipur,Malviya Nagar,Cold Brew,78,45,26,97,False
2026-06-28,Jaipur,Malviya Nagar,Breakfast Combo,40,53,44,49,False
2026-06-28,Jaipur,Malviya Nagar,Cappuccino,49,35,25,59,False
2026-06-28,Jaipur,Malviya Nagar,Chai Frappe,118,57,42,133,False
2026-06-28,Delhi,Connaught Place,House Latte,75,22,24,73,False
2026-06-28,Delhi,Connaught Place,Cold Brew,47,51,18,80,False
2026-06-28,Delhi,Connaught Place,Breakfast Combo,94,58,27,125,False
2026-06-28,Delhi,Connaught Place,Cappuccino,94,55,32,117,False
2026-06-28,Delhi,Connaught Place,Chai Frappe,75,28,32,71,False
2026-06-28,Delhi,Saket,House Latte,109,46,23,132,False
2026-06-28,Delhi,Saket,Cold Brew,82,48,18,112,False
2026-06-28,Delhi,Saket,Breakfast Combo,101,28,26,103,False
2026-06-28,Delhi,Saket,Cappuccino,73,40,51,62,False
2026-06-28,Delhi,Saket,Chai Frappe,57,30,30,57,False
2026-06-28,Mumbai,Bandra,House Latte,108,58,33,133,False
2026-06-28,Mumbai,Bandra,Cold Brew,95,56,48,103,False
2026-06-28,Mumbai,Bandra,Breakfast Combo,94,41,54,81,False
2026-06-28,Mumbai,Bandra,Cappuccino,59,34,43,50,False
2026-06-28,Mumbai,Bandra,Chai Frappe,41,40,49,32,False
2026-06-28,Mumbai,Andheri,House Latte,54,52,31,75,False
2026-06-28,Mumbai,Andheri,Cold Brew,108,45,21,132,False
2026-06-28,Mumbai,Andheri,Breakfast Combo,98,22,24,96,False
2026-06-28,Mumbai,Andheri,Cappuccino,111,55,16,150,False
2026-06-28,Mumbai,Andheri,Chai Frappe,70,23,25,68,False
2026-06-28,Bengaluru,Indiranagar,House Latte,117,27,40,104,False
2026-06-28,Bengaluru,Indiranagar,Cold Brew,104,55,29,130,False
2026-06-28,Bengaluru,Indiranagar,Breakfast Combo,95,39,19,115,False
2026-06-28,Bengaluru,Indiranagar,Cappuccino,57,49,42,64,False
2026-06-28,Bengaluru,Indiranagar,Chai Frappe,81,51,42,90,False
2026-06-28,Bengaluru,Koramangala,House Latte,67,31,52,46,False
2026-06-28,Bengaluru,Koramangala,Cold Brew,117,21,46,92,False
2026-06-28,Bengaluru,Koramangala,Breakfast Combo,50,54,38,66,False
2026-06-28,Bengaluru,Koramangala,Cappuccino,95,48,39,104,False
2026-06-28,Bengaluru,Koramangala,Chai Frappe,60,52,37,75,False
2026-06-28,Hyderabad,Banjara Hills,House Latte,83,32,15,100,False
2026-06-28,Hyderabad,Banjara Hills,Cold Brew,84,33,41,76,False
2026-06-28,Hyderabad,Banjara Hills,Breakfast Combo,69,58,42,85,False
2026-06-28,Hyderabad,Banjara Hills,Cappuccino,76,48,40,84,False
2026-06-28,Hyderabad,Banjara Hills,Chai Frappe,89,43,52,80,False
2026-06-28,Hyderabad,Gachibowli,House Latte,65,37,25,77,False
2026-06-28,Hyderabad,Gachibowli,Cold Brew,85,59,39,105,False
2026-06-28,Hyderabad,Gachibowli,Breakfast Combo,56,56,46,66,False
2026-06-28,Hyderabad,Gachibowli,Cappuccino,75,25,31,69,False
2026-06-28,Hyderabad,Gachibowli,Chai Frappe,104,43,22,125,False
2026-06-29,Ahmedabad,Satellite,House Latte,52,58,32,78,False
2026-06-29,Ahmedabad,Satellite,Cold Brew,94,34,18,110,False
2026-06-29,Ahmedabad,Satellite,Breakfast Combo,72,47,28,91,False
2026-06-29,Ahmedabad,Satellite,Cappuccino,88,37,28,97,False
2026-06-29,Ahmedabad,Satellite,Chai Frappe,60,30,25,65,False
2026-06-29,Ahmedabad,Navrangpura,House Latte,97,33,44,86,False
2026-06-29,Ahmedabad,Navrangpura,Cold Brew,64,33,51,46,False
2026-06-29,Ahmedabad,Navrangpura,Breakfast Combo,110,36,25,121,False
2026-06-29,Ahmedabad,Navrangpura,Cappuccino,97,22,33,86,False
2026-06-29,Ahmedabad,Navrangpura,Chai Frappe,87,47,19,115,False
2026-06-29,Jaipur,C-Scheme,House Latte,40,31,19,52,False
2026-06-29,Jaipur,C-Scheme,Cold Brew,80,56,26,110,False
2026-06-29,Jaipur,C-Scheme,Breakfast Combo,76,28,16,88,False
2026-06-29,Jaipur,C-Scheme,Cappuccino,96,30,36,90,False
2026-06-29,Jaipur,C-Scheme,Chai Frappe,94,53,22,125,False
2026-06-29,Jaipur,Malviya Nagar,House Latte,86,56,34,108,False
2026-06-29,Jaipur,Malviya Nagar,Cold Brew,43,30,46,27,False
2026-06-29,Jaipur,Malviya Nagar,Breakfast Combo,103,32,22,113,False
2026-06-29,Jaipur,Malviya Nagar,Cappuccino,63,29,44,48,False
2026-06-29,Jaipur,Malviya Nagar,Chai Frappe,107,21,44,84,False
2026-06-29,Delhi,Connaught Place,House Latte,100,44,49,95,False
2026-06-29,Delhi,Connaught Place,Cold Brew,43,47,20,70,False
2026-06-29,Delhi,Connaught Place,Breakfast Combo,111,39,18,132,False
2026-06-29,Delhi,Connaught Place,Cappuccino,99,49,33,115,False
2026-06-29,Delhi,Connaught Place,Chai Frappe,64,20,51,33,False
2026-06-29,Delhi,Saket,House Latte,54,53,38,69,False
2026-06-29,Delhi,Saket,Cold Brew,94,47,49,92,False
2026-06-29,Delhi,Saket,Breakfast Combo,42,59,16,85,False
2026-06-29,Delhi,Saket,Cappuccino,119,30,48,101,False
2026-06-29,Delhi,Saket,Chai Frappe,46,38,36,48,False
2026-06-29,Mumbai,Bandra,House Latte,116,24,16,124,False
2026-06-29,Mumbai,Bandra,Cold Brew,91,21,46,66,False
2026-06-29,Mumbai,Bandra,Breakfast Combo,43,58,36,65,False
2026-06-29,Mumbai,Bandra,Cappuccino,115,25,25,115,False
2026-06-29,Mumbai,Bandra,Chai Frappe,76,21,19,78,False
2026-06-29,Mumbai,Andheri,House Latte,66,49,43,72,False
2026-06-29,Mumbai,Andheri,Cold Brew,46,22,41,27,False
2026-06-29,Mumbai,Andheri,Breakfast Combo,68,51,26,93,False
2026-06-29,Mumbai,Andheri,Cappuccino,69,28,25,72,False
2026-06-29,Mumbai,Andheri,Chai Frappe,96,38,41,93,False
2026-06-29,Bengaluru,Indiranagar,House Latte,46,41,33,54,False
2026-06-29,Bengaluru,Indiranagar,Cold Brew,112,36,19,129,False
2026-06-29,Bengaluru,Indiranagar,Breakfast Combo,95,25,51,69,False
2026-06-29,Bengaluru,Indiranagar,Cappuccino,70,51,41,80,False
2026-06-29,Bengaluru,Indiranagar,Chai Frappe,77,43,22,98,False
2026-06-29,Bengaluru,Koramangala,House Latte,45,50,53,42,False
2026-06-29,Bengaluru,Koramangala,Cold Brew,108,32,29,111,False
2026-06-29,Bengaluru,Koramangala,Breakfast Combo,68,48,39,77,False
2026-06-29,Bengaluru,Koramangala,Cappuccino,103,57,30,130,False
2026-06-29,Bengaluru,Koramangala,Chai Frappe,93,40,53,80,False
2026-06-29,Hyderabad,Banjara Hills,House Latte,68,27,30,65,False
2026-06-29,Hyderabad,Banjara Hills,Cold Brew,89,58,48,99,False
2026-06-29,Hyderabad,Banjara Hills,Breakfast Combo,41,40,21,60,False
2026-06-29,Hyderabad,Banjara Hills,Cappuccino,68,57,54,71,False
2026-06-29,Hyderabad,Banjara Hills,Chai Frappe,52,25,42,35,False
2026-06-29,Hyderabad,Gachibowli,House Latte,72,37,49,60,False
2026-06-29,Hyderabad,Gachibowli,Cold Brew,113,56,46,123,False
2026-06-29,Hyderabad,Gachibowli,Breakfast Combo,118,48,50,116,False
2026-06-29,Hyderabad,Gachibowli,Cappuccino,83,22,47,58,False
2026-06-29,Hyderabad,Gachibowli,Chai Frappe,114,32,32,114,False
2026-06-30,Ahmedabad,Satellite,House Latte,85,46,41,90,False
2026-06-30,Ahmedabad,Satellite,Cold Brew,71,54,47,78,False
2026-06-30,Ahmedabad,Satellite,Breakfast Combo,115,43,18,140,False
2026-06-30,Ahmedabad,Satellite,Cappuccino,107,23,22,108,False
2026-06-30,Ahmedabad,Satellite,Chai Frappe,62,27,43,46,False
2026-06-30,Ahmedabad,Navrangpura,House Latte,75,28,15,88,False
2026-06-30,Ahmedabad,Navrangpura,Cold Brew,57,47,46,58,False
2026-06-30,Ahmedabad,Navrangpura,Breakfast Combo,63,22,37,48,False
2026-06-30,Ahmedabad,Navrangpura,Cappuccino,102,22,46,78,False
2026-06-30,Ahmedabad,Navrangpura,Chai Frappe,53,30,39,44,False
2026-06-30,Jaipur,C-Scheme,House Latte,44,32,20,56,False
2026-06-30,Jaipur,C-Scheme,Cold Brew,57,50,24,83,False
2026-06-30,Jaipur,C-Scheme,Breakfast Combo,43,28,18,53,False
2026-06-30,Jaipur,C-Scheme,Cappuccino,89,58,21,126,False
2026-06-30,Jaipur,C-Scheme,Chai Frappe,98,34,17,115,False
2026-06-30,Jaipur,Malviya Nagar,House Latte,95,28,35,88,False
2026-06-30,Jaipur,Malviya Nagar,Cold Brew,80,43,20,103,False
2026-06-30,Jaipur,Malviya Nagar,Breakfast Combo,60,49,52,57,False
2026-06-30,Jaipur,Malviya Nagar,Cappuccino,40,36,50,26,False
2026-06-30,Jaipur,Malviya Nagar,Chai Frappe,62,37,51,48,False
2026-06-30,Delhi,Connaught Place,House Latte,117,46,42,121,False
2026-06-30,Delhi,Connaught Place,Cold Brew,89,31,50,70,False
2026-06-30,Delhi,Connaught Place,Breakfast Combo,42,22,39,25,False
2026-06-30,Delhi,Connaught Place,Cappuccino,107,52,42,117,False
2026-06-30,Delhi,Connaught Place,Chai Frappe,70,34,32,72,False
2026-06-30,Delhi,Saket,House Latte,60,36,19,77,False
2026-06-30,Delhi,Saket,Cold Brew,65,57,43,79,False
2026-06-30,Delhi,Saket,Breakfast Combo,51,31,25,57,False
2026-06-30,Delhi,Saket,Cappuccino,62,47,50,59,False
2026-06-30,Delhi,Saket,Chai Frappe,96,39,21,114,False
2026-06-30,Mumbai,Bandra,House Latte,51,52,42,61,False
2026-06-30,Mumbai,Bandra,Cold Brew,80,43,48,75,False
2026-06-30,Mumbai,Bandra,Breakfast Combo,105,23,30,98,False
2026-06-30,Mumbai,Bandra,Cappuccino,43,35,40,38,False
2026-06-30,Mumbai,Bandra,Chai Frappe,56,26,34,48,False
2026-06-30,Mumbai,Andheri,House Latte,81,48,15,114,False
2026-06-30,Mumbai,Andheri,Cold Brew,59,51,42,68,False
2026-06-30,Mumbai,Andheri,Breakfast Combo,111,52,48,115,False
2026-06-30,Mumbai,Andheri,Cappuccino,80,58,31,107,False
2026-06-30,Mumbai,Andheri,Chai Frappe,112,35,32,115,False
2026-06-30,Bengaluru,Indiranagar,House Latte,94,35,20,109,False
2026-06-30,Bengaluru,Indiranagar,Cold Brew,111,38,52,97,False
2026-06-30,Bengaluru,Indiranagar,Breakfast Combo,71,58,39,90,False
2026-06-30,Bengaluru,Indiranagar,Cappuccino,101,50,23,128,False
2026-06-30,Bengaluru,Indiranagar,Chai Frappe,105,57,41,121,False
2026-06-30,Bengaluru,Koramangala,House Latte,115,53,41,127,False
2026-06-30,Bengaluru,Koramangala,Cold Brew,78,54,22,110,False
2026-06-30,Bengaluru,Koramangala,Breakfast Combo,84,52,52,84,False
2026-06-30,Bengaluru,Koramangala,Cappuccino,61,23,28,56,False
2026-06-30,Bengaluru,Koramangala,Chai Frappe,109,40,17,132,False
2026-06-30,Hyderabad,Banjara Hills,House Latte,49,33,28,54,False
2026-06-30,Hyderabad,Banjara Hills,Cold Brew,50,39,34,55,False
2026-06-30,Hyderabad,Banjara Hills,Breakfast Combo,55,29,41,43,False
2026-06-30,Hyderabad,Banjara Hills,Cappuccino,116,59,37,138,False
2026-06-30,Hyderabad,Banjara Hills,Chai Frappe,43,55,53,45,False
2026-06-30,Hyderabad,Gachibowli,House Latte,62,36,16,82,False
2026-06-30,Hyderabad,Gachibowli,Cold Brew,104,51,15,140,False
2026-06-30,Hyderabad,Gachibowli,Breakfast Combo,96,36,36,96,False
2026-06-30,Hyderabad,Gachibowli,Cappuccino,57,52,31,78,False
2026-06-30,Hyderabad,Gachibowli,Chai Frappe,107,25,38,94,False
2026-07-01,Ahmedabad,Satellite,House Latte,64,58,37,85,False
2026-07-01,Ahmedabad,Satellite,Cold Brew,97,23,42,78,False
2026-07-01,Ahmedabad,Satellite,Breakfast Combo,48,34,23,59,False
2026-07-01,Ahmedabad,Satellite,Cappuccino,40,43,24,59,False
2026-07-01,Ahmedabad,Satellite,Chai Frappe,81,50,22,109,False
2026-07-01,Ahmedabad,Navrangpura,House Latte,96,31,28,99,False
2026-07-01,Ahmedabad,Navrangpura,Cold Brew,86,45,41,90,False
2026-07-01,Ahmedabad,Navrangpura,Breakfast Combo,55,43,25,73,False
2026-07-01,Ahmedabad,Navrangpura,Cappuccino,62,57,19,100,False
2026-07-01,Ahmedabad,Navrangpura,Chai Frappe,73,37,24,86,False
2026-07-01,Jaipur,C-Scheme,House Latte,102,39,43,98,False
2026-07-01,Jaipur,C-Scheme,Cold Brew,70,55,44,81,False
2026-07-01,Jaipur,C-Scheme,Breakfast Combo,66,58,49,75,False
2026-07-01,Jaipur,C-Scheme,Cappuccino,87,20,38,69,False
2026-07-01,Jaipur,C-Scheme,Chai Frappe,95,34,20,109,False
2026-07-01,Jaipur,Malviya Nagar,House Latte,85,52,27,110,False
2026-07-01,Jaipur,Malviya Nagar,Cold Brew,76,20,43,53,False
2026-07-01,Jaipur,Malviya Nagar,Breakfast Combo,109,51,32,128,False
2026-07-01,Jaipur,Malviya Nagar,Cappuccino,43,39,52,30,False
2026-07-01,Jaipur,Malviya Nagar,Chai Frappe,46,28,48,26,False
2026-07-01,Delhi,Connaught Place,House Latte,85,26,15,96,False
2026-07-01,Delhi,Connaught Place,Cold Brew,72,43,48,67,False
2026-07-01,Delhi,Connaught Place,Breakfast Combo,110,38,31,117,False
2026-07-01,Delhi,Connaught Place,Cappuccino,114,51,23,142,False
2026-07-01,Delhi,Connaught Place,Chai Frappe,94,48,24,118,False
2026-07-01,Delhi,Saket,House Latte,118,31,36,113,False
2026-07-01,Delhi,Saket,Cold Brew,79,47,51,75,False
2026-07-01,Delhi,Saket,Breakfast Combo,71,35,45,61,False
2026-07-01,Delhi,Saket,Cappuccino,116,56,45,127,False
2026-07-01,Delhi,Saket,Chai Frappe,96,50,52,94,False
2026-07-01,Mumbai,Bandra,House Latte,40,43,16,67,False
2026-07-01,Mumbai,Bandra,Cold Brew,86,35,27,94,False
2026-07-01,Mumbai,Bandra,Breakfast Combo,111,48,37,122,False
2026-07-01,Mumbai,Bandra,Cappuccino,110,23,40,93,False
2026-07-01,Mumbai,Bandra,Chai Frappe,52,29,22,59,False
2026-07-01,Mumbai,Andheri,House Latte,83,45,45,83,False
2026-07-01,Mumbai,Andheri,Cold Brew,75,57,29,103,False
2026-07-01,Mumbai,Andheri,Breakfast Combo,52,21,20,53,False
2026-07-01,Mumbai,Andheri,Cappuccino,75,36,49,62,False
2026-07-01,Mumbai,Andheri,Chai Frappe,50,30,54,26,False
2026-07-01,Bengaluru,Indiranagar,House Latte,42,36,22,56,False
2026-07-01,Bengaluru,Indiranagar,Cold Brew,82,58,24,116,False
2026-07-01,Bengaluru,Indiranagar,Breakfast Combo,69,37,46,60,False
2026-07-01,Bengaluru,Indiranagar,Cappuccino,118,23,34,107,False
2026-07-01,Bengaluru,Indiranagar,Chai Frappe,100,20,47,73,False
2026-07-01,Bengaluru,Koramangala,House Latte,59,40,54,45,False
2026-07-01,Bengaluru,Koramangala,Cold Brew,90,59,39,110,False
2026-07-01,Bengaluru,Koramangala,Breakfast Combo,56,47,39,64,False
2026-07-01,Bengaluru,Koramangala,Cappuccino,64,23,40,47,False
2026-07-01,Bengaluru,Koramangala,Chai Frappe,86,50,20,116,False
2026-07-01,Hyderabad,Banjara Hills,House Latte,83,52,50,85,False
2026-07-01,Hyderabad,Banjara Hills,Cold Brew,115,28,21,122,False
2026-07-01,Hyderabad,Banjara Hills,Breakfast Combo,86,38,24,100,False
2026-07-01,Hyderabad,Banjara Hills,Cappuccino,48,25,28,45,False
2026-07-01,Hyderabad,Banjara Hills,Chai Frappe,99,22,19,102,False
2026-07-01,Hyderabad,Gachibowli,House Latte,61,54,54,61,False
2026-07-01,Hyderabad,Gachibowli,Cold Brew,75,21,15,81,False
2026-07-01,Hyderabad,Gachibowli,Breakfast Combo,108,37,18,127,False
2026-07-01,Hyderabad,Gachibowli,Cappuccino,106,41,28,119,False
2026-07-01,Hyderabad,Gachibowli,Chai Frappe,76,29,52,53,False
2026-07-02,Ahmedabad,Satellite,House Latte,103,27,44,86,False
2026-07-02,Ahmedabad,Satellite,Cold Brew,54,38,44,48,False
2026-07-02,Ahmedabad,Satellite,Breakfast Combo,42,49,24,67,False
2026-07-02,Ahmedabad,Satellite,Cappuccino,95,39,16,118,False
2026-07-02,Ahmedabad,Satellite,Chai Frappe,100,30,53,77,False
2026-07-02,Ahmedabad,Navrangpura,House Latte,107,27,39,95,False
2026-07-02,Ahmedabad,Navrangpura,Cold Brew,68,44,37,75,False
2026-07-02,Ahmedabad,Navrangpura,Breakfast Combo,63,46,25,84,False
2026-07-02,Ahmedabad,Navrangpura,Cappuccino,112,57,21,148,False
2026-07-02,Ahmedabad,Navrangpura,Chai Frappe,98,57,20,135,False
2026-07-02,Jaipur,C-Scheme,House Latte,99,57,24,132,False
2026-07-02,Jaipur,C-Scheme,Cold Brew,86,51,28,109,False
2026-07-02,Jaipur,C-Scheme,Breakfast Combo,59,35,28,66,False
2026-07-02,Jaipur,C-Scheme,Cappuccino,98,34,30,102,False
2026-07-02,Jaipur,C-Scheme,Chai Frappe,115,43,52,106,False
2026-07-02,Jaipur,Malviya Nagar,House Latte,96,55,22,129,False
2026-07-02,Jaipur,Malviya Nagar,Cold Brew,115,57,16,156,False
2026-07-02,Jaipur,Malviya Nagar,Breakfast Combo,68,36,31,73,False
2026-07-02,Jaipur,Malviya Nagar,Cappuccino,102,47,23,126,False
2026-07-02,Jaipur,Malviya Nagar,Chai Frappe,88,58,32,114,False
2026-07-02,Delhi,Connaught Place,House Latte,114,45,51,108,False
2026-07-02,Delhi,Connaught Place,Cold Brew,112,20,47,85,False
2026-07-02,Delhi,Connaught Place,Breakfast Combo,55,52,47,60,False
2026-07-02,Delhi,Connaught Place,Cappuccino,60,22,31,51,False
2026-07-02,Delhi,Connaught Place,Chai Frappe,64,42,18,88,False
2026-07-02,Delhi,Saket,House Latte,43,37,45,35,False
2026-07-02,Delhi,Saket,Cold Brew,65,32,21,76,False
2026-07-02,Delhi,Saket,Breakfast Combo,62,31,25,68,False
2026-07-02,Delhi,Saket,Cappuccino,67,31,42,56,False
2026-07-02,Delhi,Saket,Chai Frappe,67,50,39,78,False
2026-07-02,Mumbai,Bandra,House Latte,91,43,51,83,False
2026-07-02,Mumbai,Bandra,Cold Brew,60,59,23,96,False
2026-07-02,Mumbai,Bandra,Breakfast Combo,51,53,50,54,False
2026-07-02,Mumbai,Bandra,Cappuccino,47,43,35,55,False
2026-07-02,Mumbai,Bandra,Chai Frappe,57,40,42,55,False
2026-07-02,Mumbai,Andheri,House Latte,85,40,50,75,False
2026-07-02,Mumbai,Andheri,Cold Brew,58,44,27,75,False
2026-07-02,Mumbai,Andheri,Breakfast Combo,117,30,49,98,False
2026-07-02,Mumbai,Andheri,Cappuccino,90,28,45,73,False
2026-07-02,Mumbai,Andheri,Chai Frappe,59,30,28,61,False
2026-07-02,Bengaluru,Indiranagar,House Latte,94,35,37,92,False
2026-07-02,Bengaluru,Indiranagar,Cold Brew,84,27,24,87,False
2026-07-02,Bengaluru,Indiranagar,Breakfast Combo,64,28,51,41,False
2026-07-02,Bengaluru,Indiranagar,Cappuccino,70,36,41,65,False
2026-07-02,Bengaluru,Indiranagar,Chai Frappe,103,47,37,113,False
2026-07-02,Bengaluru,Koramangala,House Latte,118,55,23,150,False
2026-07-02,Bengaluru,Koramangala,Cold Brew,52,35,48,39,False
2026-07-02,Bengaluru,Koramangala,Breakfast Combo,117,48,42,123,False
2026-07-02,Bengaluru,Koramangala,Cappuccino,58,43,22,79,False
2026-07-02,Bengaluru,Koramangala,Chai Frappe,83,27,18,92,False
2026-07-02,Hyderabad,Banjara Hills,House Latte,117,55,42,130,False
2026-07-02,Hyderabad,Banjara Hills,Cold Brew,90,29,37,82,False
2026-07-02,Hyderabad,Banjara Hills,Breakfast Combo,99,41,26,114,False
2026-07-02,Hyderabad,Banjara Hills,Cappuccino,71,53,25,99,False
2026-07-02,Hyderabad,Banjara Hills,Chai Frappe,116,50,50,116,False
2026-07-02,Hyderabad,Gachibowli,House Latte,80,28,16,92,False
2026-07-02,Hyderabad,Gachibowli,Cold Brew,82,35,19,98,False
2026-07-02,Hyderabad,Gachibowli,Breakfast Combo,114,58,29,143,False
2026-07-02,Hyderabad,Gachibowli,Cappuccino,93,36,34,95,False
2026-07-02,Hyderabad,Gachibowli,Chai Frappe,89,36,47,78,False
2026-07-03,Ahmedabad,Satellite,House Latte,55,46,54,47,False
2026-07-03,Ahmedabad,Satellite,Cold Brew,108,21,19,110,False
2026-07-03,Ahmedabad,Satellite,Breakfast Combo,90,56,48,98,False
2026-07-03,Ahmedabad,Satellite,Cappuccino,112,25,35,102,False
2026-07-03,Ahmedabad,Satellite,Chai Frappe,98,44,46,96,False
2026-07-03,Ahmedabad,Navrangpura,House Latte,57,38,32,63,False
2026-07-03,Ahmedabad,Navrangpura,Cold Brew,115,28,28,115,False
2026-07-03,Ahmedabad,Navrangpura,Breakfast Combo,41,26,54,13,False
2026-07-03,Ahmedabad,Navrangpura,Cappuccino,107,30,43,94,False
2026-07-03,Ahmedabad,Navrangpura,Chai Frappe,87,56,27,116,False
2026-07-03,Jaipur,C-Scheme,House Latte,119,34,43,110,False
2026-07-03,Jaipur,C-Scheme,Cold Brew,71,46,28,89,False
2026-07-03,Jaipur,C-Scheme,Breakfast Combo,107,45,26,126,False
2026-07-03,Jaipur,C-Scheme,Cappuccino,116,48,32,132,False
2026-07-03,Jaipur,C-Scheme,Chai Frappe,50,58,45,63,False
2026-07-03,Jaipur,Malviya Nagar,House Latte,93,53,39,107,False
2026-07-03,Jaipur,Malviya Nagar,Cold Brew,58,29,18,69,False
2026-07-03,Jaipur,Malviya Nagar,Breakfast Combo,45,49,49,45,False
2026-07-03,Jaipur,Malviya Nagar,Cappuccino,53,42,19,76,False
2026-07-03,Jaipur,Malviya Nagar,Chai Frappe,73,51,47,77,False
2026-07-03,Delhi,Connaught Place,House Latte,115,32,52,95,False
2026-07-03,Delhi,Connaught Place,Cold Brew,102,33,28,107,False
2026-07-03,Delhi,Connaught Place,Breakfast Combo,48,56,23,81,False
2026-07-03,Delhi,Connaught Place,Cappuccino,61,36,20,77,False
2026-07-03,Delhi,Connaught Place,Chai Frappe,104,47,21,130,False
2026-07-03,Delhi,Saket,House Latte,53,20,52,21,False
2026-07-03,Delhi,Saket,Cold Brew,74,46,20,100,False
2026-07-03,Delhi,Saket,Breakfast Combo,58,41,23,76,False
2026-07-03,Delhi,Saket,Cappuccino,89,56,27,118,False
2026-07-03,Delhi,Saket,Chai Frappe,88,56,50,94,False
2026-07-03,Mumbai,Bandra,House Latte,40,24,54,10,False
2026-07-03,Mumbai,Bandra,Cold Brew,114,32,35,111,False
2026-07-03,Mumbai,Bandra,Breakfast Combo,85,46,45,86,False
2026-07-03,Mumbai,Bandra,Cappuccino,69,55,17,107,False
2026-07-03,Mumbai,Bandra,Chai Frappe,42,58,22,78,False
2026-07-03,Mumbai,Andheri,House Latte,119,31,29,121,False
2026-07-03,Mumbai,Andheri,Cold Brew,42,57,29,70,False
2026-07-03,Mumbai,Andheri,Breakfast Combo,53,39,21,71,False
2026-07-03,Mumbai,Andheri,Cappuccino,103,22,34,91,False
2026-07-03,Mumbai,Andheri,Chai Frappe,71,21,17,75,False
2026-07-03,Bengaluru,Indiranagar,House Latte,81,35,20,96,False
2026-07-03,Bengaluru,Indiranagar,Cold Brew,51,52,44,59,False
2026-07-03,Bengaluru,Indiranagar,Breakfast Combo,88,53,17,124,False
2026-07-03,Bengaluru,Indiranagar,Cappuccino,95,50,23,122,False
2026-07-03,Bengaluru,Indiranagar,Chai Frappe,82,50,39,93,False
2026-07-03,Bengaluru,Koramangala,House Latte,59,46,45,60,False
2026-07-03,Bengaluru,Koramangala,Cold Brew,40,42,35,47,False
2026-07-03,Bengaluru,Koramangala,Breakfast Combo,69,21,18,72,False
2026-07-03,Bengaluru,Koramangala,Cappuccino,100,53,31,122,False
2026-07-03,Bengaluru,Koramangala,Chai Frappe,115,57,41,131,False
2026-07-03,Hyderabad,Banjara Hills,House Latte,86,58,39,105,False
2026-07-03,Hyderabad,Banjara Hills,Cold Brew,114,59,22,151,False
2026-07-03,Hyderabad,Banjara Hills,Breakfast Combo,92,49,47,94,False
2026-07-03,Hyderabad,Banjara Hills,Cappuccino,67,54,34,87,False
2026-07-03,Hyderabad,Banjara Hills,Chai Frappe,70,26,27,69,False
2026-07-03,Hyderabad,Gachibowli,House Latte,117,48,44,121,False
2026-07-03,Hyderabad,Gachibowli,Cold Brew,111,30,41,100,False
2026-07-03,Hyderabad,Gachibowli,Breakfast Combo,69,53,31,91,False
2026-07-03,Hyderabad,Gachibowli,Cappuccino,108,49,45,112,False
2026-07-03,Hyderabad,Gachibowli,Chai Frappe,114,51,27,138,False
2026-07-04,Ahmedabad,Satellite,House Latte,81,38,17,102,False
2026-07-04,Ahmedabad,Satellite,Cold Brew,87,37,30,94,False
2026-07-04,Ahmedabad,Satellite,Breakfast Combo,48,40,38,50,False
2026-07-04,Ahmedabad,Satellite,Cappuccino,48,45,21,72,False
2026-07-04,Ahmedabad,Satellite,Chai Frappe,51,36,30,57,False
2026-07-04,Ahmedabad,Navrangpura,House Latte,113,22,28,107,False
2026-07-04,Ahmedabad,Navrangpura,Cold Brew,98,29,54,73,False
2026-07-04,Ahmedabad,Navrangpura,Breakfast Combo,99,57,52,104,False
2026-07-04,Ahmedabad,Navrangpura,Cappuccino,48,38,44,42,False
2026-07-04,Ahmedabad,Navrangpura,Chai Frappe,40,38,42,36,False
2026-07-04,Jaipur,C-Scheme,House Latte,103,36,49,90,False
2026-07-04,Jaipur,C-Scheme,Cold Brew,93,21,26,88,False
2026-07-04,Jaipur,C-Scheme,Breakfast Combo,115,20,19,116,False
2026-07-04,Jaipur,C-Scheme,Cappuccino,67,59,43,83,False
2026-07-04,Jaipur,C-Scheme,Chai Frappe,51,35,52,34,False
2026-07-04,Jaipur,Malviya Nagar,House Latte,57,43,33,67,False
2026-07-04,Jaipur,Malviya Nagar,Cold Brew,100,50,48,102,False
2026-07-04,Jaipur,Malviya Nagar,Breakfast Combo,49,38,42,45,False
2026-07-04,Jaipur,Malviya Nagar,Cappuccino,73,46,40,79,False
2026-07-04,Jaipur,Malviya Nagar,Chai Frappe,69,24,53,40,False
2026-07-04,Delhi,Connaught Place,House Latte,106,55,26,135,False
2026-07-04,Delhi,Connaught Place,Cold Brew,65,32,16,81,False
2026-07-04,Delhi,Connaught Place,Breakfast Combo,53,32,54,31,False
2026-07-04,Delhi,Connaught Place,Cappuccino,56,40,36,60,False
2026-07-04,Delhi,Connaught Place,Chai Frappe,68,56,18,106,False
2026-07-04,Delhi,Saket,House Latte,109,49,27,131,False
2026-07-04,Delhi,Saket,Cold Brew,101,37,53,85,False
2026-07-04,Delhi,Saket,Breakfast Combo,42,21,36,27,False
2026-07-04,Delhi,Saket,Cappuccino,114,22,46,90,False
2026-07-04,Delhi,Saket,Chai Frappe,115,39,49,105,False
2026-07-04,Mumbai,Bandra,House Latte,100,28,49,79,False
2026-07-04,Mumbai,Bandra,Cold Brew,95,20,37,78,False
2026-07-04,Mumbai,Bandra,Breakfast Combo,92,52,45,99,False
2026-07-04,Mumbai,Bandra,Cappuccino,78,31,22,87,False
2026-07-04,Mumbai,Bandra,Chai Frappe,47,45,53,39,False
2026-07-04,Mumbai,Andheri,House Latte,46,48,38,56,False
2026-07-04,Mumbai,Andheri,Cold Brew,53,28,26,55,False
2026-07-04,Mumbai,Andheri,Breakfast Combo,94,31,48,77,False
2026-07-04,Mumbai,Andheri,Cappuccino,69,24,18,75,False
2026-07-04,Mumbai,Andheri,Chai Frappe,72,36,44,64,False
2026-07-04,Bengaluru,Indiranagar,House Latte,78,26,23,81,False
2026-07-04,Bengaluru,Indiranagar,Cold Brew,85,33,41,77,False
2026-07-04,Bengaluru,Indiranagar,Breakfast Combo,113,34,37,110,False
2026-07-04,Bengaluru,Indiranagar,Cappuccino,106,28,35,99,False
2026-07-04,Bengaluru,Indiranagar,Chai Frappe,64,45,44,65,False
2026-07-04,Bengaluru,Koramangala,House Latte,51,27,15,63,False
2026-07-04,Bengaluru,Koramangala,Cold Brew,40,22,43,19,False
2026-07-04,Bengaluru,Koramangala,Breakfast Combo,112,36,50,98,False
2026-07-04,Bengaluru,Koramangala,Cappuccino,98,52,44,106,False
2026-07-04,Bengaluru,Koramangala,Chai Frappe,55,40,36,59,False
2026-07-04,Hyderabad,Banjara Hills,House Latte,91,51,19,123,False
2026-07-04,Hyderabad,Banjara Hills,Cold Brew,93,53,19,127,False
2026-07-04,Hyderabad,Banjara Hills,Breakfast Combo,73,55,15,113,False
2026-07-04,Hyderabad,Banjara Hills,Cappuccino,52,52,21,83,False
2026-07-04,Hyderabad,Banjara Hills,Chai Frappe,96,56,34,118,False
2026-07-04,Hyderabad,Gachibowli,House Latte,78,37,29,86,False
2026-07-04,Hyderabad,Gachibowli,Cold Brew,70,42,50,62,False
2026-07-04,Hyderabad,Gachibowli,Breakfast Combo,118,54,19,153,False
2026-07-04,Hyderabad,Gachibowli,Cappuccino,64,50,36,78,False
2026-07-04,Hyderabad,Gachibowli,Chai Frappe,66,32,19,79,False
2026-07-05,Ahmedabad,Satellite,House Latte,66,36,31,71,False
2026-07-05,Ahmedabad,Satellite,Cold Brew,83,30,23,90,False
2026-07-05,Ahmedabad,Satellite,Breakfast Combo,111,36,25,122,False
2026-07-05,Ahmedabad,Satellite,Cappuccino,90,41,38,93,False
2026-07-05,Ahmedabad,Satellite,Chai Frappe,57,48,22,83,False
2026-07-05,Ahmedabad,Navrangpura,House Latte,106,36,31,111,False
2026-07-05,Ahmedabad,Navrangpura,Cold Brew,71,36,41,66,False
2026-07-05,Ahmedabad,Navrangpura,Breakfast Combo,79,25,37,67,False
2026-07-05,Ahmedabad,Navrangpura,Cappuccino,61,24,48,37,False
2026-07-05,Ahmedabad,Navrangpura,Chai Frappe,65,43,21,87,False
2026-07-05,Jaipur,C-Scheme,House Latte,67,35,20,82,False
2026-07-05,Jaipur,C-Scheme,Cold Brew,117,32,38,111,False
2026-07-05,Jaipur,C-Scheme,Breakfast Combo,85,37,38,84,False
2026-07-05,Jaipur,C-Scheme,Cappuccino,85,23,41,67,False
2026-07-05,Jaipur,C-Scheme,Chai Frappe,49,37,29,57,False
2026-07-05,Jaipur,Malviya Nagar,House Latte,75,22,43,54,False
2026-07-05,Jaipur,Malviya Nagar,Cold Brew,73,22,15,80,False
2026-07-05,Jaipur,Malviya Nagar,Breakfast Combo,83,46,36,93,False
2026-07-05,Jaipur,Malviya Nagar,Cappuccino,97,50,49,98,False
2026-07-05,Jaipur,Malviya Nagar,Chai Frappe,118,55,46,127,False
2026-07-05,Delhi,Connaught Place,House Latte,74,40,39,75,False
2026-07-05,Delhi,Connaught Place,Cold Brew,53,47,38,62,False
2026-07-05,Delhi,Connaught Place,Breakfast Combo,81,53,42,92,False
2026-07-05,Delhi,Connaught Place,Cappuccino,114,59,48,125,False
2026-07-05,Delhi,Connaught Place,Chai Frappe,63,27,26,64,False
2026-07-05,Delhi,Saket,House Latte,97,54,50,101,False
2026-07-05,Delhi,Saket,Cold Brew,94,47,53,88,False
2026-07-05,Delhi,Saket,Breakfast Combo,94,25,35,84,False
2026-07-05,Delhi,Saket,Cappuccino,68,45,40,73,False
2026-07-05,Delhi,Saket,Chai Frappe,63,31,18,76,False
2026-07-05,Mumbai,Bandra,House Latte,63,53,41,75,False
2026-07-05,Mumbai,Bandra,Cold Brew,115,57,49,123,False
2026-07-05,Mumbai,Bandra,Breakfast Combo,54,33,17,70,False
2026-07-05,Mumbai,Bandra,Cappuccino,47,29,26,50,False
2026-07-05,Mumbai,Bandra,Chai Frappe,41,53,36,58,False
2026-07-05,Mumbai,Andheri,House Latte,92,46,53,85,False
2026-07-05,Mumbai,Andheri,Cold Brew,51,33,27,57,False
2026-07-05,Mumbai,Andheri,Breakfast Combo,84,41,46,79,False
2026-07-05,Mumbai,Andheri,Cappuccino,84,29,37,76,False
2026-07-05,Mumbai,Andheri,Chai Frappe,117,43,38,122,False
2026-07-05,Bengaluru,Indiranagar,House Latte,54,20,23,51,False
2026-07-05,Bengaluru,Indiranagar,Cold Brew,42,38,50,30,False
2026-07-05,Bengaluru,Indiranagar,Breakfast Combo,75,45,49,71,False
2026-07-05,Bengaluru,Indiranagar,Cappuccino,101,46,46,101,False
2026-07-05,Bengaluru,Indiranagar,Chai Frappe,62,36,30,68,False
2026-07-05,Bengaluru,Koramangala,House Latte,103,36,52,87,False
2026-07-05,Bengaluru,Koramangala,Cold Brew,54,26,43,37,False
2026-07-05,Bengaluru,Koramangala,Breakfast Combo,101,47,27,121,False
2026-07-05,Bengaluru,Koramangala,Cappuccino,40,32,33,39,False
2026-07-05,Bengaluru,Koramangala,Chai Frappe,73,56,49,80,False
2026-07-05,Hyderabad,Banjara Hills,House Latte,102,20,20,102,False
2026-07-05,Hyderabad,Banjara Hills,Cold Brew,74,44,42,76,False
2026-07-05,Hyderabad,Banjara Hills,Breakfast Combo,63,24,28,59,False
2026-07-05,Hyderabad,Banjara Hills,Cappuccino,103,59,52,110,False
2026-07-05,Hyderabad,Banjara Hills,Chai Frappe,87,23,53,57,False
2026-07-05,Hyderabad,Gachibowli,House Latte,52,30,53,29,False
2026-07-05,Hyderabad,Gachibowli,Cold Brew,80,27,35,72,False
2026-07-05,Hyderabad,Gachibowli,Breakfast Combo,46,32,53,25,False
2026-07-05,Hyderabad,Gachibowli,Cappuccino,63,55,36,82,False
2026-07-05,Hyderabad,Gachibowli,Chai Frappe,92,48,37,103,False
2026-07-06,Ahmedabad,Satellite,House Latte,42,56,34,64,False
2026-07-06,Ahmedabad,Satellite,Cold Brew,92,42,41,93,False
2026-07-06,Ahmedabad,Satellite,Breakfast Combo,68,53,23,98,False
2026-07-06,Ahmedabad,Satellite,Cappuccino,92,43,35,100,False
2026-07-06,Ahmedabad,Satellite,Chai Frappe,41,35,16,60,False
2026-07-06,Ahmedabad,Navrangpura,House Latte,80,47,35,92,False
2026-07-06,Ahmedabad,Navrangpura,Cold Brew,100,34,27,107,False
2026-07-06,Ahmedabad,Navrangpura,Breakfast Combo,75,29,47,57,False
2026-07-06,Ahmedabad,Navrangpura,Cappuccino,104,36,46,94,False
2026-07-06,Ahmedabad,Navrangpura,Chai Frappe,42,26,26,42,False
2026-07-06,Jaipur,C-Scheme,House Latte,71,29,35,65,False
2026-07-06,Jaipur,C-Scheme,Cold Brew,103,38,32,109,False
2026-07-06,Jaipur,C-Scheme,Breakfast Combo,44,31,47,28,False
2026-07-06,Jaipur,C-Scheme,Cappuccino,104,24,15,113,False
2026-07-06,Jaipur,C-Scheme,Chai Frappe,106,26,37,95,False
2026-07-06,Jaipur,Malviya Nagar,House Latte,106,51,37,120,False
2026-07-06,Jaipur,Malviya Nagar,Cold Brew,70,50,42,78,False
2026-07-06,Jaipur,Malviya Nagar,Breakfast Combo,107,40,52,95,False
2026-07-06,Jaipur,Malviya Nagar,Cappuccino,101,22,26,97,False
2026-07-06,Jaipur,Malviya Nagar,Chai Frappe,103,24,43,84,False
2026-07-06,Delhi,Connaught Place,House Latte,67,28,36,59,False
2026-07-06,Delhi,Connaught Place,Cold Brew,114,55,31,138,False
2026-07-06,Delhi,Connaught Place,Breakfast Combo,40,55,50,45,False
2026-07-06,Delhi,Connaught Place,Cappuccino,88,45,36,97,False
2026-07-06,Delhi,Connaught Place,Chai Frappe,40,26,20,46,False
2026-07-06,Delhi,Saket,House Latte,113,21,37,97,False
2026-07-06,Delhi,Saket,Cold Brew,69,20,51,38,False
2026-07-06,Delhi,Saket,Breakfast Combo,41,54,46,49,False
2026-07-06,Delhi,Saket,Cappuccino,103,26,50,79,False
2026-07-06,Delhi,Saket,Chai Frappe,87,36,42,81,False
2026-07-06,Mumbai,Bandra,House Latte,67,31,26,72,False
2026-07-06,Mumbai,Bandra,Cold Brew,85,44,24,105,False
2026-07-06,Mumbai,Bandra,Breakfast Combo,59,57,35,81,False
2026-07-06,Mumbai,Bandra,Cappuccino,108,33,26,115,False
2026-07-06,Mumbai,Bandra,Chai Frappe,62,41,46,57,False
2026-07-06,Mumbai,Andheri,House Latte,80,31,53,58,False
2026-07-06,Mumbai,Andheri,Cold Brew,85,35,15,105,False
2026-07-06,Mumbai,Andheri,Breakfast Combo,84,44,52,76,False
2026-07-06,Mumbai,Andheri,Cappuccino,58,26,54,30,False
2026-07-06,Mumbai,Andheri,Chai Frappe,84,21,19,86,False
2026-07-06,Bengaluru,Indiranagar,House Latte,78,44,24,98,False
2026-07-06,Bengaluru,Indiranagar,Cold Brew,69,49,53,65,False
2026-07-06,Bengaluru,Indiranagar,Breakfast Combo,79,36,29,86,False
2026-07-06,Bengaluru,Indiranagar,Cappuccino,50,22,48,24,False
2026-07-06,Bengaluru,Indiranagar,Chai Frappe,42,52,24,70,False
2026-07-06,Bengaluru,Koramangala,House Latte,95,58,44,109,False
2026-07-06,Bengaluru,Koramangala,Cold Brew,98,30,38,90,False
2026-07-06,Bengaluru,Koramangala,Breakfast Combo,91,37,16,112,False
2026-07-06,Bengaluru,Koramangala,Cappuccino,112,27,53,86,False
2026-07-06,Bengaluru,Koramangala,Chai Frappe,114,20,44,90,False
2026-07-06,Hyderabad,Banjara Hills,House Latte,90,29,47,72,False
2026-07-06,Hyderabad,Banjara Hills,Cold Brew,48,29,52,25,False
2026-07-06,Hyderabad,Banjara Hills,Breakfast Combo,99,24,20,103,False
2026-07-06,Hyderabad,Banjara Hills,Cappuccino,60,22,22,60,False
2026-07-06,Hyderabad,Banjara Hills,Chai Frappe,85,20,26,79,False
2026-07-06,Hyderabad,Gachibowli,House Latte,65,58,53,70,False
2026-07-06,Hyderabad,Gachibowli,Cold Brew,107,33,36,104,False
2026-07-06,Hyderabad,Gachibowli,Breakfast Combo,80,54,44,90,False
2026-07-06,Hyderabad,Gachibowli,Cappuccino,112,42,51,103,False
2026-07-06,Hyderabad,Gachibowli,Chai Frappe,99,49,41,107,False
2026-07-07,Ahmedabad,Satellite,House Latte,66,44,29,81,False
2026-07-07,Ahmedabad,Satellite,Cold Brew,91,30,46,75,False
2026-07-07,Ahmedabad,Satellite,Breakfast Combo,85,48,23,110,False
2026-07-07,Ahmedabad,Satellite,Cappuccino,103,52,20,135,False
2026-07-07,Ahmedabad,Satellite,Chai Frappe,68,47,49,66,False
2026-07-07,Ahmedabad,Navrangpura,House Latte,98,38,26,110,False
2026-07-07,Ahmedabad,Navrangpura,Cold Brew,112,54,50,116,False
2026-07-07,Ahmedabad,Navrangpura,Breakfast Combo,64,37,24,77,False
2026-07-07,Ahmedabad,Navrangpura,Cappuccino,116,54,21,149,False
2026-07-07,Ahmedabad,Navrangpura,Chai Frappe,59,42,31,70,False
2026-07-07,Jaipur,C-Scheme,House Latte,76,34,41,69,False
2026-07-07,Jaipur,C-Scheme,Cold Brew,111,56,33,134,False
2026-07-07,Jaipur,C-Scheme,Breakfast Combo,106,47,22,131,False
2026-07-07,Jaipur,C-Scheme,Cappuccino,103,34,40,97,False
2026-07-07,Jaipur,C-Scheme,Chai Frappe,97,57,52,102,False
2026-07-07,Jaipur,Malviya Nagar,House Latte,104,40,31,113,False
2026-07-07,Jaipur,Malviya Nagar,Cold Brew,75,58,23,110,False
2026-07-07,Jaipur,Malviya Nagar,Breakfast Combo,81,47,15,113,False
2026-07-07,Jaipur,Malviya Nagar,Cappuccino,90,30,26,94,False
2026-07-07,Jaipur,Malviya Nagar,Chai Frappe,89,20,21,88,False
2026-07-07,Delhi,Connaught Place,House Latte,76,43,19,100,False
2026-07-07,Delhi,Connaught Place,Cold Brew,68,32,36,64,False
2026-07-07,Delhi,Connaught Place,Breakfast Combo,64,20,36,48,False
2026-07-07,Delhi,Connaught Place,Cappuccino,107,43,29,121,False
2026-07-07,Delhi,Connaught Place,Chai Frappe,78,25,24,79,False
2026-07-07,Delhi,Saket,House Latte,75,43,34,84,False
2026-07-07,Delhi,Saket,Cold Brew,117,45,15,147,False
2026-07-07,Delhi,Saket,Breakfast Combo,81,43,16,108,False
2026-07-07,Delhi,Saket,Cappuccino,70,54,29,95,False
2026-07-07,Delhi,Saket,Chai Frappe,76,28,18,86,False
2026-07-07,Mumbai,Bandra,House Latte,65,50,54,61,False
2026-07-07,Mumbai,Bandra,Cold Brew,92,53,40,105,False
2026-07-07,Mumbai,Bandra,Breakfast Combo,92,37,17,112,False
2026-07-07,Mumbai,Bandra,Cappuccino,72,54,36,90,False
2026-07-07,Mumbai,Bandra,Chai Frappe,100,22,23,99,False
2026-07-07,Mumbai,Andheri,House Latte,63,34,54,43,False
2026-07-07,Mumbai,Andheri,Cold Brew,76,46,40,82,False
2026-07-07,Mumbai,Andheri,Breakfast Combo,73,58,23,108,False
2026-07-07,Mumbai,Andheri,Cappuccino,42,49,41,50,False
2026-07-07,Mumbai,Andheri,Chai Frappe,60,54,21,93,False
2026-07-07,Bengaluru,Indiranagar,House Latte,60,26,22,64,False
2026-07-07,Bengaluru,Indiranagar,Cold Brew,98,48,40,106,False
2026-07-07,Bengaluru,Indiranagar,Breakfast Combo,108,22,39,91,False
2026-07-07,Bengaluru,Indiranagar,Cappuccino,49,58,40,67,False
2026-07-07,Bengaluru,Indiranagar,Chai Frappe,100,42,30,112,False
2026-07-07,Bengaluru,Koramangala,House Latte,94,53,22,125,False
2026-07-07,Bengaluru,Koramangala,Cold Brew,109,49,18,140,False
2026-07-07,Bengaluru,Koramangala,Breakfast Combo,114,27,39,102,False
2026-07-07,Bengaluru,Koramangala,Cappuccino,50,27,40,37,False
2026-07-07,Bengaluru,Koramangala,Chai Frappe,94,47,28,113,False
2026-07-07,Hyderabad,Banjara Hills,House Latte,105,21,49,77,False
2026-07-07,Hyderabad,Banjara Hills,Cold Brew,64,44,51,57,False
2026-07-07,Hyderabad,Banjara Hills,Breakfast Combo,60,36,48,48,False
2026-07-07,Hyderabad,Banjara Hills,Cappuccino,109,29,35,103,False
2026-07-07,Hyderabad,Banjara Hills,Chai Frappe,66,40,30,76,False
2026-07-07,Hyderabad,Gachibowli,House Latte,40,56,40,56,False
2026-07-07,Hyderabad,Gachibowli,Cold Brew,76,24,17,83,False
2026-07-07,Hyderabad,Gachibowli,Breakfast Combo,78,45,25,98,False
2026-07-07,Hyderabad,Gachibowli,Cappuccino,99,35,15,119,False
2026-07-07,Hyderabad,Gachibowli,Chai Frappe,82,27,15,94,False
2026-07-08,Ahmedabad,Satellite,House Latte,50,31,35,46,False
2026-07-08,Ahmedabad,Satellite,Cold Brew,119,28,17,130,False
2026-07-08,Ahmedabad,Satellite,Breakfast Combo,55,32,23,64,False
2026-07-08,Ahmedabad,Satellite,Cappuccino,65,58,30,93,False
2026-07-08,Ahmedabad,Satellite,Chai Frappe,90,47,20,117,False
2026-07-08,Ahmedabad,Navrangpura,House Latte,59,36,33,62,False
2026-07-08,Ahmedabad,Navrangpura,Cold Brew,41,45,27,59,False
2026-07-08,Ahmedabad,Navrangpura,Breakfast Combo,65,44,52,57,False
2026-07-08,Ahmedabad,Navrangpura,Cappuccino,109,59,31,137,False
2026-07-08,Ahmedabad,Navrangpura,Chai Frappe,49,28,28,49,False
2026-07-08,Jaipur,C-Scheme,House Latte,64,28,21,71,False
2026-07-08,Jaipur,C-Scheme,Cold Brew,54,46,34,66,False
2026-07-08,Jaipur,C-Scheme,Breakfast Combo,43,42,48,37,False
2026-07-08,Jaipur,C-Scheme,Cappuccino,74,32,25,81,False
2026-07-08,Jaipur,C-Scheme,Chai Frappe,70,31,51,50,False
2026-07-08,Jaipur,Malviya Nagar,House Latte,119,33,51,101,False
2026-07-08,Jaipur,Malviya Nagar,Cold Brew,108,23,34,97,False
2026-07-08,Jaipur,Malviya Nagar,Breakfast Combo,92,36,33,95,False
2026-07-08,Jaipur,Malviya Nagar,Cappuccino,79,47,26,100,False
2026-07-08,Jaipur,Malviya Nagar,Chai Frappe,87,29,50,66,False
2026-07-08,Delhi,Connaught Place,House Latte,46,22,16,52,False
2026-07-08,Delhi,Connaught Place,Cold Brew,67,44,54,57,False
2026-07-08,Delhi,Connaught Place,Breakfast Combo,76,27,29,74,False
2026-07-08,Delhi,Connaught Place,Cappuccino,50,38,44,44,False
2026-07-08,Delhi,Connaught Place,Chai Frappe,42,51,24,69,False
2026-07-08,Delhi,Saket,House Latte,93,52,46,99,False
2026-07-08,Delhi,Saket,Cold Brew,93,47,22,118,False
2026-07-08,Delhi,Saket,Breakfast Combo,50,35,39,46,False
2026-07-08,Delhi,Saket,Cappuccino,89,51,27,113,False
2026-07-08,Delhi,Saket,Chai Frappe,109,37,24,122,False
2026-07-08,Mumbai,Bandra,House Latte,98,25,31,92,False
2026-07-08,Mumbai,Bandra,Cold Brew,102,50,25,127,False
2026-07-08,Mumbai,Bandra,Breakfast Combo,53,21,18,56,False
2026-07-08,Mumbai,Bandra,Cappuccino,106,51,35,122,False
2026-07-08,Mumbai,Bandra,Chai Frappe,85,33,22,96,False
2026-07-08,Mumbai,Andheri,House Latte,40,46,16,70,False
2026-07-08,Mumbai,Andheri,Cold Brew,48,51,38,61,False
2026-07-08,Mumbai,Andheri,Breakfast Combo,79,28,20,87,False
2026-07-08,Mumbai,Andheri,Cappuccino,77,34,36,75,False
2026-07-08,Mumbai,Andheri,Chai Frappe,53,29,19,63,False
2026-07-08,Bengaluru,Indiranagar,House Latte,73,31,23,81,False
2026-07-08,Bengaluru,Indiranagar,Cold Brew,83,39,23,99,False
2026-07-08,Bengaluru,Indiranagar,Breakfast Combo,95,33,28,100,False
2026-07-08,Bengaluru,Indiranagar,Cappuccino,78,25,31,72,False
2026-07-08,Bengaluru,Indiranagar,Chai Frappe,86,25,37,74,False
2026-07-08,Bengaluru,Koramangala,House Latte,43,44,16,71,False
2026-07-08,Bengaluru,Koramangala,Cold Brew,54,34,39,49,False
2026-07-08,Bengaluru,Koramangala,Breakfast Combo,97,38,20,115,False
2026-07-08,Bengaluru,Koramangala,Cappuccino,70,51,18,103,False
2026-07-08,Bengaluru,Koramangala,Chai Frappe,97,35,15,117,False
2026-07-08,Hyderabad,Banjara Hills,House Latte,95,21,29,87,False
2026-07-08,Hyderabad,Banjara Hills,Cold Brew,55,43,17,81,False
2026-07-08,Hyderabad,Banjara Hills,Breakfast Combo,47,41,54,34,False
2026-07-08,Hyderabad,Banjara Hills,Cappuccino,43,38,47,34,False
2026-07-08,Hyderabad,Banjara Hills,Chai Frappe,63,39,48,54,False
2026-07-08,Hyderabad,Gachibowli,House Latte,98,31,45,84,False
2026-07-08,Hyderabad,Gachibowli,Cold Brew,94,40,32,102,False
2026-07-08,Hyderabad,Gachibowli,Breakfast Combo,114,54,54,114,False
2026-07-08,Hyderabad,Gachibowli,Cappuccino,94,34,19,109,False
2026-07-08,Hyderabad,Gachibowli,Chai Frappe,50,58,29,79,False
2026-07-09,Ahmedabad,Satellite,House Latte,48,28,15,61,False
2026-07-09,Ahmedabad,Satellite,Cold Brew,82,43,30,95,False
2026-07-09,Ahmedabad,Satellite,Breakfast Combo,99,39,53,85,False
2026-07-09,Ahmedabad,Satellite,Cappuccino,101,23,25,99,False
2026-07-09,Ahmedabad,Satellite,Chai Frappe,100,41,45,96,False
2026-07-09,Ahmedabad,Navrangpura,House Latte,66,21,46,41,False
2026-07-09,Ahmedabad,Navrangpura,Cold Brew,102,45,31,116,False
2026-07-09,Ahmedabad,Navrangpura,Breakfast Combo,40,49,41,48,False
2026-07-09,Ahmedabad,Navrangpura,Cappuccino,93,26,44,75,False
2026-07-09,Ahmedabad,Navrangpura,Chai Frappe,97,54,37,114,False
2026-07-09,Jaipur,C-Scheme,House Latte,98,36,42,92,False
2026-07-09,Jaipur,C-Scheme,Cold Brew,95,51,49,97,False
2026-07-09,Jaipur,C-Scheme,Breakfast Combo,40,51,46,45,False
2026-07-09,Jaipur,C-Scheme,Cappuccino,83,40,43,80,False
2026-07-09,Jaipur,C-Scheme,Chai Frappe,76,36,47,65,False
2026-07-09,Jaipur,Malviya Nagar,House Latte,103,28,48,83,False
2026-07-09,Jaipur,Malviya Nagar,Cold Brew,66,25,50,41,False
2026-07-09,Jaipur,Malviya Nagar,Breakfast Combo,59,28,25,62,False
2026-07-09,Jaipur,Malviya Nagar,Cappuccino,79,26,21,84,False
2026-07-09,Jaipur,Malviya Nagar,Chai Frappe,71,28,22,77,False
2026-07-09,Delhi,Connaught Place,House Latte,112,43,15,140,False
2026-07-09,Delhi,Connaught Place,Cold Brew,48,52,25,75,False
2026-07-09,Delhi,Connaught Place,Breakfast Combo,52,46,48,50,False
2026-07-09,Delhi,Connaught Place,Cappuccino,71,49,31,89,False
2026-07-09,Delhi,Connaught Place,Chai Frappe,48,51,51,48,False
2026-07-09,Delhi,Saket,House Latte,118,24,37,105,False
2026-07-09,Delhi,Saket,Cold Brew,89,23,53,59,False
2026-07-09,Delhi,Saket,Breakfast Combo,48,30,53,25,False
2026-07-09,Delhi,Saket,Cappuccino,84,47,34,97,False
2026-07-09,Delhi,Saket,Chai Frappe,100,23,42,81,False
2026-07-09,Mumbai,Bandra,House Latte,45,27,35,37,False
2026-07-09,Mumbai,Bandra,Cold Brew,75,26,46,55,False
2026-07-09,Mumbai,Bandra,Breakfast Combo,64,54,15,103,False
2026-07-09,Mumbai,Bandra,Cappuccino,58,31,38,51,False
2026-07-09,Mumbai,Bandra,Chai Frappe,72,26,37,61,False
2026-07-09,Mumbai,Andheri,House Latte,116,25,25,116,False
2026-07-09,Mumbai,Andheri,Cold Brew,78,49,20,107,False
2026-07-09,Mumbai,Andheri,Breakfast Combo,58,29,39,48,False
2026-07-09,Mumbai,Andheri,Cappuccino,46,46,32,60,False
2026-07-09,Mumbai,Andheri,Chai Frappe,66,54,47,73,False
2026-07-09,Bengaluru,Indiranagar,House Latte,104,55,24,135,False
2026-07-09,Bengaluru,Indiranagar,Cold Brew,108,27,28,107,False
2026-07-09,Bengaluru,Indiranagar,Breakfast Combo,84,49,38,95,False
2026-07-09,Bengaluru,Indiranagar,Cappuccino,84,35,38,81,False
2026-07-09,Bengaluru,Indiranagar,Chai Frappe,78,39,38,79,False
2026-07-09,Bengaluru,Koramangala,House Latte,88,33,20,101,False
2026-07-09,Bengaluru,Koramangala,Cold Brew,63,36,21,78,False
2026-07-09,Bengaluru,Koramangala,Breakfast Combo,54,58,26,86,False
2026-07-09,Bengaluru,Koramangala,Cappuccino,99,25,53,71,False
2026-07-09,Bengaluru,Koramangala,Chai Frappe,56,35,46,45,False
2026-07-09,Hyderabad,Banjara Hills,House Latte,56,41,46,51,False
2026-07-09,Hyderabad,Banjara Hills,Cold Brew,41,21,46,16,False
2026-07-09,Hyderabad,Banjara Hills,Breakfast Combo,61,56,52,65,False
2026-07-09,Hyderabad,Banjara Hills,Cappuccino,110,59,47,122,False
2026-07-09,Hyderabad,Banjara Hills,Chai Frappe,70,59,28,101,False
2026-07-09,Hyderabad,Gachibowli,House Latte,86,20,53,53,False
2026-07-09,Hyderabad,Gachibowli,Cold Brew,87,57,29,115,False
2026-07-09,Hyderabad,Gachibowli,Breakfast Combo,65,40,49,56,False
2026-07-09,Hyderabad,Gachibowli,Cappuccino,83,51,23,111,False
2026-07-09,Hyderabad,Gachibowli,Chai Frappe,102,49,50,101,False
2026-07-10,Ahmedabad,Satellite,House Latte,44,35,18,61,False
2026-07-10,Ahmedabad,Satellite,Cold Brew,72,50,40,82,False
2026-07-10,Ahmedabad,Satellite,Breakfast Combo,100,49,54,95,False
2026-07-10,Ahmedabad,Satellite,Cappuccino,110,43,50,103,False
2026-07-10,Ahmedabad,Satellite,Chai Frappe,43,48,35,56,False
2026-07-10,Ahmedabad,Navrangpura,House Latte,116,40,22,134,False
2026-07-10,Ahmedabad,Navrangpura,Cold Brew,97,58,15,140,False
2026-07-10,Ahmedabad,Navrangpura,Breakfast Combo,45,46,37,54,False
2026-07-10,Ahmedabad,Navrangpura,Cappuccino,83,23,37,69,False
2026-07-10,Ahmedabad,Navrangpura,Chai Frappe,85,53,30,108,False
2026-07-10,Jaipur,C-Scheme,House Latte,67,23,37,53,False
2026-07-10,Jaipur,C-Scheme,Cold Brew,91,31,44,78,False
2026-07-10,Jaipur,C-Scheme,Breakfast Combo,115,26,37,104,False
2026-07-10,Jaipur,C-Scheme,Cappuccino,95,20,22,93,False
2026-07-10,Jaipur,C-Scheme,Chai Frappe,71,25,29,67,False
2026-07-10,Jaipur,Malviya Nagar,House Latte,51,55,38,68,False
2026-07-10,Jaipur,Malviya Nagar,Cold Brew,66,51,15,102,False
2026-07-10,Jaipur,Malviya Nagar,Breakfast Combo,87,47,47,87,False
2026-07-10,Jaipur,Malviya Nagar,Cappuccino,57,43,45,55,False
2026-07-10,Jaipur,Malviya Nagar,Chai Frappe,103,27,54,76,False
2026-07-10,Delhi,Connaught Place,House Latte,61,35,22,74,False
2026-07-10,Delhi,Connaught Place,Cold Brew,51,30,20,61,False
2026-07-10,Delhi,Connaught Place,Breakfast Combo,98,43,30,111,False
2026-07-10,Delhi,Connaught Place,Cappuccino,83,44,22,105,False
2026-07-10,Delhi,Connaught Place,Chai Frappe,63,55,15,103,False
2026-07-10,Delhi,Saket,House Latte,116,58,25,149,False
2026-07-10,Delhi,Saket,Cold Brew,65,28,37,56,False
2026-07-10,Delhi,Saket,Breakfast Combo,57,51,30,78,False
2026-07-10,Delhi,Saket,Cappuccino,117,54,31,140,False
2026-07-10,Delhi,Saket,Chai Frappe,87,20,17,90,False
2026-07-10,Mumbai,Bandra,House Latte,80,38,30,88,False
2026-07-10,Mumbai,Bandra,Cold Brew,47,53,31,69,False
2026-07-10,Mumbai,Bandra,Breakfast Combo,77,36,34,79,False
2026-07-10,Mumbai,Bandra,Cappuccino,91,50,36,105,False
2026-07-10,Mumbai,Bandra,Chai Frappe,53,54,26,81,False
2026-07-10,Mumbai,Andheri,House Latte,41,21,45,17,False
2026-07-10,Mumbai,Andheri,Cold Brew,70,20,47,43,False
2026-07-10,Mumbai,Andheri,Breakfast Combo,64,59,50,73,False
2026-07-10,Mumbai,Andheri,Cappuccino,43,47,39,51,False
2026-07-10,Mumbai,Andheri,Chai Frappe,53,33,34,52,False
2026-07-10,Bengaluru,Indiranagar,House Latte,51,48,26,73,False
2026-07-10,Bengaluru,Indiranagar,Cold Brew,114,52,40,126,False
2026-07-10,Bengaluru,Indiranagar,Breakfast Combo,49,20,20,49,False
2026-07-10,Bengaluru,Indiranagar,Cappuccino,79,51,21,109,False
2026-07-10,Bengaluru,Indiranagar,Chai Frappe,96,21,25,92,False
2026-07-10,Bengaluru,Koramangala,House Latte,87,53,46,94,False
2026-07-10,Bengaluru,Koramangala,Cold Brew,82,21,26,77,False
2026-07-10,Bengaluru,Koramangala,Breakfast Combo,102,23,43,82,False
2026-07-10,Bengaluru,Koramangala,Cappuccino,96,50,23,123,False
2026-07-10,Bengaluru,Koramangala,Chai Frappe,59,27,30,56,False
2026-07-10,Hyderabad,Banjara Hills,House Latte,81,24,37,68,False
2026-07-10,Hyderabad,Banjara Hills,Cold Brew,59,42,27,74,False
2026-07-10,Hyderabad,Banjara Hills,Breakfast Combo,116,32,49,99,False
2026-07-10,Hyderabad,Banjara Hills,Cappuccino,54,23,22,55,False
2026-07-10,Hyderabad,Banjara Hills,Chai Frappe,73,56,22,107,False
2026-07-10,Hyderabad,Gachibowli,House Latte,102,47,28,121,False
2026-07-10,Hyderabad,Gachibowli,Cold Brew,66,57,43,80,False
2026-07-10,Hyderabad,Gachibowli,Breakfast Combo,59,56,31,84,False
2026-07-10,Hyderabad,Gachibowli,Cappuccino,46,52,49,49,False
2026-07-10,Hyderabad,Gachibowli,Chai Frappe,75,48,24,99,False
2026-07-11,Ahmedabad,Satellite,House Latte,108,34,25,117,False
2026-07-11,Ahmedabad,Satellite,Cold Brew,80,30,39,71,False
2026-07-11,Ahmedabad,Satellite,Breakfast Combo,99,36,46,89,False
2026-07-11,Ahmedabad,Satellite,Cappuccino,74,58,25,107,False
2026-07-11,Ahmedabad,Satellite,Chai Frappe,96,41,52,85,False
2026-07-11,Ahmedabad,Navrangpura,House Latte,57,27,49,35,False
2026-07-11,Ahmedabad,Navrangpura,Cold Brew,112,49,33,128,False
2026-07-11,Ahmedabad,Navrangpura,Breakfast Combo,72,46,44,74,False
2026-07-11,Ahmedabad,Navrangpura,Cappuccino,62,20,17,65,False
2026-07-11,Ahmedabad,Navrangpura,Chai Frappe,67,47,32,82,False
2026-07-11,Jaipur,C-Scheme,House Latte,89,38,25,102,False
2026-07-11,Jaipur,C-Scheme,Cold Brew,99,48,53,94,False
2026-07-11,Jaipur,C-Scheme,Breakfast Combo,106,35,43,98,False
2026-07-11,Jaipur,C-Scheme,Cappuccino,68,54,39,83,False
2026-07-11,Jaipur,C-Scheme,Chai Frappe,106,31,15,122,False
2026-07-11,Jaipur,Malviya Nagar,House Latte,51,41,53,39,False
2026-07-11,Jaipur,Malviya Nagar,Cold Brew,90,52,33,109,False
2026-07-11,Jaipur,Malviya Nagar,Breakfast Combo,116,57,23,150,False
2026-07-11,Jaipur,Malviya Nagar,Cappuccino,108,20,38,90,False
2026-07-11,Jaipur,Malviya Nagar,Chai Frappe,74,32,52,54,False
2026-07-11,Delhi,Connaught Place,House Latte,92,25,20,97,False
2026-07-11,Delhi,Connaught Place,Cold Brew,49,32,17,64,False
2026-07-11,Delhi,Connaught Place,Breakfast Combo,61,50,49,62,False
2026-07-11,Delhi,Connaught Place,Cappuccino,102,39,42,99,False
2026-07-11,Delhi,Connaught Place,Chai Frappe,115,22,51,86,False
2026-07-11,Delhi,Saket,House Latte,97,35,32,100,False
2026-07-11,Delhi,Saket,Cold Brew,75,26,24,77,False
2026-07-11,Delhi,Saket,Breakfast Combo,63,20,35,48,False
2026-07-11,Delhi,Saket,Cappuccino,78,33,22,89,False
2026-07-11,Delhi,Saket,Chai Frappe,117,47,33,131,False
2026-07-11,Mumbai,Bandra,House Latte,97,34,23,108,False
2026-07-11,Mumbai,Bandra,Cold Brew,93,50,41,102,False
2026-07-11,Mumbai,Bandra,Breakfast Combo,85,20,40,65,False
2026-07-11,Mumbai,Bandra,Cappuccino,89,36,24,101,False
2026-07-11,Mumbai,Bandra,Chai Frappe,118,35,25,128,False
2026-07-11,Mumbai,Andheri,House Latte,96,39,37,98,False
2026-07-11,Mumbai,Andheri,Cold Brew,91,34,21,104,False
2026-07-11,Mumbai,Andheri,Breakfast Combo,53,57,35,75,False
2026-07-11,Mumbai,Andheri,Cappuccino,73,32,43,62,False
2026-07-11,Mumbai,Andheri,Chai Frappe,113,50,36,127,False
2026-07-11,Bengaluru,Indiranagar,House Latte,78,54,49,83,False
2026-07-11,Bengaluru,Indiranagar,Cold Brew,71,58,48,81,False
2026-07-11,Bengaluru,Indiranagar,Breakfast Combo,107,22,20,109,False
2026-07-11,Bengaluru,Indiranagar,Cappuccino,63,50,18,95,False
2026-07-11,Bengaluru,Indiranagar,Chai Frappe,46,21,22,45,False
2026-07-11,Bengaluru,Koramangala,House Latte,113,48,43,118,False
2026-07-11,Bengaluru,Koramangala,Cold Brew,63,45,46,62,False
2026-07-11,Bengaluru,Koramangala,Breakfast Combo,82,54,37,99,False
2026-07-11,Bengaluru,Koramangala,Cappuccino,65,45,52,58,False
2026-07-11,Bengaluru,Koramangala,Chai Frappe,106,39,38,107,False
2026-07-11,Hyderabad,Banjara Hills,House Latte,118,49,35,132,False
2026-07-11,Hyderabad,Banjara Hills,Cold Brew,62,56,54,64,False
2026-07-11,Hyderabad,Banjara Hills,Breakfast Combo,45,21,19,47,False
2026-07-11,Hyderabad,Banjara Hills,Cappuccino,70,26,50,46,False
2026-07-11,Hyderabad,Banjara Hills,Chai Frappe,113,27,48,92,False
2026-07-11,Hyderabad,Gachibowli,House Latte,51,51,29,73,False
2026-07-11,Hyderabad,Gachibowli,Cold Brew,43,37,47,33,False
2026-07-11,Hyderabad,Gachibowli,Breakfast Combo,114,24,48,90,False
2026-07-11,Hyderabad,Gachibowli,Cappuccino,63,38,19,82,False
2026-07-11,Hyderabad,Gachibowli,Chai Frappe,117,51,40,128,False
2026-07-12,Ahmedabad,Satellite,House Latte,98,54,20,132,False
2026-07-12,Ahmedabad,Satellite,Cold Brew,59,21,34,46,False
2026-07-12,Ahmedabad,Satellite,Breakfast Combo,79,21,41,59,False
2026-07-12,Ahmedabad,Satellite,Cappuccino,40,51,43,48,False
2026-07-12,Ahmedabad,Satellite,Chai Frappe,105,24,49,80,False
2026-07-12,Ahmedabad,Navrangpura,House Latte,83,54,42,95,False
2026-07-12,Ahmedabad,Navrangpura,Cold Brew,92,21,42,71,False
2026-07-12,Ahmedabad,Navrangpura,Breakfast Combo,75,53,42,86,False
2026-07-12,Ahmedabad,Navrangpura,Cappuccino,45,55,17,83,False
2026-07-12,Ahmedabad,Navrangpura,Chai Frappe,63,28,53,38,False
2026-07-12,Jaipur,C-Scheme,House Latte,52,53,23,82,False
2026-07-12,Jaipur,C-Scheme,Cold Brew,92,23,30,85,False
2026-07-12,Jaipur,C-Scheme,Breakfast Combo,89,48,49,88,False
2026-07-12,Jaipur,C-Scheme,Cappuccino,105,40,27,118,False
2026-07-12,Jaipur,C-Scheme,Chai Frappe,60,59,39,80,False
2026-07-12,Jaipur,Malviya Nagar,House Latte,112,37,34,115,False
2026-07-12,Jaipur,Malviya Nagar,Cold Brew,106,48,23,131,False
2026-07-12,Jaipur,Malviya Nagar,Breakfast Combo,81,28,45,64,False
2026-07-12,Jaipur,Malviya Nagar,Cappuccino,42,53,52,43,False
2026-07-12,Jaipur,Malviya Nagar,Chai Frappe,41,45,18,68,False
2026-07-12,Delhi,Connaught Place,House Latte,68,33,35,66,False
2026-07-12,Delhi,Connaught Place,Cold Brew,113,38,30,121,False
2026-07-12,Delhi,Connaught Place,Breakfast Combo,47,55,27,75,False
2026-07-12,Delhi,Connaught Place,Cappuccino,76,23,26,73,False
2026-07-12,Delhi,Connaught Place,Chai Frappe,84,56,28,112,False
2026-07-12,Delhi,Saket,House Latte,84,55,29,110,False
2026-07-12,Delhi,Saket,Cold Brew,63,21,51,33,False
2026-07-12,Delhi,Saket,Breakfast Combo,48,28,20,56,False
2026-07-12,Delhi,Saket,Cappuccino,96,34,43,87,False
2026-07-12,Delhi,Saket,Chai Frappe,88,20,27,81,False
2026-07-12,Mumbai,Bandra,House Latte,40,22,33,29,False
2026-07-12,Mumbai,Bandra,Cold Brew,61,23,31,53,False
2026-07-12,Mumbai,Bandra,Breakfast Combo,76,59,41,94,False
2026-07-12,Mumbai,Bandra,Cappuccino,71,38,18,91,False
2026-07-12,Mumbai,Bandra,Chai Frappe,70,43,15,98,False
2026-07-12,Mumbai,Andheri,House Latte,113,40,46,107,False
2026-07-12,Mumbai,Andheri,Cold Brew,62,53,29,86,False
2026-07-12,Mumbai,Andheri,Breakfast Combo,114,40,40,114,False
2026-07-12,Mumbai,Andheri,Cappuccino,56,59,22,93,False
2026-07-12,Mumbai,Andheri,Chai Frappe,42,37,48,31,False
2026-07-12,Bengaluru,Indiranagar,House Latte,113,54,37,130,False
2026-07-12,Bengaluru,Indiranagar,Cold Brew,113,39,34,118,False
2026-07-12,Bengaluru,Indiranagar,Breakfast Combo,54,51,27,78,False
2026-07-12,Bengaluru,Indiranagar,Cappuccino,55,34,39,50,False
2026-07-12,Bengaluru,Indiranagar,Chai Frappe,61,34,28,67,False
2026-07-12,Bengaluru,Koramangala,House Latte,87,48,42,93,False
2026-07-12,Bengaluru,Koramangala,Cold Brew,51,33,40,44,False
2026-07-12,Bengaluru,Koramangala,Breakfast Combo,57,22,27,52,False
2026-07-12,Bengaluru,Koramangala,Cappuccino,94,46,20,120,False
2026-07-12,Bengaluru,Koramangala,Chai Frappe,94,27,44,77,False
2026-07-12,Hyderabad,Banjara Hills,House Latte,85,25,29,81,False
2026-07-12,Hyderabad,Banjara Hills,Cold Brew,105,37,42,100,False
2026-07-12,Hyderabad,Banjara Hills,Breakfast Combo,99,21,52,68,False
2026-07-12,Hyderabad,Banjara Hills,Cappuccino,66,51,33,84,False
2026-07-12,Hyderabad,Banjara Hills,Chai Frappe,86,34,49,71,False
2026-07-12,Hyderabad,Gachibowli,House Latte,49,55,23,81,False
2026-07-12,Hyderabad,Gachibowli,Cold Brew,110,20,15,115,False
2026-07-12,Hyderabad,Gachibowli,Breakfast Combo,47,41,25,63,False
2026-07-12,Hyderabad,Gachibowli,Cappuccino,87,52,16,123,False
2026-07-12,Hyderabad,Gachibowli,Chai Frappe,82,49,31,100,False
2026-07-13,Ahmedabad,Satellite,House Latte,114,46,16,144,False
2026-07-13,Ahmedabad,Satellite,Cold Brew,83,35,20,98,False
2026-07-13,Ahmedabad,Satellite,Breakfast Combo,116,28,18,126,False
2026-07-13,Ahmedabad,Satellite,Cappuccino,57,52,38,71,False
2026-07-13,Ahmedabad,Satellite,Chai Frappe,105,38,19,124,False
2026-07-13,Ahmedabad,Navrangpura,House Latte,71,27,37,61,False
2026-07-13,Ahmedabad,Navrangpura,Cold Brew,61,58,30,89,False
2026-07-13,Ahmedabad,Navrangpura,Breakfast Combo,65,59,35,89,False
2026-07-13,Ahmedabad,Navrangpura,Cappuccino,53,39,25,67,False
2026-07-13,Ahmedabad,Navrangpura,Chai Frappe,97,42,44,95,False
2026-07-13,Jaipur,C-Scheme,House Latte,115,49,28,136,False
2026-07-13,Jaipur,C-Scheme,Cold Brew,56,41,32,65,False
2026-07-13,Jaipur,C-Scheme,Breakfast Combo,65,52,51,66,False
2026-07-13,Jaipur,C-Scheme,Cappuccino,70,47,54,63,False
2026-07-13,Jaipur,C-Scheme,Chai Frappe,40,34,44,30,False
2026-07-13,Jaipur,Malviya Nagar,House Latte,79,51,33,97,False
2026-07-13,Jaipur,Malviya Nagar,Cold Brew,45,37,31,51,False
2026-07-13,Jaipur,Malviya Nagar,Breakfast Combo,107,25,21,111,False
2026-07-13,Jaipur,Malviya Nagar,Cappuccino,51,42,54,39,False
2026-07-13,Jaipur,Malviya Nagar,Chai Frappe,89,52,49,92,False
2026-07-13,Delhi,Connaught Place,House Latte,88,44,24,108,False
2026-07-13,Delhi,Connaught Place,Cold Brew,116,51,49,118,False
2026-07-13,Delhi,Connaught Place,Breakfast Combo,118,33,20,131,False
2026-07-13,Delhi,Connaught Place,Cappuccino,108,38,53,93,False
2026-07-13,Delhi,Connaught Place,Chai Frappe,95,30,29,96,False
2026-07-13,Delhi,Saket,House Latte,88,35,26,97,False
2026-07-13,Delhi,Saket,Cold Brew,56,45,16,85,False
2026-07-13,Delhi,Saket,Breakfast Combo,47,21,44,24,False
2026-07-13,Delhi,Saket,Cappuccino,42,36,19,59,False
2026-07-13,Delhi,Saket,Chai Frappe,86,21,16,91,False
2026-07-13,Mumbai,Bandra,House Latte,72,47,19,100,False
2026-07-13,Mumbai,Bandra,Cold Brew,79,52,40,91,False
2026-07-13,Mumbai,Bandra,Breakfast Combo,100,32,52,80,False
2026-07-13,Mumbai,Bandra,Cappuccino,51,44,32,63,False
2026-07-13,Mumbai,Bandra,Chai Frappe,42,57,43,56,False
2026-07-13,Mumbai,Andheri,House Latte,58,22,42,38,False
2026-07-13,Mumbai,Andheri,Cold Brew,83,21,54,50,False
2026-07-13,Mumbai,Andheri,Breakfast Combo,97,38,24,111,False
2026-07-13,Mumbai,Andheri,Cappuccino,61,38,17,82,False
2026-07-13,Mumbai,Andheri,Chai Frappe,69,28,19,78,False
2026-07-13,Bengaluru,Indiranagar,House Latte,50,33,30,53,False
2026-07-13,Bengaluru,Indiranagar,Cold Brew,68,47,35,80,False
2026-07-13,Bengaluru,Indiranagar,Breakfast Combo,55,58,44,69,False
2026-07-13,Bengaluru,Indiranagar,Cappuccino,77,21,51,47,False
2026-07-13,Bengaluru,Indiranagar,Chai Frappe,99,38,21,116,False
2026-07-13,Bengaluru,Koramangala,House Latte,48,31,24,55,False
2026-07-13,Bengaluru,Koramangala,Cold Brew,56,36,16,76,False
2026-07-13,Bengaluru,Koramangala,Breakfast Combo,66,54,49,71,False
2026-07-13,Bengaluru,Koramangala,Cappuccino,40,47,54,33,False
2026-07-13,Bengaluru,Koramangala,Chai Frappe,86,35,34,87,False
2026-07-13,Hyderabad,Banjara Hills,House Latte,57,35,52,40,False
2026-07-13,Hyderabad,Banjara Hills,Cold Brew,88,37,19,106,False
2026-07-13,Hyderabad,Banjara Hills,Breakfast Combo,112,26,43,95,False
2026-07-13,Hyderabad,Banjara Hills,Cappuccino,64,31,21,74,False
2026-07-13,Hyderabad,Banjara Hills,Chai Frappe,70,47,31,86,False
2026-07-13,Hyderabad,Gachibowli,House Latte,41,30,21,50,False
2026-07-13,Hyderabad,Gachibowli,Cold Brew,72,56,53,75,False
2026-07-13,Hyderabad,Gachibowli,Breakfast Combo,119,24,34,109,False
2026-07-13,Hyderabad,Gachibowli,Cappuccino,43,39,38,44,False
2026-07-13,Hyderabad,Gachibowli,Chai Frappe,101,33,16,118,False
2026-07-14,Ahmedabad,Satellite,House Latte,76,37,39,74,False
2026-07-14,Ahmedabad,Satellite,Cold Brew,47,44,31,60,False
2026-07-14,Ahmedabad,Satellite,Breakfast Combo,99,59,24,134,False
2026-07-14,Ahmedabad,Satellite,Cappuccino,100,25,54,71,False
2026-07-14,Ahmedabad,Satellite,Chai Frappe,78,49,46,81,False
2026-07-14,Ahmedabad,Navrangpura,House Latte,88,35,45,78,False
2026-07-14,Ahmedabad,Navrangpura,Cold Brew,78,46,39,85,False
2026-07-14,Ahmedabad,Navrangpura,Breakfast Combo,77,24,26,75,False
2026-07-14,Ahmedabad,Navrangpura,Cappuccino,115,40,40,115,False
2026-07-14,Ahmedabad,Navrangpura,Chai Frappe,60,48,34,74,False
2026-07-14,Jaipur,C-Scheme,House Latte,57,25,30,52,False
2026-07-14,Jaipur,C-Scheme,Cold Brew,85,31,24,92,False
2026-07-14,Jaipur,C-Scheme,Breakfast Combo,61,31,44,48,False
2026-07-14,Jaipur,C-Scheme,Cappuccino,79,38,21,96,False
2026-07-14,Jaipur,C-Scheme,Chai Frappe,83,58,44,97,False
2026-07-14,Jaipur,Malviya Nagar,House Latte,75,32,29,78,False
2026-07-14,Jaipur,Malviya Nagar,Cold Brew,42,21,46,17,False
2026-07-14,Jaipur,Malviya Nagar,Breakfast Combo,107,58,40,125,False
2026-07-14,Jaipur,Malviya Nagar,Cappuccino,114,36,25,125,False
2026-07-14,Jaipur,Malviya Nagar,Chai Frappe,59,29,44,44,False
2026-07-14,Delhi,Connaught Place,House Latte,40,57,45,52,False
2026-07-14,Delhi,Connaught Place,Cold Brew,70,48,20,98,False
2026-07-14,Delhi,Connaught Place,Breakfast Combo,74,24,19,79,False
2026-07-14,Delhi,Connaught Place,Cappuccino,40,51,44,47,False
2026-07-14,Delhi,Connaught Place,Chai Frappe,111,59,53,117,False
2026-07-14,Delhi,Saket,House Latte,119,20,46,93,False
2026-07-14,Delhi,Saket,Cold Brew,97,26,20,103,False
2026-07-14,Delhi,Saket,Breakfast Combo,118,55,28,145,False
2026-07-14,Delhi,Saket,Cappuccino,45,33,15,63,False
2026-07-14,Delhi,Saket,Chai Frappe,94,35,16,113,False
2026-07-14,Mumbai,Bandra,House Latte,118,53,51,120,False
2026-07-14,Mumbai,Bandra,Cold Brew,119,20,46,93,False
2026-07-14,Mumbai,Bandra,Breakfast Combo,103,51,25,129,False
2026-07-14,Mumbai,Bandra,Cappuccino,71,57,17,111,False
2026-07-14,Mumbai,Bandra,Chai Frappe,91,51,46,96,False
2026-07-14,Mumbai,Andheri,House Latte,87,50,51,86,False
2026-07-14,Mumbai,Andheri,Cold Brew,101,24,24,101,False
2026-07-14,Mumbai,Andheri,Breakfast Combo,64,33,29,68,False
2026-07-14,Mumbai,Andheri,Cappuccino,57,47,19,85,False
2026-07-14,Mumbai,Andheri,Chai Frappe,103,46,53,96,False
2026-07-14,Bengaluru,Indiranagar,House Latte,40,31,50,21,False
2026-07-14,Bengaluru,Indiranagar,Cold Brew,79,42,16,105,False
2026-07-14,Bengaluru,Indiranagar,Breakfast Combo,100,30,53,77,False
2026-07-14,Bengaluru,Indiranagar,Cappuccino,69,27,38,58,False
2026-07-14,Bengaluru,Indiranagar,Chai Frappe,78,38,52,64,False
2026-07-14,Bengaluru,Koramangala,House Latte,69,35,39,65,False
2026-07-14,Bengaluru,Koramangala,Cold Brew,53,53,24,82,False
2026-07-14,Bengaluru,Koramangala,Breakfast Combo,59,20,28,51,False
2026-07-14,Bengaluru,Koramangala,Cappuccino,86,48,50,84,False
2026-07-14,Bengaluru,Koramangala,Chai Frappe,102,32,48,86,False
2026-07-14,Hyderabad,Banjara Hills,House Latte,55,28,29,54,False
2026-07-14,Hyderabad,Banjara Hills,Cold Brew,83,28,51,60,False
2026-07-14,Hyderabad,Banjara Hills,Breakfast Combo,61,35,39,57,False
2026-07-14,Hyderabad,Banjara Hills,Cappuccino,74,36,54,56,False
2026-07-14,Hyderabad,Banjara Hills,Chai Frappe,74,24,44,54,False
2026-07-14,Hyderabad,Gachibowli,House Latte,96,28,49,75,False
2026-07-14,Hyderabad,Gachibowli,Cold Brew,71,26,21,76,False
2026-07-14,Hyderabad,Gachibowli,Breakfast Combo,97,28,33,92,False
2026-07-14,Hyderabad,Gachibowli,Cappuccino,98,54,34,118,False
2026-07-14,Hyderabad,Gachibowli,Chai Frappe,112,32,49,95,False
2026-07-15,Ahmedabad,Satellite,House Latte,60,22,44,38,False
2026-07-15,Ahmedabad,Satellite,Cold Brew,100,57,51,106,False
2026-07-15,Ahmedabad,Satellite,Breakfast Combo,48,44,43,49,False
2026-07-15,Ahmedabad,Satellite,Cappuccino,88,20,16,92,False
2026-07-15,Ahmedabad,Satellite,Chai Frappe,93,54,22,125,False
2026-07-15,Ahmedabad,Navrangpura,House Latte,43,36,27,52,False
2026-07-15,Ahmedabad,Navrangpura,Cold Brew,118,57,37,138,False
2026-07-15,Ahmedabad,Navrangpura,Breakfast Combo,115,29,54,90,False
2026-07-15,Ahmedabad,Navrangpura,Cappuccino,75,39,17,97,False
2026-07-15,Ahmedabad,Navrangpura,Chai Frappe,54,27,34,47,False
2026-07-15,Jaipur,C-Scheme,House Latte,55,24,39,40,False
2026-07-15,Jaipur,C-Scheme,Cold Brew,109,22,37,94,False
2026-07-15,Jaipur,C-Scheme,Breakfast Combo,116,36,22,130,False
2026-07-15,Jaipur,C-Scheme,Cappuccino,46,57,31,72,False
2026-07-15,Jaipur,C-Scheme,Chai Frappe,48,54,47,55,False
2026-07-15,Jaipur,Malviya Nagar,House Latte,96,23,18,101,False
2026-07-15,Jaipur,Malviya Nagar,Cold Brew,57,26,36,47,False
2026-07-15,Jaipur,Malviya Nagar,Breakfast Combo,71,50,19,102,False
2026-07-15,Jaipur,Malviya Nagar,Cappuccino,98,57,20,135,False
2026-07-15,Jaipur,Malviya Nagar,Chai Frappe,92,40,18,114,False
2026-07-15,Delhi,Connaught Place,House Latte,63,51,49,65,False
2026-07-15,Delhi,Connaught Place,Cold Brew,69,24,24,69,False
2026-07-15,Delhi,Connaught Place,Breakfast Combo,107,42,32,117,False
2026-07-15,Delhi,Connaught Place,Cappuccino,41,51,33,59,False
2026-07-15,Delhi,Connaught Place,Chai Frappe,83,53,37,99,False
2026-07-15,Delhi,Saket,House Latte,114,42,28,128,False
2026-07-15,Delhi,Saket,Cold Brew,113,45,45,113,False
2026-07-15,Delhi,Saket,Breakfast Combo,58,46,37,67,False
2026-07-15,Delhi,Saket,Cappuccino,48,30,51,27,False
2026-07-15,Delhi,Saket,Chai Frappe,85,50,21,114,False
2026-07-15,Mumbai,Bandra,House Latte,57,57,31,83,False
2026-07-15,Mumbai,Bandra,Cold Brew,110,52,28,134,False
2026-07-15,Mumbai,Bandra,Breakfast Combo,115,51,20,146,False
2026-07-15,Mumbai,Bandra,Cappuccino,47,25,44,28,False
2026-07-15,Mumbai,Bandra,Chai Frappe,51,31,32,50,False
2026-07-15,Mumbai,Andheri,House Latte,50,33,42,41,False
2026-07-15,Mumbai,Andheri,Cold Brew,117,38,44,111,False
2026-07-15,Mumbai,Andheri,Breakfast Combo,82,38,35,85,False
2026-07-15,Mumbai,Andheri,Cappuccino,116,22,35,103,False
2026-07-15,Mumbai,Andheri,Chai Frappe,44,55,39,60,False
2026-07-15,Bengaluru,Indiranagar,House Latte,43,44,32,55,False
2026-07-15,Bengaluru,Indiranagar,Cold Brew,43,59,30,72,False
2026-07-15,Bengaluru,Indiranagar,Breakfast Combo,41,44,30,55,False
2026-07-15,Bengaluru,Indiranagar,Cappuccino,92,26,48,70,False
2026-07-15,Bengaluru,Indiranagar,Chai Frappe,73,36,47,62,False
2026-07-15,Bengaluru,Koramangala,House Latte,83,20,38,65,False
2026-07-15,Bengaluru,Koramangala,Cold Brew,91,32,22,101,False
2026-07-15,Bengaluru,Koramangala,Breakfast Combo,44,53,15,82,False
2026-07-15,Bengaluru,Koramangala,Cappuccino,86,53,29,110,False
2026-07-15,Bengaluru,Koramangala,Chai Frappe,56,48,40,64,False
2026-07-15,Hyderabad,Banjara Hills,House Latte,41,43,15,69,False
2026-07-15,Hyderabad,Banjara Hills,Cold Brew,71,32,48,55,False
2026-07-15,Hyderabad,Banjara Hills,Breakfast Combo,118,47,44,121,False
2026-07-15,Hyderabad,Banjara Hills,Cappuccino,41,22,46,17,False
2026-07-15,Hyderabad,Banjara Hills,Chai Frappe,74,40,42,72,False
2026-07-15,Hyderabad,Gachibowli,House Latte,67,47,44,70,False
2026-07-15,Hyderabad,Gachibowli,Cold Brew,59,47,21,85,False
2026-07-15,Hyderabad,Gachibowli,Breakfast Combo,64,51,54,61,False
2026-07-15,Hyderabad,Gachibowli,Cappuccino,45,45,37,53,False
2026-07-15,Hyderabad,Gachibowli,Chai Frappe,88,51,17,122,False
2026-07-16,Ahmedabad,Satellite,House Latte,99,31,21,109,False
2026-07-16,Ahmedabad,Satellite,Cold Brew,75,21,40,56,False
2026-07-16,Ahmedabad,Satellite,Breakfast Combo,85,40,16,109,False
2026-07-16,Ahmedabad,Satellite,Cappuccino,101,21,25,97,False
2026-07-16,Ahmedabad,Satellite,Chai Frappe,71,48,31,88,False
2026-07-16,Ahmedabad,Navrangpura,House Latte,105,57,45,117,False
2026-07-16,Ahmedabad,Navrangpura,Cold Brew,43,50,23,70,False
2026-07-16,Ahmedabad,Navrangpura,Breakfast Combo,111,59,18,152,False
2026-07-16,Ahmedabad,Navrangpura,Cappuccino,47,47,20,74,False
2026-07-16,Ahmedabad,Navrangpura,Chai Frappe,117,41,37,121,False
2026-07-16,Jaipur,C-Scheme,House Latte,108,28,37,99,False
2026-07-16,Jaipur,C-Scheme,Cold Brew,119,20,21,118,False
2026-07-16,Jaipur,C-Scheme,Breakfast Combo,51,33,20,64,False
2026-07-16,Jaipur,C-Scheme,Cappuccino,53,54,33,74,False
2026-07-16,Jaipur,C-Scheme,Chai Frappe,68,36,53,51,False
2026-07-16,Jaipur,Malviya Nagar,House Latte,79,38,52,65,False
2026-07-16,Jaipur,Malviya Nagar,Cold Brew,42,39,44,37,False
2026-07-16,Jaipur,Malviya Nagar,Breakfast Combo,81,54,50,85,False
2026-07-16,Jaipur,Malviya Nagar,Cappuccino,66,52,24,94,False
2026-07-16,Jaipur,Malviya Nagar,Chai Frappe,59,59,15,103,False
2026-07-16,Delhi,Connaught Place,House Latte,68,45,31,82,False
2026-07-16,Delhi,Connaught Place,Cold Brew,107,30,37,100,False
2026-07-16,Delhi,Connaught Place,Breakfast Combo,50,28,21,57,False
2026-07-16,Delhi,Connaught Place,Cappuccino,99,28,41,86,False
2026-07-16,Delhi,Connaught Place,Chai Frappe,67,42,49,60,False
2026-07-16,Delhi,Saket,House Latte,109,20,46,83,False
2026-07-16,Delhi,Saket,Cold Brew,116,46,22,140,False
2026-07-16,Delhi,Saket,Breakfast Combo,93,45,41,97,False
2026-07-16,Delhi,Saket,Cappuccino,74,41,41,74,False
2026-07-16,Delhi,Saket,Chai Frappe,77,50,43,84,False
2026-07-16,Mumbai,Bandra,House Latte,64,44,45,63,False
2026-07-16,Mumbai,Bandra,Cold Brew,79,48,20,107,False
2026-07-16,Mumbai,Bandra,Breakfast Combo,70,48,50,68,False
2026-07-16,Mumbai,Bandra,Cappuccino,91,46,28,109,False
2026-07-16,Mumbai,Bandra,Chai Frappe,96,34,17,113,False
2026-07-16,Mumbai,Andheri,House Latte,59,44,53,50,False
2026-07-16,Mumbai,Andheri,Cold Brew,79,54,46,87,False
2026-07-16,Mumbai,Andheri,Breakfast Combo,84,52,31,105,False
2026-07-16,Mumbai,Andheri,Cappuccino,75,49,40,84,False
2026-07-16,Mumbai,Andheri,Chai Frappe,82,37,54,65,False
2026-07-16,Bengaluru,Indiranagar,House Latte,45,22,34,33,False
2026-07-16,Bengaluru,Indiranagar,Cold Brew,42,33,37,38,False
2026-07-16,Bengaluru,Indiranagar,Breakfast Combo,72,28,26,74,False
2026-07-16,Bengaluru,Indiranagar,Cappuccino,88,58,46,100,False
2026-07-16,Bengaluru,Indiranagar,Chai Frappe,83,25,24,84,False
2026-07-16,Bengaluru,Koramangala,House Latte,75,29,42,62,False
2026-07-16,Bengaluru,Koramangala,Cold Brew,69,53,25,97,False
2026-07-16,Bengaluru,Koramangala,Breakfast Combo,79,48,23,104,False
2026-07-16,Bengaluru,Koramangala,Cappuccino,100,43,40,103,False
2026-07-16,Bengaluru,Koramangala,Chai Frappe,76,57,45,88,False
2026-07-16,Hyderabad,Banjara Hills,House Latte,55,42,51,46,False
2026-07-16,Hyderabad,Banjara Hills,Cold Brew,62,41,45,58,False
2026-07-16,Hyderabad,Banjara Hills,Breakfast Combo,61,40,37,64,False
2026-07-16,Hyderabad,Banjara Hills,Cappuccino,54,27,37,44,False
2026-07-16,Hyderabad,Banjara Hills,Chai Frappe,54,57,35,76,False
2026-07-16,Hyderabad,Gachibowli,House Latte,96,35,26,105,False
2026-07-16,Hyderabad,Gachibowli,Cold Brew,78,48,30,96,False
2026-07-16,Hyderabad,Gachibowli,Breakfast Combo,62,25,36,51,False
2026-07-16,Hyderabad,Gachibowli,Cappuccino,94,41,25,110,False
2026-07-16,Hyderabad,Gachibowli,Chai Frappe,59,35,28,66,False
2026-07-17,Ahmedabad,Satellite,House Latte,56,57,28,85,False
2026-07-17,Ahmedabad,Satellite,Cold Brew,60,44,47,57,False
2026-07-17,Ahmedabad,Satellite,Breakfast Combo,77,46,18,105,False
2026-07-17,Ahmedabad,Satellite,Cappuccino,82,22,20,84,False
2026-07-17,Ahmedabad,Satellite,Chai Frappe,87,28,16,99,False
2026-07-17,Ahmedabad,Navrangpura,House Latte,54,50,38,66,False
2026-07-17,Ahmedabad,Navrangpura,Cold Brew,70,58,30,98,False
2026-07-17,Ahmedabad,Navrangpura,Breakfast Combo,110,33,16,127,False
2026-07-17,Ahmedabad,Navrangpura,Cappuccino,48,30,22,56,False
2026-07-17,Ahmedabad,Navrangpura,Chai Frappe,52,35,54,33,False
2026-07-17,Jaipur,C-Scheme,House Latte,56,29,54,31,False
2026-07-17,Jaipur,C-Scheme,Cold Brew,56,53,39,70,False
2026-07-17,Jaipur,C-Scheme,Breakfast Combo,114,42,38,118,False
2026-07-17,Jaipur,C-Scheme,Cappuccino,58,42,41,59,False
2026-07-17,Jaipur,C-Scheme,Chai Frappe,118,23,21,120,False
2026-07-17,Jaipur,Malviya Nagar,House Latte,41,51,18,74,False
2026-07-17,Jaipur,Malviya Nagar,Cold Brew,113,34,26,121,False
2026-07-17,Jaipur,Malviya Nagar,Breakfast Combo,118,48,36,130,False
2026-07-17,Jaipur,Malviya Nagar,Cappuccino,111,50,40,121,False
2026-07-17,Jaipur,Malviya Nagar,Chai Frappe,65,59,43,81,False
2026-07-17,Delhi,Connaught Place,House Latte,115,58,36,137,False
2026-07-17,Delhi,Connaught Place,Cold Brew,68,57,54,71,False
2026-07-17,Delhi,Connaught Place,Breakfast Combo,49,45,39,55,False
2026-07-17,Delhi,Connaught Place,Cappuccino,99,59,25,133,False
2026-07-17,Delhi,Connaught Place,Chai Frappe,118,45,18,145,False
2026-07-17,Delhi,Saket,House Latte,80,25,53,52,False
2026-07-17,Delhi,Saket,Cold Brew,101,56,39,118,False
2026-07-17,Delhi,Saket,Breakfast Combo,71,37,52,56,False
2026-07-17,Delhi,Saket,Cappuccino,52,55,31,76,False
2026-07-17,Delhi,Saket,Chai Frappe,87,46,18,115,False
2026-07-17,Mumbai,Bandra,House Latte,51,26,46,31,False
2026-07-17,Mumbai,Bandra,Cold Brew,46,44,19,71,False
2026-07-17,Mumbai,Bandra,Breakfast Combo,101,59,31,129,False
2026-07-17,Mumbai,Bandra,Cappuccino,56,37,42,51,False
2026-07-17,Mumbai,Bandra,Chai Frappe,98,45,38,105,False
2026-07-17,Mumbai,Andheri,House Latte,90,28,23,95,False
2026-07-17,Mumbai,Andheri,Cold Brew,114,43,49,108,False
2026-07-17,Mumbai,Andheri,Breakfast Combo,90,38,37,91,False
2026-07-17,Mumbai,Andheri,Cappuccino,95,27,33,89,False
2026-07-17,Mumbai,Andheri,Chai Frappe,97,23,17,103,False
2026-07-17,Bengaluru,Indiranagar,House Latte,52,43,24,71,False
2026-07-17,Bengaluru,Indiranagar,Cold Brew,74,25,25,74,False
2026-07-17,Bengaluru,Indiranagar,Breakfast Combo,41,52,33,60,False
2026-07-17,Bengaluru,Indiranagar,Cappuccino,54,41,52,43,False
2026-07-17,Bengaluru,Indiranagar,Chai Frappe,105,55,31,129,False
2026-07-17,Bengaluru,Koramangala,House Latte,68,32,27,73,False
2026-07-17,Bengaluru,Koramangala,Cold Brew,113,25,49,89,False
2026-07-17,Bengaluru,Koramangala,Breakfast Combo,113,53,40,126,False
2026-07-17,Bengaluru,Koramangala,Cappuccino,108,21,47,82,False
2026-07-17,Bengaluru,Koramangala,Chai Frappe,80,58,18,120,False
2026-07-17,Hyderabad,Banjara Hills,House Latte,114,42,19,137,False
2026-07-17,Hyderabad,Banjara Hills,Cold Brew,80,21,18,83,False
2026-07-17,Hyderabad,Banjara Hills,Breakfast Combo,82,52,19,115,False
2026-07-17,Hyderabad,Banjara Hills,Cappuccino,60,35,36,59,False
2026-07-17,Hyderabad,Banjara Hills,Chai Frappe,40,45,34,51,False
2026-07-17,Hyderabad,Gachibowli,House Latte,116,32,34,114,False
2026-07-17,Hyderabad,Gachibowli,Cold Brew,46,56,48,54,False
2026-07-17,Hyderabad,Gachibowli,Breakfast Combo,68,38,49,57,False
2026-07-17,Hyderabad,Gachibowli,Cappuccino,63,29,24,68,False
2026-07-17,Hyderabad,Gachibowli,Chai Frappe,96,28,18,106,False
2026-07-18,Ahmedabad,Satellite,House Latte,53,59,49,63,False
2026-07-18,Ahmedabad,Satellite,Cold Brew,116,31,32,115,False
2026-07-18,Ahmedabad,Satellite,Breakfast Combo,79,40,16,103,False
2026-07-18,Ahmedabad,Satellite,Cappuccino,87,21,26,82,False
2026-07-18,Ahmedabad,Satellite,Chai Frappe,63,46,50,59,False
2026-07-18,Ahmedabad,Navrangpura,House Latte,95,37,36,96,False
2026-07-18,Ahmedabad,Navrangpura,Cold Brew,80,25,53,52,False
2026-07-18,Ahmedabad,Navrangpura,Breakfast Combo,113,29,19,123,False
2026-07-18,Ahmedabad,Navrangpura,Cappuccino,53,45,16,82,False
2026-07-18,Ahmedabad,Navrangpura,Chai Frappe,48,45,20,73,False
2026-07-18,Jaipur,C-Scheme,House Latte,45,20,43,22,False
2026-07-18,Jaipur,C-Scheme,Cold Brew,69,31,40,60,False
2026-07-18,Jaipur,C-Scheme,Breakfast Combo,53,40,34,59,False
2026-07-18,Jaipur,C-Scheme,Cappuccino,93,44,42,95,False
2026-07-18,Jaipur,C-Scheme,Chai Frappe,57,25,36,46,False
2026-07-18,Jaipur,Malviya Nagar,House Latte,44,38,40,42,False
2026-07-18,Jaipur,Malviya Nagar,Cold Brew,105,46,54,97,False
2026-07-18,Jaipur,Malviya Nagar,Breakfast Combo,84,37,24,97,False
2026-07-18,Jaipur,Malviya Nagar,Cappuccino,93,52,27,118,False
2026-07-18,Jaipur,Malviya Nagar,Chai Frappe,46,20,40,26,False
2026-07-18,Delhi,Connaught Place,House Latte,93,24,15,102,False
2026-07-18,Delhi,Connaught Place,Cold Brew,0,0,31,0,True
2026-07-18,Delhi,Connaught Place,Breakfast Combo,60,48,44,64,False
2026-07-18,Delhi,Connaught Place,Cappuccino,44,23,37,30,False
2026-07-18,Delhi,Connaught Place,Chai Frappe,88,25,21,92,False
2026-07-18,Delhi,Saket,House Latte,94,38,19,113,False
2026-07-18,Delhi,Saket,Cold Brew,0,0,24,0,True
2026-07-18,Delhi,Saket,Breakfast Combo,97,28,17,108,False
2026-07-18,Delhi,Saket,Cappuccino,116,28,35,109,False
2026-07-18,Delhi,Saket,Chai Frappe,105,59,47,117,False
2026-07-18,Mumbai,Bandra,House Latte,67,54,15,106,False
2026-07-18,Mumbai,Bandra,Cold Brew,66,27,36,57,False
2026-07-18,Mumbai,Bandra,Breakfast Combo,111,50,54,107,False
2026-07-18,Mumbai,Bandra,Cappuccino,50,50,43,57,False
2026-07-18,Mumbai,Bandra,Chai Frappe,76,23,19,80,False
2026-07-18,Mumbai,Andheri,House Latte,113,31,40,104,False
2026-07-18,Mumbai,Andheri,Cold Brew,115,39,23,131,False
2026-07-18,Mumbai,Andheri,Breakfast Combo,78,29,22,85,False
2026-07-18,Mumbai,Andheri,Cappuccino,104,33,42,95,False
2026-07-18,Mumbai,Andheri,Chai Frappe,98,41,36,103,False
2026-07-18,Bengaluru,Indiranagar,House Latte,54,41,45,50,False
2026-07-18,Bengaluru,Indiranagar,Cold Brew,55,29,42,42,False
2026-07-18,Bengaluru,Indiranagar,Breakfast Combo,118,35,48,105,False
2026-07-18,Bengaluru,Indiranagar,Cappuccino,54,42,52,44,False
2026-07-18,Bengaluru,Indiranagar,Chai Frappe,75,40,21,94,False
2026-07-18,Bengaluru,Koramangala,House Latte,82,43,54,71,False
2026-07-18,Bengaluru,Koramangala,Cold Brew,56,34,40,50,False
2026-07-18,Bengaluru,Koramangala,Breakfast Combo,115,29,42,102,False
2026-07-18,Bengaluru,Koramangala,Cappuccino,110,45,32,123,False
2026-07-18,Bengaluru,Koramangala,Chai Frappe,58,31,17,72,False
2026-07-18,Hyderabad,Banjara Hills,House Latte,52,37,20,69,False
2026-07-18,Hyderabad,Banjara Hills,Cold Brew,40,47,17,70,False
2026-07-18,Hyderabad,Banjara Hills,Breakfast Combo,51,43,51,43,False
2026-07-18,Hyderabad,Banjara Hills,Cappuccino,97,21,21,97,False
2026-07-18,Hyderabad,Banjara Hills,Chai Frappe,99,49,30,118,False
2026-07-18,Hyderabad,Gachibowli,House Latte,115,55,44,126,False
2026-07-18,Hyderabad,Gachibowli,Cold Brew,99,51,20,130,False
2026-07-18,Hyderabad,Gachibowli,Breakfast Combo,96,57,23,130,False
2026-07-18,Hyderabad,Gachibowli,Cappuccino,41,34,25,50,False
2026-07-18,Hyderabad,Gachibowli,Chai Frappe,115,37,41,111,False
2026-07-19,Ahmedabad,Satellite,House Latte,118,51,44,125,False
2026-07-19,Ahmedabad,Satellite,Cold Brew,117,47,24,140,False
2026-07-19,Ahmedabad,Satellite,Breakfast Combo,98,32,28,102,False
2026-07-19,Ahmedabad,Satellite,Cappuccino,91,32,15,108,False
2026-07-19,Ahmedabad,Satellite,Chai Frappe,119,42,41,120,False
2026-07-19,Ahmedabad,Navrangpura,House Latte,104,45,39,110,False
2026-07-19,Ahmedabad,Navrangpura,Cold Brew,103,31,48,86,False
2026-07-19,Ahmedabad,Navrangpura,Breakfast Combo,97,27,20,104,False
2026-07-19,Ahmedabad,Navrangpura,Cappuccino,110,55,54,111,False
2026-07-19,Ahmedabad,Navrangpura,Chai Frappe,48,55,49,54,False
2026-07-19,Jaipur,C-Scheme,House Latte,101,39,35,105,False
2026-07-19,Jaipur,C-Scheme,Cold Brew,74,21,35,60,False
2026-07-19,Jaipur,C-Scheme,Breakfast Combo,58,28,17,69,False
2026-07-19,Jaipur,C-Scheme,Cappuccino,76,21,48,49,False
2026-07-19,Jaipur,C-Scheme,Chai Frappe,111,52,27,136,False
2026-07-19,Jaipur,Malviya Nagar,House Latte,53,40,41,52,False
2026-07-19,Jaipur,Malviya Nagar,Cold Brew,41,54,32,63,False
2026-07-19,Jaipur,Malviya Nagar,Breakfast Combo,105,23,32,96,False
2026-07-19,Jaipur,Malviya Nagar,Cappuccino,76,21,43,54,False
2026-07-19,Jaipur,Malviya Nagar,Chai Frappe,114,41,30,125,False
2026-07-19,Delhi,Connaught Place,House Latte,90,34,29,95,False
2026-07-19,Delhi,Connaught Place,Cold Brew,0,0,25,0,True
2026-07-19,Delhi,Connaught Place,Breakfast Combo,72,53,36,89,False
2026-07-19,Delhi,Connaught Place,Cappuccino,46,54,44,56,False
2026-07-19,Delhi,Connaught Place,Chai Frappe,61,58,53,66,False
2026-07-19,Delhi,Saket,House Latte,119,35,51,103,False
2026-07-19,Delhi,Saket,Cold Brew,0,0,36,0,True
2026-07-19,Delhi,Saket,Breakfast Combo,62,29,53,38,False
2026-07-19,Delhi,Saket,Cappuccino,80,57,37,100,False
2026-07-19,Delhi,Saket,Chai Frappe,82,22,31,73,False
2026-07-19,Mumbai,Bandra,House Latte,84,24,21,87,False
2026-07-19,Mumbai,Bandra,Cold Brew,87,29,43,73,False
2026-07-19,Mumbai,Bandra,Breakfast Combo,76,36,19,93,False
2026-07-19,Mumbai,Bandra,Cappuccino,72,41,37,76,False
2026-07-19,Mumbai,Bandra,Chai Frappe,61,21,52,30,False
2026-07-19,Mumbai,Andheri,House Latte,116,56,26,146,False
2026-07-19,Mumbai,Andheri,Cold Brew,88,25,51,62,False
2026-07-19,Mumbai,Andheri,Breakfast Combo,40,38,49,29,False
2026-07-19,Mumbai,Andheri,Cappuccino,98,54,34,118,False
2026-07-19,Mumbai,Andheri,Chai Frappe,47,20,21,46,False
2026-07-19,Bengaluru,Indiranagar,House Latte,44,37,17,64,False
2026-07-19,Bengaluru,Indiranagar,Cold Brew,54,36,44,46,False
2026-07-19,Bengaluru,Indiranagar,Breakfast Combo,93,22,51,64,False
2026-07-19,Bengaluru,Indiranagar,Cappuccino,83,33,30,86,False
2026-07-19,Bengaluru,Indiranagar,Chai Frappe,107,38,24,121,False
2026-07-19,Bengaluru,Koramangala,House Latte,73,22,21,74,False
2026-07-19,Bengaluru,Koramangala,Cold Brew,65,28,28,65,False
2026-07-19,Bengaluru,Koramangala,Breakfast Combo,45,44,19,70,False
2026-07-19,Bengaluru,Koramangala,Cappuccino,57,59,15,101,False
2026-07-19,Bengaluru,Koramangala,Chai Frappe,62,40,27,75,False
2026-07-19,Hyderabad,Banjara Hills,House Latte,65,25,31,59,False
2026-07-19,Hyderabad,Banjara Hills,Cold Brew,100,43,51,92,False
2026-07-19,Hyderabad,Banjara Hills,Breakfast Combo,95,51,32,114,False
2026-07-19,Hyderabad,Banjara Hills,Cappuccino,89,43,47,85,False
2026-07-19,Hyderabad,Banjara Hills,Chai Frappe,80,36,17,99,False
2026-07-19,Hyderabad,Gachibowli,House Latte,108,37,46,99,False
2026-07-19,Hyderabad,Gachibowli,Cold Brew,94,20,41,73,False
2026-07-19,Hyderabad,Gachibowli,Breakfast Combo,79,29,25,83,False
2026-07-19,Hyderabad,Gachibowli,Cappuccino,91,23,39,75,False
2026-07-19,Hyderabad,Gachibowli,Chai Frappe,107,23,15,115,False
2026-07-20,Ahmedabad,Satellite,House Latte,44,49,48,45,False
2026-07-20,Ahmedabad,Satellite,Cold Brew,119,21,34,106,False
2026-07-20,Ahmedabad,Satellite,Breakfast Combo,43,34,27,50,False
2026-07-20,Ahmedabad,Satellite,Cappuccino,88,56,47,97,False
2026-07-20,Ahmedabad,Satellite,Chai Frappe,45,29,25,49,False
2026-07-20,Ahmedabad,Navrangpura,House Latte,60,34,39,55,False
2026-07-20,Ahmedabad,Navrangpura,Cold Brew,99,57,43,113,False
2026-07-20,Ahmedabad,Navrangpura,Breakfast Combo,63,27,30,60,False
2026-07-20,Ahmedabad,Navrangpura,Cappuccino,103,59,30,132,False
2026-07-20,Ahmedabad,Navrangpura,Chai Frappe,54,20,18,56,False
2026-07-20,Jaipur,C-Scheme,House Latte,90,43,40,93,False
2026-07-20,Jaipur,C-Scheme,Cold Brew,41,37,22,56,False
2026-07-20,Jaipur,C-Scheme,Breakfast Combo,66,44,26,84,False
2026-07-20,Jaipur,C-Scheme,Cappuccino,92,31,35,88,False
2026-07-20,Jaipur,C-Scheme,Chai Frappe,76,35,20,91,False
2026-07-20,Jaipur,Malviya Nagar,House Latte,86,59,40,105,False
2026-07-20,Jaipur,Malviya Nagar,Cold Brew,99,52,16,135,False
2026-07-20,Jaipur,Malviya Nagar,Breakfast Combo,103,29,41,91,False
2026-07-20,Jaipur,Malviya Nagar,Cappuccino,118,55,31,142,False
2026-07-20,Jaipur,Malviya Nagar,Chai Frappe,107,44,20,131,False
2026-07-20,Delhi,Connaught Place,House Latte,59,58,51,66,False
2026-07-20,Delhi,Connaught Place,Cold Brew,0,0,27,0,True
2026-07-20,Delhi,Connaught Place,Breakfast Combo,104,20,50,74,False
2026-07-20,Delhi,Connaught Place,Cappuccino,88,45,32,101,False
2026-07-20,Delhi,Connaught Place,Chai Frappe,118,49,17,150,False
2026-07-20,Delhi,Saket,House Latte,81,54,18,117,False
2026-07-20,Delhi,Saket,Cold Brew,0,0,35,0,True
2026-07-20,Delhi,Saket,Breakfast Combo,110,39,16,133,False
2026-07-20,Delhi,Saket,Cappuccino,41,49,52,38,False
2026-07-20,Delhi,Saket,Chai Frappe,63,57,33,87,False
2026-07-20,Mumbai,Bandra,House Latte,44,41,53,32,False
2026-07-20,Mumbai,Bandra,Cold Brew,60,58,41,77,False
2026-07-20,Mumbai,Bandra,Breakfast Combo,71,47,31,87,False
2026-07-20,Mumbai,Bandra,Cappuccino,46,54,29,71,False
2026-07-20,Mumbai,Bandra,Chai Frappe,85,49,18,116,False
2026-07-20,Mumbai,Andheri,House Latte,97,34,36,95,False
2026-07-20,Mumbai,Andheri,Cold Brew,76,51,22,105,False
2026-07-20,Mumbai,Andheri,Breakfast Combo,48,36,19,65,False
2026-07-20,Mumbai,Andheri,Cappuccino,59,46,47,58,False
2026-07-20,Mumbai,Andheri,Chai Frappe,95,32,47,80,False
2026-07-20,Bengaluru,Indiranagar,House Latte,72,27,45,54,False
2026-07-20,Bengaluru,Indiranagar,Cold Brew,81,34,41,74,False
2026-07-20,Bengaluru,Indiranagar,Breakfast Combo,97,28,19,106,False
2026-07-20,Bengaluru,Indiranagar,Cappuccino,81,22,40,63,False
2026-07-20,Bengaluru,Indiranagar,Chai Frappe,75,28,38,65,False
2026-07-20,Bengaluru,Koramangala,House Latte,70,35,23,82,False
2026-07-20,Bengaluru,Koramangala,Cold Brew,94,56,39,111,False
2026-07-20,Bengaluru,Koramangala,Breakfast Combo,58,53,19,92,False
2026-07-20,Bengaluru,Koramangala,Cappuccino,63,21,48,36,False
2026-07-20,Bengaluru,Koramangala,Chai Frappe,43,41,22,62,False
2026-07-20,Hyderabad,Banjara Hills,House Latte,56,44,47,53,False
2026-07-20,Hyderabad,Banjara Hills,Cold Brew,41,26,26,41,False
2026-07-20,Hyderabad,Banjara Hills,Breakfast Combo,115,22,22,115,False
2026-07-20,Hyderabad,Banjara Hills,Cappuccino,72,33,16,89,False
2026-07-20,Hyderabad,Banjara Hills,Chai Frappe,83,44,22,105,False
2026-07-20,Hyderabad,Gachibowli,House Latte,95,22,44,73,False
2026-07-20,Hyderabad,Gachibowli,Cold Brew,60,28,22,66,False
2026-07-20,Hyderabad,Gachibowli,Breakfast Combo,109,40,42,107,False
2026-07-20,Hyderabad,Gachibowli,Cappuccino,56,22,16,62,False
2026-07-20,Hyderabad,Gachibowli,Chai Frappe,75,33,45,63,False
2026-07-21,Ahmedabad,Satellite,House Latte,103,32,32,103,False
2026-07-21,Ahmedabad,Satellite,Cold Brew,70,47,40,77,False
2026-07-21,Ahmedabad,Satellite,Breakfast Combo,92,22,28,86,False
2026-07-21,Ahmedabad,Satellite,Cappuccino,117,33,21,129,False
2026-07-21,Ahmedabad,Satellite,Chai Frappe,55,21,46,30,False
2026-07-21,Ahmedabad,Navrangpura,House Latte,40,43,30,53,False
2026-07-21,Ahmedabad,Navrangpura,Cold Brew,47,55,44,58,False
2026-07-21,Ahmedabad,Navrangpura,Breakfast Combo,105,57,51,111,False
2026-07-21,Ahmedabad,Navrangpura,Cappuccino,96,41,42,95,False
2026-07-21,Ahmedabad,Navrangpura,Chai Frappe,75,27,30,72,False
2026-07-21,Jaipur,C-Scheme,House Latte,77,21,48,50,False
2026-07-21,Jaipur,C-Scheme,Cold Brew,112,36,34,114,False
2026-07-21,Jaipur,C-Scheme,Breakfast Combo,107,38,42,103,False
2026-07-21,Jaipur,C-Scheme,Cappuccino,81,30,46,65,False
2026-07-21,Jaipur,C-Scheme,Chai Frappe,55,28,42,41,False
2026-07-21,Jaipur,Malviya Nagar,House Latte,96,58,43,111,False
2026-07-21,Jaipur,Malviya Nagar,Cold Brew,41,53,31,63,False
2026-07-21,Jaipur,Malviya Nagar,Breakfast Combo,40,43,21,62,False
2026-07-21,Jaipur,Malviya Nagar,Cappuccino,73,38,17,94,False
2026-07-21,Jaipur,Malviya Nagar,Chai Frappe,108,40,53,95,False
2026-07-21,Delhi,Connaught Place,House Latte,77,43,47,73,False
2026-07-21,Delhi,Connaught Place,Cold Brew,0,0,22,0,True
2026-07-21,Delhi,Connaught Place,Breakfast Combo,119,45,35,129,False
2026-07-21,Delhi,Connaught Place,Cappuccino,56,42,37,61,False
2026-07-21,Delhi,Connaught Place,Chai Frappe,118,53,34,137,False
2026-07-21,Delhi,Saket,House Latte,71,35,30,76,False
2026-07-21,Delhi,Saket,Cold Brew,0,0,41,0,True
2026-07-21,Delhi,Saket,Breakfast Combo,60,36,42,54,False
2026-07-21,Delhi,Saket,Cappuccino,88,34,45,77,False
2026-07-21,Delhi,Saket,Chai Frappe,52,38,19,71,False
2026-07-21,Mumbai,Bandra,House Latte,82,23,52,53,False
2026-07-21,Mumbai,Bandra,Cold Brew,92,29,39,82,False
2026-07-21,Mumbai,Bandra,Breakfast Combo,67,40,21,86,False
2026-07-21,Mumbai,Bandra,Cappuccino,80,24,21,83,False
2026-07-21,Mumbai,Bandra,Chai Frappe,86,40,26,100,False
2026-07-21,Mumbai,Andheri,House Latte,44,36,52,28,False
2026-07-21,Mumbai,Andheri,Cold Brew,96,22,52,66,False
2026-07-21,Mumbai,Andheri,Breakfast Combo,73,43,15,101,False
2026-07-21,Mumbai,Andheri,Cappuccino,64,51,28,87,False
2026-07-21,Mumbai,Andheri,Chai Frappe,53,23,51,25,False
2026-07-21,Bengaluru,Indiranagar,House Latte,105,21,52,74,False
2026-07-21,Bengaluru,Indiranagar,Cold Brew,105,34,41,98,False
2026-07-21,Bengaluru,Indiranagar,Breakfast Combo,60,29,43,46,False
2026-07-21,Bengaluru,Indiranagar,Cappuccino,56,34,29,61,False
2026-07-21,Bengaluru,Indiranagar,Chai Frappe,52,53,41,64,False
2026-07-21,Bengaluru,Koramangala,House Latte,108,40,22,126,False
2026-07-21,Bengaluru,Koramangala,Cold Brew,62,34,52,44,False
2026-07-21,Bengaluru,Koramangala,Breakfast Combo,58,47,19,86,False
2026-07-21,Bengaluru,Koramangala,Cappuccino,116,45,32,129,False
2026-07-21,Bengaluru,Koramangala,Chai Frappe,67,34,24,77,False
2026-07-21,Hyderabad,Banjara Hills,House Latte,87,54,24,117,False
2026-07-21,Hyderabad,Banjara Hills,Cold Brew,99,42,45,96,False
2026-07-21,Hyderabad,Banjara Hills,Breakfast Combo,101,21,15,107,False
2026-07-21,Hyderabad,Banjara Hills,Cappuccino,113,26,37,102,False
2026-07-21,Hyderabad,Banjara Hills,Chai Frappe,100,40,15,125,False
2026-07-21,Hyderabad,Gachibowli,House Latte,40,46,50,36,False
2026-07-21,Hyderabad,Gachibowli,Cold Brew,67,41,52,56,False
2026-07-21,Hyderabad,Gachibowli,Breakfast Combo,106,41,41,106,False
2026-07-21,Hyderabad,Gachibowli,Cappuccino,116,51,31,136,False
2026-07-21,Hyderabad,Gachibowli,Chai Frappe,95,33,51,77,False
2026-07-22,Ahmedabad,Satellite,House Latte,47,29,28,48,False
2026-07-22,Ahmedabad,Satellite,Cold Brew,56,43,43,56,False
2026-07-22,Ahmedabad,Satellite,Breakfast Combo,111,40,39,112,False
2026-07-22,Ahmedabad,Satellite,Cappuccino,87,20,43,64,False
2026-07-22,Ahmedabad,Satellite,Chai Frappe,41,41,54,28,False
2026-07-22,Ahmedabad,Navrangpura,House Latte,103,40,27,116,False
2026-07-22,Ahmedabad,Navrangpura,Cold Brew,106,54,29,131,False
2026-07-22,Ahmedabad,Navrangpura,Breakfast Combo,48,43,40,51,False
2026-07-22,Ahmedabad,Navrangpura,Cappuccino,114,55,24,145,False
2026-07-22,Ahmedabad,Navrangpura,Chai Frappe,60,59,28,91,False
2026-07-22,Jaipur,C-Scheme,House Latte,76,32,30,78,False
2026-07-22,Jaipur,C-Scheme,Cold Brew,85,31,31,85,False
2026-07-22,Jaipur,C-Scheme,Breakfast Combo,68,24,46,46,False
2026-07-22,Jaipur,C-Scheme,Cappuccino,111,39,23,127,False
2026-07-22,Jaipur,C-Scheme,Chai Frappe,91,41,37,95,False
2026-07-22,Jaipur,Malviya Nagar,House Latte,87,48,16,119,False
2026-07-22,Jaipur,Malviya Nagar,Cold Brew,47,23,21,49,False
2026-07-22,Jaipur,Malviya Nagar,Breakfast Combo,117,49,41,125,False
2026-07-22,Jaipur,Malviya Nagar,Cappuccino,95,21,23,93,False
2026-07-22,Jaipur,Malviya Nagar,Chai Frappe,103,38,35,106,False
2026-07-22,Delhi,Connaught Place,House Latte,100,23,46,77,False
2026-07-22,Delhi,Connaught Place,Cold Brew,0,0,34,0,True
2026-07-22,Delhi,Connaught Place,Breakfast Combo,45,28,24,49,False
2026-07-22,Delhi,Connaught Place,Cappuccino,110,24,26,108,False
2026-07-22,Delhi,Connaught Place,Chai Frappe,50,31,15,66,False
2026-07-22,Delhi,Saket,House Latte,61,48,45,64,False
2026-07-22,Delhi,Saket,Cold Brew,0,0,39,0,True
2026-07-22,Delhi,Saket,Breakfast Combo,112,52,24,140,False
2026-07-22,Delhi,Saket,Cappuccino,87,51,27,111,False
2026-07-22,Delhi,Saket,Chai Frappe,85,36,27,94,False
2026-07-22,Mumbai,Bandra,House Latte,55,21,44,32,False
2026-07-22,Mumbai,Bandra,Cold Brew,105,46,24,127,False
2026-07-22,Mumbai,Bandra,Breakfast Combo,41,45,22,64,False
2026-07-22,Mumbai,Bandra,Cappuccino,83,58,15,126,False
2026-07-22,Mumbai,Bandra,Chai Frappe,86,59,28,117,False
2026-07-22,Mumbai,Andheri,House Latte,105,53,34,124,False
2026-07-22,Mumbai,Andheri,Cold Brew,64,47,39,72,False
2026-07-22,Mumbai,Andheri,Breakfast Combo,78,27,44,61,False
2026-07-22,Mumbai,Andheri,Cappuccino,56,25,17,64,False
2026-07-22,Mumbai,Andheri,Chai Frappe,75,24,28,71,False
2026-07-22,Bengaluru,Indiranagar,House Latte,59,38,46,51,False
2026-07-22,Bengaluru,Indiranagar,Cold Brew,76,42,20,98,False
2026-07-22,Bengaluru,Indiranagar,Breakfast Combo,49,59,39,69,False
2026-07-22,Bengaluru,Indiranagar,Cappuccino,41,42,15,68,False
2026-07-22,Bengaluru,Indiranagar,Chai Frappe,46,34,41,39,False
2026-07-22,Bengaluru,Koramangala,House Latte,89,51,22,118,False
2026-07-22,Bengaluru,Koramangala,Cold Brew,55,41,49,47,False
2026-07-22,Bengaluru,Koramangala,Breakfast Combo,97,46,18,125,False
2026-07-22,Bengaluru,Koramangala,Cappuccino,110,59,38,131,False
2026-07-22,Bengaluru,Koramangala,Chai Frappe,66,46,40,72,False
2026-07-22,Hyderabad,Banjara Hills,House Latte,114,24,35,103,False
2026-07-22,Hyderabad,Banjara Hills,Cold Brew,96,33,48,81,False
2026-07-22,Hyderabad,Banjara Hills,Breakfast Combo,45,24,46,23,False
2026-07-22,Hyderabad,Banjara Hills,Cappuccino,50,36,26,60,False
2026-07-22,Hyderabad,Banjara Hills,Chai Frappe,95,20,29,86,False
2026-07-22,Hyderabad,Gachibowli,House Latte,118,34,38,114,False
2026-07-22,Hyderabad,Gachibowli,Cold Brew,119,44,45,118,False
2026-07-22,Hyderabad,Gachibowli,Breakfast Combo,116,44,48,112,False
2026-07-22,Hyderabad,Gachibowli,Cappuccino,80,52,40,92,False
2026-07-22,Hyderabad,Gachibowli,Chai Frappe,67,42,28,81,False
2026-07-23,Ahmedabad,Satellite,House Latte,71,31,34,68,False
2026-07-23,Ahmedabad,Satellite,Cold Brew,67,45,29,83,False
2026-07-23,Ahmedabad,Satellite,Breakfast Combo,79,25,30,74,False
2026-07-23,Ahmedabad,Satellite,Cappuccino,68,58,32,94,False
2026-07-23,Ahmedabad,Satellite,Chai Frappe,41,32,44,29,False
2026-07-23,Ahmedabad,Navrangpura,House Latte,53,26,29,50,False
2026-07-23,Ahmedabad,Navrangpura,Cold Brew,68,39,16,91,False
2026-07-23,Ahmedabad,Navrangpura,Breakfast Combo,97,28,43,82,False
2026-07-23,Ahmedabad,Navrangpura,Cappuccino,85,28,33,80,False
2026-07-23,Ahmedabad,Navrangpura,Chai Frappe,42,48,27,63,False
2026-07-23,Jaipur,C-Scheme,House Latte,70,26,29,67,False
2026-07-23,Jaipur,C-Scheme,Cold Brew,71,28,54,45,False
2026-07-23,Jaipur,C-Scheme,Breakfast Combo,62,27,36,53,False
2026-07-23,Jaipur,C-Scheme,Cappuccino,65,38,44,59,False
2026-07-23,Jaipur,C-Scheme,Chai Frappe,46,40,15,71,False
2026-07-23,Jaipur,Malviya Nagar,House Latte,43,23,21,45,False
2026-07-23,Jaipur,Malviya Nagar,Cold Brew,67,57,51,73,False
2026-07-23,Jaipur,Malviya Nagar,Breakfast Combo,48,59,40,67,False
2026-07-23,Jaipur,Malviya Nagar,Cappuccino,84,51,34,101,False
2026-07-23,Jaipur,Malviya Nagar,Chai Frappe,61,41,44,58,False
2026-07-23,Delhi,Connaught Place,House Latte,94,26,52,68,False
2026-07-23,Delhi,Connaught Place,Cold Brew,0,0,27,0,True
2026-07-23,Delhi,Connaught Place,Breakfast Combo,45,59,38,66,False
2026-07-23,Delhi,Connaught Place,Cappuccino,57,20,20,57,False
2026-07-23,Delhi,Connaught Place,Chai Frappe,53,57,22,88,False
2026-07-23,Delhi,Saket,House Latte,52,53,50,55,False
2026-07-23,Delhi,Saket,Cold Brew,0,0,36,0,True
2026-07-23,Delhi,Saket,Breakfast Combo,86,32,45,73,False
2026-07-23,Delhi,Saket,Cappuccino,110,49,51,108,False
2026-07-23,Delhi,Saket,Chai Frappe,48,46,54,40,False
2026-07-23,Mumbai,Bandra,House Latte,82,57,28,111,False
2026-07-23,Mumbai,Bandra,Cold Brew,111,57,39,129,False
2026-07-23,Mumbai,Bandra,Breakfast Combo,96,40,27,109,False
2026-07-23,Mumbai,Bandra,Cappuccino,82,58,15,125,False
2026-07-23,Mumbai,Bandra,Chai Frappe,56,39,28,67,False
2026-07-23,Mumbai,Andheri,House Latte,89,34,41,82,False
2026-07-23,Mumbai,Andheri,Cold Brew,48,33,42,39,False
2026-07-23,Mumbai,Andheri,Breakfast Combo,77,48,40,85,False
2026-07-23,Mumbai,Andheri,Cappuccino,66,37,53,50,False
2026-07-23,Mumbai,Andheri,Chai Frappe,116,21,43,94,False
2026-07-23,Bengaluru,Indiranagar,House Latte,79,20,40,59,False
2026-07-23,Bengaluru,Indiranagar,Cold Brew,41,32,42,31,False
2026-07-23,Bengaluru,Indiranagar,Breakfast Combo,105,36,47,94,False
2026-07-23,Bengaluru,Indiranagar,Cappuccino,107,37,21,123,False
2026-07-23,Bengaluru,Indiranagar,Chai Frappe,92,20,50,62,False
2026-07-23,Bengaluru,Koramangala,House Latte,71,50,44,77,False
2026-07-23,Bengaluru,Koramangala,Cold Brew,77,58,46,89,False
2026-07-23,Bengaluru,Koramangala,Breakfast Combo,110,23,34,99,False
2026-07-23,Bengaluru,Koramangala,Cappuccino,116,52,33,135,False
2026-07-23,Bengaluru,Koramangala,Chai Frappe,45,31,37,39,False
2026-07-23,Hyderabad,Banjara Hills,House Latte,91,56,18,129,False
2026-07-23,Hyderabad,Banjara Hills,Cold Brew,71,30,53,48,False
2026-07-23,Hyderabad,Banjara Hills,Breakfast Combo,53,28,26,55,False
2026-07-23,Hyderabad,Banjara Hills,Cappuccino,48,45,35,58,False
2026-07-23,Hyderabad,Banjara Hills,Chai Frappe,84,56,32,108,False
2026-07-23,Hyderabad,Gachibowli,House Latte,64,35,47,52,False
2026-07-23,Hyderabad,Gachibowli,Cold Brew,82,26,42,66,False
2026-07-23,Hyderabad,Gachibowli,Breakfast Combo,99,29,37,91,False
2026-07-23,Hyderabad,Gachibowli,Cappuccino,85,27,15,97,False
2026-07-23,Hyderabad,Gachibowli,Chai Frappe,97,44,43,98,False
2026-07-24,Ahmedabad,Satellite,House Latte,70,40,54,56,False
2026-07-24,Ahmedabad,Satellite,Cold Brew,58,46,20,84,False
2026-07-24,Ahmedabad,Satellite,Breakfast Combo,45,58,20,83,False
2026-07-24,Ahmedabad,Satellite,Cappuccino,92,40,47,85,False
2026-07-24,Ahmedabad,Satellite,Chai Frappe,83,47,50,80,False
2026-07-24,Ahmedabad,Navrangpura,House Latte,106,48,21,133,False
2026-07-24,Ahmedabad,Navrangpura,Cold Brew,53,39,41,51,False
2026-07-24,Ahmedabad,Navrangpura,Breakfast Combo,93,51,19,125,False
2026-07-24,Ahmedabad,Navrangpura,Cappuccino,53,25,36,42,False
2026-07-24,Ahmedabad,Navrangpura,Chai Frappe,90,24,49,65,False
2026-07-24,Jaipur,C-Scheme,House Latte,64,46,45,65,False
2026-07-24,Jaipur,C-Scheme,Cold Brew,42,54,53,43,False
2026-07-24,Jaipur,C-Scheme,Breakfast Combo,116,25,30,111,False
2026-07-24,Jaipur,C-Scheme,Cappuccino,58,38,53,43,False
2026-07-24,Jaipur,C-Scheme,Chai Frappe,101,50,31,120,False
2026-07-24,Jaipur,Malviya Nagar,House Latte,114,56,47,123,False
2026-07-24,Jaipur,Malviya Nagar,Cold Brew,105,46,18,133,False
2026-07-24,Jaipur,Malviya Nagar,Breakfast Combo,62,50,28,84,False
2026-07-24,Jaipur,Malviya Nagar,Cappuccino,53,57,34,76,False
2026-07-24,Jaipur,Malviya Nagar,Chai Frappe,108,31,29,110,False
2026-07-24,Delhi,Connaught Place,House Latte,67,34,32,69,False
2026-07-24,Delhi,Connaught Place,Cold Brew,0,0,28,0,True
2026-07-24,Delhi,Connaught Place,Breakfast Combo,75,54,32,97,False
2026-07-24,Delhi,Connaught Place,Cappuccino,40,20,32,28,False
2026-07-24,Delhi,Connaught Place,Chai Frappe,91,57,20,128,False
2026-07-24,Delhi,Saket,House Latte,83,31,33,81,False
2026-07-24,Delhi,Saket,Cold Brew,0,0,15,0,True
2026-07-24,Delhi,Saket,Breakfast Combo,45,40,23,62,False
2026-07-24,Delhi,Saket,Cappuccino,66,23,16,73,False
2026-07-24,Delhi,Saket,Chai Frappe,50,35,21,64,False
2026-07-24,Mumbai,Bandra,House Latte,58,32,26,64,False
2026-07-24,Mumbai,Bandra,Cold Brew,40,24,53,11,False
2026-07-24,Mumbai,Bandra,Breakfast Combo,93,24,26,91,False
2026-07-24,Mumbai,Bandra,Cappuccino,70,56,50,76,False
2026-07-24,Mumbai,Bandra,Chai Frappe,101,24,34,91,False
2026-07-24,Mumbai,Andheri,House Latte,78,45,48,75,False
2026-07-24,Mumbai,Andheri,Cold Brew,65,42,25,82,False
2026-07-24,Mumbai,Andheri,Breakfast Combo,56,32,44,44,False
2026-07-24,Mumbai,Andheri,Cappuccino,75,47,42,80,False
2026-07-24,Mumbai,Andheri,Chai Frappe,68,58,16,110,False
2026-07-24,Bengaluru,Indiranagar,House Latte,111,20,30,101,False
2026-07-24,Bengaluru,Indiranagar,Cold Brew,106,47,27,126,False
2026-07-24,Bengaluru,Indiranagar,Breakfast Combo,110,25,41,94,False
2026-07-24,Bengaluru,Indiranagar,Cappuccino,81,28,51,58,False
2026-07-24,Bengaluru,Indiranagar,Chai Frappe,101,20,18,103,False
2026-07-24,Bengaluru,Koramangala,House Latte,44,36,31,49,False
2026-07-24,Bengaluru,Koramangala,Cold Brew,97,47,15,129,False
2026-07-24,Bengaluru,Koramangala,Breakfast Combo,78,51,50,79,False
2026-07-24,Bengaluru,Koramangala,Cappuccino,63,21,21,63,False
2026-07-24,Bengaluru,Koramangala,Chai Frappe,67,37,29,75,False
2026-07-24,Hyderabad,Banjara Hills,House Latte,47,33,26,54,False
2026-07-24,Hyderabad,Banjara Hills,Cold Brew,79,23,46,56,False
2026-07-24,Hyderabad,Banjara Hills,Breakfast Combo,73,32,51,54,False
2026-07-24,Hyderabad,Banjara Hills,Cappuccino,99,25,20,104,False
2026-07-24,Hyderabad,Banjara Hills,Chai Frappe,40,42,29,53,False
2026-07-24,Hyderabad,Gachibowli,House Latte,70,40,36,74,False
2026-07-24,Hyderabad,Gachibowli,Cold Brew,40,24,46,18,False
2026-07-24,Hyderabad,Gachibowli,Breakfast Combo,116,53,51,118,False
2026-07-24,Hyderabad,Gachibowli,Cappuccino,77,53,50,80,False
2026-07-24,Hyderabad,Gachibowli,Chai Frappe,111,25,20,116,False
2026-07-25,Ahmedabad,Satellite,House Latte,72,40,53,59,False
2026-07-25,Ahmedabad,Satellite,Cold Brew,65,53,50,68,False
2026-07-25,Ahmedabad,Satellite,Breakfast Combo,117,27,24,120,False
2026-07-25,Ahmedabad,Satellite,Cappuccino,57,49,42,64,False
2026-07-25,Ahmedabad,Satellite,Chai Frappe,72,23,35,60,False
2026-07-25,Ahmedabad,Navrangpura,House Latte,98,38,25,111,False
2026-07-25,Ahmedabad,Navrangpura,Cold Brew,87,46,38,95,False
2026-07-25,Ahmedabad,Navrangpura,Breakfast Combo,109,32,39,102,False
2026-07-25,Ahmedabad,Navrangpura,Cappuccino,108,28,26,110,False
2026-07-25,Ahmedabad,Navrangpura,Chai Frappe,43,34,16,61,False
2026-07-25,Jaipur,C-Scheme,House Latte,99,23,42,80,False
2026-07-25,Jaipur,C-Scheme,Cold Brew,86,59,28,117,False
2026-07-25,Jaipur,C-Scheme,Breakfast Combo,67,29,36,60,False
2026-07-25,Jaipur,C-Scheme,Cappuccino,57,24,52,29,False
2026-07-25,Jaipur,C-Scheme,Chai Frappe,94,24,39,79,False
2026-07-25,Jaipur,Malviya Nagar,House Latte,64,27,33,58,False
2026-07-25,Jaipur,Malviya Nagar,Cold Brew,103,20,29,94,False
2026-07-25,Jaipur,Malviya Nagar,Breakfast Combo,113,35,18,130,False
2026-07-25,Jaipur,Malviya Nagar,Cappuccino,74,47,54,67,False
2026-07-25,Jaipur,Malviya Nagar,Chai Frappe,90,22,47,65,False
2026-07-25,Delhi,Connaught Place,House Latte,102,46,50,98,False
2026-07-25,Delhi,Connaught Place,Cold Brew,0,0,31,0,True
2026-07-25,Delhi,Connaught Place,Breakfast Combo,80,39,40,79,False
2026-07-25,Delhi,Connaught Place,Cappuccino,96,24,37,83,False
2026-07-25,Delhi,Connaught Place,Chai Frappe,43,40,31,52,False
2026-07-25,Delhi,Saket,House Latte,56,59,25,90,False
2026-07-25,Delhi,Saket,Cold Brew,0,0,44,0,True
2026-07-25,Delhi,Saket,Breakfast Combo,40,39,31,48,False
2026-07-25,Delhi,Saket,Cappuccino,109,20,15,114,False
2026-07-25,Delhi,Saket,Chai Frappe,85,27,43,69,False
2026-07-25,Mumbai,Bandra,House Latte,62,42,16,88,False
2026-07-25,Mumbai,Bandra,Cold Brew,95,40,15,120,False
2026-07-25,Mumbai,Bandra,Breakfast Combo,61,22,16,67,False
2026-07-25,Mumbai,Bandra,Cappuccino,95,37,47,85,False
2026-07-25,Mumbai,Bandra,Chai Frappe,60,48,39,69,False
2026-07-25,Mumbai,Andheri,House Latte,93,53,43,103,False
2026-07-25,Mumbai,Andheri,Cold Brew,99,49,32,116,False
2026-07-25,Mumbai,Andheri,Breakfast Combo,97,53,44,106,False
2026-07-25,Mumbai,Andheri,Cappuccino,88,22,32,78,False
2026-07-25,Mumbai,Andheri,Chai Frappe,45,24,29,40,False
2026-07-25,Bengaluru,Indiranagar,House Latte,77,41,51,67,False
2026-07-25,Bengaluru,Indiranagar,Cold Brew,101,36,28,109,False
2026-07-25,Bengaluru,Indiranagar,Breakfast Combo,97,31,50,78,False
2026-07-25,Bengaluru,Indiranagar,Cappuccino,102,47,24,125,False
2026-07-25,Bengaluru,Indiranagar,Chai Frappe,89,52,17,124,False
2026-07-25,Bengaluru,Koramangala,House Latte,54,40,29,65,False
2026-07-25,Bengaluru,Koramangala,Cold Brew,96,36,54,78,False
2026-07-25,Bengaluru,Koramangala,Breakfast Combo,63,34,15,82,False
2026-07-25,Bengaluru,Koramangala,Cappuccino,59,29,45,43,False
2026-07-25,Bengaluru,Koramangala,Chai Frappe,67,28,27,68,False
2026-07-25,Hyderabad,Banjara Hills,House Latte,85,51,54,82,False
2026-07-25,Hyderabad,Banjara Hills,Cold Brew,43,53,30,66,False
2026-07-25,Hyderabad,Banjara Hills,Breakfast Combo,104,21,40,85,False
2026-07-25,Hyderabad,Banjara Hills,Cappuccino,114,21,46,89,False
2026-07-25,Hyderabad,Banjara Hills,Chai Frappe,49,59,44,64,False
2026-07-25,Hyderabad,Gachibowli,House Latte,112,55,27,140,False
2026-07-25,Hyderabad,Gachibowli,Cold Brew,73,47,21,99,False
2026-07-25,Hyderabad,Gachibowli,Breakfast Combo,64,23,50,37,False
2026-07-25,Hyderabad,Gachibowli,Cappuccino,59,36,33,62,False
2026-07-25,Hyderabad,Gachibowli,Chai Frappe,70,51,51,70,False
2026-07-26,Ahmedabad,Satellite,House Latte,85,53,19,119,False
2026-07-26,Ahmedabad,Satellite,Cold Brew,117,24,17,124,False
2026-07-26,Ahmedabad,Satellite,Breakfast Combo,41,29,48,22,False
2026-07-26,Ahmedabad,Satellite,Cappuccino,64,51,31,84,False
2026-07-26,Ahmedabad,Satellite,Chai Frappe,48,38,24,62,False
2026-07-26,Ahmedabad,Navrangpura,House Latte,63,40,46,57,False
2026-07-26,Ahmedabad,Navrangpura,Cold Brew,86,28,43,71,False
2026-07-26,Ahmedabad,Navrangpura,Breakfast Combo,95,29,49,75,False
2026-07-26,Ahmedabad,Navrangpura,Cappuccino,107,44,26,125,False
2026-07-26,Ahmedabad,Navrangpura,Chai Frappe,68,37,22,83,False
2026-07-26,Jaipur,C-Scheme,House Latte,64,25,21,68,False
2026-07-26,Jaipur,C-Scheme,Cold Brew,99,25,33,91,False
2026-07-26,Jaipur,C-Scheme,Breakfast Combo,74,21,48,47,False
2026-07-26,Jaipur,C-Scheme,Cappuccino,118,45,41,122,False
2026-07-26,Jaipur,C-Scheme,Chai Frappe,58,53,46,65,False
2026-07-26,Jaipur,Malviya Nagar,House Latte,75,48,53,70,False
2026-07-26,Jaipur,Malviya Nagar,Cold Brew,88,27,28,87,False
2026-07-26,Jaipur,Malviya Nagar,Breakfast Combo,54,33,50,37,False
2026-07-26,Jaipur,Malviya Nagar,Cappuccino,55,55,26,84,False
2026-07-26,Jaipur,Malviya Nagar,Chai Frappe,79,41,20,100,False
2026-07-26,Delhi,Connaught Place,House Latte,54,32,17,69,False
2026-07-26,Delhi,Connaught Place,Cold Brew,0,0,48,0,True
2026-07-26,Delhi,Connaught Place,Breakfast Combo,109,33,47,95,False
2026-07-26,Delhi,Connaught Place,Cappuccino,44,37,41,40,False
2026-07-26,Delhi,Connaught Place,Chai Frappe,77,49,49,77,False
2026-07-26,Delhi,Saket,House Latte,73,30,38,65,False
2026-07-26,Delhi,Saket,Cold Brew,0,0,47,0,True
2026-07-26,Delhi,Saket,Breakfast Combo,59,28,37,50,False
2026-07-26,Delhi,Saket,Cappuccino,72,44,51,65,False
2026-07-26,Delhi,Saket,Chai Frappe,83,34,49,68,False
2026-07-26,Mumbai,Bandra,House Latte,75,44,20,99,False
2026-07-26,Mumbai,Bandra,Cold Brew,80,37,19,98,False
2026-07-26,Mumbai,Bandra,Breakfast Combo,56,48,22,82,False
2026-07-26,Mumbai,Bandra,Cappuccino,50,22,16,56,False
2026-07-26,Mumbai,Bandra,Chai Frappe,74,39,39,74,False
2026-07-26,Mumbai,Andheri,House Latte,85,41,54,72,False
2026-07-26,Mumbai,Andheri,Cold Brew,59,48,18,89,False
2026-07-26,Mumbai,Andheri,Breakfast Combo,107,34,28,113,False
2026-07-26,Mumbai,Andheri,Cappuccino,50,40,30,60,False
2026-07-26,Mumbai,Andheri,Chai Frappe,117,27,31,113,False
2026-07-26,Bengaluru,Indiranagar,House Latte,112,52,45,119,False
2026-07-26,Bengaluru,Indiranagar,Cold Brew,82,54,23,113,False
2026-07-26,Bengaluru,Indiranagar,Breakfast Combo,104,43,28,119,False
2026-07-26,Bengaluru,Indiranagar,Cappuccino,57,40,15,82,False
2026-07-26,Bengaluru,Indiranagar,Chai Frappe,97,29,30,96,False
2026-07-26,Bengaluru,Koramangala,House Latte,55,38,29,64,False
2026-07-26,Bengaluru,Koramangala,Cold Brew,55,55,45,65,False
2026-07-26,Bengaluru,Koramangala,Breakfast Combo,71,22,48,45,False
2026-07-26,Bengaluru,Koramangala,Cappuccino,95,42,39,98,False
2026-07-26,Bengaluru,Koramangala,Chai Frappe,40,38,22,56,False
2026-07-26,Hyderabad,Banjara Hills,House Latte,92,57,36,113,False
2026-07-26,Hyderabad,Banjara Hills,Cold Brew,88,46,52,82,False
2026-07-26,Hyderabad,Banjara Hills,Breakfast Combo,43,32,25,50,False
2026-07-26,Hyderabad,Banjara Hills,Cappuccino,97,37,45,89,False
2026-07-26,Hyderabad,Banjara Hills,Chai Frappe,77,59,45,91,False
2026-07-26,Hyderabad,Gachibowli,House Latte,41,59,53,47,False
2026-07-26,Hyderabad,Gachibowli,Cold Brew,43,35,53,25,False
2026-07-26,Hyderabad,Gachibowli,Breakfast Combo,107,38,36,109,False
2026-07-26,Hyderabad,Gachibowli,Cappuccino,42,42,41,43,False
2026-07-26,Hyderabad,Gachibowli,Chai Frappe,68,32,48,52,False
2026-07-27,Ahmedabad,Satellite,House Latte,75,30,29,76,False
2026-07-27,Ahmedabad,Satellite,Cold Brew,79,30,37,72,False
2026-07-27,Ahmedabad,Satellite,Breakfast Combo,108,49,24,133,False
2026-07-27,Ahmedabad,Satellite,Cappuccino,77,41,42,76,False
2026-07-27,Ahmedabad,Satellite,Chai Frappe,100,39,27,112,False
2026-07-27,Ahmedabad,Navrangpura,House Latte,92,25,41,76,False
2026-07-27,Ahmedabad,Navrangpura,Cold Brew,111,48,32,127,False
2026-07-27,Ahmedabad,Navrangpura,Breakfast Combo,105,41,36,110,False
2026-07-27,Ahmedabad,Navrangpura,Cappuccino,108,27,46,89,False
2026-07-27,Ahmedabad,Navrangpura,Chai Frappe,94,41,18,117,False
2026-07-27,Jaipur,C-Scheme,House Latte,101,28,50,79,False
2026-07-27,Jaipur,C-Scheme,Cold Brew,103,34,32,105,False
2026-07-27,Jaipur,C-Scheme,Breakfast Combo,42,39,17,64,False
2026-07-27,Jaipur,C-Scheme,Cappuccino,118,45,24,139,False
2026-07-27,Jaipur,C-Scheme,Chai Frappe,104,20,36,88,False
2026-07-27,Jaipur,Malviya Nagar,House Latte,48,22,24,46,False
2026-07-27,Jaipur,Malviya Nagar,Cold Brew,63,49,50,62,False
2026-07-27,Jaipur,Malviya Nagar,Breakfast Combo,102,49,37,114,False
2026-07-27,Jaipur,Malviya Nagar,Cappuccino,69,30,52,47,False
2026-07-27,Jaipur,Malviya Nagar,Chai Frappe,81,42,15,108,False
2026-07-27,Delhi,Connaught Place,House Latte,76,47,34,89,False
2026-07-27,Delhi,Connaught Place,Cold Brew,0,0,15,0,True
2026-07-27,Delhi,Connaught Place,Breakfast Combo,112,52,31,133,False
2026-07-27,Delhi,Connaught Place,Cappuccino,101,22,27,96,False
2026-07-27,Delhi,Connaught Place,Chai Frappe,48,45,49,44,False
2026-07-27,Delhi,Saket,House Latte,88,48,20,116,False
2026-07-27,Delhi,Saket,Cold Brew,0,0,36,0,True
2026-07-27,Delhi,Saket,Breakfast Combo,94,54,52,96,False
2026-07-27,Delhi,Saket,Cappuccino,87,43,31,99,False
2026-07-27,Delhi,Saket,Chai Frappe,85,46,40,91,False
2026-07-27,Mumbai,Bandra,House Latte,87,37,22,102,False
2026-07-27,Mumbai,Bandra,Cold Brew,44,36,30,50,False
2026-07-27,Mumbai,Bandra,Breakfast Combo,88,56,43,101,False
2026-07-27,Mumbai,Bandra,Cappuccino,104,43,52,95,False
2026-07-27,Mumbai,Bandra,Chai Frappe,115,26,40,101,False
2026-07-27,Mumbai,Andheri,House Latte,80,58,38,100,False
2026-07-27,Mumbai,Andheri,Cold Brew,41,28,20,49,False
2026-07-27,Mumbai,Andheri,Breakfast Combo,56,23,46,33,False
2026-07-27,Mumbai,Andheri,Cappuccino,79,46,54,71,False
2026-07-27,Mumbai,Andheri,Chai Frappe,91,39,25,105,False
2026-07-27,Bengaluru,Indiranagar,House Latte,100,40,45,95,False
2026-07-27,Bengaluru,Indiranagar,Cold Brew,41,26,20,47,False
2026-07-27,Bengaluru,Indiranagar,Breakfast Combo,94,40,27,107,False
2026-07-27,Bengaluru,Indiranagar,Cappuccino,64,44,53,55,False
2026-07-27,Bengaluru,Indiranagar,Chai Frappe,119,38,41,116,False
2026-07-27,Bengaluru,Koramangala,House Latte,46,57,15,88,False
2026-07-27,Bengaluru,Koramangala,Cold Brew,67,49,53,63,False
2026-07-27,Bengaluru,Koramangala,Breakfast Combo,53,46,22,77,False
2026-07-27,Bengaluru,Koramangala,Cappuccino,44,36,38,42,False
2026-07-27,Bengaluru,Koramangala,Chai Frappe,61,58,39,80,False
2026-07-27,Hyderabad,Banjara Hills,House Latte,75,39,33,81,False
2026-07-27,Hyderabad,Banjara Hills,Cold Brew,48,44,46,46,False
2026-07-27,Hyderabad,Banjara Hills,Breakfast Combo,73,37,51,59,False
2026-07-27,Hyderabad,Banjara Hills,Cappuccino,88,31,15,104,False
2026-07-27,Hyderabad,Banjara Hills,Chai Frappe,105,45,40,110,False
2026-07-27,Hyderabad,Gachibowli,House Latte,62,27,34,55,False
2026-07-27,Hyderabad,Gachibowli,Cold Brew,100,31,36,95,False
2026-07-27,Hyderabad,Gachibowli,Breakfast Combo,119,28,24,123,False
2026-07-27,Hyderabad,Gachibowli,Cappuccino,58,56,36,78,False
2026-07-27,Hyderabad,Gachibowli,Chai Frappe,113,57,31,139,False
2026-07-28,Ahmedabad,Satellite,House Latte,44,32,36,40,False
2026-07-28,Ahmedabad,Satellite,Cold Brew,70,20,54,36,False
2026-07-28,Ahmedabad,Satellite,Breakfast Combo,64,44,52,56,False
2026-07-28,Ahmedabad,Satellite,Cappuccino,83,47,16,114,False
2026-07-28,Ahmedabad,Satellite,Chai Frappe,95,53,51,97,False
2026-07-28,Ahmedabad,Navrangpura,House Latte,46,29,16,59,False
2026-07-28,Ahmedabad,Navrangpura,Cold Brew,113,30,36,107,False
2026-07-28,Ahmedabad,Navrangpura,Breakfast Combo,78,47,50,75,False
2026-07-28,Ahmedabad,Navrangpura,Cappuccino,65,51,26,90,False
2026-07-28,Ahmedabad,Navrangpura,Chai Frappe,55,24,29,50,False
2026-07-28,Jaipur,C-Scheme,House Latte,84,51,48,87,False
2026-07-28,Jaipur,C-Scheme,Cold Brew,82,36,21,97,False
2026-07-28,Jaipur,C-Scheme,Breakfast Combo,113,35,45,103,False
2026-07-28,Jaipur,C-Scheme,Cappuccino,90,57,53,94,False
2026-07-28,Jaipur,C-Scheme,Chai Frappe,96,46,20,122,False
2026-07-28,Jaipur,Malviya Nagar,House Latte,41,41,43,39,False
2026-07-28,Jaipur,Malviya Nagar,Cold Brew,99,30,35,94,False
2026-07-28,Jaipur,Malviya Nagar,Breakfast Combo,108,23,30,101,False
2026-07-28,Jaipur,Malviya Nagar,Cappuccino,115,27,27,115,False
2026-07-28,Jaipur,Malviya Nagar,Chai Frappe,77,47,25,99,False
2026-07-28,Delhi,Connaught Place,House Latte,103,29,29,103,False
2026-07-28,Delhi,Connaught Place,Cold Brew,0,0,45,0,True
2026-07-28,Delhi,Connaught Place,Breakfast Combo,93,53,25,121,False
2026-07-28,Delhi,Connaught Place,Cappuccino,71,55,17,109,False
2026-07-28,Delhi,Connaught Place,Chai Frappe,79,39,32,86,False
2026-07-28,Delhi,Saket,House Latte,74,49,22,101,False
2026-07-28,Delhi,Saket,Cold Brew,0,0,22,0,True
2026-07-28,Delhi,Saket,Breakfast Combo,117,30,17,130,False
2026-07-28,Delhi,Saket,Cappuccino,71,51,48,74,False
2026-07-28,Delhi,Saket,Chai Frappe,91,52,25,118,False
2026-07-28,Mumbai,Bandra,House Latte,110,45,20,135,False
2026-07-28,Mumbai,Bandra,Cold Brew,50,30,17,63,False
2026-07-28,Mumbai,Bandra,Breakfast Combo,62,59,24,97,False
2026-07-28,Mumbai,Bandra,Cappuccino,90,59,25,124,False
2026-07-28,Mumbai,Bandra,Chai Frappe,95,38,26,107,False
2026-07-28,Mumbai,Andheri,House Latte,116,46,32,130,False
2026-07-28,Mumbai,Andheri,Cold Brew,104,56,46,114,False
2026-07-28,Mumbai,Andheri,Breakfast Combo,109,32,28,113,False
2026-07-28,Mumbai,Andheri,Cappuccino,58,47,47,58,False
2026-07-28,Mumbai,Andheri,Chai Frappe,92,43,45,90,False
2026-07-28,Bengaluru,Indiranagar,House Latte,54,34,43,45,False
2026-07-28,Bengaluru,Indiranagar,Cold Brew,44,56,21,79,False
2026-07-28,Bengaluru,Indiranagar,Breakfast Combo,102,44,48,98,False
2026-07-28,Bengaluru,Indiranagar,Cappuccino,102,40,45,97,False
2026-07-28,Bengaluru,Indiranagar,Chai Frappe,67,43,51,59,False
2026-07-28,Bengaluru,Koramangala,House Latte,46,34,15,65,False
2026-07-28,Bengaluru,Koramangala,Cold Brew,82,51,16,117,False
2026-07-28,Bengaluru,Koramangala,Breakfast Combo,83,36,46,73,False
2026-07-28,Bengaluru,Koramangala,Cappuccino,57,26,18,65,False
2026-07-28,Bengaluru,Koramangala,Chai Frappe,72,39,51,60,False
2026-07-28,Hyderabad,Banjara Hills,House Latte,77,26,42,61,False
2026-07-28,Hyderabad,Banjara Hills,Cold Brew,44,33,41,36,False
2026-07-28,Hyderabad,Banjara Hills,Breakfast Combo,60,43,33,70,False
2026-07-28,Hyderabad,Banjara Hills,Cappuccino,116,31,51,96,False
2026-07-28,Hyderabad,Banjara Hills,Chai Frappe,90,49,21,118,False
2026-07-28,Hyderabad,Gachibowli,House Latte,41,49,34,56,False
2026-07-28,Hyderabad,Gachibowli,Cold Brew,64,55,28,91,False
2026-07-28,Hyderabad,Gachibowli,Breakfast Combo,74,48,53,69,False
2026-07-28,Hyderabad,Gachibowli,Cappuccino,111,46,19,138,False
2026-07-28,Hyderabad,Gachibowli,Chai Frappe,48,47,35,60,False
2026-07-29,Ahmedabad,Satellite,House Latte,50,47,52,45,False
2026-07-29,Ahmedabad,Satellite,Cold Brew,45,53,28,70,False
2026-07-29,Ahmedabad,Satellite,Breakfast Combo,71,48,24,95,False
2026-07-29,Ahmedabad,Satellite,Cappuccino,52,58,28,82,False
2026-07-29,Ahmedabad,Satellite,Chai Frappe,53,47,23,77,False
2026-07-29,Ahmedabad,Navrangpura,House Latte,102,22,35,89,False
2026-07-29,Ahmedabad,Navrangpura,Cold Brew,72,58,35,95,False
2026-07-29,Ahmedabad,Navrangpura,Breakfast Combo,114,29,33,110,False
2026-07-29,Ahmedabad,Navrangpura,Cappuccino,105,26,52,79,False
2026-07-29,Ahmedabad,Navrangpura,Chai Frappe,101,47,24,124,False
2026-07-29,Jaipur,C-Scheme,House Latte,105,53,26,132,False
2026-07-29,Jaipur,C-Scheme,Cold Brew,86,22,30,78,False
2026-07-29,Jaipur,C-Scheme,Breakfast Combo,52,42,36,58,False
2026-07-29,Jaipur,C-Scheme,Cappuccino,82,47,51,78,False
2026-07-29,Jaipur,C-Scheme,Chai Frappe,55,28,23,60,False
2026-07-29,Jaipur,Malviya Nagar,House Latte,114,23,16,121,False
2026-07-29,Jaipur,Malviya Nagar,Cold Brew,52,50,38,64,False
2026-07-29,Jaipur,Malviya Nagar,Breakfast Combo,113,28,30,111,False
2026-07-29,Jaipur,Malviya Nagar,Cappuccino,84,22,51,55,False
2026-07-29,Jaipur,Malviya Nagar,Chai Frappe,104,25,48,81,False
2026-07-29,Delhi,Connaught Place,House Latte,75,33,52,56,False
2026-07-29,Delhi,Connaught Place,Cold Brew,0,0,47,0,True
2026-07-29,Delhi,Connaught Place,Breakfast Combo,97,27,42,82,False
2026-07-29,Delhi,Connaught Place,Cappuccino,90,31,32,89,False
2026-07-29,Delhi,Connaught Place,Chai Frappe,107,26,43,90,False
2026-07-29,Delhi,Saket,House Latte,106,57,27,136,False
2026-07-29,Delhi,Saket,Cold Brew,0,0,33,0,True
2026-07-29,Delhi,Saket,Breakfast Combo,85,40,35,90,False
2026-07-29,Delhi,Saket,Cappuccino,89,36,30,95,False
2026-07-29,Delhi,Saket,Chai Frappe,72,46,47,71,False
2026-07-29,Mumbai,Bandra,House Latte,84,47,31,100,False
2026-07-29,Mumbai,Bandra,Cold Brew,101,35,31,105,False
2026-07-29,Mumbai,Bandra,Breakfast Combo,44,30,44,30,False
2026-07-29,Mumbai,Bandra,Cappuccino,46,28,46,28,False
2026-07-29,Mumbai,Bandra,Chai Frappe,109,36,31,114,False
2026-07-29,Mumbai,Andheri,House Latte,80,50,33,97,False
2026-07-29,Mumbai,Andheri,Cold Brew,53,37,25,65,False
2026-07-29,Mumbai,Andheri,Breakfast Combo,94,25,39,80,False
2026-07-29,Mumbai,Andheri,Cappuccino,50,58,40,68,False
2026-07-29,Mumbai,Andheri,Chai Frappe,51,58,37,72,False
2026-07-29,Bengaluru,Indiranagar,House Latte,88,22,22,88,False
2026-07-29,Bengaluru,Indiranagar,Cold Brew,104,38,39,103,False
2026-07-29,Bengaluru,Indiranagar,Breakfast Combo,118,37,30,125,False
2026-07-29,Bengaluru,Indiranagar,Cappuccino,104,22,33,93,False
2026-07-29,Bengaluru,Indiranagar,Chai Frappe,108,29,27,110,False
2026-07-29,Bengaluru,Koramangala,House Latte,77,22,17,82,False
2026-07-29,Bengaluru,Koramangala,Cold Brew,60,55,23,92,False
2026-07-29,Bengaluru,Koramangala,Breakfast Combo,98,37,45,90,False
2026-07-29,Bengaluru,Koramangala,Cappuccino,66,54,29,91,False
2026-07-29,Bengaluru,Koramangala,Chai Frappe,103,53,32,124,False
2026-07-29,Hyderabad,Banjara Hills,House Latte,93,24,34,83,False
2026-07-29,Hyderabad,Banjara Hills,Cold Brew,69,58,52,75,False
2026-07-29,Hyderabad,Banjara Hills,Breakfast Combo,102,57,54,105,False
2026-07-29,Hyderabad,Banjara Hills,Cappuccino,101,43,23,121,False
2026-07-29,Hyderabad,Banjara Hills,Chai Frappe,105,27,22,110,False
2026-07-29,Hyderabad,Gachibowli,House Latte,110,24,20,114,False
2026-07-29,Hyderabad,Gachibowli,Cold Brew,80,43,16,107,False
2026-07-29,Hyderabad,Gachibowli,Breakfast Combo,70,29,27,72,False
2026-07-29,Hyderabad,Gachibowli,Cappuccino,54,47,33,68,False
2026-07-29,Hyderabad,Gachibowli,Chai Frappe,116,20,46,90,False
2026-07-30,Ahmedabad,Satellite,House Latte,112,39,42,109,False
2026-07-30,Ahmedabad,Satellite,Cold Brew,75,43,51,67,False
2026-07-30,Ahmedabad,Satellite,Breakfast Combo,82,43,54,71,False
2026-07-30,Ahmedabad,Satellite,Cappuccino,79,26,42,63,False
2026-07-30,Ahmedabad,Satellite,Chai Frappe,95,29,44,80,False
2026-07-30,Ahmedabad,Navrangpura,House Latte,45,32,49,28,False
2026-07-30,Ahmedabad,Navrangpura,Cold Brew,89,44,39,94,False
2026-07-30,Ahmedabad,Navrangpura,Breakfast Combo,53,58,26,85,False
2026-07-30,Ahmedabad,Navrangpura,Cappuccino,102,59,24,137,False
2026-07-30,Ahmedabad,Navrangpura,Chai Frappe,90,21,40,71,False
2026-07-30,Jaipur,C-Scheme,House Latte,75,22,41,56,False
2026-07-30,Jaipur,C-Scheme,Cold Brew,117,23,50,90,False
2026-07-30,Jaipur,C-Scheme,Breakfast Combo,107,41,51,97,False
2026-07-30,Jaipur,C-Scheme,Cappuccino,64,48,42,70,False
2026-07-30,Jaipur,C-Scheme,Chai Frappe,86,53,50,89,False
2026-07-30,Jaipur,Malviya Nagar,House Latte,102,43,54,91,False
2026-07-30,Jaipur,Malviya Nagar,Cold Brew,84,45,22,107,False
2026-07-30,Jaipur,Malviya Nagar,Breakfast Combo,65,56,34,87,False
2026-07-30,Jaipur,Malviya Nagar,Cappuccino,80,52,28,104,False
2026-07-30,Jaipur,Malviya Nagar,Chai Frappe,61,20,24,57,False
2026-07-30,Delhi,Connaught Place,House Latte,80,48,28,100,False
2026-07-30,Delhi,Connaught Place,Cold Brew,0,0,47,0,True
2026-07-30,Delhi,Connaught Place,Breakfast Combo,81,25,39,67,False
2026-07-30,Delhi,Connaught Place,Cappuccino,66,54,25,95,False
2026-07-30,Delhi,Connaught Place,Chai Frappe,109,47,20,136,False
2026-07-30,Delhi,Saket,House Latte,100,48,33,115,False
2026-07-30,Delhi,Saket,Cold Brew,0,0,39,0,True
2026-07-30,Delhi,Saket,Breakfast Combo,50,33,43,40,False
2026-07-30,Delhi,Saket,Cappuccino,84,59,23,120,False
2026-07-30,Delhi,Saket,Chai Frappe,102,37,23,116,False
2026-07-30,Mumbai,Bandra,House Latte,116,44,36,124,False
2026-07-30,Mumbai,Bandra,Cold Brew,63,55,16,102,False
2026-07-30,Mumbai,Bandra,Breakfast Combo,49,27,41,35,False
2026-07-30,Mumbai,Bandra,Cappuccino,48,51,22,77,False
2026-07-30,Mumbai,Bandra,Chai Frappe,94,51,50,95,False
2026-07-30,Mumbai,Andheri,House Latte,63,22,45,40,False
2026-07-30,Mumbai,Andheri,Cold Brew,75,57,22,110,False
2026-07-30,Mumbai,Andheri,Breakfast Combo,85,24,34,75,False
2026-07-30,Mumbai,Andheri,Cappuccino,40,50,39,51,False
2026-07-30,Mumbai,Andheri,Chai Frappe,47,39,32,54,False
2026-07-30,Bengaluru,Indiranagar,House Latte,93,39,33,99,False
2026-07-30,Bengaluru,Indiranagar,Cold Brew,106,40,47,99,False
2026-07-30,Bengaluru,Indiranagar,Breakfast Combo,110,53,53,110,False
2026-07-30,Bengaluru,Indiranagar,Cappuccino,95,42,36,101,False
2026-07-30,Bengaluru,Indiranagar,Chai Frappe,56,53,42,67,False
2026-07-30,Bengaluru,Koramangala,House Latte,109,48,34,123,False
2026-07-30,Bengaluru,Koramangala,Cold Brew,63,59,44,78,False
2026-07-30,Bengaluru,Koramangala,Breakfast Combo,109,43,35,117,False
2026-07-30,Bengaluru,Koramangala,Cappuccino,42,22,43,21,False
2026-07-30,Bengaluru,Koramangala,Chai Frappe,57,23,46,34,False
2026-07-30,Hyderabad,Banjara Hills,House Latte,89,24,34,79,False
2026-07-30,Hyderabad,Banjara Hills,Cold Brew,77,20,39,58,False
2026-07-30,Hyderabad,Banjara Hills,Breakfast Combo,71,55,19,107,False
2026-07-30,Hyderabad,Banjara Hills,Cappuccino,107,20,45,82,False
2026-07-30,Hyderabad,Banjara Hills,Chai Frappe,102,36,26,112,False
2026-07-30,Hyderabad,Gachibowli,House Latte,51,33,41,43,False
2026-07-30,Hyderabad,Gachibowli,Cold Brew,97,27,15,109,False
2026-07-30,Hyderabad,Gachibowli,Breakfast Combo,84,43,54,73,False
2026-07-30,Hyderabad,Gachibowli,Cappuccino,100,42,38,104,False
2026-07-30,Hyderabad,Gachibowli,Chai Frappe,91,38,42,87,False
2026-07-31,Ahmedabad,Satellite,House Latte,55,53,49,59,False
2026-07-31,Ahmedabad,Satellite,Cold Brew,74,38,34,78,False
2026-07-31,Ahmedabad,Satellite,Breakfast Combo,105,27,28,104,False
2026-07-31,Ahmedabad,Satellite,Cappuccino,89,47,26,110,False
2026-07-31,Ahmedabad,Satellite,Chai Frappe,49,40,40,49,False
2026-07-31,Ahmedabad,Navrangpura,House Latte,101,20,15,106,False
2026-07-31,Ahmedabad,Navrangpura,Cold Brew,70,42,15,97,False
2026-07-31,Ahmedabad,Navrangpura,Breakfast Combo,53,36,26,63,False
2026-07-31,Ahmedabad,Navrangpura,Cappuccino,96,21,50,67,False
2026-07-31,Ahmedabad,Navrangpura,Chai Frappe,53,37,54,36,False
2026-07-31,Jaipur,C-Scheme,House Latte,93,59,15,137,False
2026-07-31,Jaipur,C-Scheme,Cold Brew,97,23,39,81,False
2026-07-31,Jaipur,C-Scheme,Breakfast Combo,66,51,19,98,False
2026-07-31,Jaipur,C-Scheme,Cappuccino,111,39,35,115,False
2026-07-31,Jaipur,C-Scheme,Chai Frappe,85,21,27,79,False
2026-07-31,Jaipur,Malviya Nagar,House Latte,96,58,54,100,False
2026-07-31,Jaipur,Malviya Nagar,Cold Brew,82,30,34,78,False
2026-07-31,Jaipur,Malviya Nagar,Breakfast Combo,77,35,29,83,False
2026-07-31,Jaipur,Malviya Nagar,Cappuccino,109,35,16,128,False
2026-07-31,Jaipur,Malviya Nagar,Chai Frappe,97,46,30,113,False
2026-07-31,Delhi,Connaught Place,House Latte,90,57,51,96,False
2026-07-31,Delhi,Connaught Place,Cold Brew,0,0,16,0,True
2026-07-31,Delhi,Connaught Place,Breakfast Combo,80,52,48,84,False
2026-07-31,Delhi,Connaught Place,Cappuccino,101,59,35,125,False
2026-07-31,Delhi,Connaught Place,Chai Frappe,48,39,27,60,False
2026-07-31,Delhi,Saket,House Latte,106,51,31,126,False
2026-07-31,Delhi,Saket,Cold Brew,0,0,16,0,True
2026-07-31,Delhi,Saket,Breakfast Combo,65,29,25,69,False
2026-07-31,Delhi,Saket,Cappuccino,119,47,37,129,False
2026-07-31,Delhi,Saket,Chai Frappe,54,53,40,67,False
2026-07-31,Mumbai,Bandra,House Latte,81,38,37,82,False
2026-07-31,Mumbai,Bandra,Cold Brew,107,48,34,121,False
2026-07-31,Mumbai,Bandra,Breakfast Combo,93,57,28,122,False
2026-07-31,Mumbai,Bandra,Cappuccino,112,44,22,134,False
2026-07-31,Mumbai,Bandra,Chai Frappe,117,47,30,134,False
2026-07-31,Mumbai,Andheri,House Latte,57,56,47,66,False
2026-07-31,Mumbai,Andheri,Cold Brew,43,45,19,69,False
2026-07-31,Mumbai,Andheri,Breakfast Combo,63,42,24,81,False
2026-07-31,Mumbai,Andheri,Cappuccino,80,37,38,79,False
2026-07-31,Mumbai,Andheri,Chai Frappe,104,26,46,84,False
2026-07-31,Bengaluru,Indiranagar,House Latte,57,21,32,46,False
2026-07-31,Bengaluru,Indiranagar,Cold Brew,64,27,31,60,False
2026-07-31,Bengaluru,Indiranagar,Breakfast Combo,109,43,44,108,False
2026-07-31,Bengaluru,Indiranagar,Cappuccino,51,23,28,46,False
2026-07-31,Bengaluru,Indiranagar,Chai Frappe,101,55,19,137,False
2026-07-31,Bengaluru,Koramangala,House Latte,78,35,44,69,False
2026-07-31,Bengaluru,Koramangala,Cold Brew,56,39,48,47,False
2026-07-31,Bengaluru,Koramangala,Breakfast Combo,77,51,39,89,False
2026-07-31,Bengaluru,Koramangala,Cappuccino,87,30,54,63,False
2026-07-31,Bengaluru,Koramangala,Chai Frappe,59,57,54,62,False
2026-07-31,Hyderabad,Banjara Hills,House Latte,80,54,43,91,False
2026-07-31,Hyderabad,Banjara Hills,Cold Brew,99,22,20,101,False
2026-07-31,Hyderabad,Banjara Hills,Breakfast Combo,45,21,48,18,False
2026-07-31,Hyderabad,Banjara Hills,Cappuccino,54,20,52,22,False
2026-07-31,Hyderabad,Banjara Hills,Chai Frappe,62,52,53,61,False
2026-07-31,Hyderabad,Gachibowli,House Latte,81,57,53,85,False
2026-07-31,Hyderabad,Gachibowli,Cold Brew,51,25,29,47,False
2026-07-31,Hyderabad,Gachibowli,Breakfast Combo,84,51,22,113,False
2026-07-31,Hyderabad,Gachibowli,Cappuccino,55,32,25,62,False
2026-07-31,Hyderabad,Gachibowli,Chai Frappe,115,35,49,101,False
