date,hour,city,store,staff_available,staff_scheduled,wait_time,service_capacity
2026-04-03,7,Ahmedabad,Satellite,6,6,5.58,72
2026-04-03,8,Ahmedabad,Satellite,9,9,6.3,108
2026-04-03,9,Ahmedabad,Satellite,6,6,5.22,72
2026-04-03,10,Ahmedabad,Satellite,8,8,5.48,96
2026-04-03,11,Ahmedabad,Satellite,8,8,5.87,96
2026-04-03,12,Ahmedabad,Satellite,9,9,5.99,108
2026-04-03,13,Ahmedabad,Satellite,9,9,6.35,108
2026-04-03,14,Ahmedabad,Satellite,7,7,6.31,84
2026-04-03,15,Ahmedabad,Satellite,9,9,6.45,108
2026-04-03,16,Ahmedabad,Satellite,8,8,6.19,96
2026-04-03,17,Ahmedabad,Satellite,7,7,6.15,84
2026-04-03,18,Ahmedabad,Satellite,6,6,5.62,72
2026-04-03,19,Ahmedabad,Satellite,9,9,5.98,108
2026-04-03,20,Ahmedabad,Satellite,9,9,5.93,108
2026-04-03,7,Ahmedabad,Navrangpura,8,8,6.49,96
2026-04-03,8,Ahmedabad,Navrangpura,7,7,5.94,84
2026-04-03,9,Ahmedabad,Navrangpura,8,8,5.86,96
2026-04-03,10,Ahmedabad,Navrangpura,9,9,6.21,108
2026-04-03,11,Ahmedabad,Navrangpura,7,7,6.17,84
2026-04-03,12,Ahmedabad,Navrangpura,6,6,6.17,72
2026-04-03,13,Ahmedabad,Navrangpura,9,9,5.84,108
2026-04-03,14,Ahmedabad,Navrangpura,8,8,5.8,96
2026-04-03,15,Ahmedabad,Navrangpura,9,9,6.25,108
2026-04-03,16,Ahmedabad,Navrangpura,7,7,6.45,84
2026-04-03,17,Ahmedabad,Navrangpura,7,7,5.66,84
2026-04-03,18,Ahmedabad,Navrangpura,6,6,5.67,72
2026-04-03,19,Ahmedabad,Navrangpura,8,8,6.3,96
2026-04-03,20,Ahmedabad,Navrangpura,8,8,6.22,96
2026-04-03,7,Jaipur,C-Scheme,9,9,6.09,108
2026-04-03,8,Jaipur,C-Scheme,9,9,6.05,108
2026-04-03,9,Jaipur,C-Scheme,9,9,6.35,108
2026-04-03,10,Jaipur,C-Scheme,7,7,6.09,84
2026-04-03,11,Jaipur,C-Scheme,9,9,6.03,108
2026-04-03,12,Jaipur,C-Scheme,6,6,6.12,72
2026-04-03,13,Jaipur,C-Scheme,9,9,5.42,108
2026-04-03,14,Jaipur,C-Scheme,8,8,5.87,96
2026-04-03,15,Jaipur,C-Scheme,8,8,5.74,96
2026-04-03,16,Jaipur,C-Scheme,7,7,5.89,84
2026-04-03,17,Jaipur,C-Scheme,6,6,5.65,72
2026-04-03,18,Jaipur,C-Scheme,6,6,6.39,72
2026-04-03,19,Jaipur,C-Scheme,9,9,5.87,108
2026-04-03,20,Jaipur,C-Scheme,8,8,6.07,96
2026-04-03,7,Jaipur,Malviya Nagar,8,8,6.28,96
2026-04-03,8,Jaipur,Malviya Nagar,8,8,6.32,96
2026-04-03,9,Jaipur,Malviya Nagar,8,8,5.82,96
2026-04-03,10,Jaipur,Malviya Nagar,6,6,6.34,72
2026-04-03,11,Jaipur,Malviya Nagar,7,7,5.49,84
2026-04-03,12,Jaipur,Malviya Nagar,7,7,5.55,84
2026-04-03,13,Jaipur,Malviya Nagar,9,9,6.2,108
2026-04-03,14,Jaipur,Malviya Nagar,6,6,6.06,72
2026-04-03,15,Jaipur,Malviya Nagar,7,7,5.83,84
2026-04-03,16,Jaipur,Malviya Nagar,8,8,6.06,96
2026-04-03,17,Jaipur,Malviya Nagar,9,9,5.88,108
2026-04-03,18,Jaipur,Malviya Nagar,8,8,6.18,96
2026-04-03,19,Jaipur,Malviya Nagar,7,7,5.85,84
2026-04-03,20,Jaipur,Malviya Nagar,6,6,5.85,72
2026-04-03,7,Delhi,Connaught Place,9,9,6.19,108
2026-04-03,8,Delhi,Connaught Place,8,8,5.81,96
2026-04-03,9,Delhi,Connaught Place,9,9,6.19,108
2026-04-03,10,Delhi,Connaught Place,8,8,6.18,96
2026-04-03,11,Delhi,Connaught Place,7,7,5.96,84
2026-04-03,12,Delhi,Connaught Place,7,7,5.83,84
2026-04-03,13,Delhi,Connaught Place,8,8,5.33,96
2026-04-03,14,Delhi,Connaught Place,8,8,5.42,96
2026-04-03,15,Delhi,Connaught Place,7,7,5.6,84
2026-04-03,16,Delhi,Connaught Place,6,6,6.16,72
2026-04-03,17,Delhi,Connaught Place,7,7,5.85,84
2026-04-03,18,Delhi,Connaught Place,8,8,6.52,96
2026-04-03,19,Delhi,Connaught Place,7,7,6.3,84
2026-04-03,20,Delhi,Connaught Place,9,9,5.63,108
2026-04-03,7,Delhi,Saket,8,8,5.62,96
2026-04-03,8,Delhi,Saket,7,7,5.86,84
2026-04-03,9,Delhi,Saket,6,6,5.31,72
2026-04-03,10,Delhi,Saket,7,7,6.17,84
2026-04-03,11,Delhi,Saket,9,9,5.76,108
2026-04-03,12,Delhi,Saket,8,8,5.42,96
2026-04-03,13,Delhi,Saket,6,6,5.79,72
2026-04-03,14,Delhi,Saket,9,9,6.09,108
2026-04-03,15,Delhi,Saket,7,7,6.64,84
2026-04-03,16,Delhi,Saket,8,8,5.9,96
2026-04-03,17,Delhi,Saket,8,8,6.07,96
2026-04-03,18,Delhi,Saket,6,6,6.09,72
2026-04-03,19,Delhi,Saket,6,6,6.33,72
2026-04-03,20,Delhi,Saket,7,7,6.14,84
2026-04-03,9,Mumbai,Bandra,7,7,5.84,84
2026-04-03,10,Mumbai,Bandra,9,9,5.45,108
2026-04-03,12,Mumbai,Bandra,8,8,5.41,96
2026-04-03,13,Mumbai,Bandra,7,7,6.13,84
2026-04-03,14,Mumbai,Bandra,7,7,6.34,84
2026-04-03,17,Mumbai,Bandra,6,6,5.15,72
2026-04-03,19,Mumbai,Bandra,9,9,5.83,108
2026-04-03,7,Mumbai,Andheri,7,7,6.43,84
2026-04-03,8,Mumbai,Andheri,6,6,6.06,72
2026-04-03,9,Mumbai,Andheri,8,8,5.59,96
2026-04-03,10,Mumbai,Andheri,6,6,5.33,72
2026-04-03,11,Mumbai,Andheri,8,8,5.98,96
2026-04-03,12,Mumbai,Andheri,8,8,6.71,96
2026-04-03,13,Mumbai,Andheri,9,9,6.39,108
2026-04-03,14,Mumbai,Andheri,9,9,5.8,108
2026-04-03,15,Mumbai,Andheri,9,9,5.61,108
2026-04-03,16,Mumbai,Andheri,6,6,5.71,72
2026-04-03,17,Mumbai,Andheri,8,8,5.67,96
2026-04-03,18,Mumbai,Andheri,7,7,6.34,84
2026-04-03,19,Mumbai,Andheri,9,9,6.37,108
2026-04-03,20,Mumbai,Andheri,7,7,6.15,84
2026-04-03,7,Bengaluru,Indiranagar,8,8,5.98,96
2026-04-03,8,Bengaluru,Indiranagar,8,8,5.74,96
2026-04-03,9,Bengaluru,Indiranagar,6,6,5.82,72
2026-04-03,10,Bengaluru,Indiranagar,6,6,5.51,72
2026-04-03,11,Bengaluru,Indiranagar,9,9,6.07,108
2026-04-03,12,Bengaluru,Indiranagar,9,9,6.63,108
2026-04-03,13,Bengaluru,Indiranagar,9,9,5.95,108
2026-04-03,14,Bengaluru,Indiranagar,9,9,6.11,108
2026-04-03,15,Bengaluru,Indiranagar,7,7,6.09,84
2026-04-03,16,Bengaluru,Indiranagar,7,7,5.84,84
2026-04-03,17,Bengaluru,Indiranagar,7,7,6.17,84
2026-04-03,18,Bengaluru,Indiranagar,7,7,6.61,84
2026-04-03,19,Bengaluru,Indiranagar,7,7,5.51,84
2026-04-03,20,Bengaluru,Indiranagar,7,7,5.45,84
2026-04-03,7,Bengaluru,Koramangala,6,6,6.69,72
2026-04-03,8,Bengaluru,Koramangala,6,6,5.93,72
2026-04-03,9,Bengaluru,Koramangala,8,8,6.58,96
2026-04-03,10,Bengaluru,Koramangala,6,6,5.56,72
2026-04-03,11,Bengaluru,Koramangala,7,7,6.26,84
2026-04-03,12,Bengaluru,Koramangala,7,7,5.84,84
2026-04-03,13,Bengaluru,Koramangala,7,7,5.93,84
2026-04-03,14,Bengaluru,Koramangala,8,8,6.14,96
2026-04-03,15,Bengaluru,Koramangala,6,6,6.04,72
2026-04-03,16,Bengaluru,Koramangala,6,6,6.26,72
2026-04-03,17,Bengaluru,Koramangala,9,9,5.98,108
2026-04-03,18,Bengaluru,Koramangala,6,6,5.66,72
2026-04-03,19,Bengaluru,Koramangala,9,9,5.65,108
2026-04-03,20,Bengaluru,Koramangala,8,8,5.87,96
2026-04-03,7,Hyderabad,Banjara Hills,6,6,5.47,72
2026-04-03,8,Hyderabad,Banjara Hills,8,8,6.01,96
2026-04-03,9,Hyderabad,Banjara Hills,7,7,6.2,84
2026-04-03,10,Hyderabad,Banjara Hills,6,6,5.81,72
2026-04-03,11,Hyderabad,Banjara Hills,9,9,6.4,108
2026-04-03,12,Hyderabad,Banjara Hills,7,7,6.22,84
2026-04-03,13,Hyderabad,Banjara Hills,7,7,5.94,84
2026-04-03,14,Hyderabad,Banjara Hills,9,9,5.72,108
2026-04-03,15,Hyderabad,Banjara Hills,7,7,6.1,84
2026-04-03,16,Hyderabad,Banjara Hills,6,6,6.07,72
2026-04-03,17,Hyderabad,Banjara Hills,9,9,6.04,108
2026-04-03,18,Hyderabad,Banjara Hills,6,6,6.09,72
2026-04-03,19,Hyderabad,Banjara Hills,6,6,6.75,72
2026-04-03,20,Hyderabad,Banjara Hills,9,9,5.66,108
2026-04-03,7,Hyderabad,Gachibowli,8,8,5.41,96
2026-04-03,8,Hyderabad,Gachibowli,9,9,5.76,108
2026-04-03,9,Hyderabad,Gachibowli,9,9,6.48,108
2026-04-03,10,Hyderabad,Gachibowli,6,6,5.71,72
2026-04-03,11,Hyderabad,Gachibowli,7,7,5.14,84
2026-04-03,12,Hyderabad,Gachibowli,9,9,5.93,108
2026-04-03,13,Hyderabad,Gachibowli,9,9,5.79,108
2026-04-03,14,Hyderabad,Gachibowli,8,8,5.65,96
2026-04-03,15,Hyderabad,Gachibowli,6,6,5.3,72
2026-04-03,16,Hyderabad,Gachibowli,8,8,5.41,96
2026-04-03,17,Hyderabad,Gachibowli,8,8,5.49,96
2026-04-03,18,Hyderabad,Gachibowli,6,6,5.56,72
2026-04-03,19,Hyderabad,Gachibowli,9,9,7.16,108
2026-04-03,20,Hyderabad,Gachibowli,9,9,5.53,108
2026-04-04,7,Ahmedabad,Satellite,7,7,6.14,84
2026-04-04,8,Ahmedabad,Satellite,8,8,6.69,96
2026-04-04,9,Ahmedabad,Satellite,7,7,5.9,84
2026-04-04,10,Ahmedabad,Satellite,7,7,6.31,84
2026-04-04,11,Ahmedabad,Satellite,8,8,5.85,96
2026-04-04,12,Ahmedabad,Satellite,6,6,5.95,72
2026-04-04,13,Ahmedabad,Satellite,7,7,5.9,84
2026-04-04,14,Ahmedabad,Satellite,6,6,5.89,72
2026-04-04,15,Ahmedabad,Satellite,6,6,5.78,72
2026-04-04,16,Ahmedabad,Satellite,6,6,6.19,72
2026-04-04,17,Ahmedabad,Satellite,8,8,6.06,96
2026-04-04,18,Ahmedabad,Satellite,8,8,6.14,96
2026-04-04,19,Ahmedabad,Satellite,9,9,6.0,108
2026-04-04,20,Ahmedabad,Satellite,8,8,5.71,96
2026-04-04,7,Ahmedabad,Navrangpura,8,8,5.96,96
2026-04-04,8,Ahmedabad,Navrangpura,6,6,6.84,72
2026-04-04,9,Ahmedabad,Navrangpura,8,8,6.15,96
2026-04-04,10,Ahmedabad,Navrangpura,8,8,5.69,96
2026-04-04,11,Ahmedabad,Navrangpura,6,6,6.1,72
2026-04-04,12,Ahmedabad,Navrangpura,7,7,5.56,84
2026-04-04,13,Ahmedabad,Navrangpura,6,6,6.11,72
2026-04-04,14,Ahmedabad,Navrangpura,9,9,6.19,108
2026-04-04,15,Ahmedabad,Navrangpura,8,8,6.37,96
2026-04-04,16,Ahmedabad,Navrangpura,6,6,6.18,72
2026-04-04,17,Ahmedabad,Navrangpura,6,6,5.81,72
2026-04-04,18,Ahmedabad,Navrangpura,9,9,6.11,108
2026-04-04,19,Ahmedabad,Navrangpura,8,8,5.88,96
2026-04-04,20,Ahmedabad,Navrangpura,8,8,5.96,96
2026-04-04,7,Jaipur,C-Scheme,9,9,6.06,108
2026-04-04,8,Jaipur,C-Scheme,8,8,6.59,96
2026-04-04,9,Jaipur,C-Scheme,9,9,5.91,108
2026-04-04,10,Jaipur,C-Scheme,7,7,6.07,84
2026-04-04,11,Jaipur,C-Scheme,6,6,5.85,72
2026-04-04,12,Jaipur,C-Scheme,7,7,5.3,84
2026-04-04,13,Jaipur,C-Scheme,6,6,6.69,72
2026-04-04,14,Jaipur,C-Scheme,7,7,5.39,84
2026-04-04,15,Jaipur,C-Scheme,8,8,5.87,96
2026-04-04,16,Jaipur,C-Scheme,7,7,5.98,84
2026-04-04,17,Jaipur,C-Scheme,6,6,5.87,72
2026-04-04,18,Jaipur,C-Scheme,8,8,6.52,96
2026-04-04,19,Jaipur,C-Scheme,8,8,6.69,96
2026-04-04,20,Jaipur,C-Scheme,9,9,6.47,108
2026-04-04,7,Jaipur,Malviya Nagar,7,7,6.7,84
2026-04-04,8,Jaipur,Malviya Nagar,8,8,6.18,96
2026-04-04,9,Jaipur,Malviya Nagar,6,6,5.88,72
2026-04-04,10,Jaipur,Malviya Nagar,9,9,6.03,108
2026-04-04,11,Jaipur,Malviya Nagar,6,6,6.4,72
2026-04-04,12,Jaipur,Malviya Nagar,7,7,5.53,84
2026-04-04,13,Jaipur,Malviya Nagar,8,8,5.92,96
2026-04-04,14,Jaipur,Malviya Nagar,8,8,6.47,96
2026-04-04,15,Jaipur,Malviya Nagar,8,8,6.73,96
2026-04-04,16,Jaipur,Malviya Nagar,6,6,6.29,72
2026-04-04,17,Jaipur,Malviya Nagar,8,8,5.97,96
2026-04-04,18,Jaipur,Malviya Nagar,9,9,5.53,108
2026-04-04,19,Jaipur,Malviya Nagar,6,6,6.6,72
2026-04-04,20,Jaipur,Malviya Nagar,9,9,6.26,108
2026-04-04,7,Delhi,Connaught Place,9,9,5.59,108
2026-04-04,8,Delhi,Connaught Place,9,9,6.01,108
2026-04-04,9,Delhi,Connaught Place,8,8,5.73,96
2026-04-04,10,Delhi,Connaught Place,8,8,6.12,96
2026-04-04,11,Delhi,Connaught Place,6,6,6.24,72
2026-04-04,12,Delhi,Connaught Place,8,8,5.08,96
2026-04-04,13,Delhi,Connaught Place,8,8,6.03,96
2026-04-04,14,Delhi,Connaught Place,8,8,6.17,96
2026-04-04,15,Delhi,Connaught Place,8,8,5.17,96
2026-04-04,16,Delhi,Connaught Place,7,7,5.76,84
2026-04-04,17,Delhi,Connaught Place,9,9,5.37,108
2026-04-04,18,Delhi,Connaught Place,6,6,6.59,72
2026-04-04,19,Delhi,Connaught Place,7,7,6.34,84
2026-04-04,20,Delhi,Connaught Place,8,8,5.77,96
2026-04-04,7,Delhi,Saket,6,6,6.43,72
2026-04-04,8,Delhi,Saket,8,8,6.09,96
2026-04-04,9,Delhi,Saket,9,9,6.11,108
2026-04-04,10,Delhi,Saket,9,9,5.65,108
2026-04-04,11,Delhi,Saket,8,8,5.94,96
2026-04-04,12,Delhi,Saket,7,7,6.15,84
2026-04-04,13,Delhi,Saket,6,6,5.58,72
2026-04-04,14,Delhi,Saket,9,9,5.95,108
2026-04-04,15,Delhi,Saket,6,6,5.7,72
2026-04-04,16,Delhi,Saket,8,8,5.67,96
2026-04-04,17,Delhi,Saket,7,7,6.34,84
2026-04-04,18,Delhi,Saket,9,9,6.0,108
2026-04-04,19,Delhi,Saket,8,8,6.34,96
2026-04-04,20,Delhi,Saket,9,9,6.34,108
2026-04-04,8,Mumbai,Bandra,6,6,5.92,72
2026-04-04,11,Mumbai,Bandra,8,8,6.52,96
2026-04-04,16,Mumbai,Bandra,7,7,6.11,84
2026-04-04,17,Mumbai,Bandra,8,8,5.08,96
2026-04-04,18,Mumbai,Bandra,6,6,6.02,72
2026-04-04,20,Mumbai,Bandra,7,7,6.28,84
2026-04-04,7,Mumbai,Andheri,8,8,5.74,96
2026-04-04,8,Mumbai,Andheri,9,9,6.06,108
2026-04-04,9,Mumbai,Andheri,8,8,6.09,96
2026-04-04,10,Mumbai,Andheri,6,6,6.21,72
2026-04-04,11,Mumbai,Andheri,6,6,5.93,72
2026-04-04,12,Mumbai,Andheri,6,6,6.08,72
2026-04-04,13,Mumbai,Andheri,9,9,5.84,108
2026-04-04,14,Mumbai,Andheri,6,6,6.21,72
2026-04-04,15,Mumbai,Andheri,9,9,5.95,108
2026-04-04,16,Mumbai,Andheri,6,6,6.33,72
2026-04-04,17,Mumbai,Andheri,9,9,5.48,108
2026-04-04,18,Mumbai,Andheri,8,8,5.41,96
2026-04-04,19,Mumbai,Andheri,7,7,5.73,84
2026-04-04,20,Mumbai,Andheri,9,9,6.3,108
2026-04-04,7,Bengaluru,Indiranagar,9,9,6.08,108
2026-04-04,8,Bengaluru,Indiranagar,9,9,6.44,108
2026-04-04,9,Bengaluru,Indiranagar,9,9,5.97,108
2026-04-04,10,Bengaluru,Indiranagar,9,9,6.54,108
2026-04-04,11,Bengaluru,Indiranagar,8,8,5.67,96
2026-04-04,12,Bengaluru,Indiranagar,8,8,5.76,96
2026-04-04,13,Bengaluru,Indiranagar,9,9,5.64,108
2026-04-04,14,Bengaluru,Indiranagar,8,8,5.86,96
2026-04-04,15,Bengaluru,Indiranagar,6,6,6.69,72
2026-04-04,16,Bengaluru,Indiranagar,8,8,5.45,96
2026-04-04,17,Bengaluru,Indiranagar,8,8,5.58,96
2026-04-04,18,Bengaluru,Indiranagar,6,6,6.19,72
2026-04-04,19,Bengaluru,Indiranagar,6,6,5.27,72
2026-04-04,20,Bengaluru,Indiranagar,9,9,6.37,108
2026-04-04,7,Bengaluru,Koramangala,7,7,5.79,84
2026-04-04,8,Bengaluru,Koramangala,6,6,5.57,72
2026-04-04,9,Bengaluru,Koramangala,8,8,6.17,96
2026-04-04,10,Bengaluru,Koramangala,7,7,5.92,84
2026-04-04,11,Bengaluru,Koramangala,9,9,6.14,108
2026-04-04,12,Bengaluru,Koramangala,8,8,6.53,96
2026-04-04,13,Bengaluru,Koramangala,8,8,5.41,96
2026-04-04,14,Bengaluru,Koramangala,7,7,6.43,84
2026-04-04,15,Bengaluru,Koramangala,7,7,6.45,84
2026-04-04,16,Bengaluru,Koramangala,8,8,6.15,96
2026-04-04,17,Bengaluru,Koramangala,7,7,6.14,84
2026-04-04,18,Bengaluru,Koramangala,8,8,6.78,96
2026-04-04,19,Bengaluru,Koramangala,6,6,6.03,72
2026-04-04,20,Bengaluru,Koramangala,6,6,6.06,72
2026-04-04,7,Hyderabad,Banjara Hills,6,6,5.66,72
2026-04-04,8,Hyderabad,Banjara Hills,7,7,6.13,84
2026-04-04,9,Hyderabad,Banjara Hills,7,7,6.13,84
2026-04-04,10,Hyderabad,Banjara Hills,8,8,5.67,96
2026-04-04,11,Hyderabad,Banjara Hills,9,9,5.17,108
2026-04-04,12,Hyderabad,Banjara Hills,6,6,5.55,72
2026-04-04,13,Hyderabad,Banjara Hills,9,9,5.88,108
2026-04-04,14,Hyderabad,Banjara Hills,6,6,6.77,72
2026-04-04,15,Hyderabad,Banjara Hills,6,6,5.62,72
2026-04-04,16,Hyderabad,Banjara Hills,6,6,6.14,72
2026-04-04,17,Hyderabad,Banjara Hills,8,8,5.89,96
2026-04-04,18,Hyderabad,Banjara Hills,8,8,6.07,96
2026-04-04,19,Hyderabad,Banjara Hills,8,8,5.86,96
2026-04-04,20,Hyderabad,Banjara Hills,7,7,6.43,84
2026-04-04,7,Hyderabad,Gachibowli,6,6,6.0,72
2026-04-04,8,Hyderabad,Gachibowli,7,7,7.04,84
2026-04-04,9,Hyderabad,Gachibowli,9,9,6.57,108
2026-04-04,10,Hyderabad,Gachibowli,8,8,6.04,96
2026-04-04,11,Hyderabad,Gachibowli,6,6,5.98,72
2026-04-04,12,Hyderabad,Gachibowli,9,9,5.93,108
2026-04-04,13,Hyderabad,Gachibowli,7,7,6.17,84
2026-04-04,14,Hyderabad,Gachibowli,9,9,5.66,108
2026-04-04,15,Hyderabad,Gachibowli,7,7,6.24,84
2026-04-04,16,Hyderabad,Gachibowli,7,7,6.27,84
2026-04-04,17,Hyderabad,Gachibowli,9,9,6.15,108
2026-04-04,18,Hyderabad,Gachibowli,9,9,5.89,108
2026-04-04,19,Hyderabad,Gachibowli,8,8,5.88,96
2026-04-04,20,Hyderabad,Gachibowli,7,7,6.37,84
2026-04-05,7,Ahmedabad,Satellite,6,6,5.87,72
2026-04-05,8,Ahmedabad,Satellite,8,8,5.2,96
2026-04-05,9,Ahmedabad,Satellite,8,8,6.55,96
2026-04-05,10,Ahmedabad,Satellite,9,9,6.36,108
2026-04-05,11,Ahmedabad,Satellite,6,6,5.4,72
2026-04-05,12,Ahmedabad,Satellite,8,8,4.81,96
2026-04-05,13,Ahmedabad,Satellite,8,8,6.97,96
2026-04-05,14,Ahmedabad,Satellite,9,9,6.17,108
2026-04-05,15,Ahmedabad,Satellite,7,7,6.19,84
2026-04-05,16,Ahmedabad,Satellite,7,7,5.38,84
2026-04-05,17,Ahmedabad,Satellite,9,9,6.04,108
2026-04-05,18,Ahmedabad,Satellite,7,7,5.97,84
2026-04-05,19,Ahmedabad,Satellite,8,8,6.14,96
2026-04-05,20,Ahmedabad,Satellite,6,6,6.27,72
2026-04-05,7,Ahmedabad,Navrangpura,8,8,6.36,96
2026-04-05,8,Ahmedabad,Navrangpura,6,6,6.65,72
2026-04-05,9,Ahmedabad,Navrangpura,9,9,5.64,108
2026-04-05,10,Ahmedabad,Navrangpura,8,8,6.53,96
2026-04-05,11,Ahmedabad,Navrangpura,8,8,6.56,96
2026-04-05,12,Ahmedabad,Navrangpura,6,6,5.82,72
2026-04-05,13,Ahmedabad,Navrangpura,7,7,6.05,84
2026-04-05,14,Ahmedabad,Navrangpura,6,6,6.1,72
2026-04-05,15,Ahmedabad,Navrangpura,7,7,5.86,84
2026-04-05,16,Ahmedabad,Navrangpura,7,7,5.62,84
2026-04-05,17,Ahmedabad,Navrangpura,6,6,6.18,72
2026-04-05,18,Ahmedabad,Navrangpura,9,9,5.37,108
2026-04-05,19,Ahmedabad,Navrangpura,6,6,5.78,72
2026-04-05,20,Ahmedabad,Navrangpura,7,7,6.46,84
2026-04-05,7,Jaipur,C-Scheme,8,8,5.69,96
2026-04-05,8,Jaipur,C-Scheme,7,7,5.33,84
2026-04-05,9,Jaipur,C-Scheme,9,9,6.1,108
2026-04-05,10,Jaipur,C-Scheme,9,9,5.93,108
2026-04-05,11,Jaipur,C-Scheme,7,7,5.94,84
2026-04-05,12,Jaipur,C-Scheme,8,8,6.08,96
2026-04-05,13,Jaipur,C-Scheme,8,8,6.28,96
2026-04-05,14,Jaipur,C-Scheme,7,7,6.27,84
2026-04-05,15,Jaipur,C-Scheme,9,9,6.22,108
2026-04-05,16,Jaipur,C-Scheme,9,9,6.12,108
2026-04-05,17,Jaipur,C-Scheme,8,8,5.97,96
2026-04-05,18,Jaipur,C-Scheme,9,9,5.88,108
2026-04-05,19,Jaipur,C-Scheme,7,7,5.59,84
2026-04-05,20,Jaipur,C-Scheme,8,8,5.5,96
2026-04-05,7,Jaipur,Malviya Nagar,8,8,5.79,96
2026-04-05,8,Jaipur,Malviya Nagar,7,7,5.64,84
2026-04-05,9,Jaipur,Malviya Nagar,6,6,6.13,72
2026-04-05,10,Jaipur,Malviya Nagar,7,7,6.02,84
2026-04-05,11,Jaipur,Malviya Nagar,7,7,6.36,84
2026-04-05,12,Jaipur,Malviya Nagar,6,6,6.3,72
2026-04-05,13,Jaipur,Malviya Nagar,7,7,5.74,84
2026-04-05,14,Jaipur,Malviya Nagar,6,6,6.22,72
2026-04-05,15,Jaipur,Malviya Nagar,7,7,5.42,84
2026-04-05,16,Jaipur,Malviya Nagar,7,7,5.97,84
2026-04-05,17,Jaipur,Malviya Nagar,7,7,5.64,84
2026-04-05,18,Jaipur,Malviya Nagar,7,7,6.08,84
2026-04-05,19,Jaipur,Malviya Nagar,8,8,6.53,96
2026-04-05,20,Jaipur,Malviya Nagar,9,9,6.5,108
2026-04-05,7,Delhi,Connaught Place,9,9,6.15,108
2026-04-05,8,Delhi,Connaught Place,9,9,5.04,108
2026-04-05,9,Delhi,Connaught Place,7,7,5.88,84
2026-04-05,10,Delhi,Connaught Place,9,9,5.57,108
2026-04-05,11,Delhi,Connaught Place,6,6,6.8,72
2026-04-05,12,Delhi,Connaught Place,6,6,5.53,72
2026-04-05,13,Delhi,Connaught Place,8,8,6.09,96
2026-04-05,14,Delhi,Connaught Place,8,8,6.64,96
2026-04-05,15,Delhi,Connaught Place,6,6,6.1,72
2026-04-05,16,Delhi,Connaught Place,9,9,6.73,108
2026-04-05,17,Delhi,Connaught Place,9,9,5.83,108
2026-04-05,18,Delhi,Connaught Place,8,8,5.34,96
2026-04-05,19,Delhi,Connaught Place,7,7,5.83,84
2026-04-05,20,Delhi,Connaught Place,6,6,5.79,72
2026-04-05,7,Delhi,Saket,9,9,6.1,108
2026-04-05,8,Delhi,Saket,9,9,5.29,108
2026-04-05,9,Delhi,Saket,6,6,5.77,72
2026-04-05,10,Delhi,Saket,7,7,6.51,84
2026-04-05,11,Delhi,Saket,6,6,5.75,72
2026-04-05,12,Delhi,Saket,8,8,6.22,96
2026-04-05,13,Delhi,Saket,7,7,6.18,84
2026-04-05,14,Delhi,Saket,9,9,5.33,108
2026-04-05,15,Delhi,Saket,9,9,5.59,108
2026-04-05,16,Delhi,Saket,6,6,6.09,72
2026-04-05,17,Delhi,Saket,9,9,6.18,108
2026-04-05,18,Delhi,Saket,8,8,5.68,96
2026-04-05,19,Delhi,Saket,8,8,6.29,96
2026-04-05,20,Delhi,Saket,8,8,6.1,96
2026-04-05,8,Mumbai,Bandra,6,6,5.82,72
2026-04-05,9,Mumbai,Bandra,7,7,6.11,84
2026-04-05,10,Mumbai,Bandra,6,6,5.75,72
2026-04-05,11,Mumbai,Bandra,8,8,5.79,96
2026-04-05,18,Mumbai,Bandra,8,8,5.89,96
2026-04-05,20,Mumbai,Bandra,9,9,6.23,108
2026-04-05,7,Mumbai,Andheri,8,8,5.4,96
2026-04-05,8,Mumbai,Andheri,7,7,6.28,84
2026-04-05,9,Mumbai,Andheri,8,8,6.07,96
2026-04-05,10,Mumbai,Andheri,9,9,5.87,108
2026-04-05,11,Mumbai,Andheri,8,8,6.25,96
2026-04-05,12,Mumbai,Andheri,6,6,5.31,72
2026-04-05,13,Mumbai,Andheri,6,6,5.84,72
2026-04-05,14,Mumbai,Andheri,7,7,6.74,84
2026-04-05,15,Mumbai,Andheri,7,7,6.67,84
2026-04-05,16,Mumbai,Andheri,6,6,5.56,72
2026-04-05,17,Mumbai,Andheri,7,7,6.13,84
2026-04-05,18,Mumbai,Andheri,6,6,5.65,72
2026-04-05,19,Mumbai,Andheri,9,9,6.49,108
2026-04-05,20,Mumbai,Andheri,8,8,5.87,96
2026-04-05,7,Bengaluru,Indiranagar,9,9,5.99,108
2026-04-05,8,Bengaluru,Indiranagar,9,9,5.64,108
2026-04-05,9,Bengaluru,Indiranagar,9,9,5.97,108
2026-04-05,10,Bengaluru,Indiranagar,7,7,5.32,84
2026-04-05,11,Bengaluru,Indiranagar,8,8,6.19,96
2026-04-05,12,Bengaluru,Indiranagar,7,7,5.79,84
2026-04-05,13,Bengaluru,Indiranagar,9,9,6.31,108
2026-04-05,14,Bengaluru,Indiranagar,8,8,6.11,96
2026-04-05,15,Bengaluru,Indiranagar,6,6,5.47,72
2026-04-05,16,Bengaluru,Indiranagar,7,7,6.33,84
2026-04-05,17,Bengaluru,Indiranagar,6,6,6.95,72
2026-04-05,18,Bengaluru,Indiranagar,6,6,6.17,72
2026-04-05,19,Bengaluru,Indiranagar,7,7,5.93,84
2026-04-05,20,Bengaluru,Indiranagar,9,9,6.33,108
2026-04-05,7,Bengaluru,Koramangala,9,9,6.5,108
2026-04-05,8,Bengaluru,Koramangala,7,7,5.79,84
2026-04-05,9,Bengaluru,Koramangala,7,7,5.8,84
2026-04-05,10,Bengaluru,Koramangala,9,9,5.83,108
2026-04-05,11,Bengaluru,Koramangala,7,7,6.32,84
2026-04-05,12,Bengaluru,Koramangala,6,6,6.6,72
2026-04-05,13,Bengaluru,Koramangala,7,7,5.83,84
2026-04-05,14,Bengaluru,Koramangala,8,8,6.13,96
2026-04-05,15,Bengaluru,Koramangala,9,9,6.38,108
2026-04-05,16,Bengaluru,Koramangala,7,7,5.1,84
2026-04-05,17,Bengaluru,Koramangala,8,8,5.69,96
2026-04-05,18,Bengaluru,Koramangala,6,6,5.07,72
2026-04-05,19,Bengaluru,Koramangala,8,8,5.63,96
2026-04-05,20,Bengaluru,Koramangala,6,6,5.92,72
2026-04-05,7,Hyderabad,Banjara Hills,9,9,5.9,108
2026-04-05,8,Hyderabad,Banjara Hills,7,7,5.59,84
2026-04-05,9,Hyderabad,Banjara Hills,8,8,6.42,96
2026-04-05,10,Hyderabad,Banjara Hills,7,7,5.61,84
2026-04-05,11,Hyderabad,Banjara Hills,7,7,6.22,84
2026-04-05,12,Hyderabad,Banjara Hills,6,6,5.91,72
2026-04-05,13,Hyderabad,Banjara Hills,6,6,5.99,72
2026-04-05,14,Hyderabad,Banjara Hills,7,7,6.28,84
2026-04-05,15,Hyderabad,Banjara Hills,7,7,6.0,84
2026-04-05,16,Hyderabad,Banjara Hills,9,9,5.92,108
2026-04-05,17,Hyderabad,Banjara Hills,7,7,5.37,84
2026-04-05,18,Hyderabad,Banjara Hills,7,7,6.27,84
2026-04-05,19,Hyderabad,Banjara Hills,8,8,5.59,96
2026-04-05,20,Hyderabad,Banjara Hills,9,9,5.96,108
2026-04-05,7,Hyderabad,Gachibowli,6,6,5.09,72
2026-04-05,8,Hyderabad,Gachibowli,7,7,5.4,84
2026-04-05,9,Hyderabad,Gachibowli,9,9,6.58,108
2026-04-05,10,Hyderabad,Gachibowli,8,8,6.11,96
2026-04-05,11,Hyderabad,Gachibowli,6,6,5.54,72
2026-04-05,12,Hyderabad,Gachibowli,9,9,5.55,108
2026-04-05,13,Hyderabad,Gachibowli,9,9,6.02,108
2026-04-05,14,Hyderabad,Gachibowli,8,8,6.22,96
2026-04-05,15,Hyderabad,Gachibowli,7,7,6.11,84
2026-04-05,16,Hyderabad,Gachibowli,6,6,6.06,72
2026-04-05,17,Hyderabad,Gachibowli,9,9,6.32,108
2026-04-05,18,Hyderabad,Gachibowli,6,6,5.35,72
2026-04-05,19,Hyderabad,Gachibowli,8,8,6.4,96
2026-04-05,20,Hyderabad,Gachibowli,8,8,6.48,96
2026-04-06,7,Ahmedabad,Satellite,6,6,5.26,72
2026-04-06,8,Ahmedabad,Satellite,8,8,6.04,96
2026-04-06,9,Ahmedabad,Satellite,7,7,6.72,84
2026-04-06,10,Ahmedabad,Satellite,9,9,6.21,108
2026-04-06,11,Ahmedabad,Satellite,9,9,5.64,108
2026-04-06,12,Ahmedabad,Satellite,9,9,6.0,108
2026-04-06,13,Ahmedabad,Satellite,6,6,5.59,72
2026-04-06,14,Ahmedabad,Satellite,9,9,6.82,108
2026-04-06,15,Ahmedabad,Satellite,9,9,6.45,108
2026-04-06,16,Ahmedabad,Satellite,9,9,5.63,108
2026-04-06,17,Ahmedabad,Satellite,6,6,6.26,72
2026-04-06,18,Ahmedabad,Satellite,7,7,6.18,84
2026-04-06,19,Ahmedabad,Satellite,7,7,6.25,84
2026-04-06,20,Ahmedabad,Satellite,6,6,6.3,72
2026-04-06,7,Ahmedabad,Navrangpura,9,9,6.14,108
2026-04-06,8,Ahmedabad,Navrangpura,6,6,5.29,72
2026-04-06,9,Ahmedabad,Navrangpura,7,7,5.78,84
2026-04-06,10,Ahmedabad,Navrangpura,6,6,5.49,72
2026-04-06,11,Ahmedabad,Navrangpura,9,9,6.69,108
2026-04-06,12,Ahmedabad,Navrangpura,8,8,6.54,96
2026-04-06,13,Ahmedabad,Navrangpura,6,6,6.54,72
2026-04-06,14,Ahmedabad,Navrangpura,9,9,6.0,108
2026-04-06,15,Ahmedabad,Navrangpura,9,9,5.56,108
2026-04-06,16,Ahmedabad,Navrangpura,6,6,6.16,72
2026-04-06,17,Ahmedabad,Navrangpura,9,9,5.48,108
2026-04-06,18,Ahmedabad,Navrangpura,8,8,5.98,96
2026-04-06,19,Ahmedabad,Navrangpura,9,9,6.72,108
2026-04-06,20,Ahmedabad,Navrangpura,6,6,6.36,72
2026-04-06,7,Jaipur,C-Scheme,7,7,6.1,84
2026-04-06,8,Jaipur,C-Scheme,6,6,6.02,72
2026-04-06,9,Jaipur,C-Scheme,7,7,5.57,84
2026-04-06,10,Jaipur,C-Scheme,8,8,5.94,96
2026-04-06,11,Jaipur,C-Scheme,8,8,5.5,96
2026-04-06,12,Jaipur,C-Scheme,6,6,6.2,72
2026-04-06,13,Jaipur,C-Scheme,7,7,5.29,84
2026-04-06,14,Jaipur,C-Scheme,8,8,5.95,96
2026-04-06,15,Jaipur,C-Scheme,6,6,6.42,72
2026-04-06,16,Jaipur,C-Scheme,8,8,6.41,96
2026-04-06,17,Jaipur,C-Scheme,9,9,5.66,108
2026-04-06,18,Jaipur,C-Scheme,7,7,5.57,84
2026-04-06,19,Jaipur,C-Scheme,8,8,6.15,96
2026-04-06,20,Jaipur,C-Scheme,7,7,6.51,84
2026-04-06,7,Jaipur,Malviya Nagar,9,9,5.95,108
2026-04-06,8,Jaipur,Malviya Nagar,8,8,5.5,96
2026-04-06,9,Jaipur,Malviya Nagar,6,6,6.09,72
2026-04-06,10,Jaipur,Malviya Nagar,7,7,5.92,84
2026-04-06,11,Jaipur,Malviya Nagar,6,6,6.1,72
2026-04-06,12,Jaipur,Malviya Nagar,9,9,5.8,108
2026-04-06,13,Jaipur,Malviya Nagar,9,9,6.12,108
2026-04-06,14,Jaipur,Malviya Nagar,6,6,5.84,72
2026-04-06,15,Jaipur,Malviya Nagar,6,6,6.11,72
2026-04-06,16,Jaipur,Malviya Nagar,8,8,5.54,96
2026-04-06,17,Jaipur,Malviya Nagar,7,7,6.58,84
2026-04-06,18,Jaipur,Malviya Nagar,6,6,5.54,72
2026-04-06,19,Jaipur,Malviya Nagar,7,7,5.26,84
2026-04-06,20,Jaipur,Malviya Nagar,7,7,6.01,84
2026-04-06,7,Delhi,Connaught Place,8,8,5.95,96
2026-04-06,8,Delhi,Connaught Place,7,7,6.49,84
2026-04-06,9,Delhi,Connaught Place,8,8,6.16,96
2026-04-06,10,Delhi,Connaught Place,8,8,6.62,96
2026-04-06,11,Delhi,Connaught Place,7,7,5.85,84
2026-04-06,12,Delhi,Connaught Place,6,6,5.7,72
2026-04-06,13,Delhi,Connaught Place,9,9,5.87,108
2026-04-06,14,Delhi,Connaught Place,9,9,6.57,108
2026-04-06,15,Delhi,Connaught Place,7,7,5.87,84
2026-04-06,16,Delhi,Connaught Place,8,8,6.76,96
2026-04-06,17,Delhi,Connaught Place,9,9,6.7,108
2026-04-06,18,Delhi,Connaught Place,7,7,5.96,84
2026-04-06,19,Delhi,Connaught Place,8,8,6.15,96
2026-04-06,20,Delhi,Connaught Place,7,7,7.27,84
2026-04-06,7,Delhi,Saket,8,8,5.72,96
2026-04-06,8,Delhi,Saket,8,8,6.39,96
2026-04-06,9,Delhi,Saket,8,8,5.8,96
2026-04-06,10,Delhi,Saket,9,9,6.36,108
2026-04-06,11,Delhi,Saket,7,7,6.11,84
2026-04-06,12,Delhi,Saket,7,7,6.01,84
2026-04-06,13,Delhi,Saket,7,7,6.17,84
2026-04-06,14,Delhi,Saket,6,6,5.23,72
2026-04-06,15,Delhi,Saket,6,6,5.61,72
2026-04-06,16,Delhi,Saket,9,9,5.42,108
2026-04-06,17,Delhi,Saket,7,7,6.03,84
2026-04-06,18,Delhi,Saket,9,9,5.72,108
2026-04-06,19,Delhi,Saket,7,7,5.46,84
2026-04-06,20,Delhi,Saket,6,6,5.84,72
2026-04-06,8,Mumbai,Bandra,7,7,6.11,84
2026-04-06,9,Mumbai,Bandra,6,6,6.29,72
2026-04-06,12,Mumbai,Bandra,7,7,6.0,84
2026-04-06,13,Mumbai,Bandra,6,6,5.96,72
2026-04-06,14,Mumbai,Bandra,7,7,5.99,84
2026-04-06,16,Mumbai,Bandra,9,9,5.56,108
2026-04-06,19,Mumbai,Bandra,9,9,5.83,108
2026-04-06,20,Mumbai,Bandra,7,7,5.0,84
2026-04-06,7,Mumbai,Andheri,9,9,5.67,108
2026-04-06,8,Mumbai,Andheri,9,9,5.78,108
2026-04-06,9,Mumbai,Andheri,8,8,6.02,96
2026-04-06,10,Mumbai,Andheri,6,6,5.88,72
2026-04-06,11,Mumbai,Andheri,6,6,5.73,72
2026-04-06,12,Mumbai,Andheri,9,9,5.66,108
2026-04-06,13,Mumbai,Andheri,8,8,5.39,96
2026-04-06,14,Mumbai,Andheri,7,7,6.16,84
2026-04-06,15,Mumbai,Andheri,6,6,5.94,72
2026-04-06,16,Mumbai,Andheri,9,9,6.64,108
2026-04-06,17,Mumbai,Andheri,8,8,6.82,96
2026-04-06,18,Mumbai,Andheri,9,9,5.91,108
2026-04-06,19,Mumbai,Andheri,8,8,6.03,96
2026-04-06,20,Mumbai,Andheri,6,6,5.57,72
2026-04-06,7,Bengaluru,Indiranagar,8,8,6.16,96
2026-04-06,8,Bengaluru,Indiranagar,6,6,6.22,72
2026-04-06,9,Bengaluru,Indiranagar,6,6,6.39,72
2026-04-06,10,Bengaluru,Indiranagar,6,6,6.46,72
2026-04-06,11,Bengaluru,Indiranagar,8,8,5.61,96
2026-04-06,12,Bengaluru,Indiranagar,9,9,6.21,108
2026-04-06,13,Bengaluru,Indiranagar,8,8,5.25,96
2026-04-06,14,Bengaluru,Indiranagar,6,6,5.87,72
2026-04-06,15,Bengaluru,Indiranagar,6,6,6.05,72
2026-04-06,16,Bengaluru,Indiranagar,9,9,5.77,108
2026-04-06,17,Bengaluru,Indiranagar,7,7,6.75,84
2026-04-06,18,Bengaluru,Indiranagar,8,8,5.93,96
2026-04-06,19,Bengaluru,Indiranagar,7,7,5.91,84
2026-04-06,20,Bengaluru,Indiranagar,8,8,6.03,96
2026-04-06,7,Bengaluru,Koramangala,7,7,6.18,84
2026-04-06,8,Bengaluru,Koramangala,6,6,6.47,72
2026-04-06,9,Bengaluru,Koramangala,9,9,6.12,108
2026-04-06,10,Bengaluru,Koramangala,9,9,6.24,108
2026-04-06,11,Bengaluru,Koramangala,9,9,5.96,108
2026-04-06,12,Bengaluru,Koramangala,6,6,6.38,72
2026-04-06,13,Bengaluru,Koramangala,7,7,6.08,84
2026-04-06,14,Bengaluru,Koramangala,6,6,6.35,72
2026-04-06,15,Bengaluru,Koramangala,9,9,6.48,108
2026-04-06,16,Bengaluru,Koramangala,8,8,6.12,96
2026-04-06,17,Bengaluru,Koramangala,8,8,6.13,96
2026-04-06,18,Bengaluru,Koramangala,8,8,4.83,96
2026-04-06,19,Bengaluru,Koramangala,6,6,4.54,72
2026-04-06,20,Bengaluru,Koramangala,9,9,5.31,108
2026-04-06,7,Hyderabad,Banjara Hills,9,9,6.19,108
2026-04-06,8,Hyderabad,Banjara Hills,6,6,5.54,72
2026-04-06,9,Hyderabad,Banjara Hills,8,8,6.55,96
2026-04-06,10,Hyderabad,Banjara Hills,6,6,5.81,72
2026-04-06,11,Hyderabad,Banjara Hills,8,8,6.0,96
2026-04-06,12,Hyderabad,Banjara Hills,8,8,6.16,96
2026-04-06,13,Hyderabad,Banjara Hills,9,9,6.05,108
2026-04-06,14,Hyderabad,Banjara Hills,6,6,5.6,72
2026-04-06,15,Hyderabad,Banjara Hills,7,7,5.99,84
2026-04-06,16,Hyderabad,Banjara Hills,8,8,5.45,96
2026-04-06,17,Hyderabad,Banjara Hills,7,7,5.7,84
2026-04-06,18,Hyderabad,Banjara Hills,7,7,6.37,84
2026-04-06,19,Hyderabad,Banjara Hills,9,9,5.89,108
2026-04-06,20,Hyderabad,Banjara Hills,6,6,5.96,72
2026-04-06,7,Hyderabad,Gachibowli,7,7,6.25,84
2026-04-06,8,Hyderabad,Gachibowli,7,7,5.6,84
2026-04-06,9,Hyderabad,Gachibowli,7,7,6.44,84
2026-04-06,10,Hyderabad,Gachibowli,8,8,5.84,96
2026-04-06,11,Hyderabad,Gachibowli,8,8,6.18,96
2026-04-06,12,Hyderabad,Gachibowli,8,8,6.19,96
2026-04-06,13,Hyderabad,Gachibowli,8,8,6.09,96
2026-04-06,14,Hyderabad,Gachibowli,7,7,6.29,84
2026-04-06,15,Hyderabad,Gachibowli,9,9,6.25,108
2026-04-06,16,Hyderabad,Gachibowli,9,9,5.44,108
2026-04-06,17,Hyderabad,Gachibowli,7,7,5.88,84
2026-04-06,18,Hyderabad,Gachibowli,9,9,5.81,108
2026-04-06,19,Hyderabad,Gachibowli,6,6,6.59,72
2026-04-06,20,Hyderabad,Gachibowli,7,7,6.72,84
2026-04-07,7,Ahmedabad,Satellite,8,8,5.96,96
2026-04-07,8,Ahmedabad,Satellite,8,8,6.14,96
2026-04-07,9,Ahmedabad,Satellite,6,6,6.05,72
2026-04-07,10,Ahmedabad,Satellite,8,8,6.05,96
2026-04-07,11,Ahmedabad,Satellite,7,7,5.98,84
2026-04-07,12,Ahmedabad,Satellite,7,7,5.71,84
2026-04-07,13,Ahmedabad,Satellite,8,8,6.25,96
2026-04-07,14,Ahmedabad,Satellite,7,7,6.0,84
2026-04-07,15,Ahmedabad,Satellite,9,9,6.27,108
2026-04-07,16,Ahmedabad,Satellite,6,6,5.85,72
2026-04-07,17,Ahmedabad,Satellite,8,8,6.15,96
2026-04-07,18,Ahmedabad,Satellite,8,8,5.51,96
2026-04-07,19,Ahmedabad,Satellite,9,9,5.8,108
2026-04-07,20,Ahmedabad,Satellite,6,6,5.34,72
2026-04-07,7,Ahmedabad,Navrangpura,9,9,5.59,108
2026-04-07,8,Ahmedabad,Navrangpura,6,6,6.02,72
2026-04-07,9,Ahmedabad,Navrangpura,9,9,5.87,108
2026-04-07,10,Ahmedabad,Navrangpura,7,7,6.25,84
2026-04-07,11,Ahmedabad,Navrangpura,7,7,6.13,84
2026-04-07,12,Ahmedabad,Navrangpura,8,8,6.16,96
2026-04-07,13,Ahmedabad,Navrangpura,9,9,5.16,108
2026-04-07,14,Ahmedabad,Navrangpura,8,8,5.85,96
2026-04-07,15,Ahmedabad,Navrangpura,8,8,6.01,96
2026-04-07,16,Ahmedabad,Navrangpura,8,8,6.0,96
2026-04-07,17,Ahmedabad,Navrangpura,6,6,6.48,72
2026-04-07,18,Ahmedabad,Navrangpura,7,7,6.08,84
2026-04-07,19,Ahmedabad,Navrangpura,7,7,6.19,84
2026-04-07,20,Ahmedabad,Navrangpura,8,8,5.79,96
2026-04-07,7,Jaipur,C-Scheme,8,8,6.39,96
2026-04-07,8,Jaipur,C-Scheme,9,9,5.78,108
2026-04-07,9,Jaipur,C-Scheme,6,6,6.27,72
2026-04-07,10,Jaipur,C-Scheme,9,9,5.62,108
2026-04-07,11,Jaipur,C-Scheme,9,9,6.28,108
2026-04-07,12,Jaipur,C-Scheme,8,8,6.04,96
2026-04-07,13,Jaipur,C-Scheme,9,9,5.66,108
2026-04-07,14,Jaipur,C-Scheme,7,7,5.78,84
2026-04-07,15,Jaipur,C-Scheme,9,9,5.62,108
2026-04-07,16,Jaipur,C-Scheme,9,9,6.18,108
2026-04-07,17,Jaipur,C-Scheme,6,6,5.92,72
2026-04-07,18,Jaipur,C-Scheme,8,8,6.04,96
2026-04-07,19,Jaipur,C-Scheme,6,6,5.45,72
2026-04-07,20,Jaipur,C-Scheme,7,7,6.59,84
2026-04-07,7,Jaipur,Malviya Nagar,8,8,6.16,96
2026-04-07,8,Jaipur,Malviya Nagar,8,8,6.05,96
2026-04-07,9,Jaipur,Malviya Nagar,7,7,5.94,84
2026-04-07,10,Jaipur,Malviya Nagar,8,8,6.58,96
2026-04-07,11,Jaipur,Malviya Nagar,8,8,6.45,96
2026-04-07,12,Jaipur,Malviya Nagar,9,9,5.74,108
2026-04-07,13,Jaipur,Malviya Nagar,7,7,5.57,84
2026-04-07,14,Jaipur,Malviya Nagar,6,6,6.18,72
2026-04-07,15,Jaipur,Malviya Nagar,6,6,5.97,72
2026-04-07,16,Jaipur,Malviya Nagar,9,9,5.92,108
2026-04-07,17,Jaipur,Malviya Nagar,8,8,5.91,96
2026-04-07,18,Jaipur,Malviya Nagar,6,6,5.36,72
2026-04-07,19,Jaipur,Malviya Nagar,7,7,6.09,84
2026-04-07,20,Jaipur,Malviya Nagar,6,6,6.53,72
2026-04-07,7,Delhi,Connaught Place,7,7,5.77,84
2026-04-07,8,Delhi,Connaught Place,8,8,6.57,96
2026-04-07,9,Delhi,Connaught Place,8,8,5.94,96
2026-04-07,10,Delhi,Connaught Place,6,6,6.17,72
2026-04-07,11,Delhi,Connaught Place,6,6,6.04,72
2026-04-07,12,Delhi,Connaught Place,7,7,5.84,84
2026-04-07,13,Delhi,Connaught Place,7,7,5.38,84
2026-04-07,14,Delhi,Connaught Place,6,6,6.26,72
2026-04-07,15,Delhi,Connaught Place,6,6,5.76,72
2026-04-07,16,Delhi,Connaught Place,7,7,6.0,84
2026-04-07,17,Delhi,Connaught Place,7,7,6.07,84
2026-04-07,18,Delhi,Connaught Place,8,8,5.74,96
2026-04-07,19,Delhi,Connaught Place,6,6,5.97,72
2026-04-07,20,Delhi,Connaught Place,9,9,6.63,108
2026-04-07,7,Delhi,Saket,8,8,6.39,96
2026-04-07,8,Delhi,Saket,8,8,6.5,96
2026-04-07,9,Delhi,Saket,7,7,6.25,84
2026-04-07,10,Delhi,Saket,7,7,6.24,84
2026-04-07,11,Delhi,Saket,7,7,5.56,84
2026-04-07,12,Delhi,Saket,8,8,6.28,96
2026-04-07,13,Delhi,Saket,8,8,5.68,96
2026-04-07,14,Delhi,Saket,9,9,6.52,108
2026-04-07,15,Delhi,Saket,7,7,6.59,84
2026-04-07,16,Delhi,Saket,7,7,5.89,84
2026-04-07,17,Delhi,Saket,6,6,5.9,72
2026-04-07,18,Delhi,Saket,7,7,6.04,84
2026-04-07,19,Delhi,Saket,8,8,6.45,96
2026-04-07,20,Delhi,Saket,9,9,5.86,108
2026-04-07,7,Mumbai,Bandra,7,7,5.6,84
2026-04-07,9,Mumbai,Bandra,6,6,5.7,72
2026-04-07,10,Mumbai,Bandra,6,6,5.91,72
2026-04-07,14,Mumbai,Bandra,6,6,5.16,72
2026-04-07,16,Mumbai,Bandra,9,9,5.73,108
2026-04-07,17,Mumbai,Bandra,6,6,5.93,72
2026-04-07,18,Mumbai,Bandra,6,6,6.52,72
2026-04-07,20,Mumbai,Bandra,7,7,5.96,84
2026-04-07,7,Mumbai,Andheri,8,8,6.69,96
2026-04-07,8,Mumbai,Andheri,9,9,5.07,108
2026-04-07,9,Mumbai,Andheri,7,7,5.78,84
2026-04-07,10,Mumbai,Andheri,6,6,6.01,72
2026-04-07,11,Mumbai,Andheri,9,9,6.19,108
2026-04-07,12,Mumbai,Andheri,6,6,5.85,72
2026-04-07,13,Mumbai,Andheri,6,6,6.41,72
2026-04-07,14,Mumbai,Andheri,6,6,6.07,72
2026-04-07,15,Mumbai,Andheri,8,8,6.11,96
2026-04-07,16,Mumbai,Andheri,9,9,5.78,108
2026-04-07,17,Mumbai,Andheri,6,6,6.04,72
2026-04-07,18,Mumbai,Andheri,7,7,6.0,84
2026-04-07,19,Mumbai,Andheri,9,9,5.02,108
2026-04-07,20,Mumbai,Andheri,9,9,5.43,108
2026-04-07,7,Bengaluru,Indiranagar,8,8,5.85,96
2026-04-07,8,Bengaluru,Indiranagar,6,6,5.9,72
2026-04-07,9,Bengaluru,Indiranagar,7,7,5.61,84
2026-04-07,10,Bengaluru,Indiranagar,8,8,5.66,96
2026-04-07,11,Bengaluru,Indiranagar,7,7,6.72,84
2026-04-07,12,Bengaluru,Indiranagar,9,9,5.84,108
2026-04-07,13,Bengaluru,Indiranagar,8,8,5.54,96
2026-04-07,14,Bengaluru,Indiranagar,6,6,5.24,72
2026-04-07,15,Bengaluru,Indiranagar,8,8,5.6,96
2026-04-07,16,Bengaluru,Indiranagar,7,7,5.97,84
2026-04-07,17,Bengaluru,Indiranagar,6,6,5.7,72
2026-04-07,18,Bengaluru,Indiranagar,9,9,6.06,108
2026-04-07,19,Bengaluru,Indiranagar,9,9,6.17,108
2026-04-07,20,Bengaluru,Indiranagar,7,7,5.47,84
2026-04-07,7,Bengaluru,Koramangala,7,7,5.68,84
2026-04-07,8,Bengaluru,Koramangala,8,8,6.25,96
2026-04-07,9,Bengaluru,Koramangala,7,7,5.45,84
2026-04-07,10,Bengaluru,Koramangala,6,6,5.87,72
2026-04-07,11,Bengaluru,Koramangala,9,9,6.25,108
2026-04-07,12,Bengaluru,Koramangala,8,8,5.94,96
2026-04-07,13,Bengaluru,Koramangala,6,6,6.4,72
2026-04-07,14,Bengaluru,Koramangala,7,7,5.9,84
2026-04-07,15,Bengaluru,Koramangala,7,7,6.77,84
2026-04-07,16,Bengaluru,Koramangala,6,6,6.78,72
2026-04-07,17,Bengaluru,Koramangala,7,7,5.63,84
2026-04-07,18,Bengaluru,Koramangala,6,6,6.59,72
2026-04-07,19,Bengaluru,Koramangala,9,9,5.47,108
2026-04-07,20,Bengaluru,Koramangala,6,6,5.81,72
2026-04-07,7,Hyderabad,Banjara Hills,8,8,5.96,96
2026-04-07,8,Hyderabad,Banjara Hills,6,6,5.74,72
2026-04-07,9,Hyderabad,Banjara Hills,6,6,5.72,72
2026-04-07,10,Hyderabad,Banjara Hills,7,7,5.65,84
2026-04-07,11,Hyderabad,Banjara Hills,8,8,6.12,96
2026-04-07,12,Hyderabad,Banjara Hills,7,7,6.35,84
2026-04-07,13,Hyderabad,Banjara Hills,7,7,5.93,84
2026-04-07,14,Hyderabad,Banjara Hills,6,6,5.71,72
2026-04-07,15,Hyderabad,Banjara Hills,8,8,5.45,96
2026-04-07,16,Hyderabad,Banjara Hills,6,6,5.28,72
2026-04-07,17,Hyderabad,Banjara Hills,7,7,5.52,84
2026-04-07,18,Hyderabad,Banjara Hills,8,8,6.53,96
2026-04-07,19,Hyderabad,Banjara Hills,9,9,6.52,108
2026-04-07,20,Hyderabad,Banjara Hills,9,9,6.16,108
2026-04-07,7,Hyderabad,Gachibowli,6,6,5.64,72
2026-04-07,8,Hyderabad,Gachibowli,9,9,6.21,108
2026-04-07,9,Hyderabad,Gachibowli,6,6,5.77,72
2026-04-07,10,Hyderabad,Gachibowli,7,7,6.22,84
2026-04-07,11,Hyderabad,Gachibowli,9,9,5.78,108
2026-04-07,12,Hyderabad,Gachibowli,9,9,5.55,108
2026-04-07,13,Hyderabad,Gachibowli,7,7,6.03,84
2026-04-07,14,Hyderabad,Gachibowli,7,7,6.13,84
2026-04-07,15,Hyderabad,Gachibowli,9,9,6.01,108
2026-04-07,16,Hyderabad,Gachibowli,8,8,6.23,96
2026-04-07,17,Hyderabad,Gachibowli,6,6,6.62,72
2026-04-07,18,Hyderabad,Gachibowli,6,6,6.51,72
2026-04-07,19,Hyderabad,Gachibowli,6,6,6.67,72
2026-04-07,20,Hyderabad,Gachibowli,8,8,5.79,96
2026-04-08,7,Ahmedabad,Satellite,7,7,6.03,84
2026-04-08,8,Ahmedabad,Satellite,7,7,5.84,84
2026-04-08,9,Ahmedabad,Satellite,9,9,5.93,108
2026-04-08,10,Ahmedabad,Satellite,9,9,5.38,108
2026-04-08,11,Ahmedabad,Satellite,7,7,6.61,84
2026-04-08,12,Ahmedabad,Satellite,7,7,5.68,84
2026-04-08,13,Ahmedabad,Satellite,7,7,5.71,84
2026-04-08,14,Ahmedabad,Satellite,8,8,5.75,96
2026-04-08,15,Ahmedabad,Satellite,9,9,5.98,108
2026-04-08,16,Ahmedabad,Satellite,7,7,6.7,84
2026-04-08,17,Ahmedabad,Satellite,7,7,6.4,84
2026-04-08,18,Ahmedabad,Satellite,6,6,6.04,72
2026-04-08,19,Ahmedabad,Satellite,9,9,5.82,108
2026-04-08,20,Ahmedabad,Satellite,6,6,5.98,72
2026-04-08,7,Ahmedabad,Navrangpura,8,8,5.67,96
2026-04-08,8,Ahmedabad,Navrangpura,7,7,6.26,84
2026-04-08,9,Ahmedabad,Navrangpura,6,6,6.24,72
2026-04-08,10,Ahmedabad,Navrangpura,8,8,6.61,96
2026-04-08,11,Ahmedabad,Navrangpura,8,8,5.85,96
2026-04-08,12,Ahmedabad,Navrangpura,9,9,6.15,108
2026-04-08,13,Ahmedabad,Navrangpura,9,9,6.01,108
2026-04-08,14,Ahmedabad,Navrangpura,8,8,5.76,96
2026-04-08,15,Ahmedabad,Navrangpura,9,9,6.15,108
2026-04-08,16,Ahmedabad,Navrangpura,8,8,5.91,96
2026-04-08,17,Ahmedabad,Navrangpura,7,7,5.13,84
2026-04-08,18,Ahmedabad,Navrangpura,8,8,5.19,96
2026-04-08,19,Ahmedabad,Navrangpura,6,6,6.02,72
2026-04-08,20,Ahmedabad,Navrangpura,7,7,6.1,84
2026-04-08,7,Jaipur,C-Scheme,9,9,5.99,108
2026-04-08,8,Jaipur,C-Scheme,7,7,6.8,84
2026-04-08,9,Jaipur,C-Scheme,9,9,6.07,108
2026-04-08,10,Jaipur,C-Scheme,8,8,5.82,96
2026-04-08,11,Jaipur,C-Scheme,7,7,5.15,84
2026-04-08,12,Jaipur,C-Scheme,9,9,6.1,108
2026-04-08,13,Jaipur,C-Scheme,6,6,5.37,72
2026-04-08,14,Jaipur,C-Scheme,9,9,5.74,108
2026-04-08,15,Jaipur,C-Scheme,9,9,5.61,108
2026-04-08,16,Jaipur,C-Scheme,6,6,6.02,72
2026-04-08,17,Jaipur,C-Scheme,8,8,4.98,96
2026-04-08,18,Jaipur,C-Scheme,7,7,6.25,84
2026-04-08,19,Jaipur,C-Scheme,8,8,5.9,96
2026-04-08,20,Jaipur,C-Scheme,7,7,5.01,84
2026-04-08,7,Jaipur,Malviya Nagar,8,8,6.49,96
2026-04-08,8,Jaipur,Malviya Nagar,8,8,4.89,96
2026-04-08,9,Jaipur,Malviya Nagar,6,6,5.53,72
2026-04-08,10,Jaipur,Malviya Nagar,7,7,6.32,84
2026-04-08,11,Jaipur,Malviya Nagar,6,6,6.16,72
2026-04-08,12,Jaipur,Malviya Nagar,9,9,6.23,108
2026-04-08,13,Jaipur,Malviya Nagar,8,8,5.92,96
2026-04-08,14,Jaipur,Malviya Nagar,9,9,6.15,108
2026-04-08,15,Jaipur,Malviya Nagar,8,8,6.48,96
2026-04-08,16,Jaipur,Malviya Nagar,7,7,5.7,84
2026-04-08,17,Jaipur,Malviya Nagar,8,8,5.99,96
2026-04-08,18,Jaipur,Malviya Nagar,8,8,5.37,96
2026-04-08,19,Jaipur,Malviya Nagar,6,6,6.39,72
2026-04-08,20,Jaipur,Malviya Nagar,6,6,6.12,72
2026-04-08,7,Delhi,Connaught Place,9,9,5.95,108
2026-04-08,8,Delhi,Connaught Place,6,6,6.3,72
2026-04-08,9,Delhi,Connaught Place,7,7,5.57,84
2026-04-08,10,Delhi,Connaught Place,7,7,6.35,84
2026-04-08,11,Delhi,Connaught Place,6,6,6.16,72
2026-04-08,12,Delhi,Connaught Place,7,7,6.74,84
2026-04-08,13,Delhi,Connaught Place,6,6,6.26,72
2026-04-08,14,Delhi,Connaught Place,6,6,7.08,72
2026-04-08,15,Delhi,Connaught Place,9,9,5.68,108
2026-04-08,16,Delhi,Connaught Place,8,8,6.17,96
2026-04-08,17,Delhi,Connaught Place,7,7,5.79,84
2026-04-08,18,Delhi,Connaught Place,6,6,5.59,72
2026-04-08,19,Delhi,Connaught Place,7,7,6.13,84
2026-04-08,20,Delhi,Connaught Place,9,9,5.71,108
2026-04-08,7,Delhi,Saket,8,8,5.96,96
2026-04-08,8,Delhi,Saket,7,7,5.9,84
2026-04-08,9,Delhi,Saket,7,7,5.48,84
2026-04-08,10,Delhi,Saket,9,9,6.14,108
2026-04-08,11,Delhi,Saket,6,6,6.19,72
2026-04-08,12,Delhi,Saket,9,9,5.85,108
2026-04-08,13,Delhi,Saket,6,6,5.84,72
2026-04-08,14,Delhi,Saket,9,9,5.9,108
2026-04-08,15,Delhi,Saket,9,9,6.37,108
2026-04-08,16,Delhi,Saket,7,7,5.31,84
2026-04-08,17,Delhi,Saket,7,7,5.85,84
2026-04-08,18,Delhi,Saket,7,7,6.15,84
2026-04-08,19,Delhi,Saket,6,6,6.53,72
2026-04-08,20,Delhi,Saket,9,9,6.5,108
2026-04-08,7,Mumbai,Bandra,6,6,5.39,72
2026-04-08,10,Mumbai,Bandra,9,9,5.99,108
2026-04-08,13,Mumbai,Bandra,9,9,6.59,108
2026-04-08,15,Mumbai,Bandra,9,9,5.87,108
2026-04-08,18,Mumbai,Bandra,7,7,6.5,84
2026-04-08,20,Mumbai,Bandra,6,6,5.63,72
2026-04-08,7,Mumbai,Andheri,6,6,6.59,72
2026-04-08,8,Mumbai,Andheri,9,9,5.78,108
2026-04-08,9,Mumbai,Andheri,7,7,5.25,84
2026-04-08,10,Mumbai,Andheri,6,6,6.74,72
2026-04-08,11,Mumbai,Andheri,9,9,5.93,108
2026-04-08,12,Mumbai,Andheri,6,6,6.23,72
2026-04-08,13,Mumbai,Andheri,9,9,6.47,108
2026-04-08,14,Mumbai,Andheri,9,9,5.87,108
2026-04-08,15,Mumbai,Andheri,7,7,5.8,84
2026-04-08,16,Mumbai,Andheri,6,6,5.77,72
2026-04-08,17,Mumbai,Andheri,6,6,6.1,72
2026-04-08,18,Mumbai,Andheri,8,8,6.26,96
2026-04-08,19,Mumbai,Andheri,8,8,6.21,96
2026-04-08,20,Mumbai,Andheri,8,8,5.83,96
2026-04-08,7,Bengaluru,Indiranagar,9,9,5.37,108
2026-04-08,8,Bengaluru,Indiranagar,8,8,6.5,96
2026-04-08,9,Bengaluru,Indiranagar,6,6,5.66,72
2026-04-08,10,Bengaluru,Indiranagar,7,7,6.89,84
2026-04-08,11,Bengaluru,Indiranagar,7,7,6.39,84
2026-04-08,12,Bengaluru,Indiranagar,7,7,6.01,84
2026-04-08,13,Bengaluru,Indiranagar,7,7,5.92,84
2026-04-08,14,Bengaluru,Indiranagar,9,9,6.16,108
2026-04-08,15,Bengaluru,Indiranagar,8,8,6.07,96
2026-04-08,16,Bengaluru,Indiranagar,7,7,5.64,84
2026-04-08,17,Bengaluru,Indiranagar,6,6,6.37,72
2026-04-08,18,Bengaluru,Indiranagar,7,7,6.26,84
2026-04-08,19,Bengaluru,Indiranagar,9,9,5.89,108
2026-04-08,20,Bengaluru,Indiranagar,6,6,5.63,72
2026-04-08,7,Bengaluru,Koramangala,9,9,5.35,108
2026-04-08,8,Bengaluru,Koramangala,6,6,6.09,72
2026-04-08,9,Bengaluru,Koramangala,6,6,5.82,72
2026-04-08,10,Bengaluru,Koramangala,8,8,4.82,96
2026-04-08,11,Bengaluru,Koramangala,6,6,6.45,72
2026-04-08,12,Bengaluru,Koramangala,7,7,5.73,84
2026-04-08,13,Bengaluru,Koramangala,9,9,5.44,108
2026-04-08,14,Bengaluru,Koramangala,6,6,6.58,72
2026-04-08,15,Bengaluru,Koramangala,8,8,6.12,96
2026-04-08,16,Bengaluru,Koramangala,8,8,6.93,96
2026-04-08,17,Bengaluru,Koramangala,6,6,5.88,72
2026-04-08,18,Bengaluru,Koramangala,7,7,5.76,84
2026-04-08,19,Bengaluru,Koramangala,8,8,6.2,96
2026-04-08,20,Bengaluru,Koramangala,6,6,5.96,72
2026-04-08,7,Hyderabad,Banjara Hills,8,8,6.59,96
2026-04-08,8,Hyderabad,Banjara Hills,9,9,5.95,108
2026-04-08,9,Hyderabad,Banjara Hills,6,6,6.04,72
2026-04-08,10,Hyderabad,Banjara Hills,9,9,6.71,108
2026-04-08,11,Hyderabad,Banjara Hills,7,7,6.39,84
2026-04-08,12,Hyderabad,Banjara Hills,8,8,5.71,96
2026-04-08,13,Hyderabad,Banjara Hills,8,8,6.18,96
2026-04-08,14,Hyderabad,Banjara Hills,7,7,6.4,84
2026-04-08,15,Hyderabad,Banjara Hills,7,7,5.49,84
2026-04-08,16,Hyderabad,Banjara Hills,8,8,5.46,96
2026-04-08,17,Hyderabad,Banjara Hills,8,8,5.29,96
2026-04-08,18,Hyderabad,Banjara Hills,6,6,6.04,72
2026-04-08,19,Hyderabad,Banjara Hills,7,7,5.99,84
2026-04-08,20,Hyderabad,Banjara Hills,6,6,5.1,72
2026-04-08,7,Hyderabad,Gachibowli,6,6,5.93,72
2026-04-08,8,Hyderabad,Gachibowli,9,9,6.84,108
2026-04-08,9,Hyderabad,Gachibowli,6,6,5.84,72
2026-04-08,10,Hyderabad,Gachibowli,9,9,6.68,108
2026-04-08,11,Hyderabad,Gachibowli,7,7,6.23,84
2026-04-08,12,Hyderabad,Gachibowli,7,7,6.05,84
2026-04-08,13,Hyderabad,Gachibowli,8,8,6.31,96
2026-04-08,14,Hyderabad,Gachibowli,9,9,5.68,108
2026-04-08,15,Hyderabad,Gachibowli,9,9,5.45,108
2026-04-08,16,Hyderabad,Gachibowli,7,7,6.13,84
2026-04-08,17,Hyderabad,Gachibowli,7,7,5.75,84
2026-04-08,18,Hyderabad,Gachibowli,7,7,5.99,84
2026-04-08,19,Hyderabad,Gachibowli,8,8,5.57,96
2026-04-08,20,Hyderabad,Gachibowli,8,8,5.86,96
2026-04-09,7,Ahmedabad,Satellite,7,7,6.13,84
2026-04-09,8,Ahmedabad,Satellite,7,7,5.54,84
2026-04-09,9,Ahmedabad,Satellite,6,6,5.53,72
2026-04-09,10,Ahmedabad,Satellite,9,9,5.77,108
2026-04-09,11,Ahmedabad,Satellite,7,7,6.53,84
2026-04-09,12,Ahmedabad,Satellite,6,6,6.13,72
2026-04-09,13,Ahmedabad,Satellite,6,6,6.2,72
2026-04-09,14,Ahmedabad,Satellite,7,7,5.16,84
2026-04-09,15,Ahmedabad,Satellite,9,9,6.8,108
2026-04-09,16,Ahmedabad,Satellite,9,9,6.05,108
2026-04-09,17,Ahmedabad,Satellite,7,7,6.22,84
2026-04-09,18,Ahmedabad,Satellite,6,6,6.36,72
2026-04-09,19,Ahmedabad,Satellite,9,9,5.33,108
2026-04-09,20,Ahmedabad,Satellite,7,7,6.08,84
2026-04-09,7,Ahmedabad,Navrangpura,6,6,6.52,72
2026-04-09,8,Ahmedabad,Navrangpura,9,9,5.87,108
2026-04-09,9,Ahmedabad,Navrangpura,6,6,5.49,72
2026-04-09,10,Ahmedabad,Navrangpura,9,9,4.9,108
2026-04-09,11,Ahmedabad,Navrangpura,7,7,5.92,84
2026-04-09,12,Ahmedabad,Navrangpura,9,9,5.83,108
2026-04-09,13,Ahmedabad,Navrangpura,7,7,6.48,84
2026-04-09,14,Ahmedabad,Navrangpura,7,7,5.93,84
2026-04-09,15,Ahmedabad,Navrangpura,8,8,6.25,96
2026-04-09,16,Ahmedabad,Navrangpura,7,7,6.22,84
2026-04-09,17,Ahmedabad,Navrangpura,7,7,6.39,84
2026-04-09,18,Ahmedabad,Navrangpura,8,8,5.53,96
2026-04-09,19,Ahmedabad,Navrangpura,9,9,5.62,108
2026-04-09,20,Ahmedabad,Navrangpura,6,6,6.3,72
2026-04-09,7,Jaipur,C-Scheme,6,6,5.63,72
2026-04-09,8,Jaipur,C-Scheme,9,9,6.61,108
2026-04-09,9,Jaipur,C-Scheme,6,6,6.34,72
2026-04-09,10,Jaipur,C-Scheme,9,9,6.09,108
2026-04-09,11,Jaipur,C-Scheme,8,8,6.55,96
2026-04-09,12,Jaipur,C-Scheme,7,7,5.91,84
2026-04-09,13,Jaipur,C-Scheme,7,7,5.68,84
2026-04-09,14,Jaipur,C-Scheme,7,7,6.22,84
2026-04-09,15,Jaipur,C-Scheme,6,6,5.37,72
2026-04-09,16,Jaipur,C-Scheme,6,6,5.71,72
2026-04-09,17,Jaipur,C-Scheme,8,8,5.85,96
2026-04-09,18,Jaipur,C-Scheme,9,9,5.45,108
2026-04-09,19,Jaipur,C-Scheme,6,6,5.71,72
2026-04-09,20,Jaipur,C-Scheme,8,8,6.31,96
2026-04-09,7,Jaipur,Malviya Nagar,6,6,5.94,72
2026-04-09,8,Jaipur,Malviya Nagar,9,9,5.84,108
2026-04-09,9,Jaipur,Malviya Nagar,9,9,5.67,108
2026-04-09,10,Jaipur,Malviya Nagar,6,6,5.54,72
2026-04-09,11,Jaipur,Malviya Nagar,7,7,5.75,84
2026-04-09,12,Jaipur,Malviya Nagar,6,6,5.53,72
2026-04-09,13,Jaipur,Malviya Nagar,8,8,6.29,96
2026-04-09,14,Jaipur,Malviya Nagar,7,7,5.37,84
2026-04-09,15,Jaipur,Malviya Nagar,8,8,5.91,96
2026-04-09,16,Jaipur,Malviya Nagar,7,7,6.14,84
2026-04-09,17,Jaipur,Malviya Nagar,8,8,5.42,96
2026-04-09,18,Jaipur,Malviya Nagar,7,7,5.5,84
2026-04-09,19,Jaipur,Malviya Nagar,8,8,6.41,96
2026-04-09,20,Jaipur,Malviya Nagar,6,6,5.11,72
2026-04-09,7,Delhi,Connaught Place,9,9,6.48,108
2026-04-09,8,Delhi,Connaught Place,6,6,5.94,72
2026-04-09,9,Delhi,Connaught Place,8,8,5.72,96
2026-04-09,10,Delhi,Connaught Place,9,9,5.95,108
2026-04-09,11,Delhi,Connaught Place,7,7,5.06,84
2026-04-09,12,Delhi,Connaught Place,8,8,6.38,96
2026-04-09,13,Delhi,Connaught Place,6,6,5.82,72
2026-04-09,14,Delhi,Connaught Place,6,6,5.45,72
2026-04-09,15,Delhi,Connaught Place,8,8,5.93,96
2026-04-09,16,Delhi,Connaught Place,9,9,5.71,108
2026-04-09,17,Delhi,Connaught Place,6,6,6.18,72
2026-04-09,18,Delhi,Connaught Place,9,9,6.13,108
2026-04-09,19,Delhi,Connaught Place,6,6,6.63,72
2026-04-09,20,Delhi,Connaught Place,9,9,5.57,108
2026-04-09,7,Delhi,Saket,6,6,6.45,72
2026-04-09,8,Delhi,Saket,9,9,6.51,108
2026-04-09,9,Delhi,Saket,6,6,5.88,72
2026-04-09,10,Delhi,Saket,6,6,6.54,72
2026-04-09,11,Delhi,Saket,6,6,6.08,72
2026-04-09,12,Delhi,Saket,7,7,5.91,84
2026-04-09,13,Delhi,Saket,8,8,6.12,96
2026-04-09,14,Delhi,Saket,9,9,5.9,108
2026-04-09,15,Delhi,Saket,6,6,6.03,72
2026-04-09,16,Delhi,Saket,7,7,5.73,84
2026-04-09,17,Delhi,Saket,8,8,7.17,96
2026-04-09,18,Delhi,Saket,7,7,5.29,84
2026-04-09,19,Delhi,Saket,8,8,5.7,96
2026-04-09,20,Delhi,Saket,7,7,6.23,84
2026-04-09,8,Mumbai,Bandra,8,8,6.47,96
2026-04-09,9,Mumbai,Bandra,7,7,6.45,84
2026-04-09,11,Mumbai,Bandra,6,6,6.15,72
2026-04-09,19,Mumbai,Bandra,6,6,5.41,72
2026-04-09,7,Mumbai,Andheri,6,6,5.82,72
2026-04-09,8,Mumbai,Andheri,8,8,6.26,96
2026-04-09,9,Mumbai,Andheri,9,9,6.02,108
2026-04-09,10,Mumbai,Andheri,6,6,5.95,72
2026-04-09,11,Mumbai,Andheri,8,8,5.93,96
2026-04-09,12,Mumbai,Andheri,8,8,5.72,96
2026-04-09,13,Mumbai,Andheri,9,9,6.51,108
2026-04-09,14,Mumbai,Andheri,9,9,6.21,108
2026-04-09,15,Mumbai,Andheri,7,7,5.91,84
2026-04-09,16,Mumbai,Andheri,8,8,5.37,96
2026-04-09,17,Mumbai,Andheri,7,7,5.3,84
2026-04-09,18,Mumbai,Andheri,9,9,6.3,108
2026-04-09,19,Mumbai,Andheri,9,9,6.95,108
2026-04-09,20,Mumbai,Andheri,9,9,5.56,108
2026-04-09,7,Bengaluru,Indiranagar,7,7,6.72,84
2026-04-09,8,Bengaluru,Indiranagar,8,8,6.48,96
2026-04-09,9,Bengaluru,Indiranagar,6,6,6.09,72
2026-04-09,10,Bengaluru,Indiranagar,6,6,6.0,72
2026-04-09,11,Bengaluru,Indiranagar,6,6,5.72,72
2026-04-09,12,Bengaluru,Indiranagar,7,7,5.96,84
2026-04-09,13,Bengaluru,Indiranagar,8,8,6.05,96
2026-04-09,14,Bengaluru,Indiranagar,9,9,6.18,108
2026-04-09,15,Bengaluru,Indiranagar,6,6,5.35,72
2026-04-09,16,Bengaluru,Indiranagar,9,9,6.4,108
2026-04-09,17,Bengaluru,Indiranagar,7,7,5.71,84
2026-04-09,18,Bengaluru,Indiranagar,8,8,5.89,96
2026-04-09,19,Bengaluru,Indiranagar,7,7,5.59,84
2026-04-09,20,Bengaluru,Indiranagar,6,6,5.78,72
2026-04-09,7,Bengaluru,Koramangala,8,8,5.74,96
2026-04-09,8,Bengaluru,Koramangala,7,7,6.26,84
2026-04-09,9,Bengaluru,Koramangala,9,9,6.1,108
2026-04-09,10,Bengaluru,Koramangala,9,9,5.94,108
2026-04-09,11,Bengaluru,Koramangala,7,7,5.79,84
2026-04-09,12,Bengaluru,Koramangala,9,9,5.37,108
2026-04-09,13,Bengaluru,Koramangala,8,8,5.79,96
2026-04-09,14,Bengaluru,Koramangala,9,9,5.5,108
2026-04-09,15,Bengaluru,Koramangala,8,8,5.81,96
2026-04-09,16,Bengaluru,Koramangala,8,8,6.95,96
2026-04-09,17,Bengaluru,Koramangala,9,9,6.08,108
2026-04-09,18,Bengaluru,Koramangala,6,6,5.55,72
2026-04-09,19,Bengaluru,Koramangala,7,7,6.06,84
2026-04-09,20,Bengaluru,Koramangala,8,8,5.07,96
2026-04-09,7,Hyderabad,Banjara Hills,9,9,6.76,108
2026-04-09,8,Hyderabad,Banjara Hills,8,8,5.82,96
2026-04-09,9,Hyderabad,Banjara Hills,6,6,6.41,72
2026-04-09,10,Hyderabad,Banjara Hills,8,8,5.93,96
2026-04-09,11,Hyderabad,Banjara Hills,9,9,5.09,108
2026-04-09,12,Hyderabad,Banjara Hills,9,9,6.26,108
2026-04-09,13,Hyderabad,Banjara Hills,6,6,5.59,72
2026-04-09,14,Hyderabad,Banjara Hills,6,6,6.05,72
2026-04-09,15,Hyderabad,Banjara Hills,8,8,5.79,96
2026-04-09,16,Hyderabad,Banjara Hills,9,9,6.24,108
2026-04-09,17,Hyderabad,Banjara Hills,7,7,6.42,84
2026-04-09,18,Hyderabad,Banjara Hills,6,6,5.44,72
2026-04-09,19,Hyderabad,Banjara Hills,7,7,6.77,84
2026-04-09,20,Hyderabad,Banjara Hills,6,6,6.45,72
2026-04-09,7,Hyderabad,Gachibowli,6,6,5.62,72
2026-04-09,8,Hyderabad,Gachibowli,6,6,5.79,72
2026-04-09,9,Hyderabad,Gachibowli,6,6,6.02,72
2026-04-09,10,Hyderabad,Gachibowli,9,9,5.96,108
2026-04-09,11,Hyderabad,Gachibowli,7,7,5.91,84
2026-04-09,12,Hyderabad,Gachibowli,8,8,5.42,96
2026-04-09,13,Hyderabad,Gachibowli,7,7,6.37,84
2026-04-09,14,Hyderabad,Gachibowli,7,7,5.45,84
2026-04-09,15,Hyderabad,Gachibowli,6,6,5.67,72
2026-04-09,16,Hyderabad,Gachibowli,6,6,6.04,72
2026-04-09,17,Hyderabad,Gachibowli,7,7,6.59,84
2026-04-09,18,Hyderabad,Gachibowli,6,6,6.2,72
2026-04-09,19,Hyderabad,Gachibowli,8,8,6.27,96
2026-04-09,20,Hyderabad,Gachibowli,7,7,5.69,84
2026-04-10,7,Ahmedabad,Satellite,9,9,6.13,108
2026-04-10,8,Ahmedabad,Satellite,6,6,5.8,72
2026-04-10,9,Ahmedabad,Satellite,9,9,5.69,108
2026-04-10,10,Ahmedabad,Satellite,6,6,5.75,72
2026-04-10,11,Ahmedabad,Satellite,6,6,5.77,72
2026-04-10,12,Ahmedabad,Satellite,7,7,6.44,84
2026-04-10,13,Ahmedabad,Satellite,7,7,6.68,84
2026-04-10,14,Ahmedabad,Satellite,8,8,6.91,96
2026-04-10,15,Ahmedabad,Satellite,6,6,6.03,72
2026-04-10,16,Ahmedabad,Satellite,8,8,5.53,96
2026-04-10,17,Ahmedabad,Satellite,8,8,5.75,96
2026-04-10,18,Ahmedabad,Satellite,8,8,5.58,96
2026-04-10,19,Ahmedabad,Satellite,9,9,5.94,108
2026-04-10,20,Ahmedabad,Satellite,7,7,5.51,84
2026-04-10,7,Ahmedabad,Navrangpura,9,9,5.63,108
2026-04-10,8,Ahmedabad,Navrangpura,6,6,7.12,72
2026-04-10,9,Ahmedabad,Navrangpura,9,9,5.88,108
2026-04-10,10,Ahmedabad,Navrangpura,6,6,5.82,72
2026-04-10,11,Ahmedabad,Navrangpura,6,6,5.48,72
2026-04-10,12,Ahmedabad,Navrangpura,9,9,6.68,108
2026-04-10,13,Ahmedabad,Navrangpura,6,6,6.12,72
2026-04-10,14,Ahmedabad,Navrangpura,8,8,5.46,96
2026-04-10,15,Ahmedabad,Navrangpura,9,9,5.55,108
2026-04-10,16,Ahmedabad,Navrangpura,8,8,6.58,96
2026-04-10,17,Ahmedabad,Navrangpura,6,6,6.04,72
2026-04-10,18,Ahmedabad,Navrangpura,6,6,5.03,72
2026-04-10,19,Ahmedabad,Navrangpura,8,8,6.28,96
2026-04-10,20,Ahmedabad,Navrangpura,9,9,6.49,108
2026-04-10,7,Jaipur,C-Scheme,9,9,5.36,108
2026-04-10,8,Jaipur,C-Scheme,9,9,6.12,108
2026-04-10,9,Jaipur,C-Scheme,7,7,5.34,84
2026-04-10,10,Jaipur,C-Scheme,6,6,6.0,72
2026-04-10,11,Jaipur,C-Scheme,8,8,5.88,96
2026-04-10,12,Jaipur,C-Scheme,7,7,5.26,84
2026-04-10,13,Jaipur,C-Scheme,8,8,5.87,96
2026-04-10,14,Jaipur,C-Scheme,6,6,5.94,72
2026-04-10,15,Jaipur,C-Scheme,6,6,5.82,72
2026-04-10,16,Jaipur,C-Scheme,9,9,5.98,108
2026-04-10,17,Jaipur,C-Scheme,6,6,5.88,72
2026-04-10,18,Jaipur,C-Scheme,7,7,5.84,84
2026-04-10,19,Jaipur,C-Scheme,7,7,5.23,84
2026-04-10,20,Jaipur,C-Scheme,9,9,6.19,108
2026-04-10,7,Jaipur,Malviya Nagar,9,9,6.02,108
2026-04-10,8,Jaipur,Malviya Nagar,8,8,6.38,96
2026-04-10,9,Jaipur,Malviya Nagar,7,7,5.21,84
2026-04-10,10,Jaipur,Malviya Nagar,9,9,6.11,108
2026-04-10,11,Jaipur,Malviya Nagar,7,7,6.07,84
2026-04-10,12,Jaipur,Malviya Nagar,7,7,5.82,84
2026-04-10,13,Jaipur,Malviya Nagar,9,9,6.37,108
2026-04-10,14,Jaipur,Malviya Nagar,9,9,6.19,108
2026-04-10,15,Jaipur,Malviya Nagar,7,7,5.16,84
2026-04-10,16,Jaipur,Malviya Nagar,8,8,6.31,96
2026-04-10,17,Jaipur,Malviya Nagar,7,7,6.26,84
2026-04-10,18,Jaipur,Malviya Nagar,6,6,5.65,72
2026-04-10,19,Jaipur,Malviya Nagar,6,6,6.34,72
2026-04-10,20,Jaipur,Malviya Nagar,7,7,6.62,84
2026-04-10,7,Delhi,Connaught Place,7,7,5.91,84
2026-04-10,8,Delhi,Connaught Place,9,9,6.3,108
2026-04-10,9,Delhi,Connaught Place,9,9,5.55,108
2026-04-10,10,Delhi,Connaught Place,7,7,6.17,84
2026-04-10,11,Delhi,Connaught Place,6,6,6.04,72
2026-04-10,12,Delhi,Connaught Place,8,8,6.09,96
2026-04-10,13,Delhi,Connaught Place,7,7,6.59,84
2026-04-10,14,Delhi,Connaught Place,7,7,5.64,84
2026-04-10,15,Delhi,Connaught Place,7,7,6.0,84
2026-04-10,16,Delhi,Connaught Place,7,7,6.35,84
2026-04-10,17,Delhi,Connaught Place,8,8,5.48,96
2026-04-10,18,Delhi,Connaught Place,9,9,5.18,108
2026-04-10,19,Delhi,Connaught Place,6,6,5.55,72
2026-04-10,20,Delhi,Connaught Place,9,9,5.85,108
2026-04-10,7,Delhi,Saket,9,9,5.74,108
2026-04-10,8,Delhi,Saket,7,7,6.09,84
2026-04-10,9,Delhi,Saket,9,9,6.27,108
2026-04-10,10,Delhi,Saket,7,7,6.19,84
2026-04-10,11,Delhi,Saket,9,9,5.93,108
2026-04-10,12,Delhi,Saket,8,8,6.42,96
2026-04-10,13,Delhi,Saket,6,6,5.44,72
2026-04-10,14,Delhi,Saket,6,6,6.26,72
2026-04-10,15,Delhi,Saket,8,8,6.57,96
2026-04-10,16,Delhi,Saket,7,7,6.41,84
2026-04-10,17,Delhi,Saket,8,8,6.06,96
2026-04-10,18,Delhi,Saket,9,9,5.92,108
2026-04-10,19,Delhi,Saket,8,8,5.85,96
2026-04-10,20,Delhi,Saket,9,9,6.09,108
2026-04-10,8,Mumbai,Bandra,6,6,5.75,72
2026-04-10,9,Mumbai,Bandra,6,6,5.57,72
2026-04-10,10,Mumbai,Bandra,8,8,5.27,96
2026-04-10,15,Mumbai,Bandra,7,7,6.04,84
2026-04-10,16,Mumbai,Bandra,8,8,5.2,96
2026-04-10,18,Mumbai,Bandra,8,8,6.08,96
2026-04-10,20,Mumbai,Bandra,9,9,6.41,108
2026-04-10,7,Mumbai,Andheri,9,9,5.55,108
2026-04-10,8,Mumbai,Andheri,7,7,5.14,84
2026-04-10,9,Mumbai,Andheri,6,6,5.77,72
2026-04-10,10,Mumbai,Andheri,6,6,5.38,72
2026-04-10,11,Mumbai,Andheri,6,6,5.82,72
2026-04-10,12,Mumbai,Andheri,7,7,5.57,84
2026-04-10,13,Mumbai,Andheri,8,8,6.43,96
2026-04-10,14,Mumbai,Andheri,9,9,6.24,108
2026-04-10,15,Mumbai,Andheri,8,8,6.25,96
2026-04-10,16,Mumbai,Andheri,6,6,5.54,72
2026-04-10,17,Mumbai,Andheri,8,8,6.06,96
2026-04-10,18,Mumbai,Andheri,6,6,5.81,72
2026-04-10,19,Mumbai,Andheri,6,6,5.69,72
2026-04-10,20,Mumbai,Andheri,9,9,6.2,108
2026-04-10,7,Bengaluru,Indiranagar,9,9,4.83,108
2026-04-10,8,Bengaluru,Indiranagar,6,6,6.48,72
2026-04-10,9,Bengaluru,Indiranagar,9,9,5.75,108
2026-04-10,10,Bengaluru,Indiranagar,8,8,6.41,96
2026-04-10,11,Bengaluru,Indiranagar,8,8,5.41,96
2026-04-10,12,Bengaluru,Indiranagar,6,6,5.56,72
2026-04-10,13,Bengaluru,Indiranagar,8,8,5.23,96
2026-04-10,14,Bengaluru,Indiranagar,8,8,6.45,96
2026-04-10,15,Bengaluru,Indiranagar,8,8,5.52,96
2026-04-10,16,Bengaluru,Indiranagar,8,8,5.77,96
2026-04-10,17,Bengaluru,Indiranagar,6,6,6.35,72
2026-04-10,18,Bengaluru,Indiranagar,8,8,6.29,96
2026-04-10,19,Bengaluru,Indiranagar,7,7,5.84,84
2026-04-10,20,Bengaluru,Indiranagar,6,6,5.65,72
2026-04-10,7,Bengaluru,Koramangala,8,8,5.46,96
2026-04-10,8,Bengaluru,Koramangala,8,8,6.64,96
2026-04-10,9,Bengaluru,Koramangala,8,8,5.54,96
2026-04-10,10,Bengaluru,Koramangala,7,7,5.73,84
2026-04-10,11,Bengaluru,Koramangala,8,8,5.49,96
2026-04-10,12,Bengaluru,Koramangala,8,8,6.04,96
2026-04-10,13,Bengaluru,Koramangala,6,6,5.13,72
2026-04-10,14,Bengaluru,Koramangala,8,8,5.85,96
2026-04-10,15,Bengaluru,Koramangala,7,7,5.7,84
2026-04-10,16,Bengaluru,Koramangala,6,6,5.64,72
2026-04-10,17,Bengaluru,Koramangala,7,7,6.8,84
2026-04-10,18,Bengaluru,Koramangala,6,6,6.02,72
2026-04-10,19,Bengaluru,Koramangala,6,6,5.29,72
2026-04-10,20,Bengaluru,Koramangala,7,7,5.74,84
2026-04-10,7,Hyderabad,Banjara Hills,8,8,5.59,96
2026-04-10,8,Hyderabad,Banjara Hills,8,8,6.36,96
2026-04-10,9,Hyderabad,Banjara Hills,9,9,5.89,108
2026-04-10,10,Hyderabad,Banjara Hills,9,9,5.77,108
2026-04-10,11,Hyderabad,Banjara Hills,7,7,5.74,84
2026-04-10,12,Hyderabad,Banjara Hills,9,9,5.89,108
2026-04-10,13,Hyderabad,Banjara Hills,7,7,5.71,84
2026-04-10,14,Hyderabad,Banjara Hills,6,6,6.19,72
2026-04-10,15,Hyderabad,Banjara Hills,8,8,5.96,96
2026-04-10,16,Hyderabad,Banjara Hills,7,7,5.83,84
2026-04-10,17,Hyderabad,Banjara Hills,8,8,5.91,96
2026-04-10,18,Hyderabad,Banjara Hills,7,7,5.88,84
2026-04-10,19,Hyderabad,Banjara Hills,7,7,6.68,84
2026-04-10,20,Hyderabad,Banjara Hills,6,6,5.46,72
2026-04-10,7,Hyderabad,Gachibowli,7,7,5.24,84
2026-04-10,8,Hyderabad,Gachibowli,8,8,6.09,96
2026-04-10,9,Hyderabad,Gachibowli,7,7,6.2,84
2026-04-10,10,Hyderabad,Gachibowli,6,6,6.07,72
2026-04-10,11,Hyderabad,Gachibowli,9,9,6.01,108
2026-04-10,12,Hyderabad,Gachibowli,9,9,5.9,108
2026-04-10,13,Hyderabad,Gachibowli,6,6,5.88,72
2026-04-10,14,Hyderabad,Gachibowli,8,8,6.08,96
2026-04-10,15,Hyderabad,Gachibowli,9,9,5.68,108
2026-04-10,16,Hyderabad,Gachibowli,7,7,5.46,84
2026-04-10,17,Hyderabad,Gachibowli,6,6,6.22,72
2026-04-10,18,Hyderabad,Gachibowli,9,9,6.09,108
2026-04-10,19,Hyderabad,Gachibowli,9,9,6.04,108
2026-04-10,20,Hyderabad,Gachibowli,8,8,6.16,96
2026-04-11,7,Ahmedabad,Satellite,9,9,5.96,108
2026-04-11,8,Ahmedabad,Satellite,9,9,5.79,108
2026-04-11,9,Ahmedabad,Satellite,9,9,5.82,108
2026-04-11,10,Ahmedabad,Satellite,9,9,5.73,108
2026-04-11,11,Ahmedabad,Satellite,9,9,6.1,108
2026-04-11,12,Ahmedabad,Satellite,8,8,5.44,96
2026-04-11,13,Ahmedabad,Satellite,6,6,5.96,72
2026-04-11,14,Ahmedabad,Satellite,9,9,5.56,108
2026-04-11,15,Ahmedabad,Satellite,6,6,6.25,72
2026-04-11,16,Ahmedabad,Satellite,9,9,5.49,108
2026-04-11,17,Ahmedabad,Satellite,6,6,6.26,72
2026-04-11,18,Ahmedabad,Satellite,9,9,6.0,108
2026-04-11,19,Ahmedabad,Satellite,8,8,6.06,96
2026-04-11,20,Ahmedabad,Satellite,9,9,5.99,108
2026-04-11,7,Ahmedabad,Navrangpura,6,6,6.23,72
2026-04-11,8,Ahmedabad,Navrangpura,6,6,6.19,72
2026-04-11,9,Ahmedabad,Navrangpura,8,8,5.68,96
2026-04-11,10,Ahmedabad,Navrangpura,8,8,6.05,96
2026-04-11,11,Ahmedabad,Navrangpura,9,9,5.47,108
2026-04-11,12,Ahmedabad,Navrangpura,8,8,5.41,96
2026-04-11,13,Ahmedabad,Navrangpura,6,6,4.96,72
2026-04-11,14,Ahmedabad,Navrangpura,7,7,6.08,84
2026-04-11,15,Ahmedabad,Navrangpura,7,7,6.52,84
2026-04-11,16,Ahmedabad,Navrangpura,8,8,5.8,96
2026-04-11,17,Ahmedabad,Navrangpura,8,8,5.84,96
2026-04-11,18,Ahmedabad,Navrangpura,7,7,6.05,84
2026-04-11,19,Ahmedabad,Navrangpura,8,8,5.81,96
2026-04-11,20,Ahmedabad,Navrangpura,6,6,6.4,72
2026-04-11,7,Jaipur,C-Scheme,8,8,6.12,96
2026-04-11,8,Jaipur,C-Scheme,8,8,6.37,96
2026-04-11,9,Jaipur,C-Scheme,7,7,6.77,84
2026-04-11,10,Jaipur,C-Scheme,7,7,5.69,84
2026-04-11,11,Jaipur,C-Scheme,8,8,5.6,96
2026-04-11,12,Jaipur,C-Scheme,7,7,6.26,84
2026-04-11,13,Jaipur,C-Scheme,7,7,6.04,84
2026-04-11,14,Jaipur,C-Scheme,6,6,5.55,72
2026-04-11,15,Jaipur,C-Scheme,8,8,5.51,96
2026-04-11,16,Jaipur,C-Scheme,6,6,6.46,72
2026-04-11,17,Jaipur,C-Scheme,9,9,6.15,108
2026-04-11,18,Jaipur,C-Scheme,6,6,6.23,72
2026-04-11,19,Jaipur,C-Scheme,9,9,5.28,108
2026-04-11,20,Jaipur,C-Scheme,9,9,5.76,108
2026-04-11,7,Jaipur,Malviya Nagar,7,7,5.42,84
2026-04-11,8,Jaipur,Malviya Nagar,8,8,6.69,96
2026-04-11,9,Jaipur,Malviya Nagar,8,8,6.15,96
2026-04-11,10,Jaipur,Malviya Nagar,6,6,5.88,72
2026-04-11,11,Jaipur,Malviya Nagar,9,9,6.39,108
2026-04-11,12,Jaipur,Malviya Nagar,6,6,5.99,72
2026-04-11,13,Jaipur,Malviya Nagar,6,6,5.92,72
2026-04-11,14,Jaipur,Malviya Nagar,9,9,5.86,108
2026-04-11,15,Jaipur,Malviya Nagar,9,9,5.21,108
2026-04-11,16,Jaipur,Malviya Nagar,6,6,5.9,72
2026-04-11,17,Jaipur,Malviya Nagar,9,9,5.77,108
2026-04-11,18,Jaipur,Malviya Nagar,6,6,5.49,72
2026-04-11,19,Jaipur,Malviya Nagar,9,9,6.02,108
2026-04-11,20,Jaipur,Malviya Nagar,7,7,5.14,84
2026-04-11,7,Delhi,Connaught Place,7,7,6.16,84
2026-04-11,8,Delhi,Connaught Place,7,7,6.15,84
2026-04-11,9,Delhi,Connaught Place,6,6,6.06,72
2026-04-11,10,Delhi,Connaught Place,6,6,6.41,72
2026-04-11,11,Delhi,Connaught Place,7,7,5.96,84
2026-04-11,12,Delhi,Connaught Place,9,9,5.81,108
2026-04-11,13,Delhi,Connaught Place,9,9,6.19,108
2026-04-11,14,Delhi,Connaught Place,7,7,6.08,84
2026-04-11,15,Delhi,Connaught Place,8,8,6.05,96
2026-04-11,16,Delhi,Connaught Place,9,9,6.33,108
2026-04-11,17,Delhi,Connaught Place,6,6,6.31,72
2026-04-11,18,Delhi,Connaught Place,9,9,6.35,108
2026-04-11,19,Delhi,Connaught Place,6,6,5.28,72
2026-04-11,20,Delhi,Connaught Place,9,9,6.62,108
2026-04-11,7,Delhi,Saket,7,7,5.31,84
2026-04-11,8,Delhi,Saket,9,9,5.71,108
2026-04-11,9,Delhi,Saket,6,6,5.89,72
2026-04-11,10,Delhi,Saket,6,6,5.8,72
2026-04-11,11,Delhi,Saket,9,9,5.58,108
2026-04-11,12,Delhi,Saket,8,8,5.68,96
2026-04-11,13,Delhi,Saket,9,9,6.16,108
2026-04-11,14,Delhi,Saket,7,7,6.2,84
2026-04-11,15,Delhi,Saket,8,8,6.08,96
2026-04-11,16,Delhi,Saket,7,7,6.2,84
2026-04-11,17,Delhi,Saket,9,9,6.03,108
2026-04-11,18,Delhi,Saket,7,7,6.04,84
2026-04-11,19,Delhi,Saket,9,9,6.31,108
2026-04-11,20,Delhi,Saket,9,9,6.22,108
2026-04-11,8,Mumbai,Bandra,8,8,6.03,96
2026-04-11,10,Mumbai,Bandra,8,8,6.88,96
2026-04-11,18,Mumbai,Bandra,8,8,6.13,96
2026-04-11,19,Mumbai,Bandra,7,7,5.96,84
2026-04-11,7,Mumbai,Andheri,9,9,6.16,108
2026-04-11,8,Mumbai,Andheri,6,6,5.71,72
2026-04-11,9,Mumbai,Andheri,7,7,5.62,84
2026-04-11,10,Mumbai,Andheri,6,6,6.37,72
2026-04-11,11,Mumbai,Andheri,6,6,6.05,72
2026-04-11,12,Mumbai,Andheri,6,6,5.97,72
2026-04-11,13,Mumbai,Andheri,6,6,5.66,72
2026-04-11,14,Mumbai,Andheri,8,8,5.57,96
2026-04-11,15,Mumbai,Andheri,7,7,6.24,84
2026-04-11,16,Mumbai,Andheri,9,9,6.13,108
2026-04-11,17,Mumbai,Andheri,6,6,6.27,72
2026-04-11,18,Mumbai,Andheri,8,8,5.7,96
2026-04-11,19,Mumbai,Andheri,7,7,5.62,84
2026-04-11,20,Mumbai,Andheri,6,6,6.52,72
2026-04-11,7,Bengaluru,Indiranagar,7,7,6.24,84
2026-04-11,8,Bengaluru,Indiranagar,7,7,6.5,84
2026-04-11,9,Bengaluru,Indiranagar,9,9,5.32,108
2026-04-11,10,Bengaluru,Indiranagar,6,6,5.7,72
2026-04-11,11,Bengaluru,Indiranagar,7,7,5.66,84
2026-04-11,12,Bengaluru,Indiranagar,7,7,5.57,84
2026-04-11,13,Bengaluru,Indiranagar,8,8,5.51,96
2026-04-11,14,Bengaluru,Indiranagar,7,7,6.13,84
2026-04-11,15,Bengaluru,Indiranagar,9,9,6.19,108
2026-04-11,16,Bengaluru,Indiranagar,7,7,6.2,84
2026-04-11,17,Bengaluru,Indiranagar,8,8,5.85,96
2026-04-11,18,Bengaluru,Indiranagar,6,6,6.85,72
2026-04-11,19,Bengaluru,Indiranagar,8,8,5.26,96
2026-04-11,20,Bengaluru,Indiranagar,8,8,5.6,96
2026-04-11,7,Bengaluru,Koramangala,9,9,6.01,108
2026-04-11,8,Bengaluru,Koramangala,8,8,5.95,96
2026-04-11,9,Bengaluru,Koramangala,9,9,6.8,108
2026-04-11,10,Bengaluru,Koramangala,7,7,6.22,84
2026-04-11,11,Bengaluru,Koramangala,7,7,5.63,84
2026-04-11,12,Bengaluru,Koramangala,7,7,5.6,84
2026-04-11,13,Bengaluru,Koramangala,8,8,6.07,96
2026-04-11,14,Bengaluru,Koramangala,7,7,5.26,84
2026-04-11,15,Bengaluru,Koramangala,8,8,6.01,96
2026-04-11,16,Bengaluru,Koramangala,7,7,5.91,84
2026-04-11,17,Bengaluru,Koramangala,6,6,5.78,72
2026-04-11,18,Bengaluru,Koramangala,7,7,5.93,84
2026-04-11,19,Bengaluru,Koramangala,6,6,6.24,72
2026-04-11,20,Bengaluru,Koramangala,7,7,6.43,84
2026-04-11,7,Hyderabad,Banjara Hills,7,7,5.82,84
2026-04-11,8,Hyderabad,Banjara Hills,8,8,6.18,96
2026-04-11,9,Hyderabad,Banjara Hills,7,7,5.83,84
2026-04-11,10,Hyderabad,Banjara Hills,6,6,6.32,72
2026-04-11,11,Hyderabad,Banjara Hills,8,8,6.52,96
2026-04-11,12,Hyderabad,Banjara Hills,9,9,6.71,108
2026-04-11,13,Hyderabad,Banjara Hills,7,7,6.01,84
2026-04-11,14,Hyderabad,Banjara Hills,8,8,6.0,96
2026-04-11,15,Hyderabad,Banjara Hills,6,6,5.74,72
2026-04-11,16,Hyderabad,Banjara Hills,8,8,5.41,96
2026-04-11,17,Hyderabad,Banjara Hills,8,8,5.69,96
2026-04-11,18,Hyderabad,Banjara Hills,8,8,6.03,96
2026-04-11,19,Hyderabad,Banjara Hills,8,8,5.56,96
2026-04-11,20,Hyderabad,Banjara Hills,9,9,6.09,108
2026-04-11,7,Hyderabad,Gachibowli,6,6,6.23,72
2026-04-11,8,Hyderabad,Gachibowli,8,8,6.87,96
2026-04-11,9,Hyderabad,Gachibowli,9,9,6.19,108
2026-04-11,10,Hyderabad,Gachibowli,8,8,5.57,96
2026-04-11,11,Hyderabad,Gachibowli,9,9,6.63,108
2026-04-11,12,Hyderabad,Gachibowli,7,7,5.63,84
2026-04-11,13,Hyderabad,Gachibowli,8,8,5.98,96
2026-04-11,14,Hyderabad,Gachibowli,6,6,5.96,72
2026-04-11,15,Hyderabad,Gachibowli,6,6,5.88,72
2026-04-11,16,Hyderabad,Gachibowli,6,6,6.49,72
2026-04-11,17,Hyderabad,Gachibowli,6,6,5.44,72
2026-04-11,18,Hyderabad,Gachibowli,8,8,6.38,96
2026-04-11,19,Hyderabad,Gachibowli,8,8,5.75,96
2026-04-11,20,Hyderabad,Gachibowli,7,7,5.37,84
2026-04-12,7,Ahmedabad,Satellite,8,8,5.98,96
2026-04-12,8,Ahmedabad,Satellite,6,6,6.47,72
2026-04-12,9,Ahmedabad,Satellite,9,9,5.97,108
2026-04-12,10,Ahmedabad,Satellite,9,9,6.27,108
2026-04-12,11,Ahmedabad,Satellite,6,6,6.41,72
2026-04-12,12,Ahmedabad,Satellite,7,7,5.53,84
2026-04-12,13,Ahmedabad,Satellite,9,9,6.1,108
2026-04-12,14,Ahmedabad,Satellite,8,8,6.43,96
2026-04-12,15,Ahmedabad,Satellite,8,8,5.05,96
2026-04-12,16,Ahmedabad,Satellite,9,9,5.69,108
2026-04-12,17,Ahmedabad,Satellite,7,7,5.92,84
2026-04-12,18,Ahmedabad,Satellite,7,7,6.19,84
2026-04-12,19,Ahmedabad,Satellite,6,6,6.24,72
2026-04-12,20,Ahmedabad,Satellite,7,7,5.91,84
2026-04-12,7,Ahmedabad,Navrangpura,9,9,5.82,108
2026-04-12,8,Ahmedabad,Navrangpura,7,7,6.17,84
2026-04-12,9,Ahmedabad,Navrangpura,9,9,6.25,108
2026-04-12,10,Ahmedabad,Navrangpura,6,6,6.36,72
2026-04-12,11,Ahmedabad,Navrangpura,7,7,4.77,84
2026-04-12,12,Ahmedabad,Navrangpura,7,7,5.49,84
2026-04-12,13,Ahmedabad,Navrangpura,6,6,5.78,72
2026-04-12,14,Ahmedabad,Navrangpura,6,6,5.21,72
2026-04-12,15,Ahmedabad,Navrangpura,9,9,6.01,108
2026-04-12,16,Ahmedabad,Navrangpura,8,8,6.44,96
2026-04-12,17,Ahmedabad,Navrangpura,7,7,6.18,84
2026-04-12,18,Ahmedabad,Navrangpura,6,6,6.15,72
2026-04-12,19,Ahmedabad,Navrangpura,6,6,6.91,72
2026-04-12,20,Ahmedabad,Navrangpura,9,9,6.39,108
2026-04-12,7,Jaipur,C-Scheme,8,8,6.18,96
2026-04-12,8,Jaipur,C-Scheme,6,6,6.46,72
2026-04-12,9,Jaipur,C-Scheme,8,8,5.83,96
2026-04-12,10,Jaipur,C-Scheme,8,8,6.47,96
2026-04-12,11,Jaipur,C-Scheme,6,6,7.03,72
2026-04-12,12,Jaipur,C-Scheme,6,6,5.7,72
2026-04-12,13,Jaipur,C-Scheme,6,6,5.88,72
2026-04-12,14,Jaipur,C-Scheme,6,6,5.8,72
2026-04-12,15,Jaipur,C-Scheme,8,8,4.89,96
2026-04-12,16,Jaipur,C-Scheme,9,9,5.83,108
2026-04-12,17,Jaipur,C-Scheme,9,9,5.8,108
2026-04-12,18,Jaipur,C-Scheme,7,7,6.77,84
2026-04-12,19,Jaipur,C-Scheme,6,6,6.52,72
2026-04-12,20,Jaipur,C-Scheme,8,8,6.1,96
2026-04-12,7,Jaipur,Malviya Nagar,8,8,6.11,96
2026-04-12,8,Jaipur,Malviya Nagar,9,9,6.55,108
2026-04-12,9,Jaipur,Malviya Nagar,6,6,6.2,72
2026-04-12,10,Jaipur,Malviya Nagar,9,9,6.15,108
2026-04-12,11,Jaipur,Malviya Nagar,9,9,6.16,108
2026-04-12,12,Jaipur,Malviya Nagar,7,7,6.89,84
2026-04-12,13,Jaipur,Malviya Nagar,7,7,6.17,84
2026-04-12,14,Jaipur,Malviya Nagar,8,8,6.5,96
2026-04-12,15,Jaipur,Malviya Nagar,8,8,6.0,96
2026-04-12,16,Jaipur,Malviya Nagar,7,7,5.05,84
2026-04-12,17,Jaipur,Malviya Nagar,6,6,5.11,72
2026-04-12,18,Jaipur,Malviya Nagar,6,6,6.59,72
2026-04-12,19,Jaipur,Malviya Nagar,8,8,6.4,96
2026-04-12,20,Jaipur,Malviya Nagar,6,6,5.64,72
2026-04-12,7,Delhi,Connaught Place,6,6,6.1,72
2026-04-12,8,Delhi,Connaught Place,6,6,5.99,72
2026-04-12,9,Delhi,Connaught Place,6,6,6.03,72
2026-04-12,10,Delhi,Connaught Place,6,6,7.11,72
2026-04-12,11,Delhi,Connaught Place,7,7,6.42,84
2026-04-12,12,Delhi,Connaught Place,6,6,6.34,72
2026-04-12,13,Delhi,Connaught Place,9,9,5.92,108
2026-04-12,14,Delhi,Connaught Place,8,8,5.18,96
2026-04-12,15,Delhi,Connaught Place,8,8,6.32,96
2026-04-12,16,Delhi,Connaught Place,6,6,5.61,72
2026-04-12,17,Delhi,Connaught Place,9,9,5.72,108
2026-04-12,18,Delhi,Connaught Place,7,7,6.6,84
2026-04-12,19,Delhi,Connaught Place,7,7,6.26,84
2026-04-12,20,Delhi,Connaught Place,8,8,6.25,96
2026-04-12,7,Delhi,Saket,8,8,6.08,96
2026-04-12,8,Delhi,Saket,9,9,5.53,108
2026-04-12,9,Delhi,Saket,6,6,6.06,72
2026-04-12,10,Delhi,Saket,6,6,6.13,72
2026-04-12,11,Delhi,Saket,9,9,6.63,108
2026-04-12,12,Delhi,Saket,7,7,6.63,84
2026-04-12,13,Delhi,Saket,9,9,5.86,108
2026-04-12,14,Delhi,Saket,9,9,6.19,108
2026-04-12,15,Delhi,Saket,9,9,6.59,108
2026-04-12,16,Delhi,Saket,7,7,6.45,84
2026-04-12,17,Delhi,Saket,9,9,5.65,108
2026-04-12,18,Delhi,Saket,8,8,6.32,96
2026-04-12,19,Delhi,Saket,9,9,5.9,108
2026-04-12,20,Delhi,Saket,6,6,5.95,72
2026-04-12,7,Mumbai,Bandra,9,9,5.86,108
2026-04-12,9,Mumbai,Bandra,6,6,5.72,72
2026-04-12,10,Mumbai,Bandra,6,6,6.02,72
2026-04-12,12,Mumbai,Bandra,9,9,6.32,108
2026-04-12,16,Mumbai,Bandra,9,9,6.27,108
2026-04-12,17,Mumbai,Bandra,7,7,5.98,84
2026-04-12,19,Mumbai,Bandra,7,7,5.34,84
2026-04-12,20,Mumbai,Bandra,6,6,6.12,72
2026-04-12,7,Mumbai,Andheri,7,7,5.54,84
2026-04-12,8,Mumbai,Andheri,7,7,5.82,84
2026-04-12,9,Mumbai,Andheri,7,7,5.74,84
2026-04-12,10,Mumbai,Andheri,7,7,6.24,84
2026-04-12,11,Mumbai,Andheri,7,7,6.39,84
2026-04-12,12,Mumbai,Andheri,8,8,6.11,96
2026-04-12,13,Mumbai,Andheri,7,7,5.65,84
2026-04-12,14,Mumbai,Andheri,9,9,5.34,108
2026-04-12,15,Mumbai,Andheri,6,6,5.86,72
2026-04-12,16,Mumbai,Andheri,7,7,5.05,84
2026-04-12,17,Mumbai,Andheri,8,8,5.64,96
2026-04-12,18,Mumbai,Andheri,8,8,6.63,96
2026-04-12,19,Mumbai,Andheri,6,6,5.42,72
2026-04-12,20,Mumbai,Andheri,6,6,6.44,72
2026-04-12,7,Bengaluru,Indiranagar,7,7,5.7,84
2026-04-12,8,Bengaluru,Indiranagar,8,8,5.75,96
2026-04-12,9,Bengaluru,Indiranagar,8,8,5.07,96
2026-04-12,10,Bengaluru,Indiranagar,7,7,5.26,84
2026-04-12,11,Bengaluru,Indiranagar,7,7,6.62,84
2026-04-12,12,Bengaluru,Indiranagar,8,8,5.83,96
2026-04-12,13,Bengaluru,Indiranagar,9,9,6.45,108
2026-04-12,14,Bengaluru,Indiranagar,6,6,6.84,72
2026-04-12,15,Bengaluru,Indiranagar,9,9,5.99,108
2026-04-12,16,Bengaluru,Indiranagar,9,9,6.73,108
2026-04-12,17,Bengaluru,Indiranagar,9,9,6.41,108
2026-04-12,18,Bengaluru,Indiranagar,6,6,5.59,72
2026-04-12,19,Bengaluru,Indiranagar,9,9,5.9,108
2026-04-12,20,Bengaluru,Indiranagar,7,7,5.62,84
2026-04-12,7,Bengaluru,Koramangala,8,8,5.33,96
2026-04-12,8,Bengaluru,Koramangala,6,6,5.61,72
2026-04-12,9,Bengaluru,Koramangala,6,6,6.4,72
2026-04-12,10,Bengaluru,Koramangala,7,7,5.95,84
2026-04-12,11,Bengaluru,Koramangala,9,9,6.23,108
2026-04-12,12,Bengaluru,Koramangala,9,9,5.61,108
2026-04-12,13,Bengaluru,Koramangala,8,8,6.33,96
2026-04-12,14,Bengaluru,Koramangala,6,6,7.04,72
2026-04-12,15,Bengaluru,Koramangala,6,6,5.82,72
2026-04-12,16,Bengaluru,Koramangala,6,6,6.31,72
2026-04-12,17,Bengaluru,Koramangala,7,7,5.79,84
2026-04-12,18,Bengaluru,Koramangala,9,9,5.84,108
2026-04-12,19,Bengaluru,Koramangala,8,8,5.67,96
2026-04-12,20,Bengaluru,Koramangala,9,9,5.84,108
2026-04-12,7,Hyderabad,Banjara Hills,9,9,6.4,108
2026-04-12,8,Hyderabad,Banjara Hills,8,8,5.76,96
2026-04-12,9,Hyderabad,Banjara Hills,9,9,5.23,108
2026-04-12,10,Hyderabad,Banjara Hills,6,6,5.5,72
2026-04-12,11,Hyderabad,Banjara Hills,7,7,5.94,84
2026-04-12,12,Hyderabad,Banjara Hills,9,9,5.52,108
2026-04-12,13,Hyderabad,Banjara Hills,9,9,5.69,108
2026-04-12,14,Hyderabad,Banjara Hills,8,8,5.82,96
2026-04-12,15,Hyderabad,Banjara Hills,7,7,6.26,84
2026-04-12,16,Hyderabad,Banjara Hills,8,8,6.01,96
2026-04-12,17,Hyderabad,Banjara Hills,7,7,5.83,84
2026-04-12,18,Hyderabad,Banjara Hills,9,9,6.13,108
2026-04-12,19,Hyderabad,Banjara Hills,6,6,5.64,72
2026-04-12,20,Hyderabad,Banjara Hills,9,9,6.01,108
2026-04-12,7,Hyderabad,Gachibowli,8,8,6.08,96
2026-04-12,8,Hyderabad,Gachibowli,8,8,6.3,96
2026-04-12,9,Hyderabad,Gachibowli,8,8,6.73,96
2026-04-12,10,Hyderabad,Gachibowli,6,6,5.65,72
2026-04-12,11,Hyderabad,Gachibowli,6,6,5.99,72
2026-04-12,12,Hyderabad,Gachibowli,9,9,5.96,108
2026-04-12,13,Hyderabad,Gachibowli,9,9,6.04,108
2026-04-12,14,Hyderabad,Gachibowli,8,8,6.34,96
2026-04-12,15,Hyderabad,Gachibowli,8,8,6.0,96
2026-04-12,16,Hyderabad,Gachibowli,7,7,6.33,84
2026-04-12,17,Hyderabad,Gachibowli,7,7,6.31,84
2026-04-12,18,Hyderabad,Gachibowli,6,6,5.7,72
2026-04-12,19,Hyderabad,Gachibowli,8,8,6.88,96
2026-04-12,20,Hyderabad,Gachibowli,8,8,5.95,96
2026-04-13,7,Ahmedabad,Satellite,9,9,5.78,108
2026-04-13,8,Ahmedabad,Satellite,9,9,6.49,108
2026-04-13,9,Ahmedabad,Satellite,9,9,6.1,108
2026-04-13,10,Ahmedabad,Satellite,6,6,6.4,72
2026-04-13,11,Ahmedabad,Satellite,9,9,6.49,108
2026-04-13,12,Ahmedabad,Satellite,6,6,6.37,72
2026-04-13,13,Ahmedabad,Satellite,6,6,6.14,72
2026-04-13,14,Ahmedabad,Satellite,8,8,6.36,96
2026-04-13,15,Ahmedabad,Satellite,7,7,5.76,84
2026-04-13,16,Ahmedabad,Satellite,7,7,6.68,84
2026-04-13,17,Ahmedabad,Satellite,7,7,6.32,84
2026-04-13,18,Ahmedabad,Satellite,8,8,6.05,96
2026-04-13,19,Ahmedabad,Satellite,8,8,6.0,96
2026-04-13,20,Ahmedabad,Satellite,8,8,6.57,96
2026-04-13,7,Ahmedabad,Navrangpura,7,7,5.32,84
2026-04-13,8,Ahmedabad,Navrangpura,8,8,5.91,96
2026-04-13,9,Ahmedabad,Navrangpura,9,9,5.91,108
2026-04-13,10,Ahmedabad,Navrangpura,9,9,5.28,108
2026-04-13,11,Ahmedabad,Navrangpura,7,7,6.27,84
2026-04-13,12,Ahmedabad,Navrangpura,6,6,5.97,72
2026-04-13,13,Ahmedabad,Navrangpura,8,8,6.43,96
2026-04-13,14,Ahmedabad,Navrangpura,7,7,5.78,84
2026-04-13,15,Ahmedabad,Navrangpura,6,6,6.22,72
2026-04-13,16,Ahmedabad,Navrangpura,7,7,6.1,84
2026-04-13,17,Ahmedabad,Navrangpura,8,8,5.93,96
2026-04-13,18,Ahmedabad,Navrangpura,9,9,6.42,108
2026-04-13,19,Ahmedabad,Navrangpura,8,8,5.35,96
2026-04-13,20,Ahmedabad,Navrangpura,9,9,6.25,108
2026-04-13,7,Jaipur,C-Scheme,9,9,6.19,108
2026-04-13,8,Jaipur,C-Scheme,9,9,6.16,108
2026-04-13,9,Jaipur,C-Scheme,9,9,6.31,108
2026-04-13,10,Jaipur,C-Scheme,8,8,5.98,96
2026-04-13,11,Jaipur,C-Scheme,7,7,5.88,84
2026-04-13,12,Jaipur,C-Scheme,6,6,6.81,72
2026-04-13,13,Jaipur,C-Scheme,9,9,6.2,108
2026-04-13,14,Jaipur,C-Scheme,6,6,5.33,72
2026-04-13,15,Jaipur,C-Scheme,7,7,5.83,84
2026-04-13,16,Jaipur,C-Scheme,9,9,5.17,108
2026-04-13,17,Jaipur,C-Scheme,7,7,5.85,84
2026-04-13,18,Jaipur,C-Scheme,9,9,5.16,108
2026-04-13,19,Jaipur,C-Scheme,7,7,6.57,84
2026-04-13,20,Jaipur,C-Scheme,6,6,6.6,72
2026-04-13,7,Jaipur,Malviya Nagar,9,9,6.02,108
2026-04-13,8,Jaipur,Malviya Nagar,9,9,6.53,108
2026-04-13,9,Jaipur,Malviya Nagar,7,7,6.45,84
2026-04-13,10,Jaipur,Malviya Nagar,6,6,5.62,72
2026-04-13,11,Jaipur,Malviya Nagar,6,6,6.18,72
2026-04-13,12,Jaipur,Malviya Nagar,7,7,5.28,84
2026-04-13,13,Jaipur,Malviya Nagar,6,6,6.91,72
2026-04-13,14,Jaipur,Malviya Nagar,7,7,6.26,84
2026-04-13,15,Jaipur,Malviya Nagar,8,8,6.07,96
2026-04-13,16,Jaipur,Malviya Nagar,7,7,5.97,84
2026-04-13,17,Jaipur,Malviya Nagar,8,8,5.67,96
2026-04-13,18,Jaipur,Malviya Nagar,8,8,5.61,96
2026-04-13,19,Jaipur,Malviya Nagar,8,8,6.55,96
2026-04-13,20,Jaipur,Malviya Nagar,6,6,5.6,72
2026-04-13,7,Delhi,Connaught Place,8,8,5.97,96
2026-04-13,8,Delhi,Connaught Place,8,8,6.14,96
2026-04-13,9,Delhi,Connaught Place,7,7,6.4,84
2026-04-13,10,Delhi,Connaught Place,9,9,6.03,108
2026-04-13,11,Delhi,Connaught Place,7,7,6.12,84
2026-04-13,12,Delhi,Connaught Place,8,8,6.25,96
2026-04-13,13,Delhi,Connaught Place,6,6,6.86,72
2026-04-13,14,Delhi,Connaught Place,9,9,6.19,108
2026-04-13,15,Delhi,Connaught Place,6,6,5.36,72
2026-04-13,16,Delhi,Connaught Place,9,9,5.67,108
2026-04-13,17,Delhi,Connaught Place,9,9,6.11,108
2026-04-13,18,Delhi,Connaught Place,9,9,5.23,108
2026-04-13,19,Delhi,Connaught Place,8,8,5.78,96
2026-04-13,20,Delhi,Connaught Place,6,6,6.56,72
2026-04-13,7,Delhi,Saket,8,8,6.08,96
2026-04-13,8,Delhi,Saket,7,7,6.47,84
2026-04-13,9,Delhi,Saket,6,6,5.6,72
2026-04-13,10,Delhi,Saket,7,7,5.92,84
2026-04-13,11,Delhi,Saket,8,8,5.47,96
2026-04-13,12,Delhi,Saket,6,6,5.33,72
2026-04-13,13,Delhi,Saket,7,7,5.76,84
2026-04-13,14,Delhi,Saket,8,8,5.84,96
2026-04-13,15,Delhi,Saket,7,7,5.73,84
2026-04-13,16,Delhi,Saket,7,7,6.0,84
2026-04-13,17,Delhi,Saket,6,6,5.69,72
2026-04-13,18,Delhi,Saket,7,7,6.66,84
2026-04-13,19,Delhi,Saket,6,6,5.73,72
2026-04-13,20,Delhi,Saket,7,7,6.61,84
2026-04-13,7,Mumbai,Bandra,7,7,5.78,84
2026-04-13,8,Mumbai,Bandra,6,6,5.94,72
2026-04-13,9,Mumbai,Bandra,9,9,6.59,108
2026-04-13,14,Mumbai,Bandra,7,7,6.46,84
2026-04-13,15,Mumbai,Bandra,7,7,6.28,84
2026-04-13,7,Mumbai,Andheri,8,8,5.62,96
2026-04-13,8,Mumbai,Andheri,9,9,6.58,108
2026-04-13,9,Mumbai,Andheri,8,8,6.66,96
2026-04-13,10,Mumbai,Andheri,9,9,5.79,108
2026-04-13,11,Mumbai,Andheri,8,8,6.96,96
2026-04-13,12,Mumbai,Andheri,8,8,5.58,96
2026-04-13,13,Mumbai,Andheri,7,7,6.07,84
2026-04-13,14,Mumbai,Andheri,6,6,6.51,72
2026-04-13,15,Mumbai,Andheri,9,9,5.99,108
2026-04-13,16,Mumbai,Andheri,6,6,5.77,72
2026-04-13,17,Mumbai,Andheri,7,7,5.62,84
2026-04-13,18,Mumbai,Andheri,6,6,5.93,72
2026-04-13,19,Mumbai,Andheri,9,9,5.6,108
2026-04-13,20,Mumbai,Andheri,9,9,5.72,108
2026-04-13,7,Bengaluru,Indiranagar,7,7,5.43,84
2026-04-13,8,Bengaluru,Indiranagar,6,6,5.83,72
2026-04-13,9,Bengaluru,Indiranagar,7,7,5.84,84
2026-04-13,10,Bengaluru,Indiranagar,6,6,5.89,72
2026-04-13,11,Bengaluru,Indiranagar,9,9,5.74,108
2026-04-13,12,Bengaluru,Indiranagar,6,6,6.28,72
2026-04-13,13,Bengaluru,Indiranagar,6,6,5.81,72
2026-04-13,14,Bengaluru,Indiranagar,7,7,6.19,84
2026-04-13,15,Bengaluru,Indiranagar,9,9,6.15,108
2026-04-13,16,Bengaluru,Indiranagar,6,6,6.63,72
2026-04-13,17,Bengaluru,Indiranagar,6,6,5.29,72
2026-04-13,18,Bengaluru,Indiranagar,8,8,6.18,96
2026-04-13,19,Bengaluru,Indiranagar,8,8,5.91,96
2026-04-13,20,Bengaluru,Indiranagar,6,6,6.4,72
2026-04-13,7,Bengaluru,Koramangala,7,7,5.41,84
2026-04-13,8,Bengaluru,Koramangala,9,9,6.06,108
2026-04-13,9,Bengaluru,Koramangala,9,9,5.9,108
2026-04-13,10,Bengaluru,Koramangala,7,7,6.51,84
2026-04-13,11,Bengaluru,Koramangala,6,6,5.49,72
2026-04-13,12,Bengaluru,Koramangala,8,8,5.59,96
2026-04-13,13,Bengaluru,Koramangala,8,8,5.85,96
2026-04-13,14,Bengaluru,Koramangala,9,9,6.56,108
2026-04-13,15,Bengaluru,Koramangala,8,8,6.2,96
2026-04-13,16,Bengaluru,Koramangala,8,8,6.06,96
2026-04-13,17,Bengaluru,Koramangala,7,7,5.66,84
2026-04-13,18,Bengaluru,Koramangala,8,8,6.34,96
2026-04-13,19,Bengaluru,Koramangala,8,8,6.33,96
2026-04-13,20,Bengaluru,Koramangala,7,7,6.47,84
2026-04-13,7,Hyderabad,Banjara Hills,8,8,5.93,96
2026-04-13,8,Hyderabad,Banjara Hills,7,7,6.16,84
2026-04-13,9,Hyderabad,Banjara Hills,9,9,6.12,108
2026-04-13,10,Hyderabad,Banjara Hills,9,9,5.95,108
2026-04-13,11,Hyderabad,Banjara Hills,6,6,6.28,72
2026-04-13,12,Hyderabad,Banjara Hills,9,9,5.97,108
2026-04-13,13,Hyderabad,Banjara Hills,8,8,5.94,96
2026-04-13,14,Hyderabad,Banjara Hills,7,7,6.03,84
2026-04-13,15,Hyderabad,Banjara Hills,6,6,6.06,72
2026-04-13,16,Hyderabad,Banjara Hills,7,7,6.42,84
2026-04-13,17,Hyderabad,Banjara Hills,9,9,6.07,108
2026-04-13,18,Hyderabad,Banjara Hills,6,6,6.52,72
2026-04-13,19,Hyderabad,Banjara Hills,7,7,6.07,84
2026-04-13,20,Hyderabad,Banjara Hills,6,6,5.77,72
2026-04-13,7,Hyderabad,Gachibowli,8,8,5.64,96
2026-04-13,8,Hyderabad,Gachibowli,8,8,5.93,96
2026-04-13,9,Hyderabad,Gachibowli,8,8,5.49,96
2026-04-13,10,Hyderabad,Gachibowli,9,9,5.53,108
2026-04-13,11,Hyderabad,Gachibowli,6,6,6.69,72
2026-04-13,12,Hyderabad,Gachibowli,9,9,5.82,108
2026-04-13,13,Hyderabad,Gachibowli,8,8,5.84,96
2026-04-13,14,Hyderabad,Gachibowli,8,8,5.62,96
2026-04-13,15,Hyderabad,Gachibowli,9,9,6.98,108
2026-04-13,16,Hyderabad,Gachibowli,9,9,6.56,108
2026-04-13,17,Hyderabad,Gachibowli,8,8,6.26,96
2026-04-13,18,Hyderabad,Gachibowli,6,6,5.67,72
2026-04-13,19,Hyderabad,Gachibowli,7,7,6.41,84
2026-04-13,20,Hyderabad,Gachibowli,6,6,6.46,72
2026-04-14,7,Ahmedabad,Satellite,9,9,5.81,108
2026-04-14,8,Ahmedabad,Satellite,6,6,5.93,72
2026-04-14,9,Ahmedabad,Satellite,6,6,5.58,72
2026-04-14,10,Ahmedabad,Satellite,9,9,6.16,108
2026-04-14,11,Ahmedabad,Satellite,7,7,5.35,84
2026-04-14,12,Ahmedabad,Satellite,6,6,6.05,72
2026-04-14,13,Ahmedabad,Satellite,9,9,5.52,108
2026-04-14,14,Ahmedabad,Satellite,8,8,6.26,96
2026-04-14,15,Ahmedabad,Satellite,9,9,6.3,108
2026-04-14,16,Ahmedabad,Satellite,7,7,6.35,84
2026-04-14,17,Ahmedabad,Satellite,9,9,5.35,108
2026-04-14,18,Ahmedabad,Satellite,9,9,5.79,108
2026-04-14,19,Ahmedabad,Satellite,6,6,5.78,72
2026-04-14,20,Ahmedabad,Satellite,7,7,5.72,84
2026-04-14,7,Ahmedabad,Navrangpura,8,8,6.7,96
2026-04-14,8,Ahmedabad,Navrangpura,8,8,6.33,96
2026-04-14,9,Ahmedabad,Navrangpura,8,8,6.39,96
2026-04-14,10,Ahmedabad,Navrangpura,7,7,6.23,84
2026-04-14,11,Ahmedabad,Navrangpura,7,7,5.93,84
2026-04-14,12,Ahmedabad,Navrangpura,8,8,5.83,96
2026-04-14,13,Ahmedabad,Navrangpura,8,8,6.22,96
2026-04-14,14,Ahmedabad,Navrangpura,7,7,5.81,84
2026-04-14,15,Ahmedabad,Navrangpura,7,7,5.6,84
2026-04-14,16,Ahmedabad,Navrangpura,7,7,6.6,84
2026-04-14,17,Ahmedabad,Navrangpura,9,9,6.2,108
2026-04-14,18,Ahmedabad,Navrangpura,6,6,6.43,72
2026-04-14,19,Ahmedabad,Navrangpura,8,8,6.04,96
2026-04-14,20,Ahmedabad,Navrangpura,6,6,6.0,72
2026-04-14,7,Jaipur,C-Scheme,8,8,5.77,96
2026-04-14,8,Jaipur,C-Scheme,7,7,5.82,84
2026-04-14,9,Jaipur,C-Scheme,7,7,5.96,84
2026-04-14,10,Jaipur,C-Scheme,7,7,5.69,84
2026-04-14,11,Jaipur,C-Scheme,7,7,6.44,84
2026-04-14,12,Jaipur,C-Scheme,8,8,6.27,96
2026-04-14,13,Jaipur,C-Scheme,9,9,5.9,108
2026-04-14,14,Jaipur,C-Scheme,7,7,6.23,84
2026-04-14,15,Jaipur,C-Scheme,8,8,5.9,96
2026-04-14,16,Jaipur,C-Scheme,6,6,6.39,72
2026-04-14,17,Jaipur,C-Scheme,9,9,5.61,108
2026-04-14,18,Jaipur,C-Scheme,7,7,5.66,84
2026-04-14,19,Jaipur,C-Scheme,6,6,6.69,72
2026-04-14,20,Jaipur,C-Scheme,6,6,5.23,72
2026-04-14,7,Jaipur,Malviya Nagar,6,6,5.45,72
2026-04-14,8,Jaipur,Malviya Nagar,6,6,5.75,72
2026-04-14,9,Jaipur,Malviya Nagar,6,6,5.83,72
2026-04-14,10,Jaipur,Malviya Nagar,7,7,5.79,84
2026-04-14,11,Jaipur,Malviya Nagar,8,8,5.79,96
2026-04-14,12,Jaipur,Malviya Nagar,6,6,5.42,72
2026-04-14,13,Jaipur,Malviya Nagar,7,7,6.3,84
2026-04-14,14,Jaipur,Malviya Nagar,8,8,6.34,96
2026-04-14,15,Jaipur,Malviya Nagar,7,7,6.12,84
2026-04-14,16,Jaipur,Malviya Nagar,6,6,6.27,72
2026-04-14,17,Jaipur,Malviya Nagar,7,7,6.0,84
2026-04-14,18,Jaipur,Malviya Nagar,6,6,5.95,72
2026-04-14,19,Jaipur,Malviya Nagar,9,9,6.77,108
2026-04-14,20,Jaipur,Malviya Nagar,9,9,5.33,108
2026-04-14,7,Delhi,Connaught Place,8,8,5.63,96
2026-04-14,8,Delhi,Connaught Place,9,9,6.39,108
2026-04-14,9,Delhi,Connaught Place,7,7,5.6,84
2026-04-14,10,Delhi,Connaught Place,6,6,6.2,72
2026-04-14,11,Delhi,Connaught Place,6,6,6.22,72
2026-04-14,12,Delhi,Connaught Place,7,7,6.09,84
2026-04-14,13,Delhi,Connaught Place,7,7,6.03,84
2026-04-14,14,Delhi,Connaught Place,9,9,5.93,108
2026-04-14,15,Delhi,Connaught Place,7,7,6.23,84
2026-04-14,16,Delhi,Connaught Place,9,9,6.29,108
2026-04-14,17,Delhi,Connaught Place,7,7,5.58,84
2026-04-14,18,Delhi,Connaught Place,8,8,5.77,96
2026-04-14,19,Delhi,Connaught Place,8,8,6.31,96
2026-04-14,20,Delhi,Connaught Place,8,8,6.39,96
2026-04-14,7,Delhi,Saket,7,7,6.57,84
2026-04-14,8,Delhi,Saket,6,6,6.55,72
2026-04-14,9,Delhi,Saket,9,9,5.67,108
2026-04-14,10,Delhi,Saket,6,6,6.63,72
2026-04-14,11,Delhi,Saket,8,8,6.05,96
2026-04-14,12,Delhi,Saket,6,6,5.86,72
2026-04-14,13,Delhi,Saket,8,8,5.41,96
2026-04-14,14,Delhi,Saket,6,6,6.25,72
2026-04-14,15,Delhi,Saket,7,7,7.22,84
2026-04-14,16,Delhi,Saket,8,8,5.57,96
2026-04-14,17,Delhi,Saket,8,8,6.2,96
2026-04-14,18,Delhi,Saket,8,8,6.61,96
2026-04-14,19,Delhi,Saket,8,8,6.23,96
2026-04-14,20,Delhi,Saket,9,9,5.26,108
2026-04-14,8,Mumbai,Bandra,7,7,5.24,84
2026-04-14,9,Mumbai,Bandra,8,8,5.1,96
2026-04-14,11,Mumbai,Bandra,6,6,5.67,72
2026-04-14,15,Mumbai,Bandra,6,6,6.0,72
2026-04-14,16,Mumbai,Bandra,9,9,6.12,108
2026-04-14,17,Mumbai,Bandra,6,6,6.06,72
2026-04-14,20,Mumbai,Bandra,8,8,6.17,96
2026-04-14,7,Mumbai,Andheri,8,8,5.73,96
2026-04-14,8,Mumbai,Andheri,6,6,5.74,72
2026-04-14,9,Mumbai,Andheri,9,9,6.39,108
2026-04-14,10,Mumbai,Andheri,6,6,6.03,72
2026-04-14,11,Mumbai,Andheri,9,9,6.32,108
2026-04-14,12,Mumbai,Andheri,8,8,5.78,96
2026-04-14,13,Mumbai,Andheri,6,6,6.41,72
2026-04-14,14,Mumbai,Andheri,8,8,5.79,96
2026-04-14,15,Mumbai,Andheri,6,6,6.02,72
2026-04-14,16,Mumbai,Andheri,8,8,6.46,96
2026-04-14,17,Mumbai,Andheri,9,9,5.52,108
2026-04-14,18,Mumbai,Andheri,8,8,6.22,96
2026-04-14,19,Mumbai,Andheri,8,8,6.76,96
2026-04-14,20,Mumbai,Andheri,8,8,6.0,96
2026-04-14,7,Bengaluru,Indiranagar,6,6,6.14,72
2026-04-14,8,Bengaluru,Indiranagar,8,8,6.78,96
2026-04-14,9,Bengaluru,Indiranagar,8,8,6.73,96
2026-04-14,10,Bengaluru,Indiranagar,8,8,5.59,96
2026-04-14,11,Bengaluru,Indiranagar,7,7,5.71,84
2026-04-14,12,Bengaluru,Indiranagar,6,6,6.09,72
2026-04-14,13,Bengaluru,Indiranagar,6,6,5.74,72
2026-04-14,14,Bengaluru,Indiranagar,8,8,5.73,96
2026-04-14,15,Bengaluru,Indiranagar,6,6,6.32,72
2026-04-14,16,Bengaluru,Indiranagar,7,7,6.11,84
2026-04-14,17,Bengaluru,Indiranagar,6,6,5.88,72
2026-04-14,18,Bengaluru,Indiranagar,7,7,5.7,84
2026-04-14,19,Bengaluru,Indiranagar,9,9,6.47,108
2026-04-14,20,Bengaluru,Indiranagar,9,9,6.42,108
2026-04-14,7,Bengaluru,Koramangala,8,8,4.9,96
2026-04-14,8,Bengaluru,Koramangala,8,8,5.29,96
2026-04-14,9,Bengaluru,Koramangala,6,6,5.84,72
2026-04-14,10,Bengaluru,Koramangala,6,6,5.7,72
2026-04-14,11,Bengaluru,Koramangala,8,8,6.51,96
2026-04-14,12,Bengaluru,Koramangala,6,6,6.01,72
2026-04-14,13,Bengaluru,Koramangala,7,7,5.95,84
2026-04-14,14,Bengaluru,Koramangala,7,7,6.09,84
2026-04-14,15,Bengaluru,Koramangala,7,7,6.17,84
2026-04-14,16,Bengaluru,Koramangala,8,8,6.29,96
2026-04-14,17,Bengaluru,Koramangala,9,9,5.53,108
2026-04-14,18,Bengaluru,Koramangala,9,9,6.3,108
2026-04-14,19,Bengaluru,Koramangala,7,7,5.87,84
2026-04-14,20,Bengaluru,Koramangala,6,6,4.99,72
2026-04-14,7,Hyderabad,Banjara Hills,8,8,5.59,96
2026-04-14,8,Hyderabad,Banjara Hills,7,7,6.21,84
2026-04-14,9,Hyderabad,Banjara Hills,7,7,6.07,84
2026-04-14,10,Hyderabad,Banjara Hills,6,6,6.78,72
2026-04-14,11,Hyderabad,Banjara Hills,6,6,5.99,72
2026-04-14,12,Hyderabad,Banjara Hills,8,8,6.12,96
2026-04-14,13,Hyderabad,Banjara Hills,7,7,6.01,84
2026-04-14,14,Hyderabad,Banjara Hills,6,6,5.36,72
2026-04-14,15,Hyderabad,Banjara Hills,6,6,5.73,72
2026-04-14,16,Hyderabad,Banjara Hills,9,9,6.81,108
2026-04-14,17,Hyderabad,Banjara Hills,9,9,6.41,108
2026-04-14,18,Hyderabad,Banjara Hills,6,6,5.98,72
2026-04-14,19,Hyderabad,Banjara Hills,9,9,5.77,108
2026-04-14,20,Hyderabad,Banjara Hills,7,7,6.05,84
2026-04-14,7,Hyderabad,Gachibowli,7,7,5.69,84
2026-04-14,8,Hyderabad,Gachibowli,7,7,5.95,84
2026-04-14,9,Hyderabad,Gachibowli,8,8,6.92,96
2026-04-14,10,Hyderabad,Gachibowli,9,9,5.96,108
2026-04-14,11,Hyderabad,Gachibowli,7,7,5.92,84
2026-04-14,12,Hyderabad,Gachibowli,6,6,6.1,72
2026-04-14,13,Hyderabad,Gachibowli,8,8,5.82,96
2026-04-14,14,Hyderabad,Gachibowli,8,8,6.08,96
2026-04-14,15,Hyderabad,Gachibowli,9,9,6.09,108
2026-04-14,16,Hyderabad,Gachibowli,6,6,6.55,72
2026-04-14,17,Hyderabad,Gachibowli,9,9,6.65,108
2026-04-14,18,Hyderabad,Gachibowli,7,7,5.98,84
2026-04-14,19,Hyderabad,Gachibowli,7,7,5.81,84
2026-04-14,20,Hyderabad,Gachibowli,7,7,5.69,84
2026-04-15,7,Ahmedabad,Satellite,8,8,6.93,96
2026-04-15,8,Ahmedabad,Satellite,6,6,6.33,72
2026-04-15,9,Ahmedabad,Satellite,7,7,6.5,84
2026-04-15,10,Ahmedabad,Satellite,6,6,6.28,72
2026-04-15,11,Ahmedabad,Satellite,8,8,5.38,96
2026-04-15,12,Ahmedabad,Satellite,8,8,5.89,96
2026-04-15,13,Ahmedabad,Satellite,8,8,5.21,96
2026-04-15,14,Ahmedabad,Satellite,7,7,6.42,84
2026-04-15,15,Ahmedabad,Satellite,9,9,6.3,108
2026-04-15,16,Ahmedabad,Satellite,7,7,6.94,84
2026-04-15,17,Ahmedabad,Satellite,6,6,5.83,72
2026-04-15,18,Ahmedabad,Satellite,8,8,6.05,96
2026-04-15,19,Ahmedabad,Satellite,8,8,5.77,96
2026-04-15,20,Ahmedabad,Satellite,7,7,5.75,84
2026-04-15,7,Ahmedabad,Navrangpura,8,8,6.15,96
2026-04-15,8,Ahmedabad,Navrangpura,8,8,5.18,96
2026-04-15,9,Ahmedabad,Navrangpura,7,7,6.6,84
2026-04-15,10,Ahmedabad,Navrangpura,9,9,6.16,108
2026-04-15,11,Ahmedabad,Navrangpura,7,7,5.93,84
2026-04-15,12,Ahmedabad,Navrangpura,6,6,6.01,72
2026-04-15,13,Ahmedabad,Navrangpura,9,9,5.46,108
2026-04-15,14,Ahmedabad,Navrangpura,9,9,5.66,108
2026-04-15,15,Ahmedabad,Navrangpura,8,8,5.96,96
2026-04-15,16,Ahmedabad,Navrangpura,9,9,6.23,108
2026-04-15,17,Ahmedabad,Navrangpura,8,8,6.14,96
2026-04-15,18,Ahmedabad,Navrangpura,7,7,6.44,84
2026-04-15,19,Ahmedabad,Navrangpura,6,6,6.06,72
2026-04-15,20,Ahmedabad,Navrangpura,9,9,5.96,108
2026-04-15,7,Jaipur,C-Scheme,7,7,5.97,84
2026-04-15,8,Jaipur,C-Scheme,8,8,6.5,96
2026-04-15,9,Jaipur,C-Scheme,7,7,5.64,84
2026-04-15,10,Jaipur,C-Scheme,8,8,5.8,96
2026-04-15,11,Jaipur,C-Scheme,9,9,5.85,108
2026-04-15,12,Jaipur,C-Scheme,7,7,6.19,84
2026-04-15,13,Jaipur,C-Scheme,9,9,6.36,108
2026-04-15,14,Jaipur,C-Scheme,7,7,6.57,84
2026-04-15,15,Jaipur,C-Scheme,6,6,5.63,72
2026-04-15,16,Jaipur,C-Scheme,6,6,5.64,72
2026-04-15,17,Jaipur,C-Scheme,7,7,5.82,84
2026-04-15,18,Jaipur,C-Scheme,6,6,5.54,72
2026-04-15,19,Jaipur,C-Scheme,6,6,5.81,72
2026-04-15,20,Jaipur,C-Scheme,7,7,5.73,84
2026-04-15,7,Jaipur,Malviya Nagar,8,8,6.47,96
2026-04-15,8,Jaipur,Malviya Nagar,6,6,6.08,72
2026-04-15,9,Jaipur,Malviya Nagar,8,8,6.07,96
2026-04-15,10,Jaipur,Malviya Nagar,9,9,5.88,108
2026-04-15,11,Jaipur,Malviya Nagar,6,6,6.1,72
2026-04-15,12,Jaipur,Malviya Nagar,7,7,6.17,84
2026-04-15,13,Jaipur,Malviya Nagar,7,7,5.66,84
2026-04-15,14,Jaipur,Malviya Nagar,9,9,6.34,108
2026-04-15,15,Jaipur,Malviya Nagar,7,7,5.37,84
2026-04-15,16,Jaipur,Malviya Nagar,8,8,6.31,96
2026-04-15,17,Jaipur,Malviya Nagar,6,6,5.66,72
2026-04-15,18,Jaipur,Malviya Nagar,9,9,6.0,108
2026-04-15,19,Jaipur,Malviya Nagar,6,6,5.5,72
2026-04-15,20,Jaipur,Malviya Nagar,8,8,6.42,96
2026-04-15,7,Delhi,Connaught Place,7,7,5.56,84
2026-04-15,8,Delhi,Connaught Place,6,6,6.09,72
2026-04-15,9,Delhi,Connaught Place,9,9,5.81,108
2026-04-15,10,Delhi,Connaught Place,6,6,6.3,72
2026-04-15,11,Delhi,Connaught Place,9,9,5.64,108
2026-04-15,12,Delhi,Connaught Place,9,9,6.06,108
2026-04-15,13,Delhi,Connaught Place,6,6,6.5,72
2026-04-15,14,Delhi,Connaught Place,8,8,5.73,96
2026-04-15,15,Delhi,Connaught Place,6,6,5.69,72
2026-04-15,16,Delhi,Connaught Place,6,6,6.73,72
2026-04-15,17,Delhi,Connaught Place,9,9,6.53,108
2026-04-15,18,Delhi,Connaught Place,8,8,5.74,96
2026-04-15,19,Delhi,Connaught Place,6,6,6.24,72
2026-04-15,20,Delhi,Connaught Place,8,8,5.59,96
2026-04-15,7,Delhi,Saket,7,7,6.31,84
2026-04-15,8,Delhi,Saket,6,6,6.42,72
2026-04-15,9,Delhi,Saket,8,8,6.02,96
2026-04-15,10,Delhi,Saket,6,6,6.3,72
2026-04-15,11,Delhi,Saket,9,9,5.48,108
2026-04-15,12,Delhi,Saket,7,7,5.67,84
2026-04-15,13,Delhi,Saket,6,6,6.49,72
2026-04-15,14,Delhi,Saket,6,6,6.65,72
2026-04-15,15,Delhi,Saket,6,6,6.11,72
2026-04-15,16,Delhi,Saket,9,9,6.3,108
2026-04-15,17,Delhi,Saket,7,7,5.94,84
2026-04-15,18,Delhi,Saket,6,6,5.67,72
2026-04-15,19,Delhi,Saket,7,7,6.13,84
2026-04-15,20,Delhi,Saket,8,8,6.07,96
2026-04-15,7,Mumbai,Bandra,7,7,6.22,84
2026-04-15,9,Mumbai,Bandra,8,8,5.98,96
2026-04-15,10,Mumbai,Bandra,9,9,6.17,108
2026-04-15,12,Mumbai,Bandra,9,9,6.27,108
2026-04-15,13,Mumbai,Bandra,9,9,6.02,108
2026-04-15,14,Mumbai,Bandra,7,7,5.75,84
2026-04-15,16,Mumbai,Bandra,6,6,6.51,72
2026-04-15,17,Mumbai,Bandra,6,6,6.21,72
2026-04-15,18,Mumbai,Bandra,8,8,6.79,96
2026-04-15,20,Mumbai,Bandra,6,6,5.91,72
2026-04-15,7,Mumbai,Andheri,9,9,5.84,108
2026-04-15,8,Mumbai,Andheri,7,7,6.15,84
2026-04-15,9,Mumbai,Andheri,8,8,5.95,96
2026-04-15,10,Mumbai,Andheri,9,9,6.71,108
2026-04-15,11,Mumbai,Andheri,6,6,6.11,72
2026-04-15,12,Mumbai,Andheri,6,6,5.64,72
2026-04-15,13,Mumbai,Andheri,7,7,5.95,84
2026-04-15,14,Mumbai,Andheri,6,6,5.76,72
2026-04-15,15,Mumbai,Andheri,6,6,7.07,72
2026-04-15,16,Mumbai,Andheri,7,7,5.89,84
2026-04-15,17,Mumbai,Andheri,7,7,5.72,84
2026-04-15,18,Mumbai,Andheri,6,6,5.98,72
2026-04-15,19,Mumbai,Andheri,7,7,6.22,84
2026-04-15,20,Mumbai,Andheri,9,9,6.27,108
2026-04-15,7,Bengaluru,Indiranagar,8,8,6.14,96
2026-04-15,8,Bengaluru,Indiranagar,7,7,5.65,84
2026-04-15,9,Bengaluru,Indiranagar,8,8,5.63,96
2026-04-15,10,Bengaluru,Indiranagar,9,9,5.52,108
2026-04-15,11,Bengaluru,Indiranagar,9,9,6.28,108
2026-04-15,12,Bengaluru,Indiranagar,8,8,6.39,96
2026-04-15,13,Bengaluru,Indiranagar,8,8,6.31,96
2026-04-15,14,Bengaluru,Indiranagar,9,9,5.3,108
2026-04-15,15,Bengaluru,Indiranagar,8,8,6.07,96
2026-04-15,16,Bengaluru,Indiranagar,8,8,6.25,96
2026-04-15,17,Bengaluru,Indiranagar,8,8,5.61,96
2026-04-15,18,Bengaluru,Indiranagar,6,6,5.4,72
2026-04-15,19,Bengaluru,Indiranagar,9,9,6.23,108
2026-04-15,20,Bengaluru,Indiranagar,7,7,6.28,84
2026-04-15,7,Bengaluru,Koramangala,6,6,5.61,72
2026-04-15,8,Bengaluru,Koramangala,6,6,5.71,72
2026-04-15,9,Bengaluru,Koramangala,6,6,5.46,72
2026-04-15,10,Bengaluru,Koramangala,7,7,5.43,84
2026-04-15,11,Bengaluru,Koramangala,7,7,6.03,84
2026-04-15,12,Bengaluru,Koramangala,6,6,5.53,72
2026-04-15,13,Bengaluru,Koramangala,7,7,6.42,84
2026-04-15,14,Bengaluru,Koramangala,6,6,5.48,72
2026-04-15,15,Bengaluru,Koramangala,6,6,6.41,72
2026-04-15,16,Bengaluru,Koramangala,8,8,5.83,96
2026-04-15,17,Bengaluru,Koramangala,8,8,6.47,96
2026-04-15,18,Bengaluru,Koramangala,9,9,5.88,108
2026-04-15,19,Bengaluru,Koramangala,6,6,6.17,72
2026-04-15,20,Bengaluru,Koramangala,7,7,5.86,84
2026-04-15,7,Hyderabad,Banjara Hills,7,7,6.13,84
2026-04-15,8,Hyderabad,Banjara Hills,6,6,6.41,72
2026-04-15,9,Hyderabad,Banjara Hills,6,6,6.02,72
2026-04-15,10,Hyderabad,Banjara Hills,6,6,5.98,72
2026-04-15,11,Hyderabad,Banjara Hills,6,6,5.59,72
2026-04-15,12,Hyderabad,Banjara Hills,7,7,6.41,84
2026-04-15,13,Hyderabad,Banjara Hills,7,7,5.47,84
2026-04-15,14,Hyderabad,Banjara Hills,7,7,6.48,84
2026-04-15,15,Hyderabad,Banjara Hills,8,8,6.4,96
2026-04-15,16,Hyderabad,Banjara Hills,7,7,6.57,84
2026-04-15,17,Hyderabad,Banjara Hills,7,7,5.34,84
2026-04-15,18,Hyderabad,Banjara Hills,9,9,5.26,108
2026-04-15,19,Hyderabad,Banjara Hills,6,6,5.76,72
2026-04-15,20,Hyderabad,Banjara Hills,6,6,5.63,72
2026-04-15,7,Hyderabad,Gachibowli,7,7,6.25,84
2026-04-15,8,Hyderabad,Gachibowli,7,7,5.42,84
2026-04-15,9,Hyderabad,Gachibowli,6,6,6.6,72
2026-04-15,10,Hyderabad,Gachibowli,6,6,5.57,72
2026-04-15,11,Hyderabad,Gachibowli,6,6,5.81,72
2026-04-15,12,Hyderabad,Gachibowli,9,9,6.22,108
2026-04-15,13,Hyderabad,Gachibowli,9,9,6.3,108
2026-04-15,14,Hyderabad,Gachibowli,8,8,6.36,96
2026-04-15,15,Hyderabad,Gachibowli,6,6,6.45,72
2026-04-15,16,Hyderabad,Gachibowli,8,8,5.66,96
2026-04-15,17,Hyderabad,Gachibowli,9,9,6.1,108
2026-04-15,18,Hyderabad,Gachibowli,7,7,6.19,84
2026-04-15,19,Hyderabad,Gachibowli,9,9,5.66,108
2026-04-15,20,Hyderabad,Gachibowli,8,8,5.46,96
2026-04-16,7,Ahmedabad,Satellite,6,6,6.07,72
2026-04-16,8,Ahmedabad,Satellite,9,9,6.46,108
2026-04-16,9,Ahmedabad,Satellite,9,9,5.44,108
2026-04-16,10,Ahmedabad,Satellite,8,8,6.39,96
2026-04-16,11,Ahmedabad,Satellite,7,7,6.14,84
2026-04-16,12,Ahmedabad,Satellite,7,7,5.74,84
2026-04-16,13,Ahmedabad,Satellite,7,7,5.65,84
2026-04-16,14,Ahmedabad,Satellite,7,7,5.87,84
2026-04-16,15,Ahmedabad,Satellite,8,8,5.56,96
2026-04-16,16,Ahmedabad,Satellite,9,9,6.13,108
2026-04-16,17,Ahmedabad,Satellite,6,6,5.8,72
2026-04-16,18,Ahmedabad,Satellite,7,7,6.16,84
2026-04-16,19,Ahmedabad,Satellite,6,6,5.98,72
2026-04-16,20,Ahmedabad,Satellite,6,6,5.87,72
2026-04-16,7,Ahmedabad,Navrangpura,9,9,6.43,108
2026-04-16,8,Ahmedabad,Navrangpura,9,9,5.87,108
2026-04-16,9,Ahmedabad,Navrangpura,7,7,5.85,84
2026-04-16,10,Ahmedabad,Navrangpura,7,7,5.23,84
2026-04-16,11,Ahmedabad,Navrangpura,9,9,6.38,108
2026-04-16,12,Ahmedabad,Navrangpura,6,6,5.16,72
2026-04-16,13,Ahmedabad,Navrangpura,7,7,5.84,84
2026-04-16,14,Ahmedabad,Navrangpura,7,7,6.7,84
2026-04-16,15,Ahmedabad,Navrangpura,8,8,5.78,96
2026-04-16,16,Ahmedabad,Navrangpura,8,8,6.52,96
2026-04-16,17,Ahmedabad,Navrangpura,6,6,6.4,72
2026-04-16,18,Ahmedabad,Navrangpura,7,7,5.46,84
2026-04-16,19,Ahmedabad,Navrangpura,6,6,5.84,72
2026-04-16,20,Ahmedabad,Navrangpura,7,7,5.59,84
2026-04-16,7,Jaipur,C-Scheme,7,7,6.11,84
2026-04-16,8,Jaipur,C-Scheme,8,8,5.8,96
2026-04-16,9,Jaipur,C-Scheme,6,6,5.77,72
2026-04-16,10,Jaipur,C-Scheme,9,9,6.25,108
2026-04-16,11,Jaipur,C-Scheme,6,6,5.98,72
2026-04-16,12,Jaipur,C-Scheme,6,6,5.82,72
2026-04-16,13,Jaipur,C-Scheme,8,8,6.22,96
2026-04-16,14,Jaipur,C-Scheme,6,6,6.82,72
2026-04-16,15,Jaipur,C-Scheme,7,7,6.39,84
2026-04-16,16,Jaipur,C-Scheme,9,9,7.24,108
2026-04-16,17,Jaipur,C-Scheme,7,7,6.19,84
2026-04-16,18,Jaipur,C-Scheme,9,9,6.28,108
2026-04-16,19,Jaipur,C-Scheme,8,8,5.82,96
2026-04-16,20,Jaipur,C-Scheme,8,8,5.8,96
2026-04-16,7,Jaipur,Malviya Nagar,8,8,5.93,96
2026-04-16,8,Jaipur,Malviya Nagar,7,7,6.06,84
2026-04-16,9,Jaipur,Malviya Nagar,7,7,6.35,84
2026-04-16,10,Jaipur,Malviya Nagar,8,8,5.94,96
2026-04-16,11,Jaipur,Malviya Nagar,6,6,6.45,72
2026-04-16,12,Jaipur,Malviya Nagar,8,8,6.31,96
2026-04-16,13,Jaipur,Malviya Nagar,8,8,5.87,96
2026-04-16,14,Jaipur,Malviya Nagar,6,6,6.07,72
2026-04-16,15,Jaipur,Malviya Nagar,9,9,6.36,108
2026-04-16,16,Jaipur,Malviya Nagar,6,6,6.11,72
2026-04-16,17,Jaipur,Malviya Nagar,7,7,6.03,84
2026-04-16,18,Jaipur,Malviya Nagar,9,9,5.73,108
2026-04-16,19,Jaipur,Malviya Nagar,7,7,6.01,84
2026-04-16,20,Jaipur,Malviya Nagar,8,8,5.99,96
2026-04-16,7,Delhi,Connaught Place,8,8,5.84,96
2026-04-16,8,Delhi,Connaught Place,6,6,6.02,72
2026-04-16,9,Delhi,Connaught Place,8,8,5.9,96
2026-04-16,10,Delhi,Connaught Place,8,8,6.2,96
2026-04-16,11,Delhi,Connaught Place,8,8,5.35,96
2026-04-16,12,Delhi,Connaught Place,6,6,5.86,72
2026-04-16,13,Delhi,Connaught Place,8,8,6.68,96
2026-04-16,14,Delhi,Connaught Place,6,6,6.31,72
2026-04-16,15,Delhi,Connaught Place,7,7,5.91,84
2026-04-16,16,Delhi,Connaught Place,7,7,6.1,84
2026-04-16,17,Delhi,Connaught Place,7,7,6.22,84
2026-04-16,18,Delhi,Connaught Place,6,6,5.63,72
2026-04-16,19,Delhi,Connaught Place,9,9,6.17,108
2026-04-16,20,Delhi,Connaught Place,9,9,6.33,108
2026-04-16,7,Delhi,Saket,8,8,5.86,96
2026-04-16,8,Delhi,Saket,8,8,4.92,96
2026-04-16,9,Delhi,Saket,7,7,6.5,84
2026-04-16,10,Delhi,Saket,6,6,5.79,72
2026-04-16,11,Delhi,Saket,9,9,6.07,108
2026-04-16,12,Delhi,Saket,7,7,5.98,84
2026-04-16,13,Delhi,Saket,8,8,6.09,96
2026-04-16,14,Delhi,Saket,8,8,5.63,96
2026-04-16,15,Delhi,Saket,6,6,5.49,72
2026-04-16,16,Delhi,Saket,6,6,6.01,72
2026-04-16,17,Delhi,Saket,6,6,6.12,72
2026-04-16,18,Delhi,Saket,7,7,6.05,84
2026-04-16,19,Delhi,Saket,7,7,5.39,84
2026-04-16,20,Delhi,Saket,7,7,5.41,84
2026-04-16,9,Mumbai,Bandra,6,6,5.89,72
2026-04-16,10,Mumbai,Bandra,9,9,5.61,108
2026-04-16,13,Mumbai,Bandra,7,7,5.73,84
2026-04-16,17,Mumbai,Bandra,6,6,5.8,72
2026-04-16,18,Mumbai,Bandra,8,8,5.57,96
2026-04-16,20,Mumbai,Bandra,9,9,5.58,108
2026-04-16,7,Mumbai,Andheri,9,9,6.24,108
2026-04-16,8,Mumbai,Andheri,8,8,5.64,96
2026-04-16,9,Mumbai,Andheri,8,8,5.26,96
2026-04-16,10,Mumbai,Andheri,7,7,5.8,84
2026-04-16,11,Mumbai,Andheri,6,6,6.33,72
2026-04-16,12,Mumbai,Andheri,9,9,5.71,108
2026-04-16,13,Mumbai,Andheri,7,7,5.39,84
2026-04-16,14,Mumbai,Andheri,8,8,5.5,96
2026-04-16,15,Mumbai,Andheri,8,8,6.67,96
2026-04-16,16,Mumbai,Andheri,8,8,6.2,96
2026-04-16,17,Mumbai,Andheri,8,8,5.38,96
2026-04-16,18,Mumbai,Andheri,7,7,5.98,84
2026-04-16,19,Mumbai,Andheri,9,9,5.19,108
2026-04-16,20,Mumbai,Andheri,9,9,6.05,108
2026-04-16,7,Bengaluru,Indiranagar,8,8,5.56,96
2026-04-16,8,Bengaluru,Indiranagar,9,9,6.03,108
2026-04-16,9,Bengaluru,Indiranagar,7,7,6.38,84
2026-04-16,10,Bengaluru,Indiranagar,7,7,6.05,84
2026-04-16,11,Bengaluru,Indiranagar,9,9,6.0,108
2026-04-16,12,Bengaluru,Indiranagar,8,8,5.95,96
2026-04-16,13,Bengaluru,Indiranagar,9,9,5.61,108
2026-04-16,14,Bengaluru,Indiranagar,8,8,7.13,96
2026-04-16,15,Bengaluru,Indiranagar,7,7,6.15,84
2026-04-16,16,Bengaluru,Indiranagar,9,9,6.21,108
2026-04-16,17,Bengaluru,Indiranagar,8,8,6.32,96
2026-04-16,18,Bengaluru,Indiranagar,9,9,5.36,108
2026-04-16,19,Bengaluru,Indiranagar,6,6,5.86,72
2026-04-16,20,Bengaluru,Indiranagar,9,9,6.04,108
2026-04-16,7,Bengaluru,Koramangala,9,9,6.21,108
2026-04-16,8,Bengaluru,Koramangala,8,8,5.74,96
2026-04-16,9,Bengaluru,Koramangala,9,9,5.89,108
2026-04-16,10,Bengaluru,Koramangala,9,9,6.77,108
2026-04-16,11,Bengaluru,Koramangala,9,9,6.02,108
2026-04-16,12,Bengaluru,Koramangala,6,6,6.03,72
2026-04-16,13,Bengaluru,Koramangala,9,9,6.44,108
2026-04-16,14,Bengaluru,Koramangala,7,7,5.87,84
2026-04-16,15,Bengaluru,Koramangala,7,7,6.39,84
2026-04-16,16,Bengaluru,Koramangala,9,9,5.78,108
2026-04-16,17,Bengaluru,Koramangala,9,9,5.37,108
2026-04-16,18,Bengaluru,Koramangala,6,6,6.28,72
2026-04-16,19,Bengaluru,Koramangala,8,8,6.29,96
2026-04-16,20,Bengaluru,Koramangala,8,8,6.58,96
2026-04-16,7,Hyderabad,Banjara Hills,8,8,6.09,96
2026-04-16,8,Hyderabad,Banjara Hills,8,8,5.62,96
2026-04-16,9,Hyderabad,Banjara Hills,7,7,6.31,84
2026-04-16,10,Hyderabad,Banjara Hills,9,9,6.04,108
2026-04-16,11,Hyderabad,Banjara Hills,7,7,5.47,84
2026-04-16,12,Hyderabad,Banjara Hills,6,6,5.45,72
2026-04-16,13,Hyderabad,Banjara Hills,7,7,6.83,84
2026-04-16,14,Hyderabad,Banjara Hills,7,7,6.54,84
2026-04-16,15,Hyderabad,Banjara Hills,6,6,6.57,72
2026-04-16,16,Hyderabad,Banjara Hills,9,9,6.37,108
2026-04-16,17,Hyderabad,Banjara Hills,7,7,5.88,84
2026-04-16,18,Hyderabad,Banjara Hills,7,7,6.44,84
2026-04-16,19,Hyderabad,Banjara Hills,6,6,5.48,72
2026-04-16,20,Hyderabad,Banjara Hills,9,9,6.24,108
2026-04-16,7,Hyderabad,Gachibowli,8,8,5.91,96
2026-04-16,8,Hyderabad,Gachibowli,8,8,6.46,96
2026-04-16,9,Hyderabad,Gachibowli,8,8,5.8,96
2026-04-16,10,Hyderabad,Gachibowli,8,8,6.36,96
2026-04-16,11,Hyderabad,Gachibowli,7,7,6.52,84
2026-04-16,12,Hyderabad,Gachibowli,9,9,6.35,108
2026-04-16,13,Hyderabad,Gachibowli,6,6,6.29,72
2026-04-16,14,Hyderabad,Gachibowli,7,7,6.11,84
2026-04-16,15,Hyderabad,Gachibowli,6,6,5.91,72
2026-04-16,16,Hyderabad,Gachibowli,9,9,5.52,108
2026-04-16,17,Hyderabad,Gachibowli,9,9,5.89,108
2026-04-16,18,Hyderabad,Gachibowli,7,7,6.1,84
2026-04-16,19,Hyderabad,Gachibowli,6,6,5.98,72
2026-04-16,20,Hyderabad,Gachibowli,9,9,6.4,108
2026-04-17,7,Ahmedabad,Satellite,6,6,5.91,72
2026-04-17,8,Ahmedabad,Satellite,6,6,6.24,72
2026-04-17,9,Ahmedabad,Satellite,8,8,6.53,96
2026-04-17,10,Ahmedabad,Satellite,7,7,6.25,84
2026-04-17,11,Ahmedabad,Satellite,9,9,6.06,108
2026-04-17,12,Ahmedabad,Satellite,9,9,6.66,108
2026-04-17,13,Ahmedabad,Satellite,8,8,6.18,96
2026-04-17,14,Ahmedabad,Satellite,9,9,6.22,108
2026-04-17,15,Ahmedabad,Satellite,6,6,6.2,72
2026-04-17,16,Ahmedabad,Satellite,7,7,5.44,84
2026-04-17,17,Ahmedabad,Satellite,7,7,6.43,84
2026-04-17,18,Ahmedabad,Satellite,6,6,6.14,72
2026-04-17,19,Ahmedabad,Satellite,6,6,6.18,72
2026-04-17,20,Ahmedabad,Satellite,7,7,5.98,84
2026-04-17,7,Ahmedabad,Navrangpura,6,6,6.26,72
2026-04-17,8,Ahmedabad,Navrangpura,8,8,5.71,96
2026-04-17,9,Ahmedabad,Navrangpura,9,9,5.88,108
2026-04-17,10,Ahmedabad,Navrangpura,6,6,5.37,72
2026-04-17,11,Ahmedabad,Navrangpura,8,8,6.63,96
2026-04-17,12,Ahmedabad,Navrangpura,6,6,6.15,72
2026-04-17,13,Ahmedabad,Navrangpura,7,7,5.38,84
2026-04-17,14,Ahmedabad,Navrangpura,7,7,5.96,84
2026-04-17,15,Ahmedabad,Navrangpura,9,9,5.93,108
2026-04-17,16,Ahmedabad,Navrangpura,8,8,6.52,96
2026-04-17,17,Ahmedabad,Navrangpura,7,7,6.19,84
2026-04-17,18,Ahmedabad,Navrangpura,6,6,5.47,72
2026-04-17,19,Ahmedabad,Navrangpura,8,8,5.87,96
2026-04-17,20,Ahmedabad,Navrangpura,8,8,6.35,96
2026-04-17,7,Jaipur,C-Scheme,6,6,6.07,72
2026-04-17,8,Jaipur,C-Scheme,9,9,6.14,108
2026-04-17,9,Jaipur,C-Scheme,9,9,6.16,108
2026-04-17,10,Jaipur,C-Scheme,9,9,5.89,108
2026-04-17,11,Jaipur,C-Scheme,6,6,6.64,72
2026-04-17,12,Jaipur,C-Scheme,6,6,6.42,72
2026-04-17,13,Jaipur,C-Scheme,8,8,6.23,96
2026-04-17,14,Jaipur,C-Scheme,8,8,5.7,96
2026-04-17,15,Jaipur,C-Scheme,7,7,6.41,84
2026-04-17,16,Jaipur,C-Scheme,6,6,5.32,72
2026-04-17,17,Jaipur,C-Scheme,7,7,5.9,84
2026-04-17,18,Jaipur,C-Scheme,9,9,5.92,108
2026-04-17,19,Jaipur,C-Scheme,8,8,6.23,96
2026-04-17,20,Jaipur,C-Scheme,6,6,5.67,72
2026-04-17,7,Jaipur,Malviya Nagar,7,7,6.05,84
2026-04-17,8,Jaipur,Malviya Nagar,6,6,5.5,72
2026-04-17,9,Jaipur,Malviya Nagar,6,6,6.55,72
2026-04-17,10,Jaipur,Malviya Nagar,7,7,6.67,84
2026-04-17,11,Jaipur,Malviya Nagar,9,9,5.52,108
2026-04-17,12,Jaipur,Malviya Nagar,7,7,6.2,84
2026-04-17,13,Jaipur,Malviya Nagar,8,8,6.29,96
2026-04-17,14,Jaipur,Malviya Nagar,6,6,6.31,72
2026-04-17,15,Jaipur,Malviya Nagar,8,8,5.97,96
2026-04-17,16,Jaipur,Malviya Nagar,6,6,5.76,72
2026-04-17,17,Jaipur,Malviya Nagar,6,6,6.14,72
2026-04-17,18,Jaipur,Malviya Nagar,6,6,6.07,72
2026-04-17,19,Jaipur,Malviya Nagar,6,6,5.46,72
2026-04-17,20,Jaipur,Malviya Nagar,8,8,6.26,96
2026-04-17,7,Delhi,Connaught Place,7,7,6.03,84
2026-04-17,8,Delhi,Connaught Place,6,6,5.98,72
2026-04-17,9,Delhi,Connaught Place,6,6,6.81,72
2026-04-17,10,Delhi,Connaught Place,8,8,5.59,96
2026-04-17,11,Delhi,Connaught Place,8,8,5.68,96
2026-04-17,12,Delhi,Connaught Place,7,7,5.78,84
2026-04-17,13,Delhi,Connaught Place,9,9,6.54,108
2026-04-17,14,Delhi,Connaught Place,9,9,6.72,108
2026-04-17,15,Delhi,Connaught Place,7,7,5.85,84
2026-04-17,16,Delhi,Connaught Place,7,7,7.0,84
2026-04-17,17,Delhi,Connaught Place,6,6,5.77,72
2026-04-17,18,Delhi,Connaught Place,6,6,5.29,72
2026-04-17,19,Delhi,Connaught Place,6,6,6.39,72
2026-04-17,20,Delhi,Connaught Place,6,6,6.97,72
2026-04-17,7,Delhi,Saket,7,7,6.58,84
2026-04-17,8,Delhi,Saket,9,9,6.03,108
2026-04-17,9,Delhi,Saket,8,8,5.34,96
2026-04-17,10,Delhi,Saket,6,6,6.59,72
2026-04-17,11,Delhi,Saket,9,9,5.98,108
2026-04-17,12,Delhi,Saket,8,8,6.26,96
2026-04-17,13,Delhi,Saket,7,7,5.77,84
2026-04-17,14,Delhi,Saket,7,7,5.81,84
2026-04-17,15,Delhi,Saket,6,6,6.05,72
2026-04-17,16,Delhi,Saket,7,7,5.26,84
2026-04-17,17,Delhi,Saket,7,7,6.48,84
2026-04-17,18,Delhi,Saket,8,8,5.72,96
2026-04-17,19,Delhi,Saket,6,6,5.89,72
2026-04-17,20,Delhi,Saket,6,6,6.13,72
2026-04-17,7,Mumbai,Bandra,9,9,5.65,108
2026-04-17,9,Mumbai,Bandra,6,6,6.81,72
2026-04-17,10,Mumbai,Bandra,9,9,6.02,108
2026-04-17,14,Mumbai,Bandra,9,9,5.74,108
2026-04-17,19,Mumbai,Bandra,9,9,5.38,108
2026-04-17,20,Mumbai,Bandra,9,9,6.67,108
2026-04-17,7,Mumbai,Andheri,6,6,5.74,72
2026-04-17,8,Mumbai,Andheri,9,9,5.89,108
2026-04-17,9,Mumbai,Andheri,7,7,6.57,84
2026-04-17,10,Mumbai,Andheri,8,8,5.84,96
2026-04-17,11,Mumbai,Andheri,8,8,6.02,96
2026-04-17,12,Mumbai,Andheri,9,9,6.57,108
2026-04-17,13,Mumbai,Andheri,9,9,6.34,108
2026-04-17,14,Mumbai,Andheri,9,9,6.29,108
2026-04-17,15,Mumbai,Andheri,7,7,6.14,84
2026-04-17,16,Mumbai,Andheri,6,6,5.91,72
2026-04-17,17,Mumbai,Andheri,6,6,5.64,72
2026-04-17,18,Mumbai,Andheri,6,6,6.0,72
2026-04-17,19,Mumbai,Andheri,9,9,6.16,108
2026-04-17,20,Mumbai,Andheri,9,9,5.83,108
2026-04-17,7,Bengaluru,Indiranagar,9,9,5.93,108
2026-04-17,8,Bengaluru,Indiranagar,6,6,5.37,72
2026-04-17,9,Bengaluru,Indiranagar,6,6,5.56,72
2026-04-17,10,Bengaluru,Indiranagar,9,9,5.31,108
2026-04-17,11,Bengaluru,Indiranagar,7,7,6.2,84
2026-04-17,12,Bengaluru,Indiranagar,7,7,6.21,84
2026-04-17,13,Bengaluru,Indiranagar,6,6,5.23,72
2026-04-17,14,Bengaluru,Indiranagar,6,6,5.46,72
2026-04-17,15,Bengaluru,Indiranagar,7,7,5.58,84
2026-04-17,16,Bengaluru,Indiranagar,6,6,6.24,72
2026-04-17,17,Bengaluru,Indiranagar,7,7,6.03,84
2026-04-17,18,Bengaluru,Indiranagar,9,9,5.75,108
2026-04-17,19,Bengaluru,Indiranagar,6,6,6.05,72
2026-04-17,20,Bengaluru,Indiranagar,8,8,5.82,96
2026-04-17,7,Bengaluru,Koramangala,7,7,6.11,84
2026-04-17,8,Bengaluru,Koramangala,9,9,5.51,108
2026-04-17,9,Bengaluru,Koramangala,7,7,7.05,84
2026-04-17,10,Bengaluru,Koramangala,9,9,6.54,108
2026-04-17,11,Bengaluru,Koramangala,8,8,5.97,96
2026-04-17,12,Bengaluru,Koramangala,6,6,5.22,72
2026-04-17,13,Bengaluru,Koramangala,8,8,6.51,96
2026-04-17,14,Bengaluru,Koramangala,6,6,5.68,72
2026-04-17,15,Bengaluru,Koramangala,7,7,5.93,84
2026-04-17,16,Bengaluru,Koramangala,6,6,5.58,72
2026-04-17,17,Bengaluru,Koramangala,6,6,5.98,72
2026-04-17,18,Bengaluru,Koramangala,9,9,5.64,108
2026-04-17,19,Bengaluru,Koramangala,8,8,5.69,96
2026-04-17,20,Bengaluru,Koramangala,8,8,6.21,96
2026-04-17,7,Hyderabad,Banjara Hills,6,6,5.93,72
2026-04-17,8,Hyderabad,Banjara Hills,6,6,6.24,72
2026-04-17,9,Hyderabad,Banjara Hills,6,6,5.89,72
2026-04-17,10,Hyderabad,Banjara Hills,8,8,6.19,96
2026-04-17,11,Hyderabad,Banjara Hills,8,8,5.94,96
2026-04-17,12,Hyderabad,Banjara Hills,7,7,6.03,84
2026-04-17,13,Hyderabad,Banjara Hills,7,7,5.66,84
2026-04-17,14,Hyderabad,Banjara Hills,6,6,6.31,72
2026-04-17,15,Hyderabad,Banjara Hills,7,7,6.18,84
2026-04-17,16,Hyderabad,Banjara Hills,6,6,6.11,72
2026-04-17,17,Hyderabad,Banjara Hills,9,9,6.28,108
2026-04-17,18,Hyderabad,Banjara Hills,8,8,6.37,96
2026-04-17,19,Hyderabad,Banjara Hills,9,9,5.96,108
2026-04-17,20,Hyderabad,Banjara Hills,8,8,6.55,96
2026-04-17,7,Hyderabad,Gachibowli,6,6,6.25,72
2026-04-17,8,Hyderabad,Gachibowli,6,6,6.11,72
2026-04-17,9,Hyderabad,Gachibowli,9,9,5.71,108
2026-04-17,10,Hyderabad,Gachibowli,7,7,6.28,84
2026-04-17,11,Hyderabad,Gachibowli,9,9,5.85,108
2026-04-17,12,Hyderabad,Gachibowli,9,9,6.03,108
2026-04-17,13,Hyderabad,Gachibowli,6,6,5.8,72
2026-04-17,14,Hyderabad,Gachibowli,8,8,6.62,96
2026-04-17,15,Hyderabad,Gachibowli,7,7,5.81,84
2026-04-17,16,Hyderabad,Gachibowli,8,8,5.37,96
2026-04-17,17,Hyderabad,Gachibowli,9,9,5.32,108
2026-04-17,18,Hyderabad,Gachibowli,9,9,6.25,108
2026-04-17,19,Hyderabad,Gachibowli,7,7,5.85,84
2026-04-17,20,Hyderabad,Gachibowli,8,8,5.33,96
2026-04-18,7,Ahmedabad,Satellite,7,7,5.71,84
2026-04-18,8,Ahmedabad,Satellite,7,7,6.52,84
2026-04-18,9,Ahmedabad,Satellite,9,9,5.75,108
2026-04-18,10,Ahmedabad,Satellite,6,6,5.93,72
2026-04-18,11,Ahmedabad,Satellite,7,7,5.91,84
2026-04-18,12,Ahmedabad,Satellite,8,8,5.8,96
2026-04-18,13,Ahmedabad,Satellite,6,6,5.94,72
2026-04-18,14,Ahmedabad,Satellite,8,8,5.49,96
2026-04-18,15,Ahmedabad,Satellite,8,8,5.29,96
2026-04-18,16,Ahmedabad,Satellite,8,8,5.82,96
2026-04-18,17,Ahmedabad,Satellite,8,8,6.12,96
2026-04-18,18,Ahmedabad,Satellite,7,7,6.24,84
2026-04-18,19,Ahmedabad,Satellite,9,9,6.47,108
2026-04-18,20,Ahmedabad,Satellite,7,7,6.37,84
2026-04-18,7,Ahmedabad,Navrangpura,7,7,6.37,84
2026-04-18,8,Ahmedabad,Navrangpura,9,9,6.3,108
2026-04-18,9,Ahmedabad,Navrangpura,7,7,5.46,84
2026-04-18,10,Ahmedabad,Navrangpura,6,6,6.17,72
2026-04-18,11,Ahmedabad,Navrangpura,9,9,6.44,108
2026-04-18,12,Ahmedabad,Navrangpura,8,8,5.63,96
2026-04-18,13,Ahmedabad,Navrangpura,8,8,6.18,96
2026-04-18,14,Ahmedabad,Navrangpura,7,7,5.97,84
2026-04-18,15,Ahmedabad,Navrangpura,6,6,6.15,72
2026-04-18,16,Ahmedabad,Navrangpura,8,8,5.26,96
2026-04-18,17,Ahmedabad,Navrangpura,9,9,6.54,108
2026-04-18,18,Ahmedabad,Navrangpura,6,6,6.73,72
2026-04-18,19,Ahmedabad,Navrangpura,8,8,5.87,96
2026-04-18,20,Ahmedabad,Navrangpura,9,9,6.02,108
2026-04-18,7,Jaipur,C-Scheme,6,6,5.8,72
2026-04-18,8,Jaipur,C-Scheme,9,9,5.81,108
2026-04-18,9,Jaipur,C-Scheme,7,7,5.85,84
2026-04-18,10,Jaipur,C-Scheme,8,8,6.29,96
2026-04-18,11,Jaipur,C-Scheme,9,9,5.93,108
2026-04-18,12,Jaipur,C-Scheme,7,7,5.34,84
2026-04-18,13,Jaipur,C-Scheme,6,6,6.34,72
2026-04-18,14,Jaipur,C-Scheme,9,9,5.98,108
2026-04-18,15,Jaipur,C-Scheme,8,8,5.7,96
2026-04-18,16,Jaipur,C-Scheme,6,6,5.91,72
2026-04-18,17,Jaipur,C-Scheme,8,8,6.39,96
2026-04-18,18,Jaipur,C-Scheme,8,8,4.95,96
2026-04-18,19,Jaipur,C-Scheme,8,8,6.06,96
2026-04-18,20,Jaipur,C-Scheme,7,7,5.96,84
2026-04-18,7,Jaipur,Malviya Nagar,8,8,6.11,96
2026-04-18,8,Jaipur,Malviya Nagar,6,6,5.88,72
2026-04-18,9,Jaipur,Malviya Nagar,9,9,5.9,108
2026-04-18,10,Jaipur,Malviya Nagar,8,8,6.46,96
2026-04-18,11,Jaipur,Malviya Nagar,6,6,5.97,72
2026-04-18,12,Jaipur,Malviya Nagar,9,9,6.07,108
2026-04-18,13,Jaipur,Malviya Nagar,8,8,5.88,96
2026-04-18,14,Jaipur,Malviya Nagar,9,9,6.38,108
2026-04-18,15,Jaipur,Malviya Nagar,9,9,5.97,108
2026-04-18,16,Jaipur,Malviya Nagar,9,9,5.92,108
2026-04-18,17,Jaipur,Malviya Nagar,6,6,5.9,72
2026-04-18,18,Jaipur,Malviya Nagar,7,7,6.34,84
2026-04-18,19,Jaipur,Malviya Nagar,7,7,6.09,84
2026-04-18,20,Jaipur,Malviya Nagar,8,8,5.55,96
2026-04-18,7,Delhi,Connaught Place,9,9,6.86,108
2026-04-18,8,Delhi,Connaught Place,9,9,5.93,108
2026-04-18,9,Delhi,Connaught Place,6,6,6.57,72
2026-04-18,10,Delhi,Connaught Place,6,6,6.11,72
2026-04-18,11,Delhi,Connaught Place,8,8,5.94,96
2026-04-18,12,Delhi,Connaught Place,9,9,5.87,108
2026-04-18,13,Delhi,Connaught Place,8,8,5.45,96
2026-04-18,14,Delhi,Connaught Place,8,8,5.96,96
2026-04-18,15,Delhi,Connaught Place,8,8,6.74,96
2026-04-18,16,Delhi,Connaught Place,6,6,6.03,72
2026-04-18,17,Delhi,Connaught Place,7,7,5.96,84
2026-04-18,18,Delhi,Connaught Place,7,7,7.1,84
2026-04-18,19,Delhi,Connaught Place,9,9,5.68,108
2026-04-18,20,Delhi,Connaught Place,6,6,6.24,72
2026-04-18,7,Delhi,Saket,9,9,5.46,108
2026-04-18,8,Delhi,Saket,6,6,5.86,72
2026-04-18,9,Delhi,Saket,6,6,5.25,72
2026-04-18,10,Delhi,Saket,9,9,5.54,108
2026-04-18,11,Delhi,Saket,9,9,5.84,108
2026-04-18,12,Delhi,Saket,9,9,6.16,108
2026-04-18,13,Delhi,Saket,7,7,6.29,84
2026-04-18,14,Delhi,Saket,9,9,5.53,108
2026-04-18,15,Delhi,Saket,6,6,5.31,72
2026-04-18,16,Delhi,Saket,6,6,5.56,72
2026-04-18,17,Delhi,Saket,6,6,6.67,72
2026-04-18,18,Delhi,Saket,9,9,6.13,108
2026-04-18,19,Delhi,Saket,7,7,6.01,84
2026-04-18,20,Delhi,Saket,7,7,5.59,84
2026-04-18,7,Mumbai,Bandra,9,9,5.52,108
2026-04-18,8,Mumbai,Bandra,7,7,5.49,84
2026-04-18,9,Mumbai,Bandra,7,7,5.84,84
2026-04-18,10,Mumbai,Bandra,7,7,5.55,84
2026-04-18,11,Mumbai,Bandra,6,6,5.48,72
2026-04-18,12,Mumbai,Bandra,6,6,6.12,72
2026-04-18,15,Mumbai,Bandra,8,8,5.7,96
2026-04-18,17,Mumbai,Bandra,8,8,5.83,96
2026-04-18,18,Mumbai,Bandra,7,7,5.9,84
2026-04-18,19,Mumbai,Bandra,8,8,5.51,96
2026-04-18,7,Mumbai,Andheri,6,6,5.58,72
2026-04-18,8,Mumbai,Andheri,7,7,6.25,84
2026-04-18,9,Mumbai,Andheri,6,6,5.45,72
2026-04-18,10,Mumbai,Andheri,7,7,6.72,84
2026-04-18,11,Mumbai,Andheri,9,9,6.13,108
2026-04-18,12,Mumbai,Andheri,9,9,6.26,108
2026-04-18,13,Mumbai,Andheri,9,9,5.39,108
2026-04-18,14,Mumbai,Andheri,7,7,5.91,84
2026-04-18,15,Mumbai,Andheri,8,8,6.98,96
2026-04-18,16,Mumbai,Andheri,6,6,5.36,72
2026-04-18,17,Mumbai,Andheri,6,6,5.58,72
2026-04-18,18,Mumbai,Andheri,6,6,5.4,72
2026-04-18,19,Mumbai,Andheri,9,9,6.97,108
2026-04-18,20,Mumbai,Andheri,9,9,5.81,108
2026-04-18,7,Bengaluru,Indiranagar,8,8,5.11,96
2026-04-18,8,Bengaluru,Indiranagar,6,6,5.9,72
2026-04-18,9,Bengaluru,Indiranagar,7,7,5.74,84
2026-04-18,10,Bengaluru,Indiranagar,6,6,6.09,72
2026-04-18,11,Bengaluru,Indiranagar,9,9,6.13,108
2026-04-18,12,Bengaluru,Indiranagar,6,6,5.87,72
2026-04-18,13,Bengaluru,Indiranagar,7,7,6.27,84
2026-04-18,14,Bengaluru,Indiranagar,8,8,6.01,96
2026-04-18,15,Bengaluru,Indiranagar,9,9,6.32,108
2026-04-18,16,Bengaluru,Indiranagar,7,7,5.43,84
2026-04-18,17,Bengaluru,Indiranagar,9,9,5.7,108
2026-04-18,18,Bengaluru,Indiranagar,6,6,5.58,72
2026-04-18,19,Bengaluru,Indiranagar,7,7,6.14,84
2026-04-18,20,Bengaluru,Indiranagar,9,9,6.44,108
2026-04-18,7,Bengaluru,Koramangala,7,7,6.08,84
2026-04-18,8,Bengaluru,Koramangala,8,8,6.48,96
2026-04-18,9,Bengaluru,Koramangala,8,8,6.03,96
2026-04-18,10,Bengaluru,Koramangala,9,9,6.59,108
2026-04-18,11,Bengaluru,Koramangala,9,9,5.88,108
2026-04-18,12,Bengaluru,Koramangala,8,8,5.66,96
2026-04-18,13,Bengaluru,Koramangala,8,8,6.49,96
2026-04-18,14,Bengaluru,Koramangala,7,7,5.98,84
2026-04-18,15,Bengaluru,Koramangala,6,6,5.21,72
2026-04-18,16,Bengaluru,Koramangala,9,9,5.98,108
2026-04-18,17,Bengaluru,Koramangala,8,8,5.71,96
2026-04-18,18,Bengaluru,Koramangala,6,6,6.95,72
2026-04-18,19,Bengaluru,Koramangala,8,8,5.84,96
2026-04-18,20,Bengaluru,Koramangala,7,7,6.01,84
2026-04-18,7,Hyderabad,Banjara Hills,6,6,5.7,72
2026-04-18,8,Hyderabad,Banjara Hills,8,8,6.39,96
2026-04-18,9,Hyderabad,Banjara Hills,6,6,5.67,72
2026-04-18,10,Hyderabad,Banjara Hills,8,8,6.52,96
2026-04-18,11,Hyderabad,Banjara Hills,7,7,6.21,84
2026-04-18,12,Hyderabad,Banjara Hills,9,9,5.82,108
2026-04-18,13,Hyderabad,Banjara Hills,6,6,5.68,72
2026-04-18,14,Hyderabad,Banjara Hills,7,7,5.6,84
2026-04-18,15,Hyderabad,Banjara Hills,8,8,5.75,96
2026-04-18,16,Hyderabad,Banjara Hills,8,8,5.59,96
2026-04-18,17,Hyderabad,Banjara Hills,6,6,6.09,72
2026-04-18,18,Hyderabad,Banjara Hills,6,6,6.09,72
2026-04-18,19,Hyderabad,Banjara Hills,8,8,5.73,96
2026-04-18,20,Hyderabad,Banjara Hills,8,8,6.12,96
2026-04-18,7,Hyderabad,Gachibowli,9,9,5.9,108
2026-04-18,8,Hyderabad,Gachibowli,7,7,6.3,84
2026-04-18,9,Hyderabad,Gachibowli,9,9,6.13,108
2026-04-18,10,Hyderabad,Gachibowli,6,6,5.9,72
2026-04-18,11,Hyderabad,Gachibowli,7,7,5.45,84
2026-04-18,12,Hyderabad,Gachibowli,8,8,5.68,96
2026-04-18,13,Hyderabad,Gachibowli,9,9,5.55,108
2026-04-18,14,Hyderabad,Gachibowli,7,7,6.18,84
2026-04-18,15,Hyderabad,Gachibowli,7,7,5.64,84
2026-04-18,16,Hyderabad,Gachibowli,8,8,6.11,96
2026-04-18,17,Hyderabad,Gachibowli,9,9,5.88,108
2026-04-18,18,Hyderabad,Gachibowli,9,9,5.72,108
2026-04-18,19,Hyderabad,Gachibowli,6,6,5.73,72
2026-04-18,20,Hyderabad,Gachibowli,6,6,6.4,72
2026-04-19,7,Ahmedabad,Satellite,8,8,5.74,96
2026-04-19,8,Ahmedabad,Satellite,9,9,5.5,108
2026-04-19,9,Ahmedabad,Satellite,6,6,6.36,72
2026-04-19,10,Ahmedabad,Satellite,6,6,6.11,72
2026-04-19,11,Ahmedabad,Satellite,6,6,6.57,72
2026-04-19,12,Ahmedabad,Satellite,8,8,5.88,96
2026-04-19,13,Ahmedabad,Satellite,7,7,6.19,84
2026-04-19,14,Ahmedabad,Satellite,7,7,5.66,84
2026-04-19,15,Ahmedabad,Satellite,7,7,6.14,84
2026-04-19,16,Ahmedabad,Satellite,7,7,6.1,84
2026-04-19,17,Ahmedabad,Satellite,9,9,6.69,108
2026-04-19,18,Ahmedabad,Satellite,8,8,6.07,96
2026-04-19,19,Ahmedabad,Satellite,7,7,6.6,84
2026-04-19,20,Ahmedabad,Satellite,8,8,6.39,96
2026-04-19,7,Ahmedabad,Navrangpura,9,9,6.0,108
2026-04-19,8,Ahmedabad,Navrangpura,9,9,6.08,108
2026-04-19,9,Ahmedabad,Navrangpura,7,7,5.46,84
2026-04-19,10,Ahmedabad,Navrangpura,7,7,5.38,84
2026-04-19,11,Ahmedabad,Navrangpura,9,9,5.61,108
2026-04-19,12,Ahmedabad,Navrangpura,7,7,5.74,84
2026-04-19,13,Ahmedabad,Navrangpura,8,8,5.93,96
2026-04-19,14,Ahmedabad,Navrangpura,9,9,6.08,108
2026-04-19,15,Ahmedabad,Navrangpura,7,7,5.82,84
2026-04-19,16,Ahmedabad,Navrangpura,9,9,6.23,108
2026-04-19,17,Ahmedabad,Navrangpura,9,9,5.71,108
2026-04-19,18,Ahmedabad,Navrangpura,7,7,6.06,84
2026-04-19,19,Ahmedabad,Navrangpura,8,8,5.99,96
2026-04-19,20,Ahmedabad,Navrangpura,8,8,5.72,96
2026-04-19,7,Jaipur,C-Scheme,6,6,6.04,72
2026-04-19,8,Jaipur,C-Scheme,8,8,5.94,96
2026-04-19,9,Jaipur,C-Scheme,6,6,5.42,72
2026-04-19,10,Jaipur,C-Scheme,8,8,5.61,96
2026-04-19,11,Jaipur,C-Scheme,6,6,5.93,72
2026-04-19,12,Jaipur,C-Scheme,9,9,5.77,108
2026-04-19,13,Jaipur,C-Scheme,9,9,6.02,108
2026-04-19,14,Jaipur,C-Scheme,6,6,6.36,72
2026-04-19,15,Jaipur,C-Scheme,7,7,6.16,84
2026-04-19,16,Jaipur,C-Scheme,7,7,5.78,84
2026-04-19,17,Jaipur,C-Scheme,9,9,6.15,108
2026-04-19,18,Jaipur,C-Scheme,7,7,6.35,84
2026-04-19,19,Jaipur,C-Scheme,7,7,6.24,84
2026-04-19,20,Jaipur,C-Scheme,7,7,5.96,84
2026-04-19,7,Jaipur,Malviya Nagar,7,7,6.43,84
2026-04-19,8,Jaipur,Malviya Nagar,9,9,5.74,108
2026-04-19,9,Jaipur,Malviya Nagar,6,6,6.07,72
2026-04-19,10,Jaipur,Malviya Nagar,6,6,6.17,72
2026-04-19,11,Jaipur,Malviya Nagar,8,8,5.97,96
2026-04-19,12,Jaipur,Malviya Nagar,9,9,5.96,108
2026-04-19,13,Jaipur,Malviya Nagar,6,6,5.91,72
2026-04-19,14,Jaipur,Malviya Nagar,6,6,5.94,72
2026-04-19,15,Jaipur,Malviya Nagar,7,7,6.57,84
2026-04-19,16,Jaipur,Malviya Nagar,8,8,5.51,96
2026-04-19,17,Jaipur,Malviya Nagar,6,6,4.96,72
2026-04-19,18,Jaipur,Malviya Nagar,8,8,5.81,96
2026-04-19,19,Jaipur,Malviya Nagar,8,8,5.8,96
2026-04-19,20,Jaipur,Malviya Nagar,9,9,6.44,108
2026-04-19,7,Delhi,Connaught Place,8,8,6.03,96
2026-04-19,8,Delhi,Connaught Place,9,9,5.85,108
2026-04-19,9,Delhi,Connaught Place,6,6,5.99,72
2026-04-19,10,Delhi,Connaught Place,8,8,5.67,96
2026-04-19,11,Delhi,Connaught Place,7,7,5.82,84
2026-04-19,12,Delhi,Connaught Place,7,7,6.3,84
2026-04-19,13,Delhi,Connaught Place,8,8,6.02,96
2026-04-19,14,Delhi,Connaught Place,6,6,5.69,72
2026-04-19,15,Delhi,Connaught Place,9,9,6.22,108
2026-04-19,16,Delhi,Connaught Place,7,7,5.29,84
2026-04-19,17,Delhi,Connaught Place,9,9,6.33,108
2026-04-19,18,Delhi,Connaught Place,8,8,6.17,96
2026-04-19,19,Delhi,Connaught Place,9,9,6.23,108
2026-04-19,20,Delhi,Connaught Place,8,8,6.07,96
2026-04-19,7,Delhi,Saket,8,8,6.74,96
2026-04-19,8,Delhi,Saket,6,6,5.86,72
2026-04-19,9,Delhi,Saket,6,6,5.03,72
2026-04-19,10,Delhi,Saket,9,9,6.51,108
2026-04-19,11,Delhi,Saket,6,6,6.01,72
2026-04-19,12,Delhi,Saket,8,8,6.22,96
2026-04-19,13,Delhi,Saket,8,8,5.74,96
2026-04-19,14,Delhi,Saket,6,6,6.22,72
2026-04-19,15,Delhi,Saket,9,9,5.76,108
2026-04-19,16,Delhi,Saket,8,8,6.45,96
2026-04-19,17,Delhi,Saket,7,7,5.72,84
2026-04-19,18,Delhi,Saket,6,6,5.71,72
2026-04-19,19,Delhi,Saket,6,6,6.29,72
2026-04-19,20,Delhi,Saket,8,8,5.6,96
2026-04-19,7,Mumbai,Bandra,7,7,6.3,84
2026-04-19,9,Mumbai,Bandra,8,8,5.88,96
2026-04-19,10,Mumbai,Bandra,7,7,5.91,84
2026-04-19,14,Mumbai,Bandra,8,8,5.58,96
2026-04-19,16,Mumbai,Bandra,6,6,6.08,72
2026-04-19,19,Mumbai,Bandra,9,9,5.92,108
2026-04-19,20,Mumbai,Bandra,9,9,6.11,108
2026-04-19,7,Mumbai,Andheri,8,8,6.57,96
2026-04-19,8,Mumbai,Andheri,9,9,5.26,108
2026-04-19,9,Mumbai,Andheri,7,7,6.8,84
2026-04-19,10,Mumbai,Andheri,8,8,5.95,96
2026-04-19,11,Mumbai,Andheri,7,7,5.84,84
2026-04-19,12,Mumbai,Andheri,9,9,6.58,108
2026-04-19,13,Mumbai,Andheri,8,8,5.66,96
2026-04-19,14,Mumbai,Andheri,9,9,5.73,108
2026-04-19,15,Mumbai,Andheri,6,6,6.14,72
2026-04-19,16,Mumbai,Andheri,6,6,6.54,72
2026-04-19,17,Mumbai,Andheri,8,8,6.18,96
2026-04-19,18,Mumbai,Andheri,6,6,5.47,72
2026-04-19,19,Mumbai,Andheri,8,8,6.21,96
2026-04-19,20,Mumbai,Andheri,9,9,5.46,108
2026-04-19,7,Bengaluru,Indiranagar,8,8,6.12,96
2026-04-19,8,Bengaluru,Indiranagar,9,9,5.54,108
2026-04-19,9,Bengaluru,Indiranagar,9,9,5.96,108
2026-04-19,10,Bengaluru,Indiranagar,8,8,6.2,96
2026-04-19,11,Bengaluru,Indiranagar,7,7,6.24,84
2026-04-19,12,Bengaluru,Indiranagar,9,9,6.03,108
2026-04-19,13,Bengaluru,Indiranagar,8,8,5.65,96
2026-04-19,14,Bengaluru,Indiranagar,9,9,5.7,108
2026-04-19,15,Bengaluru,Indiranagar,8,8,5.8,96
2026-04-19,16,Bengaluru,Indiranagar,9,9,6.16,108
2026-04-19,17,Bengaluru,Indiranagar,8,8,5.16,96
2026-04-19,18,Bengaluru,Indiranagar,7,7,5.69,84
2026-04-19,19,Bengaluru,Indiranagar,8,8,6.03,96
2026-04-19,20,Bengaluru,Indiranagar,8,8,5.43,96
2026-04-19,7,Bengaluru,Koramangala,6,6,5.99,72
2026-04-19,8,Bengaluru,Koramangala,8,8,6.15,96
2026-04-19,9,Bengaluru,Koramangala,9,9,5.85,108
2026-04-19,10,Bengaluru,Koramangala,6,6,5.71,72
2026-04-19,11,Bengaluru,Koramangala,8,8,6.4,96
2026-04-19,12,Bengaluru,Koramangala,9,9,6.33,108
2026-04-19,13,Bengaluru,Koramangala,7,7,5.6,84
2026-04-19,14,Bengaluru,Koramangala,6,6,6.51,72
2026-04-19,15,Bengaluru,Koramangala,8,8,6.11,96
2026-04-19,16,Bengaluru,Koramangala,9,9,5.34,108
2026-04-19,17,Bengaluru,Koramangala,6,6,6.13,72
2026-04-19,18,Bengaluru,Koramangala,8,8,5.68,96
2026-04-19,19,Bengaluru,Koramangala,9,9,6.22,108
2026-04-19,20,Bengaluru,Koramangala,7,7,6.85,84
2026-04-19,7,Hyderabad,Banjara Hills,7,7,5.9,84
2026-04-19,8,Hyderabad,Banjara Hills,7,7,6.0,84
2026-04-19,9,Hyderabad,Banjara Hills,7,7,6.45,84
2026-04-19,10,Hyderabad,Banjara Hills,8,8,5.86,96
2026-04-19,11,Hyderabad,Banjara Hills,6,6,6.12,72
2026-04-19,12,Hyderabad,Banjara Hills,8,8,6.22,96
2026-04-19,13,Hyderabad,Banjara Hills,6,6,5.95,72
2026-04-19,14,Hyderabad,Banjara Hills,7,7,6.55,84
2026-04-19,15,Hyderabad,Banjara Hills,7,7,6.19,84
2026-04-19,16,Hyderabad,Banjara Hills,9,9,6.69,108
2026-04-19,17,Hyderabad,Banjara Hills,9,9,6.65,108
2026-04-19,18,Hyderabad,Banjara Hills,7,7,6.22,84
2026-04-19,19,Hyderabad,Banjara Hills,6,6,5.52,72
2026-04-19,20,Hyderabad,Banjara Hills,8,8,5.72,96
2026-04-19,7,Hyderabad,Gachibowli,9,9,6.16,108
2026-04-19,8,Hyderabad,Gachibowli,8,8,6.78,96
2026-04-19,9,Hyderabad,Gachibowli,7,7,6.36,84
2026-04-19,10,Hyderabad,Gachibowli,9,9,6.46,108
2026-04-19,11,Hyderabad,Gachibowli,8,8,5.62,96
2026-04-19,12,Hyderabad,Gachibowli,9,9,6.56,108
2026-04-19,13,Hyderabad,Gachibowli,6,6,6.24,72
2026-04-19,14,Hyderabad,Gachibowli,9,9,6.08,108
2026-04-19,15,Hyderabad,Gachibowli,9,9,5.97,108
2026-04-19,16,Hyderabad,Gachibowli,6,6,6.26,72
2026-04-19,17,Hyderabad,Gachibowli,9,9,5.66,108
2026-04-19,18,Hyderabad,Gachibowli,6,6,5.58,72
2026-04-19,19,Hyderabad,Gachibowli,7,7,6.09,84
2026-04-19,20,Hyderabad,Gachibowli,9,9,5.99,108
2026-04-20,7,Ahmedabad,Satellite,8,8,6.2,96
2026-04-20,8,Ahmedabad,Satellite,8,8,5.75,96
2026-04-20,9,Ahmedabad,Satellite,9,9,5.89,108
2026-04-20,10,Ahmedabad,Satellite,6,6,5.83,72
2026-04-20,11,Ahmedabad,Satellite,7,7,5.27,84
2026-04-20,12,Ahmedabad,Satellite,9,9,5.68,108
2026-04-20,13,Ahmedabad,Satellite,8,8,5.31,96
2026-04-20,14,Ahmedabad,Satellite,7,7,6.45,84
2026-04-20,15,Ahmedabad,Satellite,8,8,5.85,96
2026-04-20,16,Ahmedabad,Satellite,6,6,6.12,72
2026-04-20,17,Ahmedabad,Satellite,9,9,5.81,108
2026-04-20,18,Ahmedabad,Satellite,9,9,6.35,108
2026-04-20,19,Ahmedabad,Satellite,9,9,5.81,108
2026-04-20,20,Ahmedabad,Satellite,8,8,5.68,96
2026-04-20,7,Ahmedabad,Navrangpura,6,6,6.46,72
2026-04-20,8,Ahmedabad,Navrangpura,7,7,5.93,84
2026-04-20,9,Ahmedabad,Navrangpura,6,6,5.57,72
2026-04-20,10,Ahmedabad,Navrangpura,6,6,6.16,72
2026-04-20,11,Ahmedabad,Navrangpura,7,7,6.16,84
2026-04-20,12,Ahmedabad,Navrangpura,8,8,5.85,96
2026-04-20,13,Ahmedabad,Navrangpura,6,6,5.9,72
2026-04-20,14,Ahmedabad,Navrangpura,6,6,5.85,72
2026-04-20,15,Ahmedabad,Navrangpura,7,7,6.56,84
2026-04-20,16,Ahmedabad,Navrangpura,6,6,4.98,72
2026-04-20,17,Ahmedabad,Navrangpura,8,8,5.81,96
2026-04-20,18,Ahmedabad,Navrangpura,9,9,5.84,108
2026-04-20,19,Ahmedabad,Navrangpura,9,9,5.71,108
2026-04-20,20,Ahmedabad,Navrangpura,8,8,5.73,96
2026-04-20,7,Jaipur,C-Scheme,6,6,6.17,72
2026-04-20,8,Jaipur,C-Scheme,9,9,5.82,108
2026-04-20,9,Jaipur,C-Scheme,6,6,5.65,72
2026-04-20,10,Jaipur,C-Scheme,7,7,6.51,84
2026-04-20,11,Jaipur,C-Scheme,7,7,6.18,84
2026-04-20,12,Jaipur,C-Scheme,9,9,5.9,108
2026-04-20,13,Jaipur,C-Scheme,8,8,6.67,96
2026-04-20,14,Jaipur,C-Scheme,9,9,5.92,108
2026-04-20,15,Jaipur,C-Scheme,8,8,6.44,96
2026-04-20,16,Jaipur,C-Scheme,7,7,5.71,84
2026-04-20,17,Jaipur,C-Scheme,8,8,6.0,96
2026-04-20,18,Jaipur,C-Scheme,9,9,6.0,108
2026-04-20,19,Jaipur,C-Scheme,9,9,6.84,108
2026-04-20,20,Jaipur,C-Scheme,6,6,6.13,72
2026-04-20,7,Jaipur,Malviya Nagar,8,8,6.13,96
2026-04-20,8,Jaipur,Malviya Nagar,8,8,6.02,96
2026-04-20,9,Jaipur,Malviya Nagar,9,9,6.15,108
2026-04-20,10,Jaipur,Malviya Nagar,9,9,6.1,108
2026-04-20,11,Jaipur,Malviya Nagar,7,7,5.98,84
2026-04-20,12,Jaipur,Malviya Nagar,6,6,6.25,72
2026-04-20,13,Jaipur,Malviya Nagar,8,8,5.62,96
2026-04-20,14,Jaipur,Malviya Nagar,6,6,7.21,72
2026-04-20,15,Jaipur,Malviya Nagar,7,7,6.04,84
2026-04-20,16,Jaipur,Malviya Nagar,8,8,5.4,96
2026-04-20,17,Jaipur,Malviya Nagar,8,8,5.63,96
2026-04-20,18,Jaipur,Malviya Nagar,6,6,5.82,72
2026-04-20,19,Jaipur,Malviya Nagar,9,9,6.19,108
2026-04-20,20,Jaipur,Malviya Nagar,7,7,6.23,84
2026-04-20,7,Delhi,Connaught Place,6,6,6.73,72
2026-04-20,8,Delhi,Connaught Place,7,7,5.52,84
2026-04-20,9,Delhi,Connaught Place,9,9,6.41,108
2026-04-20,10,Delhi,Connaught Place,9,9,6.23,108
2026-04-20,11,Delhi,Connaught Place,7,7,6.06,84
2026-04-20,12,Delhi,Connaught Place,7,7,5.81,84
2026-04-20,13,Delhi,Connaught Place,6,6,5.9,72
2026-04-20,14,Delhi,Connaught Place,9,9,5.18,108
2026-04-20,15,Delhi,Connaught Place,9,9,5.97,108
2026-04-20,16,Delhi,Connaught Place,7,7,5.81,84
2026-04-20,17,Delhi,Connaught Place,7,7,6.14,84
2026-04-20,18,Delhi,Connaught Place,8,8,5.64,96
2026-04-20,19,Delhi,Connaught Place,8,8,6.16,96
2026-04-20,20,Delhi,Connaught Place,9,9,6.21,108
2026-04-20,7,Delhi,Saket,7,7,5.54,84
2026-04-20,8,Delhi,Saket,8,8,6.04,96
2026-04-20,9,Delhi,Saket,8,8,5.59,96
2026-04-20,10,Delhi,Saket,8,8,5.7,96
2026-04-20,11,Delhi,Saket,8,8,5.85,96
2026-04-20,12,Delhi,Saket,7,7,5.82,84
2026-04-20,13,Delhi,Saket,6,6,6.14,72
2026-04-20,14,Delhi,Saket,9,9,6.14,108
2026-04-20,15,Delhi,Saket,8,8,5.76,96
2026-04-20,16,Delhi,Saket,6,6,5.13,72
2026-04-20,17,Delhi,Saket,9,9,6.18,108
2026-04-20,18,Delhi,Saket,6,6,5.93,72
2026-04-20,19,Delhi,Saket,6,6,6.29,72
2026-04-20,20,Delhi,Saket,8,8,5.38,96
2026-04-20,8,Mumbai,Bandra,8,8,6.71,96
2026-04-20,9,Mumbai,Bandra,8,8,5.12,96
2026-04-20,11,Mumbai,Bandra,9,9,5.81,108
2026-04-20,12,Mumbai,Bandra,8,8,5.47,96
2026-04-20,13,Mumbai,Bandra,7,7,6.13,84
2026-04-20,16,Mumbai,Bandra,6,6,5.85,72
2026-04-20,20,Mumbai,Bandra,6,6,6.51,72
2026-04-20,7,Mumbai,Andheri,9,9,5.63,108
2026-04-20,8,Mumbai,Andheri,7,7,5.54,84
2026-04-20,9,Mumbai,Andheri,6,6,6.03,72
2026-04-20,10,Mumbai,Andheri,9,9,5.81,108
2026-04-20,11,Mumbai,Andheri,9,9,5.49,108
2026-04-20,12,Mumbai,Andheri,8,8,5.98,96
2026-04-20,13,Mumbai,Andheri,7,7,5.73,84
2026-04-20,14,Mumbai,Andheri,7,7,6.62,84
2026-04-20,15,Mumbai,Andheri,7,7,6.51,84
2026-04-20,16,Mumbai,Andheri,9,9,5.79,108
2026-04-20,17,Mumbai,Andheri,9,9,5.98,108
2026-04-20,18,Mumbai,Andheri,8,8,5.32,96
2026-04-20,19,Mumbai,Andheri,8,8,5.95,96
2026-04-20,20,Mumbai,Andheri,6,6,6.3,72
2026-04-20,7,Bengaluru,Indiranagar,9,9,5.93,108
2026-04-20,8,Bengaluru,Indiranagar,7,7,5.65,84
2026-04-20,9,Bengaluru,Indiranagar,8,8,6.12,96
2026-04-20,10,Bengaluru,Indiranagar,6,6,6.15,72
2026-04-20,11,Bengaluru,Indiranagar,9,9,6.46,108
2026-04-20,12,Bengaluru,Indiranagar,9,9,6.31,108
2026-04-20,13,Bengaluru,Indiranagar,6,6,5.72,72
2026-04-20,14,Bengaluru,Indiranagar,8,8,5.6,96
2026-04-20,15,Bengaluru,Indiranagar,9,9,6.07,108
2026-04-20,16,Bengaluru,Indiranagar,8,8,5.44,96
2026-04-20,17,Bengaluru,Indiranagar,8,8,5.4,96
2026-04-20,18,Bengaluru,Indiranagar,8,8,5.98,96
2026-04-20,19,Bengaluru,Indiranagar,6,6,6.21,72
2026-04-20,20,Bengaluru,Indiranagar,6,6,6.15,72
2026-04-20,7,Bengaluru,Koramangala,6,6,6.34,72
2026-04-20,8,Bengaluru,Koramangala,7,7,5.83,84
2026-04-20,9,Bengaluru,Koramangala,7,7,5.44,84
2026-04-20,10,Bengaluru,Koramangala,9,9,5.62,108
2026-04-20,11,Bengaluru,Koramangala,8,8,5.14,96
2026-04-20,12,Bengaluru,Koramangala,7,7,5.99,84
2026-04-20,13,Bengaluru,Koramangala,6,6,6.04,72
2026-04-20,14,Bengaluru,Koramangala,8,8,5.57,96
2026-04-20,15,Bengaluru,Koramangala,7,7,6.01,84
2026-04-20,16,Bengaluru,Koramangala,8,8,6.56,96
2026-04-20,17,Bengaluru,Koramangala,7,7,5.69,84
2026-04-20,18,Bengaluru,Koramangala,7,7,5.9,84
2026-04-20,19,Bengaluru,Koramangala,8,8,6.16,96
2026-04-20,20,Bengaluru,Koramangala,8,8,6.24,96
2026-04-20,7,Hyderabad,Banjara Hills,8,8,5.75,96
2026-04-20,8,Hyderabad,Banjara Hills,9,9,5.89,108
2026-04-20,9,Hyderabad,Banjara Hills,9,9,6.08,108
2026-04-20,10,Hyderabad,Banjara Hills,9,9,6.15,108
2026-04-20,11,Hyderabad,Banjara Hills,9,9,6.43,108
2026-04-20,12,Hyderabad,Banjara Hills,9,9,5.75,108
2026-04-20,13,Hyderabad,Banjara Hills,9,9,6.22,108
2026-04-20,14,Hyderabad,Banjara Hills,8,8,6.0,96
2026-04-20,15,Hyderabad,Banjara Hills,9,9,6.97,108
2026-04-20,16,Hyderabad,Banjara Hills,6,6,5.67,72
2026-04-20,17,Hyderabad,Banjara Hills,9,9,5.7,108
2026-04-20,18,Hyderabad,Banjara Hills,6,6,6.71,72
2026-04-20,19,Hyderabad,Banjara Hills,9,9,5.73,108
2026-04-20,20,Hyderabad,Banjara Hills,7,7,6.21,84
2026-04-20,7,Hyderabad,Gachibowli,8,8,5.79,96
2026-04-20,8,Hyderabad,Gachibowli,9,9,6.3,108
2026-04-20,9,Hyderabad,Gachibowli,8,8,6.09,96
2026-04-20,10,Hyderabad,Gachibowli,8,8,5.98,96
2026-04-20,11,Hyderabad,Gachibowli,7,7,6.09,84
2026-04-20,12,Hyderabad,Gachibowli,9,9,6.02,108
2026-04-20,13,Hyderabad,Gachibowli,9,9,6.68,108
2026-04-20,14,Hyderabad,Gachibowli,6,6,5.58,72
2026-04-20,15,Hyderabad,Gachibowli,6,6,5.87,72
2026-04-20,16,Hyderabad,Gachibowli,6,6,6.7,72
2026-04-20,17,Hyderabad,Gachibowli,9,9,5.71,108
2026-04-20,18,Hyderabad,Gachibowli,7,7,5.61,84
2026-04-20,19,Hyderabad,Gachibowli,6,6,5.45,72
2026-04-20,20,Hyderabad,Gachibowli,7,7,5.81,84
2026-04-21,7,Ahmedabad,Satellite,8,8,6.1,96
2026-04-21,8,Ahmedabad,Satellite,9,9,5.8,108
2026-04-21,9,Ahmedabad,Satellite,8,8,6.43,96
2026-04-21,10,Ahmedabad,Satellite,7,7,5.48,84
2026-04-21,11,Ahmedabad,Satellite,8,8,5.72,96
2026-04-21,12,Ahmedabad,Satellite,6,6,6.64,72
2026-04-21,13,Ahmedabad,Satellite,7,7,5.6,84
2026-04-21,14,Ahmedabad,Satellite,7,7,5.63,84
2026-04-21,15,Ahmedabad,Satellite,9,9,5.9,108
2026-04-21,16,Ahmedabad,Satellite,7,7,5.93,84
2026-04-21,17,Ahmedabad,Satellite,7,7,5.7,84
2026-04-21,18,Ahmedabad,Satellite,8,8,6.04,96
2026-04-21,19,Ahmedabad,Satellite,7,7,6.32,84
2026-04-21,20,Ahmedabad,Satellite,6,6,5.94,72
2026-04-21,7,Ahmedabad,Navrangpura,9,9,5.3,108
2026-04-21,8,Ahmedabad,Navrangpura,9,9,5.58,108
2026-04-21,9,Ahmedabad,Navrangpura,7,7,5.94,84
2026-04-21,10,Ahmedabad,Navrangpura,6,6,6.03,72
2026-04-21,11,Ahmedabad,Navrangpura,6,6,5.53,72
2026-04-21,12,Ahmedabad,Navrangpura,7,7,5.91,84
2026-04-21,13,Ahmedabad,Navrangpura,8,8,5.72,96
2026-04-21,14,Ahmedabad,Navrangpura,8,8,6.57,96
2026-04-21,15,Ahmedabad,Navrangpura,6,6,6.12,72
2026-04-21,16,Ahmedabad,Navrangpura,8,8,6.72,96
2026-04-21,17,Ahmedabad,Navrangpura,8,8,6.0,96
2026-04-21,18,Ahmedabad,Navrangpura,6,6,6.15,72
2026-04-21,19,Ahmedabad,Navrangpura,7,7,6.12,84
2026-04-21,20,Ahmedabad,Navrangpura,6,6,5.56,72
2026-04-21,7,Jaipur,C-Scheme,8,8,6.42,96
2026-04-21,8,Jaipur,C-Scheme,9,9,6.11,108
2026-04-21,9,Jaipur,C-Scheme,9,9,5.61,108
2026-04-21,10,Jaipur,C-Scheme,7,7,6.23,84
2026-04-21,11,Jaipur,C-Scheme,7,7,4.92,84
2026-04-21,12,Jaipur,C-Scheme,6,6,6.5,72
2026-04-21,13,Jaipur,C-Scheme,7,7,5.67,84
2026-04-21,14,Jaipur,C-Scheme,9,9,6.4,108
2026-04-21,15,Jaipur,C-Scheme,7,7,5.72,84
2026-04-21,16,Jaipur,C-Scheme,6,6,6.14,72
2026-04-21,17,Jaipur,C-Scheme,7,7,6.65,84
2026-04-21,18,Jaipur,C-Scheme,7,7,6.14,84
2026-04-21,19,Jaipur,C-Scheme,6,6,6.32,72
2026-04-21,20,Jaipur,C-Scheme,7,7,5.5,84
2026-04-21,7,Jaipur,Malviya Nagar,7,7,5.88,84
2026-04-21,8,Jaipur,Malviya Nagar,9,9,6.26,108
2026-04-21,9,Jaipur,Malviya Nagar,7,7,6.13,84
2026-04-21,10,Jaipur,Malviya Nagar,7,7,5.91,84
2026-04-21,11,Jaipur,Malviya Nagar,6,6,6.05,72
2026-04-21,12,Jaipur,Malviya Nagar,8,8,4.77,96
2026-04-21,13,Jaipur,Malviya Nagar,7,7,6.26,84
2026-04-21,14,Jaipur,Malviya Nagar,6,6,6.18,72
2026-04-21,15,Jaipur,Malviya Nagar,7,7,6.66,84
2026-04-21,16,Jaipur,Malviya Nagar,9,9,6.12,108
2026-04-21,17,Jaipur,Malviya Nagar,7,7,6.42,84
2026-04-21,18,Jaipur,Malviya Nagar,7,7,6.15,84
2026-04-21,19,Jaipur,Malviya Nagar,6,6,5.02,72
2026-04-21,20,Jaipur,Malviya Nagar,7,7,5.81,84
2026-04-21,7,Delhi,Connaught Place,9,9,5.86,108
2026-04-21,8,Delhi,Connaught Place,9,9,6.32,108
2026-04-21,9,Delhi,Connaught Place,7,7,6.52,84
2026-04-21,10,Delhi,Connaught Place,7,7,5.88,84
2026-04-21,11,Delhi,Connaught Place,9,9,6.2,108
2026-04-21,12,Delhi,Connaught Place,9,9,6.6,108
2026-04-21,13,Delhi,Connaught Place,9,9,5.82,108
2026-04-21,14,Delhi,Connaught Place,7,7,6.34,84
2026-04-21,15,Delhi,Connaught Place,9,9,6.1,108
2026-04-21,16,Delhi,Connaught Place,6,6,5.88,72
2026-04-21,17,Delhi,Connaught Place,6,6,6.15,72
2026-04-21,18,Delhi,Connaught Place,7,7,6.3,84
2026-04-21,19,Delhi,Connaught Place,7,7,5.86,84
2026-04-21,20,Delhi,Connaught Place,8,8,6.13,96
2026-04-21,7,Delhi,Saket,6,6,6.76,72
2026-04-21,8,Delhi,Saket,6,6,6.3,72
2026-04-21,9,Delhi,Saket,6,6,5.98,72
2026-04-21,10,Delhi,Saket,8,8,6.22,96
2026-04-21,11,Delhi,Saket,6,6,6.08,72
2026-04-21,12,Delhi,Saket,8,8,5.58,96
2026-04-21,13,Delhi,Saket,9,9,5.54,108
2026-04-21,14,Delhi,Saket,6,6,5.83,72
2026-04-21,15,Delhi,Saket,7,7,6.8,84
2026-04-21,16,Delhi,Saket,7,7,5.83,84
2026-04-21,17,Delhi,Saket,6,6,5.78,72
2026-04-21,18,Delhi,Saket,7,7,6.66,84
2026-04-21,19,Delhi,Saket,8,8,5.6,96
2026-04-21,20,Delhi,Saket,6,6,7.09,72
2026-04-21,9,Mumbai,Bandra,7,7,6.34,84
2026-04-21,11,Mumbai,Bandra,7,7,5.78,84
2026-04-21,13,Mumbai,Bandra,6,6,5.59,72
2026-04-21,14,Mumbai,Bandra,6,6,5.3,72
2026-04-21,15,Mumbai,Bandra,7,7,5.64,84
2026-04-21,16,Mumbai,Bandra,9,9,5.53,108
2026-04-21,20,Mumbai,Bandra,9,9,5.76,108
2026-04-21,7,Mumbai,Andheri,8,8,5.75,96
2026-04-21,8,Mumbai,Andheri,9,9,6.35,108
2026-04-21,9,Mumbai,Andheri,7,7,5.98,84
2026-04-21,10,Mumbai,Andheri,8,8,5.67,96
2026-04-21,11,Mumbai,Andheri,9,9,5.69,108
2026-04-21,12,Mumbai,Andheri,8,8,6.07,96
2026-04-21,13,Mumbai,Andheri,8,8,5.62,96
2026-04-21,14,Mumbai,Andheri,8,8,6.4,96
2026-04-21,15,Mumbai,Andheri,8,8,5.82,96
2026-04-21,16,Mumbai,Andheri,8,8,6.06,96
2026-04-21,17,Mumbai,Andheri,8,8,5.65,96
2026-04-21,18,Mumbai,Andheri,6,6,6.03,72
2026-04-21,19,Mumbai,Andheri,9,9,5.62,108
2026-04-21,20,Mumbai,Andheri,6,6,5.35,72
2026-04-21,7,Bengaluru,Indiranagar,9,9,6.23,108
2026-04-21,8,Bengaluru,Indiranagar,7,7,5.72,84
2026-04-21,9,Bengaluru,Indiranagar,8,8,6.35,96
2026-04-21,10,Bengaluru,Indiranagar,9,9,6.52,108
2026-04-21,11,Bengaluru,Indiranagar,7,7,6.74,84
2026-04-21,12,Bengaluru,Indiranagar,9,9,5.69,108
2026-04-21,13,Bengaluru,Indiranagar,8,8,5.96,96
2026-04-21,14,Bengaluru,Indiranagar,8,8,5.82,96
2026-04-21,15,Bengaluru,Indiranagar,7,7,6.06,84
2026-04-21,16,Bengaluru,Indiranagar,7,7,6.11,84
2026-04-21,17,Bengaluru,Indiranagar,9,9,6.15,108
2026-04-21,18,Bengaluru,Indiranagar,9,9,6.32,108
2026-04-21,19,Bengaluru,Indiranagar,9,9,5.56,108
2026-04-21,20,Bengaluru,Indiranagar,6,6,6.65,72
2026-04-21,7,Bengaluru,Koramangala,8,8,5.75,96
2026-04-21,8,Bengaluru,Koramangala,9,9,5.75,108
2026-04-21,9,Bengaluru,Koramangala,7,7,5.72,84
2026-04-21,10,Bengaluru,Koramangala,6,6,5.49,72
2026-04-21,11,Bengaluru,Koramangala,9,9,5.92,108
2026-04-21,12,Bengaluru,Koramangala,8,8,5.76,96
2026-04-21,13,Bengaluru,Koramangala,7,7,6.12,84
2026-04-21,14,Bengaluru,Koramangala,7,7,6.11,84
2026-04-21,15,Bengaluru,Koramangala,6,6,5.95,72
2026-04-21,16,Bengaluru,Koramangala,8,8,6.14,96
2026-04-21,17,Bengaluru,Koramangala,8,8,5.96,96
2026-04-21,18,Bengaluru,Koramangala,7,7,6.43,84
2026-04-21,19,Bengaluru,Koramangala,8,8,6.32,96
2026-04-21,20,Bengaluru,Koramangala,8,8,5.8,96
2026-04-21,7,Hyderabad,Banjara Hills,7,7,6.11,84
2026-04-21,8,Hyderabad,Banjara Hills,8,8,6.29,96
2026-04-21,9,Hyderabad,Banjara Hills,7,7,6.17,84
2026-04-21,10,Hyderabad,Banjara Hills,8,8,5.86,96
2026-04-21,11,Hyderabad,Banjara Hills,9,9,6.22,108
2026-04-21,12,Hyderabad,Banjara Hills,6,6,6.17,72
2026-04-21,13,Hyderabad,Banjara Hills,9,9,6.44,108
2026-04-21,14,Hyderabad,Banjara Hills,9,9,5.65,108
2026-04-21,15,Hyderabad,Banjara Hills,6,6,6.65,72
2026-04-21,16,Hyderabad,Banjara Hills,8,8,6.35,96
2026-04-21,17,Hyderabad,Banjara Hills,8,8,6.11,96
2026-04-21,18,Hyderabad,Banjara Hills,9,9,6.06,108
2026-04-21,19,Hyderabad,Banjara Hills,9,9,5.64,108
2026-04-21,20,Hyderabad,Banjara Hills,6,6,5.98,72
2026-04-21,7,Hyderabad,Gachibowli,7,7,6.1,84
2026-04-21,8,Hyderabad,Gachibowli,7,7,6.45,84
2026-04-21,9,Hyderabad,Gachibowli,7,7,5.58,84
2026-04-21,10,Hyderabad,Gachibowli,7,7,6.13,84
2026-04-21,11,Hyderabad,Gachibowli,6,6,5.94,72
2026-04-21,12,Hyderabad,Gachibowli,8,8,5.88,96
2026-04-21,13,Hyderabad,Gachibowli,6,6,5.1,72
2026-04-21,14,Hyderabad,Gachibowli,6,6,5.84,72
2026-04-21,15,Hyderabad,Gachibowli,7,7,5.69,84
2026-04-21,16,Hyderabad,Gachibowli,6,6,6.36,72
2026-04-21,17,Hyderabad,Gachibowli,8,8,5.98,96
2026-04-21,18,Hyderabad,Gachibowli,7,7,5.89,84
2026-04-21,19,Hyderabad,Gachibowli,8,8,5.96,96
2026-04-21,20,Hyderabad,Gachibowli,7,7,5.97,84
2026-04-22,7,Ahmedabad,Satellite,7,7,6.1,84
2026-04-22,8,Ahmedabad,Satellite,7,7,6.3,84
2026-04-22,9,Ahmedabad,Satellite,9,9,5.58,108
2026-04-22,10,Ahmedabad,Satellite,6,6,5.3,72
2026-04-22,11,Ahmedabad,Satellite,6,6,6.1,72
2026-04-22,12,Ahmedabad,Satellite,7,7,6.2,84
2026-04-22,13,Ahmedabad,Satellite,8,8,6.71,96
2026-04-22,14,Ahmedabad,Satellite,6,6,5.76,72
2026-04-22,15,Ahmedabad,Satellite,8,8,6.34,96
2026-04-22,16,Ahmedabad,Satellite,8,8,5.61,96
2026-04-22,17,Ahmedabad,Satellite,8,8,6.07,96
2026-04-22,18,Ahmedabad,Satellite,8,8,7.14,96
2026-04-22,19,Ahmedabad,Satellite,8,8,6.64,96
2026-04-22,20,Ahmedabad,Satellite,6,6,6.48,72
2026-04-22,7,Ahmedabad,Navrangpura,7,7,5.6,84
2026-04-22,8,Ahmedabad,Navrangpura,7,7,6.42,84
2026-04-22,9,Ahmedabad,Navrangpura,9,9,6.64,108
2026-04-22,10,Ahmedabad,Navrangpura,6,6,6.08,72
2026-04-22,11,Ahmedabad,Navrangpura,8,8,6.74,96
2026-04-22,12,Ahmedabad,Navrangpura,9,9,5.86,108
2026-04-22,13,Ahmedabad,Navrangpura,7,7,5.91,84
2026-04-22,14,Ahmedabad,Navrangpura,7,7,6.29,84
2026-04-22,15,Ahmedabad,Navrangpura,6,6,5.48,72
2026-04-22,16,Ahmedabad,Navrangpura,7,7,5.97,84
2026-04-22,17,Ahmedabad,Navrangpura,8,8,5.86,96
2026-04-22,18,Ahmedabad,Navrangpura,9,9,6.49,108
2026-04-22,19,Ahmedabad,Navrangpura,8,8,6.13,96
2026-04-22,20,Ahmedabad,Navrangpura,7,7,6.03,84
2026-04-22,7,Jaipur,C-Scheme,6,6,5.47,72
2026-04-22,8,Jaipur,C-Scheme,8,8,6.0,96
2026-04-22,9,Jaipur,C-Scheme,8,8,6.23,96
2026-04-22,10,Jaipur,C-Scheme,6,6,5.31,72
2026-04-22,11,Jaipur,C-Scheme,9,9,6.29,108
2026-04-22,12,Jaipur,C-Scheme,6,6,5.96,72
2026-04-22,13,Jaipur,C-Scheme,9,9,5.65,108
2026-04-22,14,Jaipur,C-Scheme,9,9,6.14,108
2026-04-22,15,Jaipur,C-Scheme,7,7,6.18,84
2026-04-22,16,Jaipur,C-Scheme,8,8,5.82,96
2026-04-22,17,Jaipur,C-Scheme,6,6,6.01,72
2026-04-22,18,Jaipur,C-Scheme,7,7,6.22,84
2026-04-22,19,Jaipur,C-Scheme,8,8,6.39,96
2026-04-22,20,Jaipur,C-Scheme,9,9,5.82,108
2026-04-22,7,Jaipur,Malviya Nagar,9,9,6.79,108
2026-04-22,8,Jaipur,Malviya Nagar,6,6,5.76,72
2026-04-22,9,Jaipur,Malviya Nagar,7,7,5.97,84
2026-04-22,10,Jaipur,Malviya Nagar,7,7,6.03,84
2026-04-22,11,Jaipur,Malviya Nagar,8,8,5.99,96
2026-04-22,12,Jaipur,Malviya Nagar,9,9,5.98,108
2026-04-22,13,Jaipur,Malviya Nagar,8,8,5.06,96
2026-04-22,14,Jaipur,Malviya Nagar,6,6,6.75,72
2026-04-22,15,Jaipur,Malviya Nagar,9,9,6.23,108
2026-04-22,16,Jaipur,Malviya Nagar,8,8,5.45,96
2026-04-22,17,Jaipur,Malviya Nagar,7,7,5.73,84
2026-04-22,18,Jaipur,Malviya Nagar,6,6,6.59,72
2026-04-22,19,Jaipur,Malviya Nagar,9,9,6.3,108
2026-04-22,20,Jaipur,Malviya Nagar,8,8,5.74,96
2026-04-22,7,Delhi,Connaught Place,7,7,5.9,84
2026-04-22,8,Delhi,Connaught Place,9,9,6.51,108
2026-04-22,9,Delhi,Connaught Place,8,8,5.47,96
2026-04-22,10,Delhi,Connaught Place,6,6,5.22,72
2026-04-22,11,Delhi,Connaught Place,9,9,5.68,108
2026-04-22,12,Delhi,Connaught Place,9,9,5.35,108
2026-04-22,13,Delhi,Connaught Place,7,7,5.19,84
2026-04-22,14,Delhi,Connaught Place,9,9,5.59,108
2026-04-22,15,Delhi,Connaught Place,8,8,6.16,96
2026-04-22,16,Delhi,Connaught Place,8,8,6.07,96
2026-04-22,17,Delhi,Connaught Place,6,6,5.39,72
2026-04-22,18,Delhi,Connaught Place,7,7,5.54,84
2026-04-22,19,Delhi,Connaught Place,7,7,6.35,84
2026-04-22,20,Delhi,Connaught Place,6,6,6.36,72
2026-04-22,7,Delhi,Saket,8,8,5.7,96
2026-04-22,8,Delhi,Saket,6,6,6.01,72
2026-04-22,9,Delhi,Saket,9,9,5.92,108
2026-04-22,10,Delhi,Saket,6,6,6.81,72
2026-04-22,11,Delhi,Saket,9,9,5.91,108
2026-04-22,12,Delhi,Saket,8,8,6.48,96
2026-04-22,13,Delhi,Saket,8,8,5.74,96
2026-04-22,14,Delhi,Saket,6,6,5.79,72
2026-04-22,15,Delhi,Saket,6,6,5.36,72
2026-04-22,16,Delhi,Saket,9,9,6.24,108
2026-04-22,17,Delhi,Saket,9,9,6.2,108
2026-04-22,18,Delhi,Saket,6,6,5.65,72
2026-04-22,19,Delhi,Saket,8,8,5.64,96
2026-04-22,20,Delhi,Saket,8,8,5.87,96
2026-04-22,7,Mumbai,Bandra,7,7,6.04,84
2026-04-22,11,Mumbai,Bandra,7,7,5.82,84
2026-04-22,12,Mumbai,Bandra,6,6,6.37,72
2026-04-22,13,Mumbai,Bandra,9,9,6.21,108
2026-04-22,14,Mumbai,Bandra,7,7,5.56,84
2026-04-22,15,Mumbai,Bandra,8,8,6.11,96
2026-04-22,16,Mumbai,Bandra,8,8,5.75,96
2026-04-22,18,Mumbai,Bandra,6,6,5.86,72
2026-04-22,7,Mumbai,Andheri,6,6,6.22,72
2026-04-22,8,Mumbai,Andheri,6,6,5.41,72
2026-04-22,9,Mumbai,Andheri,9,9,5.67,108
2026-04-22,10,Mumbai,Andheri,8,8,5.66,96
2026-04-22,11,Mumbai,Andheri,9,9,6.25,108
2026-04-22,12,Mumbai,Andheri,8,8,6.5,96
2026-04-22,13,Mumbai,Andheri,9,9,5.82,108
2026-04-22,14,Mumbai,Andheri,7,7,5.17,84
2026-04-22,15,Mumbai,Andheri,8,8,6.01,96
2026-04-22,16,Mumbai,Andheri,9,9,6.07,108
2026-04-22,17,Mumbai,Andheri,7,7,6.5,84
2026-04-22,18,Mumbai,Andheri,8,8,6.31,96
2026-04-22,19,Mumbai,Andheri,8,8,5.79,96
2026-04-22,20,Mumbai,Andheri,8,8,5.96,96
2026-04-22,7,Bengaluru,Indiranagar,9,9,6.2,108
2026-04-22,8,Bengaluru,Indiranagar,9,9,6.14,108
2026-04-22,9,Bengaluru,Indiranagar,7,7,6.48,84
2026-04-22,10,Bengaluru,Indiranagar,8,8,6.04,96
2026-04-22,11,Bengaluru,Indiranagar,9,9,5.98,108
2026-04-22,12,Bengaluru,Indiranagar,6,6,6.11,72
2026-04-22,13,Bengaluru,Indiranagar,6,6,5.87,72
2026-04-22,14,Bengaluru,Indiranagar,6,6,6.33,72
2026-04-22,15,Bengaluru,Indiranagar,8,8,5.47,96
2026-04-22,16,Bengaluru,Indiranagar,7,7,5.43,84
2026-04-22,17,Bengaluru,Indiranagar,8,8,6.48,96
2026-04-22,18,Bengaluru,Indiranagar,6,6,6.13,72
2026-04-22,19,Bengaluru,Indiranagar,8,8,6.42,96
2026-04-22,20,Bengaluru,Indiranagar,9,9,6.27,108
2026-04-22,7,Bengaluru,Koramangala,7,7,6.69,84
2026-04-22,8,Bengaluru,Koramangala,8,8,6.21,96
2026-04-22,9,Bengaluru,Koramangala,8,8,5.73,96
2026-04-22,10,Bengaluru,Koramangala,7,7,6.1,84
2026-04-22,11,Bengaluru,Koramangala,9,9,6.28,108
2026-04-22,12,Bengaluru,Koramangala,8,8,5.62,96
2026-04-22,13,Bengaluru,Koramangala,8,8,5.79,96
2026-04-22,14,Bengaluru,Koramangala,6,6,5.89,72
2026-04-22,15,Bengaluru,Koramangala,6,6,5.94,72
2026-04-22,16,Bengaluru,Koramangala,9,9,6.76,108
2026-04-22,17,Bengaluru,Koramangala,6,6,6.14,72
2026-04-22,18,Bengaluru,Koramangala,7,7,5.99,84
2026-04-22,19,Bengaluru,Koramangala,7,7,6.45,84
2026-04-22,20,Bengaluru,Koramangala,7,7,5.67,84
2026-04-22,7,Hyderabad,Banjara Hills,9,9,5.27,108
2026-04-22,8,Hyderabad,Banjara Hills,8,8,6.45,96
2026-04-22,9,Hyderabad,Banjara Hills,7,7,6.03,84
2026-04-22,10,Hyderabad,Banjara Hills,7,7,5.15,84
2026-04-22,11,Hyderabad,Banjara Hills,9,9,5.64,108
2026-04-22,12,Hyderabad,Banjara Hills,8,8,5.73,96
2026-04-22,13,Hyderabad,Banjara Hills,7,7,6.1,84
2026-04-22,14,Hyderabad,Banjara Hills,7,7,5.8,84
2026-04-22,15,Hyderabad,Banjara Hills,6,6,6.05,72
2026-04-22,16,Hyderabad,Banjara Hills,7,7,5.84,84
2026-04-22,17,Hyderabad,Banjara Hills,8,8,5.87,96
2026-04-22,18,Hyderabad,Banjara Hills,9,9,6.14,108
2026-04-22,19,Hyderabad,Banjara Hills,6,6,5.43,72
2026-04-22,20,Hyderabad,Banjara Hills,9,9,6.4,108
2026-04-22,7,Hyderabad,Gachibowli,6,6,5.82,72
2026-04-22,8,Hyderabad,Gachibowli,9,9,5.75,108
2026-04-22,9,Hyderabad,Gachibowli,9,9,6.22,108
2026-04-22,10,Hyderabad,Gachibowli,8,8,6.45,96
2026-04-22,11,Hyderabad,Gachibowli,6,6,6.23,72
2026-04-22,12,Hyderabad,Gachibowli,8,8,6.08,96
2026-04-22,13,Hyderabad,Gachibowli,9,9,6.76,108
2026-04-22,14,Hyderabad,Gachibowli,8,8,5.42,96
2026-04-22,15,Hyderabad,Gachibowli,9,9,6.16,108
2026-04-22,16,Hyderabad,Gachibowli,6,6,6.11,72
2026-04-22,17,Hyderabad,Gachibowli,8,8,6.33,96
2026-04-22,18,Hyderabad,Gachibowli,9,9,5.38,108
2026-04-22,19,Hyderabad,Gachibowli,9,9,5.77,108
2026-04-22,20,Hyderabad,Gachibowli,9,9,5.73,108
2026-04-23,7,Ahmedabad,Satellite,6,6,6.43,72
2026-04-23,8,Ahmedabad,Satellite,9,9,5.86,108
2026-04-23,9,Ahmedabad,Satellite,9,9,6.02,108
2026-04-23,10,Ahmedabad,Satellite,6,6,5.64,72
2026-04-23,11,Ahmedabad,Satellite,8,8,5.88,96
2026-04-23,12,Ahmedabad,Satellite,7,7,5.72,84
2026-04-23,13,Ahmedabad,Satellite,9,9,6.09,108
2026-04-23,14,Ahmedabad,Satellite,8,8,5.36,96
2026-04-23,15,Ahmedabad,Satellite,6,6,6.17,72
2026-04-23,16,Ahmedabad,Satellite,6,6,5.67,72
2026-04-23,17,Ahmedabad,Satellite,6,6,6.31,72
2026-04-23,18,Ahmedabad,Satellite,7,7,5.49,84
2026-04-23,19,Ahmedabad,Satellite,7,7,6.67,84
2026-04-23,20,Ahmedabad,Satellite,7,7,6.14,84
2026-04-23,7,Ahmedabad,Navrangpura,6,6,5.63,72
2026-04-23,8,Ahmedabad,Navrangpura,6,6,5.8,72
2026-04-23,9,Ahmedabad,Navrangpura,8,8,6.35,96
2026-04-23,10,Ahmedabad,Navrangpura,8,8,5.69,96
2026-04-23,11,Ahmedabad,Navrangpura,8,8,5.84,96
2026-04-23,12,Ahmedabad,Navrangpura,9,9,5.58,108
2026-04-23,13,Ahmedabad,Navrangpura,6,6,4.95,72
2026-04-23,14,Ahmedabad,Navrangpura,9,9,5.95,108
2026-04-23,15,Ahmedabad,Navrangpura,9,9,6.33,108
2026-04-23,16,Ahmedabad,Navrangpura,7,7,5.25,84
2026-04-23,17,Ahmedabad,Navrangpura,9,9,6.33,108
2026-04-23,18,Ahmedabad,Navrangpura,7,7,6.5,84
2026-04-23,19,Ahmedabad,Navrangpura,7,7,6.41,84
2026-04-23,20,Ahmedabad,Navrangpura,6,6,5.41,72
2026-04-23,7,Jaipur,C-Scheme,7,7,5.69,84
2026-04-23,8,Jaipur,C-Scheme,7,7,5.34,84
2026-04-23,9,Jaipur,C-Scheme,7,7,6.0,84
2026-04-23,10,Jaipur,C-Scheme,9,9,5.67,108
2026-04-23,11,Jaipur,C-Scheme,8,8,5.28,96
2026-04-23,12,Jaipur,C-Scheme,8,8,5.15,96
2026-04-23,13,Jaipur,C-Scheme,7,7,6.36,84
2026-04-23,14,Jaipur,C-Scheme,8,8,5.58,96
2026-04-23,15,Jaipur,C-Scheme,9,9,6.41,108
2026-04-23,16,Jaipur,C-Scheme,8,8,6.17,96
2026-04-23,17,Jaipur,C-Scheme,8,8,6.44,96
2026-04-23,18,Jaipur,C-Scheme,6,6,5.71,72
2026-04-23,19,Jaipur,C-Scheme,8,8,5.99,96
2026-04-23,20,Jaipur,C-Scheme,6,6,5.89,72
2026-04-23,7,Jaipur,Malviya Nagar,7,7,6.03,84
2026-04-23,8,Jaipur,Malviya Nagar,8,8,6.01,96
2026-04-23,9,Jaipur,Malviya Nagar,6,6,6.32,72
2026-04-23,10,Jaipur,Malviya Nagar,8,8,5.61,96
2026-04-23,11,Jaipur,Malviya Nagar,7,7,5.88,84
2026-04-23,12,Jaipur,Malviya Nagar,6,6,6.14,72
2026-04-23,13,Jaipur,Malviya Nagar,7,7,6.36,84
2026-04-23,14,Jaipur,Malviya Nagar,8,8,5.73,96
2026-04-23,15,Jaipur,Malviya Nagar,8,8,5.81,96
2026-04-23,16,Jaipur,Malviya Nagar,6,6,5.98,72
2026-04-23,17,Jaipur,Malviya Nagar,6,6,5.89,72
2026-04-23,18,Jaipur,Malviya Nagar,9,9,6.5,108
2026-04-23,19,Jaipur,Malviya Nagar,8,8,6.17,96
2026-04-23,20,Jaipur,Malviya Nagar,9,9,6.03,108
2026-04-23,7,Delhi,Connaught Place,8,8,5.73,96
2026-04-23,8,Delhi,Connaught Place,6,6,5.61,72
2026-04-23,9,Delhi,Connaught Place,7,7,6.04,84
2026-04-23,10,Delhi,Connaught Place,6,6,5.91,72
2026-04-23,11,Delhi,Connaught Place,7,7,6.52,84
2026-04-23,12,Delhi,Connaught Place,9,9,5.61,108
2026-04-23,13,Delhi,Connaught Place,9,9,5.43,108
2026-04-23,14,Delhi,Connaught Place,7,7,6.81,84
2026-04-23,15,Delhi,Connaught Place,9,9,6.19,108
2026-04-23,16,Delhi,Connaught Place,9,9,5.46,108
2026-04-23,17,Delhi,Connaught Place,6,6,6.2,72
2026-04-23,18,Delhi,Connaught Place,7,7,5.9,84
2026-04-23,19,Delhi,Connaught Place,6,6,6.92,72
2026-04-23,20,Delhi,Connaught Place,6,6,5.62,72
2026-04-23,7,Delhi,Saket,9,9,5.65,108
2026-04-23,8,Delhi,Saket,6,6,6.64,72
2026-04-23,9,Delhi,Saket,9,9,5.95,108
2026-04-23,10,Delhi,Saket,7,7,6.01,84
2026-04-23,11,Delhi,Saket,7,7,6.36,84
2026-04-23,12,Delhi,Saket,6,6,5.85,72
2026-04-23,13,Delhi,Saket,6,6,6.24,72
2026-04-23,14,Delhi,Saket,9,9,5.92,108
2026-04-23,15,Delhi,Saket,9,9,6.0,108
2026-04-23,16,Delhi,Saket,8,8,6.32,96
2026-04-23,17,Delhi,Saket,7,7,6.23,84
2026-04-23,18,Delhi,Saket,6,6,6.32,72
2026-04-23,19,Delhi,Saket,7,7,5.72,84
2026-04-23,20,Delhi,Saket,6,6,6.26,72
2026-04-23,9,Mumbai,Bandra,6,6,5.8,72
2026-04-23,12,Mumbai,Bandra,9,9,6.11,108
2026-04-23,13,Mumbai,Bandra,7,7,5.63,84
2026-04-23,14,Mumbai,Bandra,7,7,6.0,84
2026-04-23,16,Mumbai,Bandra,9,9,5.78,108
2026-04-23,17,Mumbai,Bandra,9,9,6.17,108
2026-04-23,18,Mumbai,Bandra,7,7,6.18,84
2026-04-23,19,Mumbai,Bandra,7,7,6.19,84
2026-04-23,7,Mumbai,Andheri,9,9,5.81,108
2026-04-23,8,Mumbai,Andheri,7,7,6.43,84
2026-04-23,9,Mumbai,Andheri,9,9,6.05,108
2026-04-23,10,Mumbai,Andheri,9,9,6.63,108
2026-04-23,11,Mumbai,Andheri,7,7,6.0,84
2026-04-23,12,Mumbai,Andheri,9,9,5.48,108
2026-04-23,13,Mumbai,Andheri,9,9,5.97,108
2026-04-23,14,Mumbai,Andheri,9,9,6.02,108
2026-04-23,15,Mumbai,Andheri,9,9,6.26,108
2026-04-23,16,Mumbai,Andheri,8,8,5.65,96
2026-04-23,17,Mumbai,Andheri,8,8,6.2,96
2026-04-23,18,Mumbai,Andheri,8,8,5.75,96
2026-04-23,19,Mumbai,Andheri,9,9,5.98,108
2026-04-23,20,Mumbai,Andheri,9,9,5.41,108
2026-04-23,7,Bengaluru,Indiranagar,9,9,6.07,108
2026-04-23,8,Bengaluru,Indiranagar,6,6,5.64,72
2026-04-23,9,Bengaluru,Indiranagar,9,9,5.24,108
2026-04-23,10,Bengaluru,Indiranagar,7,7,5.56,84
2026-04-23,11,Bengaluru,Indiranagar,8,8,6.89,96
2026-04-23,12,Bengaluru,Indiranagar,7,7,6.29,84
2026-04-23,13,Bengaluru,Indiranagar,9,9,5.83,108
2026-04-23,14,Bengaluru,Indiranagar,9,9,5.62,108
2026-04-23,15,Bengaluru,Indiranagar,8,8,5.92,96
2026-04-23,16,Bengaluru,Indiranagar,6,6,6.85,72
2026-04-23,17,Bengaluru,Indiranagar,8,8,5.3,96
2026-04-23,18,Bengaluru,Indiranagar,8,8,5.73,96
2026-04-23,19,Bengaluru,Indiranagar,8,8,5.97,96
2026-04-23,20,Bengaluru,Indiranagar,7,7,5.98,84
2026-04-23,7,Bengaluru,Koramangala,6,6,6.15,72
2026-04-23,8,Bengaluru,Koramangala,9,9,5.57,108
2026-04-23,9,Bengaluru,Koramangala,9,9,6.25,108
2026-04-23,10,Bengaluru,Koramangala,7,7,6.0,84
2026-04-23,11,Bengaluru,Koramangala,7,7,5.58,84
2026-04-23,12,Bengaluru,Koramangala,8,8,6.04,96
2026-04-23,13,Bengaluru,Koramangala,8,8,6.13,96
2026-04-23,14,Bengaluru,Koramangala,6,6,6.23,72
2026-04-23,15,Bengaluru,Koramangala,9,9,6.37,108
2026-04-23,16,Bengaluru,Koramangala,7,7,6.03,84
2026-04-23,17,Bengaluru,Koramangala,9,9,5.76,108
2026-04-23,18,Bengaluru,Koramangala,9,9,5.91,108
2026-04-23,19,Bengaluru,Koramangala,8,8,5.81,96
2026-04-23,20,Bengaluru,Koramangala,6,6,5.63,72
2026-04-23,7,Hyderabad,Banjara Hills,9,9,5.34,108
2026-04-23,8,Hyderabad,Banjara Hills,7,7,5.91,84
2026-04-23,9,Hyderabad,Banjara Hills,7,7,5.6,84
2026-04-23,10,Hyderabad,Banjara Hills,8,8,5.84,96
2026-04-23,11,Hyderabad,Banjara Hills,7,7,6.15,84
2026-04-23,12,Hyderabad,Banjara Hills,7,7,6.3,84
2026-04-23,13,Hyderabad,Banjara Hills,8,8,5.83,96
2026-04-23,14,Hyderabad,Banjara Hills,8,8,6.21,96
2026-04-23,15,Hyderabad,Banjara Hills,9,9,5.69,108
2026-04-23,16,Hyderabad,Banjara Hills,7,7,6.48,84
2026-04-23,17,Hyderabad,Banjara Hills,8,8,6.24,96
2026-04-23,18,Hyderabad,Banjara Hills,8,8,6.37,96
2026-04-23,19,Hyderabad,Banjara Hills,8,8,6.54,96
2026-04-23,20,Hyderabad,Banjara Hills,8,8,6.16,96
2026-04-23,7,Hyderabad,Gachibowli,9,9,6.15,108
2026-04-23,8,Hyderabad,Gachibowli,6,6,6.02,72
2026-04-23,9,Hyderabad,Gachibowli,8,8,6.15,96
2026-04-23,10,Hyderabad,Gachibowli,8,8,5.88,96
2026-04-23,11,Hyderabad,Gachibowli,7,7,5.37,84
2026-04-23,12,Hyderabad,Gachibowli,9,9,5.78,108
2026-04-23,13,Hyderabad,Gachibowli,8,8,5.75,96
2026-04-23,14,Hyderabad,Gachibowli,7,7,5.9,84
2026-04-23,15,Hyderabad,Gachibowli,6,6,6.13,72
2026-04-23,16,Hyderabad,Gachibowli,6,6,5.71,72
2026-04-23,17,Hyderabad,Gachibowli,7,7,6.34,84
2026-04-23,18,Hyderabad,Gachibowli,9,9,5.72,108
2026-04-23,19,Hyderabad,Gachibowli,7,7,6.33,84
2026-04-23,20,Hyderabad,Gachibowli,9,9,6.42,108
2026-04-24,7,Ahmedabad,Satellite,8,8,7.3,96
2026-04-24,8,Ahmedabad,Satellite,6,6,6.42,72
2026-04-24,9,Ahmedabad,Satellite,6,6,5.65,72
2026-04-24,10,Ahmedabad,Satellite,8,8,5.96,96
2026-04-24,11,Ahmedabad,Satellite,8,8,6.68,96
2026-04-24,12,Ahmedabad,Satellite,8,8,6.59,96
2026-04-24,13,Ahmedabad,Satellite,6,6,5.5,72
2026-04-24,14,Ahmedabad,Satellite,6,6,6.19,72
2026-04-24,15,Ahmedabad,Satellite,9,9,5.41,108
2026-04-24,16,Ahmedabad,Satellite,6,6,6.1,72
2026-04-24,17,Ahmedabad,Satellite,8,8,6.36,96
2026-04-24,18,Ahmedabad,Satellite,6,6,6.2,72
2026-04-24,19,Ahmedabad,Satellite,7,7,5.61,84
2026-04-24,20,Ahmedabad,Satellite,9,9,5.96,108
2026-04-24,7,Ahmedabad,Navrangpura,9,9,5.2,108
2026-04-24,8,Ahmedabad,Navrangpura,9,9,6.3,108
2026-04-24,9,Ahmedabad,Navrangpura,8,8,6.35,96
2026-04-24,10,Ahmedabad,Navrangpura,7,7,6.44,84
2026-04-24,11,Ahmedabad,Navrangpura,7,7,6.24,84
2026-04-24,12,Ahmedabad,Navrangpura,8,8,5.74,96
2026-04-24,13,Ahmedabad,Navrangpura,7,7,6.05,84
2026-04-24,14,Ahmedabad,Navrangpura,6,6,5.81,72
2026-04-24,15,Ahmedabad,Navrangpura,6,6,6.79,72
2026-04-24,16,Ahmedabad,Navrangpura,8,8,5.39,96
2026-04-24,17,Ahmedabad,Navrangpura,6,6,5.6,72
2026-04-24,18,Ahmedabad,Navrangpura,6,6,6.36,72
2026-04-24,19,Ahmedabad,Navrangpura,9,9,6.15,108
2026-04-24,20,Ahmedabad,Navrangpura,7,7,5.62,84
2026-04-24,7,Jaipur,C-Scheme,8,8,6.37,96
2026-04-24,8,Jaipur,C-Scheme,6,6,6.71,72
2026-04-24,9,Jaipur,C-Scheme,7,7,5.64,84
2026-04-24,10,Jaipur,C-Scheme,6,6,6.14,72
2026-04-24,11,Jaipur,C-Scheme,6,6,6.04,72
2026-04-24,12,Jaipur,C-Scheme,7,7,6.58,84
2026-04-24,13,Jaipur,C-Scheme,9,9,5.98,108
2026-04-24,14,Jaipur,C-Scheme,9,9,6.25,108
2026-04-24,15,Jaipur,C-Scheme,6,6,5.69,72
2026-04-24,16,Jaipur,C-Scheme,8,8,5.68,96
2026-04-24,17,Jaipur,C-Scheme,8,8,6.48,96
2026-04-24,18,Jaipur,C-Scheme,9,9,6.6,108
2026-04-24,19,Jaipur,C-Scheme,6,6,6.05,72
2026-04-24,20,Jaipur,C-Scheme,7,7,5.88,84
2026-04-24,7,Jaipur,Malviya Nagar,7,7,6.29,84
2026-04-24,8,Jaipur,Malviya Nagar,8,8,5.61,96
2026-04-24,9,Jaipur,Malviya Nagar,7,7,6.2,84
2026-04-24,10,Jaipur,Malviya Nagar,6,6,5.93,72
2026-04-24,11,Jaipur,Malviya Nagar,6,6,6.43,72
2026-04-24,12,Jaipur,Malviya Nagar,6,6,6.3,72
2026-04-24,13,Jaipur,Malviya Nagar,6,6,5.23,72
2026-04-24,14,Jaipur,Malviya Nagar,8,8,6.1,96
2026-04-24,15,Jaipur,Malviya Nagar,6,6,5.39,72
2026-04-24,16,Jaipur,Malviya Nagar,9,9,5.74,108
2026-04-24,17,Jaipur,Malviya Nagar,8,8,6.01,96
2026-04-24,18,Jaipur,Malviya Nagar,7,7,6.65,84
2026-04-24,19,Jaipur,Malviya Nagar,8,8,5.67,96
2026-04-24,20,Jaipur,Malviya Nagar,8,8,6.21,96
2026-04-24,7,Delhi,Connaught Place,8,8,6.16,96
2026-04-24,8,Delhi,Connaught Place,8,8,6.16,96
2026-04-24,9,Delhi,Connaught Place,7,7,6.68,84
2026-04-24,10,Delhi,Connaught Place,6,6,6.44,72
2026-04-24,11,Delhi,Connaught Place,8,8,6.32,96
2026-04-24,12,Delhi,Connaught Place,6,6,6.36,72
2026-04-24,13,Delhi,Connaught Place,7,7,6.45,84
2026-04-24,14,Delhi,Connaught Place,6,6,6.08,72
2026-04-24,15,Delhi,Connaught Place,7,7,6.05,84
2026-04-24,16,Delhi,Connaught Place,6,6,5.19,72
2026-04-24,17,Delhi,Connaught Place,7,7,5.73,84
2026-04-24,18,Delhi,Connaught Place,8,8,5.53,96
2026-04-24,19,Delhi,Connaught Place,9,9,6.2,108
2026-04-24,20,Delhi,Connaught Place,6,6,5.99,72
2026-04-24,7,Delhi,Saket,9,9,6.12,108
2026-04-24,8,Delhi,Saket,6,6,6.4,72
2026-04-24,9,Delhi,Saket,8,8,5.92,96
2026-04-24,10,Delhi,Saket,9,9,6.0,108
2026-04-24,11,Delhi,Saket,7,7,5.23,84
2026-04-24,12,Delhi,Saket,7,7,5.98,84
2026-04-24,13,Delhi,Saket,7,7,5.95,84
2026-04-24,14,Delhi,Saket,9,9,5.8,108
2026-04-24,15,Delhi,Saket,8,8,6.77,96
2026-04-24,16,Delhi,Saket,7,7,5.87,84
2026-04-24,17,Delhi,Saket,9,9,6.8,108
2026-04-24,18,Delhi,Saket,8,8,5.78,96
2026-04-24,19,Delhi,Saket,7,7,6.0,84
2026-04-24,20,Delhi,Saket,9,9,6.71,108
2026-04-24,7,Mumbai,Bandra,7,7,6.12,84
2026-04-24,9,Mumbai,Bandra,9,9,6.03,108
2026-04-24,10,Mumbai,Bandra,6,6,6.36,72
2026-04-24,11,Mumbai,Bandra,7,7,5.87,84
2026-04-24,12,Mumbai,Bandra,8,8,5.9,96
2026-04-24,13,Mumbai,Bandra,9,9,6.49,108
2026-04-24,16,Mumbai,Bandra,8,8,6.61,96
2026-04-24,19,Mumbai,Bandra,7,7,5.89,84
2026-04-24,7,Mumbai,Andheri,8,8,5.35,96
2026-04-24,8,Mumbai,Andheri,7,7,5.67,84
2026-04-24,9,Mumbai,Andheri,6,6,6.25,72
2026-04-24,10,Mumbai,Andheri,7,7,6.17,84
2026-04-24,11,Mumbai,Andheri,6,6,6.23,72
2026-04-24,12,Mumbai,Andheri,6,6,6.47,72
2026-04-24,13,Mumbai,Andheri,8,8,6.48,96
2026-04-24,14,Mumbai,Andheri,7,7,5.88,84
2026-04-24,15,Mumbai,Andheri,9,9,5.47,108
2026-04-24,16,Mumbai,Andheri,7,7,6.0,84
2026-04-24,17,Mumbai,Andheri,7,7,6.46,84
2026-04-24,18,Mumbai,Andheri,7,7,5.37,84
2026-04-24,19,Mumbai,Andheri,8,8,5.57,96
2026-04-24,20,Mumbai,Andheri,6,6,6.2,72
2026-04-24,7,Bengaluru,Indiranagar,6,6,6.51,72
2026-04-24,8,Bengaluru,Indiranagar,8,8,5.79,96
2026-04-24,9,Bengaluru,Indiranagar,8,8,6.54,96
2026-04-24,10,Bengaluru,Indiranagar,7,7,5.34,84
2026-04-24,11,Bengaluru,Indiranagar,9,9,6.38,108
2026-04-24,12,Bengaluru,Indiranagar,8,8,5.9,96
2026-04-24,13,Bengaluru,Indiranagar,9,9,6.38,108
2026-04-24,14,Bengaluru,Indiranagar,6,6,5.52,72
2026-04-24,15,Bengaluru,Indiranagar,6,6,5.98,72
2026-04-24,16,Bengaluru,Indiranagar,8,8,6.29,96
2026-04-24,17,Bengaluru,Indiranagar,8,8,5.73,96
2026-04-24,18,Bengaluru,Indiranagar,7,7,6.04,84
2026-04-24,19,Bengaluru,Indiranagar,7,7,6.91,84
2026-04-24,20,Bengaluru,Indiranagar,9,9,5.4,108
2026-04-24,7,Bengaluru,Koramangala,7,7,5.57,84
2026-04-24,8,Bengaluru,Koramangala,6,6,6.41,72
2026-04-24,9,Bengaluru,Koramangala,8,8,5.73,96
2026-04-24,10,Bengaluru,Koramangala,8,8,5.76,96
2026-04-24,11,Bengaluru,Koramangala,8,8,6.13,96
2026-04-24,12,Bengaluru,Koramangala,9,9,6.19,108
2026-04-24,13,Bengaluru,Koramangala,8,8,5.47,96
2026-04-24,14,Bengaluru,Koramangala,8,8,6.29,96
2026-04-24,15,Bengaluru,Koramangala,6,6,6.46,72
2026-04-24,16,Bengaluru,Koramangala,6,6,5.72,72
2026-04-24,17,Bengaluru,Koramangala,6,6,5.99,72
2026-04-24,18,Bengaluru,Koramangala,9,9,6.52,108
2026-04-24,19,Bengaluru,Koramangala,8,8,5.92,96
2026-04-24,20,Bengaluru,Koramangala,7,7,5.65,84
2026-04-24,7,Hyderabad,Banjara Hills,8,8,5.59,96
2026-04-24,8,Hyderabad,Banjara Hills,8,8,5.71,96
2026-04-24,9,Hyderabad,Banjara Hills,6,6,5.26,72
2026-04-24,10,Hyderabad,Banjara Hills,7,7,6.51,84
2026-04-24,11,Hyderabad,Banjara Hills,7,7,6.36,84
2026-04-24,12,Hyderabad,Banjara Hills,7,7,6.22,84
2026-04-24,13,Hyderabad,Banjara Hills,8,8,5.57,96
2026-04-24,14,Hyderabad,Banjara Hills,6,6,5.94,72
2026-04-24,15,Hyderabad,Banjara Hills,8,8,6.19,96
2026-04-24,16,Hyderabad,Banjara Hills,9,9,6.32,108
2026-04-24,17,Hyderabad,Banjara Hills,8,8,6.15,96
2026-04-24,18,Hyderabad,Banjara Hills,7,7,6.37,84
2026-04-24,19,Hyderabad,Banjara Hills,7,7,5.81,84
2026-04-24,20,Hyderabad,Banjara Hills,9,9,6.19,108
2026-04-24,7,Hyderabad,Gachibowli,7,7,6.11,84
2026-04-24,8,Hyderabad,Gachibowli,8,8,5.58,96
2026-04-24,9,Hyderabad,Gachibowli,8,8,6.25,96
2026-04-24,10,Hyderabad,Gachibowli,7,7,6.35,84
2026-04-24,11,Hyderabad,Gachibowli,7,7,6.27,84
2026-04-24,12,Hyderabad,Gachibowli,8,8,5.79,96
2026-04-24,13,Hyderabad,Gachibowli,7,7,6.57,84
2026-04-24,14,Hyderabad,Gachibowli,8,8,6.32,96
2026-04-24,15,Hyderabad,Gachibowli,6,6,6.76,72
2026-04-24,16,Hyderabad,Gachibowli,9,9,5.72,108
2026-04-24,17,Hyderabad,Gachibowli,8,8,5.71,96
2026-04-24,18,Hyderabad,Gachibowli,7,7,5.9,84
2026-04-24,19,Hyderabad,Gachibowli,6,6,5.92,72
2026-04-24,20,Hyderabad,Gachibowli,8,8,5.78,96
2026-04-25,7,Ahmedabad,Satellite,7,7,6.14,84
2026-04-25,8,Ahmedabad,Satellite,8,8,5.76,96
2026-04-25,9,Ahmedabad,Satellite,8,8,6.29,96
2026-04-25,10,Ahmedabad,Satellite,7,7,5.69,84
2026-04-25,11,Ahmedabad,Satellite,9,9,5.11,108
2026-04-25,12,Ahmedabad,Satellite,7,7,5.56,84
2026-04-25,13,Ahmedabad,Satellite,7,7,6.03,84
2026-04-25,14,Ahmedabad,Satellite,8,8,5.62,96
2026-04-25,15,Ahmedabad,Satellite,7,7,5.51,84
2026-04-25,16,Ahmedabad,Satellite,6,6,6.07,72
2026-04-25,17,Ahmedabad,Satellite,6,6,6.16,72
2026-04-25,18,Ahmedabad,Satellite,9,9,6.0,108
2026-04-25,19,Ahmedabad,Satellite,7,7,6.52,84
2026-04-25,20,Ahmedabad,Satellite,8,8,5.38,96
2026-04-25,7,Ahmedabad,Navrangpura,9,9,5.84,108
2026-04-25,8,Ahmedabad,Navrangpura,6,6,5.84,72
2026-04-25,9,Ahmedabad,Navrangpura,9,9,6.57,108
2026-04-25,10,Ahmedabad,Navrangpura,9,9,6.32,108
2026-04-25,11,Ahmedabad,Navrangpura,6,6,6.27,72
2026-04-25,12,Ahmedabad,Navrangpura,7,7,6.26,84
2026-04-25,13,Ahmedabad,Navrangpura,8,8,6.34,96
2026-04-25,14,Ahmedabad,Navrangpura,9,9,5.94,108
2026-04-25,15,Ahmedabad,Navrangpura,9,9,6.18,108
2026-04-25,16,Ahmedabad,Navrangpura,8,8,6.09,96
2026-04-25,17,Ahmedabad,Navrangpura,7,7,5.99,84
2026-04-25,18,Ahmedabad,Navrangpura,8,8,5.71,96
2026-04-25,19,Ahmedabad,Navrangpura,9,9,5.98,108
2026-04-25,20,Ahmedabad,Navrangpura,8,8,6.07,96
2026-04-25,7,Jaipur,C-Scheme,7,7,5.54,84
2026-04-25,8,Jaipur,C-Scheme,8,8,5.64,96
2026-04-25,9,Jaipur,C-Scheme,8,8,6.23,96
2026-04-25,10,Jaipur,C-Scheme,9,9,5.52,108
2026-04-25,11,Jaipur,C-Scheme,6,6,6.15,72
2026-04-25,12,Jaipur,C-Scheme,8,8,6.24,96
2026-04-25,13,Jaipur,C-Scheme,9,9,5.97,108
2026-04-25,14,Jaipur,C-Scheme,8,8,6.67,96
2026-04-25,15,Jaipur,C-Scheme,9,9,6.39,108
2026-04-25,16,Jaipur,C-Scheme,9,9,6.13,108
2026-04-25,17,Jaipur,C-Scheme,8,8,6.29,96
2026-04-25,18,Jaipur,C-Scheme,8,8,5.94,96
2026-04-25,19,Jaipur,C-Scheme,9,9,5.75,108
2026-04-25,20,Jaipur,C-Scheme,6,6,5.93,72
2026-04-25,7,Jaipur,Malviya Nagar,6,6,6.1,72
2026-04-25,8,Jaipur,Malviya Nagar,9,9,6.2,108
2026-04-25,9,Jaipur,Malviya Nagar,6,6,5.46,72
2026-04-25,10,Jaipur,Malviya Nagar,8,8,6.65,96
2026-04-25,11,Jaipur,Malviya Nagar,6,6,6.18,72
2026-04-25,12,Jaipur,Malviya Nagar,6,6,5.47,72
2026-04-25,13,Jaipur,Malviya Nagar,8,8,6.2,96
2026-04-25,14,Jaipur,Malviya Nagar,6,6,6.54,72
2026-04-25,15,Jaipur,Malviya Nagar,9,9,5.95,108
2026-04-25,16,Jaipur,Malviya Nagar,6,6,6.08,72
2026-04-25,17,Jaipur,Malviya Nagar,6,6,5.86,72
2026-04-25,18,Jaipur,Malviya Nagar,7,7,5.37,84
2026-04-25,19,Jaipur,Malviya Nagar,9,9,6.45,108
2026-04-25,20,Jaipur,Malviya Nagar,6,6,5.97,72
2026-04-25,7,Delhi,Connaught Place,9,9,5.81,108
2026-04-25,8,Delhi,Connaught Place,8,8,5.66,96
2026-04-25,9,Delhi,Connaught Place,8,8,6.15,96
2026-04-25,10,Delhi,Connaught Place,6,6,6.2,72
2026-04-25,11,Delhi,Connaught Place,6,6,5.58,72
2026-04-25,12,Delhi,Connaught Place,9,9,5.78,108
2026-04-25,13,Delhi,Connaught Place,8,8,5.77,96
2026-04-25,14,Delhi,Connaught Place,9,9,6.31,108
2026-04-25,15,Delhi,Connaught Place,8,8,5.6,96
2026-04-25,16,Delhi,Connaught Place,9,9,6.03,108
2026-04-25,17,Delhi,Connaught Place,9,9,6.37,108
2026-04-25,18,Delhi,Connaught Place,8,8,6.16,96
2026-04-25,19,Delhi,Connaught Place,7,7,6.13,84
2026-04-25,20,Delhi,Connaught Place,7,7,5.92,84
2026-04-25,7,Delhi,Saket,6,6,6.12,72
2026-04-25,8,Delhi,Saket,8,8,5.87,96
2026-04-25,9,Delhi,Saket,7,7,6.54,84
2026-04-25,10,Delhi,Saket,9,9,6.25,108
2026-04-25,11,Delhi,Saket,6,6,5.96,72
2026-04-25,12,Delhi,Saket,9,9,5.5,108
2026-04-25,13,Delhi,Saket,6,6,6.04,72
2026-04-25,14,Delhi,Saket,8,8,6.09,96
2026-04-25,15,Delhi,Saket,7,7,6.37,84
2026-04-25,16,Delhi,Saket,8,8,5.72,96
2026-04-25,17,Delhi,Saket,9,9,6.58,108
2026-04-25,18,Delhi,Saket,9,9,6.31,108
2026-04-25,19,Delhi,Saket,6,6,5.96,72
2026-04-25,20,Delhi,Saket,6,6,5.96,72
2026-04-25,7,Mumbai,Bandra,7,7,6.19,84
2026-04-25,8,Mumbai,Bandra,9,9,7.01,108
2026-04-25,9,Mumbai,Bandra,6,6,6.27,72
2026-04-25,10,Mumbai,Bandra,6,6,5.33,72
2026-04-25,11,Mumbai,Bandra,6,6,6.49,72
2026-04-25,13,Mumbai,Bandra,7,7,6.39,84
2026-04-25,15,Mumbai,Bandra,8,8,6.77,96
2026-04-25,17,Mumbai,Bandra,8,8,4.89,96
2026-04-25,18,Mumbai,Bandra,7,7,6.38,84
2026-04-25,20,Mumbai,Bandra,9,9,6.18,108
2026-04-25,7,Mumbai,Andheri,7,7,6.15,84
2026-04-25,8,Mumbai,Andheri,6,6,6.23,72
2026-04-25,9,Mumbai,Andheri,8,8,5.26,96
2026-04-25,10,Mumbai,Andheri,8,8,6.28,96
2026-04-25,11,Mumbai,Andheri,7,7,6.45,84
2026-04-25,12,Mumbai,Andheri,9,9,5.2,108
2026-04-25,13,Mumbai,Andheri,6,6,5.66,72
2026-04-25,14,Mumbai,Andheri,9,9,5.36,108
2026-04-25,15,Mumbai,Andheri,9,9,6.16,108
2026-04-25,16,Mumbai,Andheri,9,9,5.43,108
2026-04-25,17,Mumbai,Andheri,9,9,6.24,108
2026-04-25,18,Mumbai,Andheri,7,7,5.78,84
2026-04-25,19,Mumbai,Andheri,7,7,5.22,84
2026-04-25,20,Mumbai,Andheri,6,6,5.87,72
2026-04-25,7,Bengaluru,Indiranagar,6,6,6.07,72
2026-04-25,8,Bengaluru,Indiranagar,8,8,6.15,96
2026-04-25,9,Bengaluru,Indiranagar,8,8,5.89,96
2026-04-25,10,Bengaluru,Indiranagar,8,8,6.11,96
2026-04-25,11,Bengaluru,Indiranagar,9,9,5.96,108
2026-04-25,12,Bengaluru,Indiranagar,8,8,6.13,96
2026-04-25,13,Bengaluru,Indiranagar,8,8,5.74,96
2026-04-25,14,Bengaluru,Indiranagar,8,8,6.21,96
2026-04-25,15,Bengaluru,Indiranagar,9,9,6.15,108
2026-04-25,16,Bengaluru,Indiranagar,9,9,6.01,108
2026-04-25,17,Bengaluru,Indiranagar,9,9,5.87,108
2026-04-25,18,Bengaluru,Indiranagar,8,8,5.8,96
2026-04-25,19,Bengaluru,Indiranagar,8,8,6.15,96
2026-04-25,20,Bengaluru,Indiranagar,8,8,6.09,96
2026-04-25,7,Bengaluru,Koramangala,6,6,5.79,72
2026-04-25,8,Bengaluru,Koramangala,7,7,6.76,84
2026-04-25,9,Bengaluru,Koramangala,7,7,5.65,84
2026-04-25,10,Bengaluru,Koramangala,7,7,5.6,84
2026-04-25,11,Bengaluru,Koramangala,7,7,6.61,84
2026-04-25,12,Bengaluru,Koramangala,8,8,6.55,96
2026-04-25,13,Bengaluru,Koramangala,7,7,5.64,84
2026-04-25,14,Bengaluru,Koramangala,6,6,6.72,72
2026-04-25,15,Bengaluru,Koramangala,7,7,5.89,84
2026-04-25,16,Bengaluru,Koramangala,8,8,6.57,96
2026-04-25,17,Bengaluru,Koramangala,9,9,6.88,108
2026-04-25,18,Bengaluru,Koramangala,7,7,6.1,84
2026-04-25,19,Bengaluru,Koramangala,8,8,5.76,96
2026-04-25,20,Bengaluru,Koramangala,8,8,5.26,96
2026-04-25,7,Hyderabad,Banjara Hills,9,9,6.46,108
2026-04-25,8,Hyderabad,Banjara Hills,8,8,6.24,96
2026-04-25,9,Hyderabad,Banjara Hills,7,7,5.6,84
2026-04-25,10,Hyderabad,Banjara Hills,7,7,6.09,84
2026-04-25,11,Hyderabad,Banjara Hills,8,8,6.17,96
2026-04-25,12,Hyderabad,Banjara Hills,8,8,6.07,96
2026-04-25,13,Hyderabad,Banjara Hills,8,8,6.35,96
2026-04-25,14,Hyderabad,Banjara Hills,9,9,4.75,108
2026-04-25,15,Hyderabad,Banjara Hills,9,9,7.03,108
2026-04-25,16,Hyderabad,Banjara Hills,9,9,5.4,108
2026-04-25,17,Hyderabad,Banjara Hills,6,6,6.0,72
2026-04-25,18,Hyderabad,Banjara Hills,6,6,5.81,72
2026-04-25,19,Hyderabad,Banjara Hills,8,8,6.19,96
2026-04-25,20,Hyderabad,Banjara Hills,9,9,6.06,108
2026-04-25,7,Hyderabad,Gachibowli,7,7,6.01,84
2026-04-25,8,Hyderabad,Gachibowli,8,8,7.27,96
2026-04-25,9,Hyderabad,Gachibowli,8,8,6.08,96
2026-04-25,10,Hyderabad,Gachibowli,6,6,5.32,72
2026-04-25,11,Hyderabad,Gachibowli,9,9,6.46,108
2026-04-25,12,Hyderabad,Gachibowli,8,8,5.47,96
2026-04-25,13,Hyderabad,Gachibowli,7,7,6.01,84
2026-04-25,14,Hyderabad,Gachibowli,8,8,6.55,96
2026-04-25,15,Hyderabad,Gachibowli,8,8,5.87,96
2026-04-25,16,Hyderabad,Gachibowli,8,8,5.26,96
2026-04-25,17,Hyderabad,Gachibowli,7,7,6.26,84
2026-04-25,18,Hyderabad,Gachibowli,6,6,5.29,72
2026-04-25,19,Hyderabad,Gachibowli,8,8,6.31,96
2026-04-25,20,Hyderabad,Gachibowli,8,8,6.45,96
2026-04-26,7,Ahmedabad,Satellite,9,9,6.26,108
2026-04-26,8,Ahmedabad,Satellite,7,7,6.21,84
2026-04-26,9,Ahmedabad,Satellite,7,7,5.27,84
2026-04-26,10,Ahmedabad,Satellite,9,9,5.4,108
2026-04-26,11,Ahmedabad,Satellite,7,7,5.95,84
2026-04-26,12,Ahmedabad,Satellite,6,6,6.16,72
2026-04-26,13,Ahmedabad,Satellite,8,8,6.45,96
2026-04-26,14,Ahmedabad,Satellite,9,9,6.46,108
2026-04-26,15,Ahmedabad,Satellite,9,9,6.1,108
2026-04-26,16,Ahmedabad,Satellite,8,8,5.66,96
2026-04-26,17,Ahmedabad,Satellite,8,8,6.13,96
2026-04-26,18,Ahmedabad,Satellite,6,6,4.64,72
2026-04-26,19,Ahmedabad,Satellite,6,6,6.23,72
2026-04-26,20,Ahmedabad,Satellite,9,9,5.76,108
2026-04-26,7,Ahmedabad,Navrangpura,6,6,5.86,72
2026-04-26,8,Ahmedabad,Navrangpura,9,9,6.05,108
2026-04-26,9,Ahmedabad,Navrangpura,9,9,6.66,108
2026-04-26,10,Ahmedabad,Navrangpura,9,9,5.96,108
2026-04-26,11,Ahmedabad,Navrangpura,8,8,6.48,96
2026-04-26,12,Ahmedabad,Navrangpura,8,8,6.23,96
2026-04-26,13,Ahmedabad,Navrangpura,9,9,6.44,108
2026-04-26,14,Ahmedabad,Navrangpura,6,6,7.02,72
2026-04-26,15,Ahmedabad,Navrangpura,8,8,6.05,96
2026-04-26,16,Ahmedabad,Navrangpura,8,8,6.07,96
2026-04-26,17,Ahmedabad,Navrangpura,8,8,5.76,96
2026-04-26,18,Ahmedabad,Navrangpura,8,8,5.89,96
2026-04-26,19,Ahmedabad,Navrangpura,9,9,5.53,108
2026-04-26,20,Ahmedabad,Navrangpura,9,9,5.79,108
2026-04-26,7,Jaipur,C-Scheme,8,8,6.71,96
2026-04-26,8,Jaipur,C-Scheme,6,6,6.21,72
2026-04-26,9,Jaipur,C-Scheme,7,7,5.71,84
2026-04-26,10,Jaipur,C-Scheme,8,8,6.55,96
2026-04-26,11,Jaipur,C-Scheme,8,8,6.01,96
2026-04-26,12,Jaipur,C-Scheme,9,9,5.82,108
2026-04-26,13,Jaipur,C-Scheme,6,6,5.6,72
2026-04-26,14,Jaipur,C-Scheme,9,9,6.16,108
2026-04-26,15,Jaipur,C-Scheme,8,8,5.9,96
2026-04-26,16,Jaipur,C-Scheme,6,6,6.08,72
2026-04-26,17,Jaipur,C-Scheme,6,6,6.16,72
2026-04-26,18,Jaipur,C-Scheme,6,6,5.81,72
2026-04-26,19,Jaipur,C-Scheme,9,9,6.28,108
2026-04-26,20,Jaipur,C-Scheme,9,9,6.45,108
2026-04-26,7,Jaipur,Malviya Nagar,9,9,5.85,108
2026-04-26,8,Jaipur,Malviya Nagar,6,6,5.62,72
2026-04-26,9,Jaipur,Malviya Nagar,7,7,5.78,84
2026-04-26,10,Jaipur,Malviya Nagar,7,7,5.6,84
2026-04-26,11,Jaipur,Malviya Nagar,8,8,6.19,96
2026-04-26,12,Jaipur,Malviya Nagar,7,7,6.23,84
2026-04-26,13,Jaipur,Malviya Nagar,6,6,6.31,72
2026-04-26,14,Jaipur,Malviya Nagar,7,7,5.83,84
2026-04-26,15,Jaipur,Malviya Nagar,8,8,5.89,96
2026-04-26,16,Jaipur,Malviya Nagar,7,7,6.18,84
2026-04-26,17,Jaipur,Malviya Nagar,6,6,5.85,72
2026-04-26,18,Jaipur,Malviya Nagar,6,6,5.47,72
2026-04-26,19,Jaipur,Malviya Nagar,9,9,5.92,108
2026-04-26,20,Jaipur,Malviya Nagar,6,6,5.24,72
2026-04-26,7,Delhi,Connaught Place,6,6,6.39,72
2026-04-26,8,Delhi,Connaught Place,7,7,7.01,84
2026-04-26,9,Delhi,Connaught Place,6,6,5.78,72
2026-04-26,10,Delhi,Connaught Place,9,9,5.56,108
2026-04-26,11,Delhi,Connaught Place,8,8,6.08,96
2026-04-26,12,Delhi,Connaught Place,9,9,5.68,108
2026-04-26,13,Delhi,Connaught Place,8,8,5.21,96
2026-04-26,14,Delhi,Connaught Place,8,8,6.37,96
2026-04-26,15,Delhi,Connaught Place,8,8,5.99,96
2026-04-26,16,Delhi,Connaught Place,6,6,5.43,72
2026-04-26,17,Delhi,Connaught Place,9,9,5.89,108
2026-04-26,18,Delhi,Connaught Place,6,6,6.0,72
2026-04-26,19,Delhi,Connaught Place,6,6,6.58,72
2026-04-26,20,Delhi,Connaught Place,8,8,6.29,96
2026-04-26,7,Delhi,Saket,8,8,6.58,96
2026-04-26,8,Delhi,Saket,8,8,6.23,96
2026-04-26,9,Delhi,Saket,7,7,6.4,84
2026-04-26,10,Delhi,Saket,7,7,6.43,84
2026-04-26,11,Delhi,Saket,8,8,5.42,96
2026-04-26,12,Delhi,Saket,6,6,5.66,72
2026-04-26,13,Delhi,Saket,7,7,6.31,84
2026-04-26,14,Delhi,Saket,9,9,5.99,108
2026-04-26,15,Delhi,Saket,9,9,6.53,108
2026-04-26,16,Delhi,Saket,8,8,6.48,96
2026-04-26,17,Delhi,Saket,7,7,5.59,84
2026-04-26,18,Delhi,Saket,9,9,6.19,108
2026-04-26,19,Delhi,Saket,8,8,5.34,96
2026-04-26,20,Delhi,Saket,6,6,5.89,72
2026-04-26,7,Mumbai,Bandra,9,9,6.18,108
2026-04-26,8,Mumbai,Bandra,9,9,6.81,108
2026-04-26,9,Mumbai,Bandra,7,7,6.98,84
2026-04-26,10,Mumbai,Bandra,9,9,6.07,108
2026-04-26,11,Mumbai,Bandra,6,6,5.49,72
2026-04-26,12,Mumbai,Bandra,8,8,6.44,96
2026-04-26,13,Mumbai,Bandra,9,9,5.74,108
2026-04-26,16,Mumbai,Bandra,9,9,5.86,108
2026-04-26,17,Mumbai,Bandra,8,8,5.98,96
2026-04-26,18,Mumbai,Bandra,6,6,6.31,72
2026-04-26,7,Mumbai,Andheri,8,8,5.91,96
2026-04-26,8,Mumbai,Andheri,9,9,6.33,108
2026-04-26,9,Mumbai,Andheri,6,6,6.8,72
2026-04-26,10,Mumbai,Andheri,7,7,6.47,84
2026-04-26,11,Mumbai,Andheri,7,7,5.91,84
2026-04-26,12,Mumbai,Andheri,9,9,6.23,108
2026-04-26,13,Mumbai,Andheri,8,8,6.17,96
2026-04-26,14,Mumbai,Andheri,6,6,6.18,72
2026-04-26,15,Mumbai,Andheri,9,9,5.87,108
2026-04-26,16,Mumbai,Andheri,6,6,5.94,72
2026-04-26,17,Mumbai,Andheri,9,9,6.69,108
2026-04-26,18,Mumbai,Andheri,7,7,5.9,84
2026-04-26,19,Mumbai,Andheri,7,7,5.65,84
2026-04-26,20,Mumbai,Andheri,8,8,6.29,96
2026-04-26,7,Bengaluru,Indiranagar,6,6,6.65,72
2026-04-26,8,Bengaluru,Indiranagar,9,9,6.08,108
2026-04-26,9,Bengaluru,Indiranagar,7,7,5.94,84
2026-04-26,10,Bengaluru,Indiranagar,6,6,6.21,72
2026-04-26,11,Bengaluru,Indiranagar,6,6,6.02,72
2026-04-26,12,Bengaluru,Indiranagar,9,9,6.06,108
2026-04-26,13,Bengaluru,Indiranagar,9,9,5.88,108
2026-04-26,14,Bengaluru,Indiranagar,7,7,5.9,84
2026-04-26,15,Bengaluru,Indiranagar,9,9,7.08,108
2026-04-26,16,Bengaluru,Indiranagar,7,7,5.52,84
2026-04-26,17,Bengaluru,Indiranagar,9,9,5.62,108
2026-04-26,18,Bengaluru,Indiranagar,6,6,5.96,72
2026-04-26,19,Bengaluru,Indiranagar,7,7,6.24,84
2026-04-26,20,Bengaluru,Indiranagar,9,9,6.07,108
2026-04-26,7,Bengaluru,Koramangala,6,6,5.72,72
2026-04-26,8,Bengaluru,Koramangala,6,6,5.9,72
2026-04-26,9,Bengaluru,Koramangala,8,8,5.37,96
2026-04-26,10,Bengaluru,Koramangala,8,8,5.54,96
2026-04-26,11,Bengaluru,Koramangala,6,6,6.31,72
2026-04-26,12,Bengaluru,Koramangala,9,9,6.1,108
2026-04-26,13,Bengaluru,Koramangala,6,6,5.26,72
2026-04-26,14,Bengaluru,Koramangala,8,8,5.41,96
2026-04-26,15,Bengaluru,Koramangala,8,8,4.89,96
2026-04-26,16,Bengaluru,Koramangala,9,9,6.49,108
2026-04-26,17,Bengaluru,Koramangala,9,9,6.34,108
2026-04-26,18,Bengaluru,Koramangala,7,7,5.64,84
2026-04-26,19,Bengaluru,Koramangala,6,6,7.28,72
2026-04-26,20,Bengaluru,Koramangala,6,6,5.09,72
2026-04-26,7,Hyderabad,Banjara Hills,6,6,5.28,72
2026-04-26,8,Hyderabad,Banjara Hills,9,9,6.17,108
2026-04-26,9,Hyderabad,Banjara Hills,6,6,6.05,72
2026-04-26,10,Hyderabad,Banjara Hills,8,8,5.64,96
2026-04-26,11,Hyderabad,Banjara Hills,8,8,5.42,96
2026-04-26,12,Hyderabad,Banjara Hills,6,6,6.5,72
2026-04-26,13,Hyderabad,Banjara Hills,8,8,5.44,96
2026-04-26,14,Hyderabad,Banjara Hills,7,7,6.64,84
2026-04-26,15,Hyderabad,Banjara Hills,6,6,6.76,72
2026-04-26,16,Hyderabad,Banjara Hills,6,6,6.49,72
2026-04-26,17,Hyderabad,Banjara Hills,8,8,5.97,96
2026-04-26,18,Hyderabad,Banjara Hills,6,6,6.05,72
2026-04-26,19,Hyderabad,Banjara Hills,6,6,6.18,72
2026-04-26,20,Hyderabad,Banjara Hills,9,9,6.07,108
2026-04-26,7,Hyderabad,Gachibowli,7,7,5.98,84
2026-04-26,8,Hyderabad,Gachibowli,7,7,6.52,84
2026-04-26,9,Hyderabad,Gachibowli,7,7,5.84,84
2026-04-26,10,Hyderabad,Gachibowli,6,6,5.77,72
2026-04-26,11,Hyderabad,Gachibowli,6,6,5.44,72
2026-04-26,12,Hyderabad,Gachibowli,8,8,5.7,96
2026-04-26,13,Hyderabad,Gachibowli,6,6,5.92,72
2026-04-26,14,Hyderabad,Gachibowli,7,7,6.28,84
2026-04-26,15,Hyderabad,Gachibowli,6,6,6.23,72
2026-04-26,16,Hyderabad,Gachibowli,6,6,5.94,72
2026-04-26,17,Hyderabad,Gachibowli,7,7,6.07,84
2026-04-26,18,Hyderabad,Gachibowli,8,8,5.8,96
2026-04-26,19,Hyderabad,Gachibowli,9,9,6.37,108
2026-04-26,20,Hyderabad,Gachibowli,6,6,6.1,72
2026-04-27,7,Ahmedabad,Satellite,9,9,5.61,108
2026-04-27,8,Ahmedabad,Satellite,6,6,5.41,72
2026-04-27,9,Ahmedabad,Satellite,9,9,6.65,108
2026-04-27,10,Ahmedabad,Satellite,6,6,6.08,72
2026-04-27,11,Ahmedabad,Satellite,7,7,6.09,84
2026-04-27,12,Ahmedabad,Satellite,8,8,5.98,96
2026-04-27,13,Ahmedabad,Satellite,8,8,6.24,96
2026-04-27,14,Ahmedabad,Satellite,7,7,4.81,84
2026-04-27,15,Ahmedabad,Satellite,9,9,5.6,108
2026-04-27,16,Ahmedabad,Satellite,9,9,5.43,108
2026-04-27,17,Ahmedabad,Satellite,9,9,6.16,108
2026-04-27,18,Ahmedabad,Satellite,7,7,5.34,84
2026-04-27,19,Ahmedabad,Satellite,8,8,6.31,96
2026-04-27,20,Ahmedabad,Satellite,7,7,6.02,84
2026-04-27,7,Ahmedabad,Navrangpura,7,7,5.61,84
2026-04-27,8,Ahmedabad,Navrangpura,9,9,6.41,108
2026-04-27,9,Ahmedabad,Navrangpura,9,9,6.43,108
2026-04-27,10,Ahmedabad,Navrangpura,7,7,5.93,84
2026-04-27,11,Ahmedabad,Navrangpura,9,9,5.32,108
2026-04-27,12,Ahmedabad,Navrangpura,8,8,5.94,96
2026-04-27,13,Ahmedabad,Navrangpura,6,6,5.47,72
2026-04-27,14,Ahmedabad,Navrangpura,8,8,6.2,96
2026-04-27,15,Ahmedabad,Navrangpura,8,8,5.74,96
2026-04-27,16,Ahmedabad,Navrangpura,7,7,6.34,84
2026-04-27,17,Ahmedabad,Navrangpura,6,6,6.14,72
2026-04-27,18,Ahmedabad,Navrangpura,9,9,6.65,108
2026-04-27,19,Ahmedabad,Navrangpura,9,9,6.16,108
2026-04-27,20,Ahmedabad,Navrangpura,7,7,5.88,84
2026-04-27,7,Jaipur,C-Scheme,9,9,5.88,108
2026-04-27,8,Jaipur,C-Scheme,8,8,6.22,96
2026-04-27,9,Jaipur,C-Scheme,8,8,6.3,96
2026-04-27,10,Jaipur,C-Scheme,6,6,6.85,72
2026-04-27,11,Jaipur,C-Scheme,6,6,5.46,72
2026-04-27,12,Jaipur,C-Scheme,7,7,5.46,84
2026-04-27,13,Jaipur,C-Scheme,6,6,5.98,72
2026-04-27,14,Jaipur,C-Scheme,9,9,6.35,108
2026-04-27,15,Jaipur,C-Scheme,8,8,6.33,96
2026-04-27,16,Jaipur,C-Scheme,7,7,5.94,84
2026-04-27,17,Jaipur,C-Scheme,7,7,5.84,84
2026-04-27,18,Jaipur,C-Scheme,9,9,5.52,108
2026-04-27,19,Jaipur,C-Scheme,9,9,5.96,108
2026-04-27,20,Jaipur,C-Scheme,9,9,6.26,108
2026-04-27,7,Jaipur,Malviya Nagar,7,7,5.58,84
2026-04-27,8,Jaipur,Malviya Nagar,6,6,5.91,72
2026-04-27,9,Jaipur,Malviya Nagar,6,6,5.79,72
2026-04-27,10,Jaipur,Malviya Nagar,7,7,5.65,84
2026-04-27,11,Jaipur,Malviya Nagar,8,8,6.2,96
2026-04-27,12,Jaipur,Malviya Nagar,6,6,6.66,72
2026-04-27,13,Jaipur,Malviya Nagar,7,7,6.26,84
2026-04-27,14,Jaipur,Malviya Nagar,6,6,6.29,72
2026-04-27,15,Jaipur,Malviya Nagar,7,7,5.61,84
2026-04-27,16,Jaipur,Malviya Nagar,6,6,5.57,72
2026-04-27,17,Jaipur,Malviya Nagar,9,9,6.32,108
2026-04-27,18,Jaipur,Malviya Nagar,6,6,6.12,72
2026-04-27,19,Jaipur,Malviya Nagar,8,8,4.96,96
2026-04-27,20,Jaipur,Malviya Nagar,8,8,6.82,96
2026-04-27,7,Delhi,Connaught Place,6,6,6.82,72
2026-04-27,8,Delhi,Connaught Place,7,7,5.42,84
2026-04-27,9,Delhi,Connaught Place,7,7,5.12,84
2026-04-27,10,Delhi,Connaught Place,9,9,6.14,108
2026-04-27,11,Delhi,Connaught Place,9,9,5.57,108
2026-04-27,12,Delhi,Connaught Place,6,6,5.45,72
2026-04-27,13,Delhi,Connaught Place,8,8,6.28,96
2026-04-27,14,Delhi,Connaught Place,7,7,6.72,84
2026-04-27,15,Delhi,Connaught Place,7,7,6.09,84
2026-04-27,16,Delhi,Connaught Place,8,8,5.48,96
2026-04-27,17,Delhi,Connaught Place,7,7,5.79,84
2026-04-27,18,Delhi,Connaught Place,6,6,6.19,72
2026-04-27,19,Delhi,Connaught Place,8,8,6.4,96
2026-04-27,20,Delhi,Connaught Place,6,6,5.66,72
2026-04-27,7,Delhi,Saket,7,7,5.98,84
2026-04-27,8,Delhi,Saket,8,8,5.87,96
2026-04-27,9,Delhi,Saket,6,6,5.78,72
2026-04-27,10,Delhi,Saket,6,6,6.7,72
2026-04-27,11,Delhi,Saket,7,7,6.07,84
2026-04-27,12,Delhi,Saket,9,9,5.9,108
2026-04-27,13,Delhi,Saket,9,9,6.52,108
2026-04-27,14,Delhi,Saket,6,6,5.71,72
2026-04-27,15,Delhi,Saket,6,6,5.91,72
2026-04-27,16,Delhi,Saket,9,9,6.06,108
2026-04-27,17,Delhi,Saket,7,7,6.18,84
2026-04-27,18,Delhi,Saket,8,8,6.58,96
2026-04-27,19,Delhi,Saket,6,6,5.55,72
2026-04-27,20,Delhi,Saket,6,6,5.81,72
2026-04-27,7,Mumbai,Bandra,6,6,6.8,72
2026-04-27,10,Mumbai,Bandra,8,8,5.89,96
2026-04-27,12,Mumbai,Bandra,8,8,6.2,96
2026-04-27,13,Mumbai,Bandra,6,6,6.16,72
2026-04-27,15,Mumbai,Bandra,8,8,6.07,96
2026-04-27,17,Mumbai,Bandra,9,9,6.29,108
2026-04-27,19,Mumbai,Bandra,6,6,5.17,72
2026-04-27,20,Mumbai,Bandra,9,9,5.95,108
2026-04-27,7,Mumbai,Andheri,8,8,6.67,96
2026-04-27,8,Mumbai,Andheri,8,8,6.14,96
2026-04-27,9,Mumbai,Andheri,9,9,5.98,108
2026-04-27,10,Mumbai,Andheri,9,9,6.38,108
2026-04-27,11,Mumbai,Andheri,7,7,5.79,84
2026-04-27,12,Mumbai,Andheri,9,9,5.73,108
2026-04-27,13,Mumbai,Andheri,7,7,6.51,84
2026-04-27,14,Mumbai,Andheri,9,9,5.74,108
2026-04-27,15,Mumbai,Andheri,7,7,5.53,84
2026-04-27,16,Mumbai,Andheri,8,8,5.92,96
2026-04-27,17,Mumbai,Andheri,7,7,6.84,84
2026-04-27,18,Mumbai,Andheri,9,9,5.34,108
2026-04-27,19,Mumbai,Andheri,9,9,5.59,108
2026-04-27,20,Mumbai,Andheri,6,6,6.4,72
2026-04-27,7,Bengaluru,Indiranagar,9,9,5.75,108
2026-04-27,8,Bengaluru,Indiranagar,6,6,6.03,72
2026-04-27,9,Bengaluru,Indiranagar,6,6,6.65,72
2026-04-27,10,Bengaluru,Indiranagar,8,8,6.22,96
2026-04-27,11,Bengaluru,Indiranagar,8,8,4.93,96
2026-04-27,12,Bengaluru,Indiranagar,8,8,5.97,96
2026-04-27,13,Bengaluru,Indiranagar,8,8,6.53,96
2026-04-27,14,Bengaluru,Indiranagar,9,9,5.26,108
2026-04-27,15,Bengaluru,Indiranagar,7,7,5.52,84
2026-04-27,16,Bengaluru,Indiranagar,6,6,6.68,72
2026-04-27,17,Bengaluru,Indiranagar,7,7,5.69,84
2026-04-27,18,Bengaluru,Indiranagar,7,7,6.01,84
2026-04-27,19,Bengaluru,Indiranagar,7,7,5.57,84
2026-04-27,20,Bengaluru,Indiranagar,7,7,6.01,84
2026-04-27,7,Bengaluru,Koramangala,7,7,5.22,84
2026-04-27,8,Bengaluru,Koramangala,7,7,5.85,84
2026-04-27,9,Bengaluru,Koramangala,8,8,5.42,96
2026-04-27,10,Bengaluru,Koramangala,8,8,6.09,96
2026-04-27,11,Bengaluru,Koramangala,6,6,6.69,72
2026-04-27,12,Bengaluru,Koramangala,9,9,5.91,108
2026-04-27,13,Bengaluru,Koramangala,9,9,6.34,108
2026-04-27,14,Bengaluru,Koramangala,8,8,5.47,96
2026-04-27,15,Bengaluru,Koramangala,8,8,6.21,96
2026-04-27,16,Bengaluru,Koramangala,7,7,5.91,84
2026-04-27,17,Bengaluru,Koramangala,8,8,5.94,96
2026-04-27,18,Bengaluru,Koramangala,9,9,6.34,108
2026-04-27,19,Bengaluru,Koramangala,9,9,5.7,108
2026-04-27,20,Bengaluru,Koramangala,7,7,6.05,84
2026-04-27,7,Hyderabad,Banjara Hills,9,9,5.67,108
2026-04-27,8,Hyderabad,Banjara Hills,7,7,6.06,84
2026-04-27,9,Hyderabad,Banjara Hills,9,9,5.97,108
2026-04-27,10,Hyderabad,Banjara Hills,8,8,5.35,96
2026-04-27,11,Hyderabad,Banjara Hills,9,9,5.69,108
2026-04-27,12,Hyderabad,Banjara Hills,7,7,6.41,84
2026-04-27,13,Hyderabad,Banjara Hills,7,7,5.75,84
2026-04-27,14,Hyderabad,Banjara Hills,8,8,6.49,96
2026-04-27,15,Hyderabad,Banjara Hills,7,7,6.08,84
2026-04-27,16,Hyderabad,Banjara Hills,8,8,6.3,96
2026-04-27,17,Hyderabad,Banjara Hills,7,7,6.0,84
2026-04-27,18,Hyderabad,Banjara Hills,7,7,5.74,84
2026-04-27,19,Hyderabad,Banjara Hills,9,9,5.72,108
2026-04-27,20,Hyderabad,Banjara Hills,7,7,6.59,84
2026-04-27,7,Hyderabad,Gachibowli,7,7,6.01,84
2026-04-27,8,Hyderabad,Gachibowli,8,8,6.3,96
2026-04-27,9,Hyderabad,Gachibowli,6,6,5.88,72
2026-04-27,10,Hyderabad,Gachibowli,9,9,5.99,108
2026-04-27,11,Hyderabad,Gachibowli,9,9,5.73,108
2026-04-27,12,Hyderabad,Gachibowli,9,9,5.95,108
2026-04-27,13,Hyderabad,Gachibowli,8,8,6.35,96
2026-04-27,14,Hyderabad,Gachibowli,8,8,5.96,96
2026-04-27,15,Hyderabad,Gachibowli,7,7,5.94,84
2026-04-27,16,Hyderabad,Gachibowli,8,8,5.9,96
2026-04-27,17,Hyderabad,Gachibowli,7,7,5.47,84
2026-04-27,18,Hyderabad,Gachibowli,6,6,5.59,72
2026-04-27,19,Hyderabad,Gachibowli,9,9,6.45,108
2026-04-27,20,Hyderabad,Gachibowli,6,6,5.99,72
2026-04-28,7,Ahmedabad,Satellite,6,6,6.49,72
2026-04-28,8,Ahmedabad,Satellite,8,8,6.62,96
2026-04-28,9,Ahmedabad,Satellite,8,8,5.66,96
2026-04-28,10,Ahmedabad,Satellite,9,9,5.8,108
2026-04-28,11,Ahmedabad,Satellite,6,6,6.1,72
2026-04-28,12,Ahmedabad,Satellite,6,6,5.89,72
2026-04-28,13,Ahmedabad,Satellite,8,8,6.4,96
2026-04-28,14,Ahmedabad,Satellite,7,7,5.77,84
2026-04-28,15,Ahmedabad,Satellite,9,9,6.37,108
2026-04-28,16,Ahmedabad,Satellite,6,6,5.54,72
2026-04-28,17,Ahmedabad,Satellite,6,6,5.55,72
2026-04-28,18,Ahmedabad,Satellite,9,9,5.61,108
2026-04-28,19,Ahmedabad,Satellite,8,8,6.19,96
2026-04-28,20,Ahmedabad,Satellite,8,8,5.87,96
2026-04-28,7,Ahmedabad,Navrangpura,7,7,6.02,84
2026-04-28,8,Ahmedabad,Navrangpura,6,6,5.54,72
2026-04-28,9,Ahmedabad,Navrangpura,6,6,6.45,72
2026-04-28,10,Ahmedabad,Navrangpura,7,7,5.97,84
2026-04-28,11,Ahmedabad,Navrangpura,9,9,6.15,108
2026-04-28,12,Ahmedabad,Navrangpura,7,7,5.19,84
2026-04-28,13,Ahmedabad,Navrangpura,8,8,7.24,96
2026-04-28,14,Ahmedabad,Navrangpura,9,9,5.95,108
2026-04-28,15,Ahmedabad,Navrangpura,6,6,6.3,72
2026-04-28,16,Ahmedabad,Navrangpura,8,8,6.66,96
2026-04-28,17,Ahmedabad,Navrangpura,6,6,5.14,72
2026-04-28,18,Ahmedabad,Navrangpura,8,8,6.23,96
2026-04-28,19,Ahmedabad,Navrangpura,8,8,6.25,96
2026-04-28,20,Ahmedabad,Navrangpura,9,9,5.54,108
2026-04-28,7,Jaipur,C-Scheme,6,6,5.49,72
2026-04-28,8,Jaipur,C-Scheme,6,6,6.49,72
2026-04-28,9,Jaipur,C-Scheme,6,6,6.03,72
2026-04-28,10,Jaipur,C-Scheme,8,8,5.66,96
2026-04-28,11,Jaipur,C-Scheme,6,6,6.59,72
2026-04-28,12,Jaipur,C-Scheme,7,7,6.04,84
2026-04-28,13,Jaipur,C-Scheme,7,7,5.54,84
2026-04-28,14,Jaipur,C-Scheme,8,8,5.25,96
2026-04-28,15,Jaipur,C-Scheme,6,6,6.04,72
2026-04-28,16,Jaipur,C-Scheme,8,8,6.39,96
2026-04-28,17,Jaipur,C-Scheme,9,9,6.63,108
2026-04-28,18,Jaipur,C-Scheme,6,6,5.71,72
2026-04-28,19,Jaipur,C-Scheme,8,8,5.57,96
2026-04-28,20,Jaipur,C-Scheme,7,7,6.4,84
2026-04-28,7,Jaipur,Malviya Nagar,7,7,5.35,84
2026-04-28,8,Jaipur,Malviya Nagar,6,6,6.84,72
2026-04-28,9,Jaipur,Malviya Nagar,9,9,5.86,108
2026-04-28,10,Jaipur,Malviya Nagar,9,9,6.51,108
2026-04-28,11,Jaipur,Malviya Nagar,9,9,6.23,108
2026-04-28,12,Jaipur,Malviya Nagar,9,9,6.49,108
2026-04-28,13,Jaipur,Malviya Nagar,6,6,6.12,72
2026-04-28,14,Jaipur,Malviya Nagar,6,6,6.22,72
2026-04-28,15,Jaipur,Malviya Nagar,7,7,6.78,84
2026-04-28,16,Jaipur,Malviya Nagar,6,6,5.98,72
2026-04-28,17,Jaipur,Malviya Nagar,6,6,5.63,72
2026-04-28,18,Jaipur,Malviya Nagar,7,7,6.39,84
2026-04-28,19,Jaipur,Malviya Nagar,6,6,5.9,72
2026-04-28,20,Jaipur,Malviya Nagar,9,9,6.04,108
2026-04-28,7,Delhi,Connaught Place,6,6,6.11,72
2026-04-28,8,Delhi,Connaught Place,8,8,7.03,96
2026-04-28,9,Delhi,Connaught Place,7,7,5.83,84
2026-04-28,10,Delhi,Connaught Place,7,7,6.41,84
2026-04-28,11,Delhi,Connaught Place,8,8,6.58,96
2026-04-28,12,Delhi,Connaught Place,6,6,6.07,72
2026-04-28,13,Delhi,Connaught Place,8,8,5.29,96
2026-04-28,14,Delhi,Connaught Place,7,7,5.35,84
2026-04-28,15,Delhi,Connaught Place,6,6,6.15,72
2026-04-28,16,Delhi,Connaught Place,8,8,5.46,96
2026-04-28,17,Delhi,Connaught Place,7,7,6.01,84
2026-04-28,18,Delhi,Connaught Place,8,8,5.9,96
2026-04-28,19,Delhi,Connaught Place,6,6,6.25,72
2026-04-28,20,Delhi,Connaught Place,6,6,5.68,72
2026-04-28,7,Delhi,Saket,8,8,6.48,96
2026-04-28,8,Delhi,Saket,8,8,6.14,96
2026-04-28,9,Delhi,Saket,6,6,6.26,72
2026-04-28,10,Delhi,Saket,6,6,6.0,72
2026-04-28,11,Delhi,Saket,6,6,5.67,72
2026-04-28,12,Delhi,Saket,6,6,6.83,72
2026-04-28,13,Delhi,Saket,9,9,6.62,108
2026-04-28,14,Delhi,Saket,8,8,5.92,96
2026-04-28,15,Delhi,Saket,6,6,6.29,72
2026-04-28,16,Delhi,Saket,9,9,6.46,108
2026-04-28,17,Delhi,Saket,9,9,6.43,108
2026-04-28,18,Delhi,Saket,6,6,6.74,72
2026-04-28,19,Delhi,Saket,7,7,6.01,84
2026-04-28,20,Delhi,Saket,6,6,5.79,72
2026-04-28,7,Mumbai,Bandra,7,7,6.68,84
2026-04-28,8,Mumbai,Bandra,7,7,5.6,84
2026-04-28,9,Mumbai,Bandra,9,9,6.64,108
2026-04-28,10,Mumbai,Bandra,6,6,6.25,72
2026-04-28,11,Mumbai,Bandra,7,7,5.82,84
2026-04-28,12,Mumbai,Bandra,6,6,6.05,72
2026-04-28,15,Mumbai,Bandra,6,6,6.13,72
2026-04-28,17,Mumbai,Bandra,6,6,5.64,72
2026-04-28,18,Mumbai,Bandra,9,9,6.29,108
2026-04-28,19,Mumbai,Bandra,6,6,6.2,72
2026-04-28,20,Mumbai,Bandra,8,8,6.83,96
2026-04-28,7,Mumbai,Andheri,7,7,5.4,84
2026-04-28,8,Mumbai,Andheri,6,6,5.79,72
2026-04-28,9,Mumbai,Andheri,9,9,5.97,108
2026-04-28,10,Mumbai,Andheri,6,6,5.44,72
2026-04-28,11,Mumbai,Andheri,8,8,6.0,96
2026-04-28,12,Mumbai,Andheri,6,6,6.77,72
2026-04-28,13,Mumbai,Andheri,6,6,6.47,72
2026-04-28,14,Mumbai,Andheri,7,7,5.49,84
2026-04-28,15,Mumbai,Andheri,8,8,6.29,96
2026-04-28,16,Mumbai,Andheri,9,9,6.43,108
2026-04-28,17,Mumbai,Andheri,8,8,6.01,96
2026-04-28,18,Mumbai,Andheri,8,8,5.45,96
2026-04-28,19,Mumbai,Andheri,9,9,6.33,108
2026-04-28,20,Mumbai,Andheri,9,9,5.83,108
2026-04-28,7,Bengaluru,Indiranagar,9,9,5.55,108
2026-04-28,8,Bengaluru,Indiranagar,8,8,5.74,96
2026-04-28,9,Bengaluru,Indiranagar,6,6,6.36,72
2026-04-28,10,Bengaluru,Indiranagar,8,8,6.03,96
2026-04-28,11,Bengaluru,Indiranagar,7,7,5.87,84
2026-04-28,12,Bengaluru,Indiranagar,9,9,5.36,108
2026-04-28,13,Bengaluru,Indiranagar,9,9,6.54,108
2026-04-28,14,Bengaluru,Indiranagar,8,8,5.94,96
2026-04-28,15,Bengaluru,Indiranagar,7,7,5.96,84
2026-04-28,16,Bengaluru,Indiranagar,7,7,5.99,84
2026-04-28,17,Bengaluru,Indiranagar,6,6,4.93,72
2026-04-28,18,Bengaluru,Indiranagar,9,9,6.08,108
2026-04-28,19,Bengaluru,Indiranagar,8,8,6.59,96
2026-04-28,20,Bengaluru,Indiranagar,7,7,6.39,84
2026-04-28,7,Bengaluru,Koramangala,7,7,6.5,84
2026-04-28,8,Bengaluru,Koramangala,9,9,5.9,108
2026-04-28,9,Bengaluru,Koramangala,7,7,6.08,84
2026-04-28,10,Bengaluru,Koramangala,6,6,5.92,72
2026-04-28,11,Bengaluru,Koramangala,9,9,6.14,108
2026-04-28,12,Bengaluru,Koramangala,6,6,6.08,72
2026-04-28,13,Bengaluru,Koramangala,9,9,6.44,108
2026-04-28,14,Bengaluru,Koramangala,8,8,6.31,96
2026-04-28,15,Bengaluru,Koramangala,6,6,6.24,72
2026-04-28,16,Bengaluru,Koramangala,6,6,6.07,72
2026-04-28,17,Bengaluru,Koramangala,7,7,5.96,84
2026-04-28,18,Bengaluru,Koramangala,8,8,6.01,96
2026-04-28,19,Bengaluru,Koramangala,6,6,6.65,72
2026-04-28,20,Bengaluru,Koramangala,6,6,6.0,72
2026-04-28,7,Hyderabad,Banjara Hills,7,7,6.59,84
2026-04-28,8,Hyderabad,Banjara Hills,7,7,6.32,84
2026-04-28,9,Hyderabad,Banjara Hills,6,6,5.87,72
2026-04-28,10,Hyderabad,Banjara Hills,7,7,6.13,84
2026-04-28,11,Hyderabad,Banjara Hills,6,6,5.73,72
2026-04-28,12,Hyderabad,Banjara Hills,6,6,6.05,72
2026-04-28,13,Hyderabad,Banjara Hills,6,6,5.85,72
2026-04-28,14,Hyderabad,Banjara Hills,9,9,6.36,108
2026-04-28,15,Hyderabad,Banjara Hills,7,7,6.39,84
2026-04-28,16,Hyderabad,Banjara Hills,6,6,5.89,72
2026-04-28,17,Hyderabad,Banjara Hills,8,8,6.03,96
2026-04-28,18,Hyderabad,Banjara Hills,6,6,5.51,72
2026-04-28,19,Hyderabad,Banjara Hills,6,6,6.06,72
2026-04-28,20,Hyderabad,Banjara Hills,9,9,7.04,108
2026-04-28,7,Hyderabad,Gachibowli,9,9,6.28,108
2026-04-28,8,Hyderabad,Gachibowli,8,8,6.1,96
2026-04-28,9,Hyderabad,Gachibowli,8,8,5.6,96
2026-04-28,10,Hyderabad,Gachibowli,6,6,5.3,72
2026-04-28,11,Hyderabad,Gachibowli,8,8,5.98,96
2026-04-28,12,Hyderabad,Gachibowli,7,7,5.16,84
2026-04-28,13,Hyderabad,Gachibowli,6,6,5.9,72
2026-04-28,14,Hyderabad,Gachibowli,6,6,5.91,72
2026-04-28,15,Hyderabad,Gachibowli,6,6,5.86,72
2026-04-28,16,Hyderabad,Gachibowli,7,7,6.69,84
2026-04-28,17,Hyderabad,Gachibowli,8,8,5.78,96
2026-04-28,18,Hyderabad,Gachibowli,8,8,5.97,96
2026-04-28,19,Hyderabad,Gachibowli,9,9,5.69,108
2026-04-28,20,Hyderabad,Gachibowli,7,7,5.69,84
2026-04-29,7,Ahmedabad,Satellite,8,8,5.83,96
2026-04-29,8,Ahmedabad,Satellite,9,9,5.56,108
2026-04-29,9,Ahmedabad,Satellite,8,8,6.05,96
2026-04-29,10,Ahmedabad,Satellite,9,9,5.21,108
2026-04-29,11,Ahmedabad,Satellite,9,9,6.35,108
2026-04-29,12,Ahmedabad,Satellite,7,7,6.18,84
2026-04-29,13,Ahmedabad,Satellite,9,9,6.5,108
2026-04-29,14,Ahmedabad,Satellite,7,7,6.58,84
2026-04-29,15,Ahmedabad,Satellite,6,6,6.3,72
2026-04-29,16,Ahmedabad,Satellite,7,7,6.07,84
2026-04-29,17,Ahmedabad,Satellite,7,7,5.78,84
2026-04-29,18,Ahmedabad,Satellite,7,7,6.04,84
2026-04-29,19,Ahmedabad,Satellite,7,7,6.16,84
2026-04-29,20,Ahmedabad,Satellite,7,7,5.74,84
2026-04-29,7,Ahmedabad,Navrangpura,6,6,6.17,72
2026-04-29,8,Ahmedabad,Navrangpura,7,7,5.94,84
2026-04-29,9,Ahmedabad,Navrangpura,7,7,5.42,84
2026-04-29,10,Ahmedabad,Navrangpura,8,8,5.54,96
2026-04-29,11,Ahmedabad,Navrangpura,7,7,6.17,84
2026-04-29,12,Ahmedabad,Navrangpura,7,7,6.09,84
2026-04-29,13,Ahmedabad,Navrangpura,7,7,6.3,84
2026-04-29,14,Ahmedabad,Navrangpura,8,8,6.43,96
2026-04-29,15,Ahmedabad,Navrangpura,9,9,6.08,108
2026-04-29,16,Ahmedabad,Navrangpura,6,6,6.44,72
2026-04-29,17,Ahmedabad,Navrangpura,7,7,6.15,84
2026-04-29,18,Ahmedabad,Navrangpura,7,7,6.51,84
2026-04-29,19,Ahmedabad,Navrangpura,7,7,5.88,84
2026-04-29,20,Ahmedabad,Navrangpura,6,6,5.88,72
2026-04-29,7,Jaipur,C-Scheme,9,9,6.63,108
2026-04-29,8,Jaipur,C-Scheme,6,6,5.42,72
2026-04-29,9,Jaipur,C-Scheme,6,6,5.53,72
2026-04-29,10,Jaipur,C-Scheme,6,6,5.54,72
2026-04-29,11,Jaipur,C-Scheme,7,7,5.87,84
2026-04-29,12,Jaipur,C-Scheme,6,6,5.38,72
2026-04-29,13,Jaipur,C-Scheme,7,7,6.27,84
2026-04-29,14,Jaipur,C-Scheme,6,6,6.42,72
2026-04-29,15,Jaipur,C-Scheme,9,9,5.98,108
2026-04-29,16,Jaipur,C-Scheme,7,7,5.99,84
2026-04-29,17,Jaipur,C-Scheme,7,7,4.87,84
2026-04-29,18,Jaipur,C-Scheme,9,9,5.62,108
2026-04-29,19,Jaipur,C-Scheme,8,8,5.57,96
2026-04-29,20,Jaipur,C-Scheme,8,8,5.9,96
2026-04-29,7,Jaipur,Malviya Nagar,6,6,5.74,72
2026-04-29,8,Jaipur,Malviya Nagar,7,7,6.03,84
2026-04-29,9,Jaipur,Malviya Nagar,7,7,5.91,84
2026-04-29,10,Jaipur,Malviya Nagar,7,7,5.82,84
2026-04-29,11,Jaipur,Malviya Nagar,7,7,6.0,84
2026-04-29,12,Jaipur,Malviya Nagar,7,7,5.3,84
2026-04-29,13,Jaipur,Malviya Nagar,8,8,5.82,96
2026-04-29,14,Jaipur,Malviya Nagar,9,9,6.5,108
2026-04-29,15,Jaipur,Malviya Nagar,6,6,6.47,72
2026-04-29,16,Jaipur,Malviya Nagar,9,9,5.6,108
2026-04-29,17,Jaipur,Malviya Nagar,6,6,5.5,72
2026-04-29,18,Jaipur,Malviya Nagar,6,6,5.72,72
2026-04-29,19,Jaipur,Malviya Nagar,7,7,6.59,84
2026-04-29,20,Jaipur,Malviya Nagar,7,7,5.54,84
2026-04-29,7,Delhi,Connaught Place,7,7,5.97,84
2026-04-29,8,Delhi,Connaught Place,6,6,6.23,72
2026-04-29,9,Delhi,Connaught Place,7,7,5.36,84
2026-04-29,10,Delhi,Connaught Place,6,6,6.2,72
2026-04-29,11,Delhi,Connaught Place,9,9,5.82,108
2026-04-29,12,Delhi,Connaught Place,7,7,6.06,84
2026-04-29,13,Delhi,Connaught Place,7,7,5.94,84
2026-04-29,14,Delhi,Connaught Place,7,7,5.85,84
2026-04-29,15,Delhi,Connaught Place,7,7,6.11,84
2026-04-29,16,Delhi,Connaught Place,7,7,5.74,84
2026-04-29,17,Delhi,Connaught Place,7,7,6.15,84
2026-04-29,18,Delhi,Connaught Place,9,9,6.69,108
2026-04-29,19,Delhi,Connaught Place,9,9,6.49,108
2026-04-29,20,Delhi,Connaught Place,6,6,5.76,72
2026-04-29,7,Delhi,Saket,9,9,5.91,108
2026-04-29,8,Delhi,Saket,8,8,5.94,96
2026-04-29,9,Delhi,Saket,6,6,6.51,72
2026-04-29,10,Delhi,Saket,9,9,6.35,108
2026-04-29,11,Delhi,Saket,7,7,6.26,84
2026-04-29,12,Delhi,Saket,7,7,6.09,84
2026-04-29,13,Delhi,Saket,9,9,5.46,108
2026-04-29,14,Delhi,Saket,7,7,5.94,84
2026-04-29,15,Delhi,Saket,8,8,6.25,96
2026-04-29,16,Delhi,Saket,7,7,5.75,84
2026-04-29,17,Delhi,Saket,6,6,5.57,72
2026-04-29,18,Delhi,Saket,7,7,5.98,84
2026-04-29,19,Delhi,Saket,6,6,6.67,72
2026-04-29,20,Delhi,Saket,7,7,6.23,84
2026-04-29,7,Mumbai,Bandra,8,8,5.99,96
2026-04-29,8,Mumbai,Bandra,8,8,6.44,96
2026-04-29,9,Mumbai,Bandra,8,8,5.94,96
2026-04-29,10,Mumbai,Bandra,8,8,5.56,96
2026-04-29,11,Mumbai,Bandra,7,7,6.96,84
2026-04-29,13,Mumbai,Bandra,8,8,5.95,96
2026-04-29,14,Mumbai,Bandra,8,8,6.2,96
2026-04-29,17,Mumbai,Bandra,9,9,5.86,108
2026-04-29,18,Mumbai,Bandra,6,6,5.82,72
2026-04-29,19,Mumbai,Bandra,7,7,6.03,84
2026-04-29,20,Mumbai,Bandra,7,7,5.93,84
2026-04-29,7,Mumbai,Andheri,7,7,6.08,84
2026-04-29,8,Mumbai,Andheri,9,9,6.3,108
2026-04-29,9,Mumbai,Andheri,8,8,6.22,96
2026-04-29,10,Mumbai,Andheri,7,7,5.9,84
2026-04-29,11,Mumbai,Andheri,8,8,5.58,96
2026-04-29,12,Mumbai,Andheri,7,7,5.76,84
2026-04-29,13,Mumbai,Andheri,8,8,5.69,96
2026-04-29,14,Mumbai,Andheri,8,8,6.04,96
2026-04-29,15,Mumbai,Andheri,8,8,5.34,96
2026-04-29,16,Mumbai,Andheri,6,6,6.33,72
2026-04-29,17,Mumbai,Andheri,7,7,5.67,84
2026-04-29,18,Mumbai,Andheri,8,8,5.56,96
2026-04-29,19,Mumbai,Andheri,7,7,6.55,84
2026-04-29,20,Mumbai,Andheri,6,6,5.84,72
2026-04-29,7,Bengaluru,Indiranagar,8,8,6.43,96
2026-04-29,8,Bengaluru,Indiranagar,6,6,5.28,72
2026-04-29,9,Bengaluru,Indiranagar,6,6,6.98,72
2026-04-29,10,Bengaluru,Indiranagar,8,8,4.92,96
2026-04-29,11,Bengaluru,Indiranagar,6,6,5.71,72
2026-04-29,12,Bengaluru,Indiranagar,7,7,5.89,84
2026-04-29,13,Bengaluru,Indiranagar,9,9,6.32,108
2026-04-29,14,Bengaluru,Indiranagar,6,6,5.95,72
2026-04-29,15,Bengaluru,Indiranagar,7,7,5.93,84
2026-04-29,16,Bengaluru,Indiranagar,9,9,6.21,108
2026-04-29,17,Bengaluru,Indiranagar,8,8,5.34,96
2026-04-29,18,Bengaluru,Indiranagar,9,9,6.8,108
2026-04-29,19,Bengaluru,Indiranagar,7,7,5.95,84
2026-04-29,20,Bengaluru,Indiranagar,8,8,5.84,96
2026-04-29,7,Bengaluru,Koramangala,8,8,6.71,96
2026-04-29,8,Bengaluru,Koramangala,6,6,6.23,72
2026-04-29,9,Bengaluru,Koramangala,9,9,5.45,108
2026-04-29,10,Bengaluru,Koramangala,7,7,5.84,84
2026-04-29,11,Bengaluru,Koramangala,7,7,5.31,84
2026-04-29,12,Bengaluru,Koramangala,6,6,6.33,72
2026-04-29,13,Bengaluru,Koramangala,6,6,6.6,72
2026-04-29,14,Bengaluru,Koramangala,7,7,6.73,84
2026-04-29,15,Bengaluru,Koramangala,7,7,6.18,84
2026-04-29,16,Bengaluru,Koramangala,6,6,5.51,72
2026-04-29,17,Bengaluru,Koramangala,6,6,5.8,72
2026-04-29,18,Bengaluru,Koramangala,7,7,5.57,84
2026-04-29,19,Bengaluru,Koramangala,7,7,5.81,84
2026-04-29,20,Bengaluru,Koramangala,8,8,5.87,96
2026-04-29,7,Hyderabad,Banjara Hills,8,8,5.69,96
2026-04-29,8,Hyderabad,Banjara Hills,8,8,6.69,96
2026-04-29,9,Hyderabad,Banjara Hills,7,7,6.65,84
2026-04-29,10,Hyderabad,Banjara Hills,7,7,5.59,84
2026-04-29,11,Hyderabad,Banjara Hills,7,7,5.8,84
2026-04-29,12,Hyderabad,Banjara Hills,8,8,5.86,96
2026-04-29,13,Hyderabad,Banjara Hills,8,8,6.6,96
2026-04-29,14,Hyderabad,Banjara Hills,8,8,6.48,96
2026-04-29,15,Hyderabad,Banjara Hills,9,9,6.07,108
2026-04-29,16,Hyderabad,Banjara Hills,8,8,5.69,96
2026-04-29,17,Hyderabad,Banjara Hills,8,8,5.54,96
2026-04-29,18,Hyderabad,Banjara Hills,9,9,5.82,108
2026-04-29,19,Hyderabad,Banjara Hills,8,8,5.24,96
2026-04-29,20,Hyderabad,Banjara Hills,7,7,5.98,84
2026-04-29,7,Hyderabad,Gachibowli,7,7,6.45,84
2026-04-29,8,Hyderabad,Gachibowli,8,8,5.77,96
2026-04-29,9,Hyderabad,Gachibowli,9,9,6.18,108
2026-04-29,10,Hyderabad,Gachibowli,6,6,5.07,72
2026-04-29,11,Hyderabad,Gachibowli,9,9,5.91,108
2026-04-29,12,Hyderabad,Gachibowli,9,9,6.73,108
2026-04-29,13,Hyderabad,Gachibowli,8,8,6.37,96
2026-04-29,14,Hyderabad,Gachibowli,9,9,5.96,108
2026-04-29,15,Hyderabad,Gachibowli,8,8,5.45,96
2026-04-29,16,Hyderabad,Gachibowli,8,8,6.24,96
2026-04-29,17,Hyderabad,Gachibowli,8,8,6.71,96
2026-04-29,18,Hyderabad,Gachibowli,9,9,6.4,108
2026-04-29,19,Hyderabad,Gachibowli,9,9,5.6,108
2026-04-29,20,Hyderabad,Gachibowli,9,9,5.45,108
2026-04-30,7,Ahmedabad,Satellite,6,6,5.69,72
2026-04-30,8,Ahmedabad,Satellite,8,8,6.59,96
2026-04-30,9,Ahmedabad,Satellite,6,6,5.95,72
2026-04-30,10,Ahmedabad,Satellite,8,8,6.21,96
2026-04-30,11,Ahmedabad,Satellite,6,6,5.88,72
2026-04-30,12,Ahmedabad,Satellite,8,8,6.26,96
2026-04-30,13,Ahmedabad,Satellite,8,8,5.85,96
2026-04-30,14,Ahmedabad,Satellite,9,9,6.28,108
2026-04-30,15,Ahmedabad,Satellite,7,7,5.68,84
2026-04-30,16,Ahmedabad,Satellite,8,8,6.24,96
2026-04-30,17,Ahmedabad,Satellite,7,7,6.2,84
2026-04-30,18,Ahmedabad,Satellite,7,7,5.82,84
2026-04-30,19,Ahmedabad,Satellite,6,6,6.69,72
2026-04-30,20,Ahmedabad,Satellite,9,9,6.62,108
2026-04-30,7,Ahmedabad,Navrangpura,9,9,5.84,108
2026-04-30,8,Ahmedabad,Navrangpura,8,8,5.88,96
2026-04-30,9,Ahmedabad,Navrangpura,6,6,5.86,72
2026-04-30,10,Ahmedabad,Navrangpura,8,8,5.75,96
2026-04-30,11,Ahmedabad,Navrangpura,8,8,5.98,96
2026-04-30,12,Ahmedabad,Navrangpura,6,6,6.71,72
2026-04-30,13,Ahmedabad,Navrangpura,9,9,6.21,108
2026-04-30,14,Ahmedabad,Navrangpura,7,7,6.83,84
2026-04-30,15,Ahmedabad,Navrangpura,9,9,5.89,108
2026-04-30,16,Ahmedabad,Navrangpura,7,7,5.53,84
2026-04-30,17,Ahmedabad,Navrangpura,9,9,5.69,108
2026-04-30,18,Ahmedabad,Navrangpura,8,8,5.96,96
2026-04-30,19,Ahmedabad,Navrangpura,9,9,6.62,108
2026-04-30,20,Ahmedabad,Navrangpura,8,8,6.46,96
2026-04-30,7,Jaipur,C-Scheme,9,9,5.54,108
2026-04-30,8,Jaipur,C-Scheme,8,8,6.61,96
2026-04-30,9,Jaipur,C-Scheme,7,7,5.56,84
2026-04-30,10,Jaipur,C-Scheme,7,7,5.3,84
2026-04-30,11,Jaipur,C-Scheme,6,6,5.42,72
2026-04-30,12,Jaipur,C-Scheme,9,9,5.75,108
2026-04-30,13,Jaipur,C-Scheme,9,9,5.85,108
2026-04-30,14,Jaipur,C-Scheme,8,8,6.14,96
2026-04-30,15,Jaipur,C-Scheme,9,9,6.03,108
2026-04-30,16,Jaipur,C-Scheme,8,8,6.77,96
2026-04-30,17,Jaipur,C-Scheme,9,9,6.15,108
2026-04-30,18,Jaipur,C-Scheme,8,8,5.37,96
2026-04-30,19,Jaipur,C-Scheme,8,8,5.81,96
2026-04-30,20,Jaipur,C-Scheme,6,6,6.42,72
2026-04-30,7,Jaipur,Malviya Nagar,9,9,6.24,108
2026-04-30,8,Jaipur,Malviya Nagar,6,6,6.27,72
2026-04-30,9,Jaipur,Malviya Nagar,9,9,6.44,108
2026-04-30,10,Jaipur,Malviya Nagar,9,9,5.7,108
2026-04-30,11,Jaipur,Malviya Nagar,6,6,5.84,72
2026-04-30,12,Jaipur,Malviya Nagar,9,9,6.14,108
2026-04-30,13,Jaipur,Malviya Nagar,9,9,6.02,108
2026-04-30,14,Jaipur,Malviya Nagar,7,7,5.57,84
2026-04-30,15,Jaipur,Malviya Nagar,9,9,6.02,108
2026-04-30,16,Jaipur,Malviya Nagar,6,6,5.78,72
2026-04-30,17,Jaipur,Malviya Nagar,9,9,6.05,108
2026-04-30,18,Jaipur,Malviya Nagar,6,6,5.75,72
2026-04-30,19,Jaipur,Malviya Nagar,7,7,5.6,84
2026-04-30,20,Jaipur,Malviya Nagar,8,8,6.94,96
2026-04-30,7,Delhi,Connaught Place,9,9,6.11,108
2026-04-30,8,Delhi,Connaught Place,8,8,6.47,96
2026-04-30,9,Delhi,Connaught Place,8,8,4.98,96
2026-04-30,10,Delhi,Connaught Place,8,8,5.84,96
2026-04-30,11,Delhi,Connaught Place,8,8,5.91,96
2026-04-30,12,Delhi,Connaught Place,8,8,6.08,96
2026-04-30,13,Delhi,Connaught Place,8,8,5.54,96
2026-04-30,14,Delhi,Connaught Place,7,7,6.16,84
2026-04-30,15,Delhi,Connaught Place,7,7,6.14,84
2026-04-30,16,Delhi,Connaught Place,6,6,5.79,72
2026-04-30,17,Delhi,Connaught Place,9,9,5.96,108
2026-04-30,18,Delhi,Connaught Place,9,9,6.71,108
2026-04-30,19,Delhi,Connaught Place,8,8,6.3,96
2026-04-30,20,Delhi,Connaught Place,6,6,5.98,72
2026-04-30,7,Delhi,Saket,8,8,6.25,96
2026-04-30,8,Delhi,Saket,6,6,5.88,72
2026-04-30,9,Delhi,Saket,8,8,4.77,96
2026-04-30,10,Delhi,Saket,9,9,6.51,108
2026-04-30,11,Delhi,Saket,9,9,6.75,108
2026-04-30,12,Delhi,Saket,7,7,5.99,84
2026-04-30,13,Delhi,Saket,8,8,5.83,96
2026-04-30,14,Delhi,Saket,8,8,6.0,96
2026-04-30,15,Delhi,Saket,8,8,6.66,96
2026-04-30,16,Delhi,Saket,6,6,6.9,72
2026-04-30,17,Delhi,Saket,8,8,6.0,96
2026-04-30,18,Delhi,Saket,6,6,5.48,72
2026-04-30,19,Delhi,Saket,9,9,6.03,108
2026-04-30,20,Delhi,Saket,8,8,5.88,96
2026-04-30,9,Mumbai,Bandra,6,6,6.43,72
2026-04-30,10,Mumbai,Bandra,9,9,5.96,108
2026-04-30,11,Mumbai,Bandra,7,7,5.92,84
2026-04-30,12,Mumbai,Bandra,7,7,5.95,84
2026-04-30,19,Mumbai,Bandra,7,7,5.91,84
2026-04-30,7,Mumbai,Andheri,6,6,5.59,72
2026-04-30,8,Mumbai,Andheri,7,7,5.99,84
2026-04-30,9,Mumbai,Andheri,6,6,5.58,72
2026-04-30,10,Mumbai,Andheri,9,9,5.85,108
2026-04-30,11,Mumbai,Andheri,7,7,6.38,84
2026-04-30,12,Mumbai,Andheri,7,7,5.96,84
2026-04-30,13,Mumbai,Andheri,9,9,6.04,108
2026-04-30,14,Mumbai,Andheri,6,6,5.52,72
2026-04-30,15,Mumbai,Andheri,7,7,5.42,84
2026-04-30,16,Mumbai,Andheri,7,7,5.57,84
2026-04-30,17,Mumbai,Andheri,7,7,5.71,84
2026-04-30,18,Mumbai,Andheri,6,6,6.19,72
2026-04-30,19,Mumbai,Andheri,7,7,6.3,84
2026-04-30,20,Mumbai,Andheri,9,9,5.59,108
2026-04-30,7,Bengaluru,Indiranagar,9,9,6.02,108
2026-04-30,8,Bengaluru,Indiranagar,8,8,6.93,96
2026-04-30,9,Bengaluru,Indiranagar,6,6,5.76,72
2026-04-30,10,Bengaluru,Indiranagar,7,7,6.27,84
2026-04-30,11,Bengaluru,Indiranagar,7,7,5.35,84
2026-04-30,12,Bengaluru,Indiranagar,7,7,5.66,84
2026-04-30,13,Bengaluru,Indiranagar,7,7,5.83,84
2026-04-30,14,Bengaluru,Indiranagar,9,9,5.87,108
2026-04-30,15,Bengaluru,Indiranagar,8,8,6.56,96
2026-04-30,16,Bengaluru,Indiranagar,7,7,5.43,84
2026-04-30,17,Bengaluru,Indiranagar,9,9,6.42,108
2026-04-30,18,Bengaluru,Indiranagar,6,6,5.99,72
2026-04-30,19,Bengaluru,Indiranagar,9,9,5.46,108
2026-04-30,20,Bengaluru,Indiranagar,8,8,5.91,96
2026-04-30,7,Bengaluru,Koramangala,7,7,6.08,84
2026-04-30,8,Bengaluru,Koramangala,6,6,5.44,72
2026-04-30,9,Bengaluru,Koramangala,6,6,6.05,72
2026-04-30,10,Bengaluru,Koramangala,7,7,6.08,84
2026-04-30,11,Bengaluru,Koramangala,8,8,5.82,96
2026-04-30,12,Bengaluru,Koramangala,8,8,5.71,96
2026-04-30,13,Bengaluru,Koramangala,9,9,5.92,108
2026-04-30,14,Bengaluru,Koramangala,9,9,5.96,108
2026-04-30,15,Bengaluru,Koramangala,7,7,5.19,84
2026-04-30,16,Bengaluru,Koramangala,8,8,5.78,96
2026-04-30,17,Bengaluru,Koramangala,9,9,6.05,108
2026-04-30,18,Bengaluru,Koramangala,7,7,6.48,84
2026-04-30,19,Bengaluru,Koramangala,8,8,6.3,96
2026-04-30,20,Bengaluru,Koramangala,9,9,6.55,108
2026-04-30,7,Hyderabad,Banjara Hills,9,9,6.68,108
2026-04-30,8,Hyderabad,Banjara Hills,7,7,6.74,84
2026-04-30,9,Hyderabad,Banjara Hills,7,7,6.28,84
2026-04-30,10,Hyderabad,Banjara Hills,7,7,5.92,84
2026-04-30,11,Hyderabad,Banjara Hills,9,9,5.86,108
2026-04-30,12,Hyderabad,Banjara Hills,6,6,6.25,72
2026-04-30,13,Hyderabad,Banjara Hills,7,7,5.92,84
2026-04-30,14,Hyderabad,Banjara Hills,8,8,5.06,96
2026-04-30,15,Hyderabad,Banjara Hills,7,7,5.91,84
2026-04-30,16,Hyderabad,Banjara Hills,8,8,6.18,96
2026-04-30,17,Hyderabad,Banjara Hills,7,7,6.12,84
2026-04-30,18,Hyderabad,Banjara Hills,8,8,6.58,96
2026-04-30,19,Hyderabad,Banjara Hills,9,9,6.96,108
2026-04-30,20,Hyderabad,Banjara Hills,9,9,6.43,108
2026-04-30,7,Hyderabad,Gachibowli,7,7,6.57,84
2026-04-30,8,Hyderabad,Gachibowli,9,9,5.53,108
2026-04-30,9,Hyderabad,Gachibowli,6,6,6.58,72
2026-04-30,10,Hyderabad,Gachibowli,8,8,5.25,96
2026-04-30,11,Hyderabad,Gachibowli,9,9,6.21,108
2026-04-30,12,Hyderabad,Gachibowli,8,8,6.79,96
2026-04-30,13,Hyderabad,Gachibowli,7,7,6.64,84
2026-04-30,14,Hyderabad,Gachibowli,9,9,5.78,108
2026-04-30,15,Hyderabad,Gachibowli,6,6,5.51,72
2026-04-30,16,Hyderabad,Gachibowli,6,6,5.56,72
2026-04-30,17,Hyderabad,Gachibowli,6,6,5.56,72
2026-04-30,18,Hyderabad,Gachibowli,8,8,6.3,96
2026-04-30,19,Hyderabad,Gachibowli,6,6,5.51,72
2026-04-30,20,Hyderabad,Gachibowli,7,7,5.79,84
2026-05-01,7,Ahmedabad,Satellite,7,7,5.89,84
2026-05-01,8,Ahmedabad,Satellite,8,8,6.01,96
2026-05-01,9,Ahmedabad,Satellite,7,7,6.43,84
2026-05-01,10,Ahmedabad,Satellite,8,8,5.88,96
2026-05-01,11,Ahmedabad,Satellite,9,9,6.03,108
2026-05-01,12,Ahmedabad,Satellite,7,7,6.19,84
2026-05-01,13,Ahmedabad,Satellite,9,9,5.64,108
2026-05-01,14,Ahmedabad,Satellite,9,9,5.71,108
2026-05-01,15,Ahmedabad,Satellite,7,7,5.7,84
2026-05-01,16,Ahmedabad,Satellite,7,7,6.28,84
2026-05-01,17,Ahmedabad,Satellite,7,7,5.37,84
2026-05-01,18,Ahmedabad,Satellite,7,7,5.87,84
2026-05-01,19,Ahmedabad,Satellite,9,9,5.42,108
2026-05-01,20,Ahmedabad,Satellite,7,7,5.76,84
2026-05-01,7,Ahmedabad,Navrangpura,8,8,5.84,96
2026-05-01,8,Ahmedabad,Navrangpura,8,8,6.06,96
2026-05-01,9,Ahmedabad,Navrangpura,8,8,6.59,96
2026-05-01,10,Ahmedabad,Navrangpura,8,8,6.2,96
2026-05-01,11,Ahmedabad,Navrangpura,7,7,6.04,84
2026-05-01,12,Ahmedabad,Navrangpura,9,9,6.05,108
2026-05-01,13,Ahmedabad,Navrangpura,7,7,5.76,84
2026-05-01,14,Ahmedabad,Navrangpura,8,8,6.31,96
2026-05-01,15,Ahmedabad,Navrangpura,9,9,6.6,108
2026-05-01,16,Ahmedabad,Navrangpura,6,6,6.52,72
2026-05-01,17,Ahmedabad,Navrangpura,9,9,5.9,108
2026-05-01,18,Ahmedabad,Navrangpura,7,7,6.2,84
2026-05-01,19,Ahmedabad,Navrangpura,9,9,6.67,108
2026-05-01,20,Ahmedabad,Navrangpura,6,6,6.03,72
2026-05-01,7,Jaipur,C-Scheme,9,9,5.82,108
2026-05-01,8,Jaipur,C-Scheme,9,9,5.51,108
2026-05-01,9,Jaipur,C-Scheme,8,8,5.67,96
2026-05-01,10,Jaipur,C-Scheme,9,9,6.44,108
2026-05-01,11,Jaipur,C-Scheme,9,9,6.05,108
2026-05-01,12,Jaipur,C-Scheme,8,8,6.46,96
2026-05-01,13,Jaipur,C-Scheme,7,7,6.81,84
2026-05-01,14,Jaipur,C-Scheme,6,6,5.83,72
2026-05-01,15,Jaipur,C-Scheme,9,9,6.23,108
2026-05-01,16,Jaipur,C-Scheme,6,6,6.29,72
2026-05-01,17,Jaipur,C-Scheme,8,8,6.4,96
2026-05-01,18,Jaipur,C-Scheme,6,6,6.21,72
2026-05-01,19,Jaipur,C-Scheme,9,9,6.21,108
2026-05-01,20,Jaipur,C-Scheme,9,9,6.79,108
2026-05-01,7,Jaipur,Malviya Nagar,9,9,5.28,108
2026-05-01,8,Jaipur,Malviya Nagar,6,6,7.04,72
2026-05-01,9,Jaipur,Malviya Nagar,8,8,6.6,96
2026-05-01,10,Jaipur,Malviya Nagar,9,9,6.01,108
2026-05-01,11,Jaipur,Malviya Nagar,9,9,5.72,108
2026-05-01,12,Jaipur,Malviya Nagar,7,7,6.25,84
2026-05-01,13,Jaipur,Malviya Nagar,6,6,6.63,72
2026-05-01,14,Jaipur,Malviya Nagar,7,7,6.18,84
2026-05-01,15,Jaipur,Malviya Nagar,6,6,5.13,72
2026-05-01,16,Jaipur,Malviya Nagar,7,7,5.97,84
2026-05-01,17,Jaipur,Malviya Nagar,6,6,6.09,72
2026-05-01,18,Jaipur,Malviya Nagar,6,6,6.38,72
2026-05-01,19,Jaipur,Malviya Nagar,8,8,6.02,96
2026-05-01,20,Jaipur,Malviya Nagar,8,8,6.47,96
2026-05-01,7,Delhi,Connaught Place,7,7,6.24,84
2026-05-01,8,Delhi,Connaught Place,8,8,5.87,96
2026-05-01,9,Delhi,Connaught Place,7,7,6.13,84
2026-05-01,10,Delhi,Connaught Place,7,7,6.49,84
2026-05-01,11,Delhi,Connaught Place,7,7,5.95,84
2026-05-01,12,Delhi,Connaught Place,6,6,6.35,72
2026-05-01,13,Delhi,Connaught Place,9,9,5.97,108
2026-05-01,14,Delhi,Connaught Place,8,8,5.72,96
2026-05-01,15,Delhi,Connaught Place,6,6,6.34,72
2026-05-01,16,Delhi,Connaught Place,6,6,5.98,72
2026-05-01,17,Delhi,Connaught Place,7,7,5.33,84
2026-05-01,18,Delhi,Connaught Place,9,9,6.33,108
2026-05-01,19,Delhi,Connaught Place,8,8,6.13,96
2026-05-01,20,Delhi,Connaught Place,9,9,6.5,108
2026-05-01,7,Delhi,Saket,9,9,5.98,108
2026-05-01,8,Delhi,Saket,8,8,5.93,96
2026-05-01,9,Delhi,Saket,7,7,6.5,84
2026-05-01,10,Delhi,Saket,8,8,5.47,96
2026-05-01,11,Delhi,Saket,6,6,6.41,72
2026-05-01,12,Delhi,Saket,8,8,5.93,96
2026-05-01,13,Delhi,Saket,9,9,6.17,108
2026-05-01,14,Delhi,Saket,6,6,6.14,72
2026-05-01,15,Delhi,Saket,7,7,6.22,84
2026-05-01,16,Delhi,Saket,9,9,5.61,108
2026-05-01,17,Delhi,Saket,9,9,6.47,108
2026-05-01,18,Delhi,Saket,6,6,6.07,72
2026-05-01,19,Delhi,Saket,6,6,5.95,72
2026-05-01,20,Delhi,Saket,9,9,6.08,108
2026-05-01,8,Mumbai,Bandra,9,9,5.44,108
2026-05-01,9,Mumbai,Bandra,8,8,6.07,96
2026-05-01,13,Mumbai,Bandra,7,7,5.68,84
2026-05-01,20,Mumbai,Bandra,8,8,5.78,96
2026-05-01,7,Mumbai,Andheri,9,9,6.17,108
2026-05-01,8,Mumbai,Andheri,9,9,5.45,108
2026-05-01,9,Mumbai,Andheri,8,8,5.64,96
2026-05-01,10,Mumbai,Andheri,7,7,6.36,84
2026-05-01,11,Mumbai,Andheri,7,7,5.82,84
2026-05-01,12,Mumbai,Andheri,7,7,6.64,84
2026-05-01,13,Mumbai,Andheri,8,8,6.39,96
2026-05-01,14,Mumbai,Andheri,7,7,6.17,84
2026-05-01,15,Mumbai,Andheri,6,6,6.24,72
2026-05-01,16,Mumbai,Andheri,7,7,6.48,84
2026-05-01,17,Mumbai,Andheri,6,6,6.72,72
2026-05-01,18,Mumbai,Andheri,9,9,6.34,108
2026-05-01,19,Mumbai,Andheri,8,8,6.1,96
2026-05-01,20,Mumbai,Andheri,7,7,6.05,84
2026-05-01,7,Bengaluru,Indiranagar,9,9,5.96,108
2026-05-01,8,Bengaluru,Indiranagar,7,7,6.09,84
2026-05-01,9,Bengaluru,Indiranagar,6,6,6.14,72
2026-05-01,10,Bengaluru,Indiranagar,8,8,6.01,96
2026-05-01,11,Bengaluru,Indiranagar,6,6,6.27,72
2026-05-01,12,Bengaluru,Indiranagar,6,6,6.07,72
2026-05-01,13,Bengaluru,Indiranagar,6,6,6.72,72
2026-05-01,14,Bengaluru,Indiranagar,7,7,5.94,84
2026-05-01,15,Bengaluru,Indiranagar,7,7,5.86,84
2026-05-01,16,Bengaluru,Indiranagar,6,6,5.8,72
2026-05-01,17,Bengaluru,Indiranagar,8,8,6.55,96
2026-05-01,18,Bengaluru,Indiranagar,9,9,6.18,108
2026-05-01,19,Bengaluru,Indiranagar,9,9,6.25,108
2026-05-01,20,Bengaluru,Indiranagar,7,7,6.03,84
2026-05-01,7,Bengaluru,Koramangala,6,6,6.14,72
2026-05-01,8,Bengaluru,Koramangala,7,7,5.82,84
2026-05-01,9,Bengaluru,Koramangala,8,8,6.08,96
2026-05-01,10,Bengaluru,Koramangala,9,9,6.24,108
2026-05-01,11,Bengaluru,Koramangala,7,7,6.28,84
2026-05-01,12,Bengaluru,Koramangala,6,6,5.64,72
2026-05-01,13,Bengaluru,Koramangala,9,9,5.79,108
2026-05-01,14,Bengaluru,Koramangala,9,9,5.57,108
2026-05-01,15,Bengaluru,Koramangala,7,7,5.61,84
2026-05-01,16,Bengaluru,Koramangala,7,7,5.72,84
2026-05-01,17,Bengaluru,Koramangala,6,6,5.77,72
2026-05-01,18,Bengaluru,Koramangala,9,9,5.92,108
2026-05-01,19,Bengaluru,Koramangala,6,6,6.33,72
2026-05-01,20,Bengaluru,Koramangala,6,6,6.34,72
2026-05-01,7,Hyderabad,Banjara Hills,7,7,6.22,84
2026-05-01,8,Hyderabad,Banjara Hills,7,7,6.03,84
2026-05-01,9,Hyderabad,Banjara Hills,8,8,5.67,96
2026-05-01,10,Hyderabad,Banjara Hills,9,9,6.52,108
2026-05-01,11,Hyderabad,Banjara Hills,6,6,5.72,72
2026-05-01,12,Hyderabad,Banjara Hills,9,9,6.02,108
2026-05-01,13,Hyderabad,Banjara Hills,7,7,5.55,84
2026-05-01,14,Hyderabad,Banjara Hills,6,6,6.07,72
2026-05-01,15,Hyderabad,Banjara Hills,6,6,5.62,72
2026-05-01,16,Hyderabad,Banjara Hills,6,6,5.41,72
2026-05-01,17,Hyderabad,Banjara Hills,9,9,5.85,108
2026-05-01,18,Hyderabad,Banjara Hills,9,9,5.97,108
2026-05-01,19,Hyderabad,Banjara Hills,8,8,6.26,96
2026-05-01,20,Hyderabad,Banjara Hills,7,7,5.97,84
2026-05-01,7,Hyderabad,Gachibowli,6,6,5.93,72
2026-05-01,8,Hyderabad,Gachibowli,7,7,5.69,84
2026-05-01,9,Hyderabad,Gachibowli,9,9,5.49,108
2026-05-01,10,Hyderabad,Gachibowli,6,6,6.22,72
2026-05-01,11,Hyderabad,Gachibowli,9,9,6.37,108
2026-05-01,12,Hyderabad,Gachibowli,8,8,5.86,96
2026-05-01,13,Hyderabad,Gachibowli,7,7,5.55,84
2026-05-01,14,Hyderabad,Gachibowli,8,8,5.73,96
2026-05-01,15,Hyderabad,Gachibowli,8,8,6.47,96
2026-05-01,16,Hyderabad,Gachibowli,8,8,6.67,96
2026-05-01,17,Hyderabad,Gachibowli,6,6,6.74,72
2026-05-01,18,Hyderabad,Gachibowli,9,9,5.88,108
2026-05-01,19,Hyderabad,Gachibowli,6,6,5.62,72
2026-05-01,20,Hyderabad,Gachibowli,6,6,6.17,72
2026-05-02,7,Ahmedabad,Satellite,8,8,5.55,96
2026-05-02,8,Ahmedabad,Satellite,7,7,6.19,84
2026-05-02,9,Ahmedabad,Satellite,8,8,6.17,96
2026-05-02,10,Ahmedabad,Satellite,9,9,6.36,108
2026-05-02,11,Ahmedabad,Satellite,9,9,5.61,108
2026-05-02,12,Ahmedabad,Satellite,9,9,5.81,108
2026-05-02,13,Ahmedabad,Satellite,8,8,5.96,96
2026-05-02,14,Ahmedabad,Satellite,8,8,6.04,96
2026-05-02,15,Ahmedabad,Satellite,7,7,6.67,84
2026-05-02,16,Ahmedabad,Satellite,7,7,5.71,84
2026-05-02,17,Ahmedabad,Satellite,6,6,5.58,72
2026-05-02,18,Ahmedabad,Satellite,6,6,6.03,72
2026-05-02,19,Ahmedabad,Satellite,8,8,6.45,96
2026-05-02,20,Ahmedabad,Satellite,9,9,5.83,108
2026-05-02,7,Ahmedabad,Navrangpura,8,8,6.17,96
2026-05-02,8,Ahmedabad,Navrangpura,6,6,5.78,72
2026-05-02,9,Ahmedabad,Navrangpura,7,7,5.76,84
2026-05-02,10,Ahmedabad,Navrangpura,7,7,6.25,84
2026-05-02,11,Ahmedabad,Navrangpura,8,8,6.19,96
2026-05-02,12,Ahmedabad,Navrangpura,6,6,6.23,72
2026-05-02,13,Ahmedabad,Navrangpura,6,6,5.42,72
2026-05-02,14,Ahmedabad,Navrangpura,8,8,6.18,96
2026-05-02,15,Ahmedabad,Navrangpura,8,8,5.76,96
2026-05-02,16,Ahmedabad,Navrangpura,8,8,6.86,96
2026-05-02,17,Ahmedabad,Navrangpura,7,7,5.7,84
2026-05-02,18,Ahmedabad,Navrangpura,8,8,6.46,96
2026-05-02,19,Ahmedabad,Navrangpura,8,8,5.82,96
2026-05-02,20,Ahmedabad,Navrangpura,6,6,6.5,72
2026-05-02,7,Jaipur,C-Scheme,7,7,5.38,84
2026-05-02,8,Jaipur,C-Scheme,6,6,6.22,72
2026-05-02,9,Jaipur,C-Scheme,9,9,6.62,108
2026-05-02,10,Jaipur,C-Scheme,9,9,5.76,108
2026-05-02,11,Jaipur,C-Scheme,9,9,6.71,108
2026-05-02,12,Jaipur,C-Scheme,9,9,5.66,108
2026-05-02,13,Jaipur,C-Scheme,7,7,6.16,84
2026-05-02,14,Jaipur,C-Scheme,7,7,5.66,84
2026-05-02,15,Jaipur,C-Scheme,7,7,5.91,84
2026-05-02,16,Jaipur,C-Scheme,7,7,5.9,84
2026-05-02,17,Jaipur,C-Scheme,8,8,6.03,96
2026-05-02,18,Jaipur,C-Scheme,8,8,6.07,96
2026-05-02,19,Jaipur,C-Scheme,7,7,5.78,84
2026-05-02,20,Jaipur,C-Scheme,7,7,5.95,84
2026-05-02,7,Jaipur,Malviya Nagar,9,9,5.82,108
2026-05-02,8,Jaipur,Malviya Nagar,6,6,6.13,72
2026-05-02,9,Jaipur,Malviya Nagar,6,6,5.71,72
2026-05-02,10,Jaipur,Malviya Nagar,9,9,5.89,108
2026-05-02,11,Jaipur,Malviya Nagar,8,8,6.65,96
2026-05-02,12,Jaipur,Malviya Nagar,8,8,6.01,96
2026-05-02,13,Jaipur,Malviya Nagar,8,8,5.81,96
2026-05-02,14,Jaipur,Malviya Nagar,8,8,5.99,96
2026-05-02,15,Jaipur,Malviya Nagar,8,8,5.93,96
2026-05-02,16,Jaipur,Malviya Nagar,8,8,5.63,96
2026-05-02,17,Jaipur,Malviya Nagar,9,9,4.98,108
2026-05-02,18,Jaipur,Malviya Nagar,8,8,5.55,96
2026-05-02,19,Jaipur,Malviya Nagar,8,8,6.33,96
2026-05-02,20,Jaipur,Malviya Nagar,9,9,6.53,108
2026-05-02,7,Delhi,Connaught Place,6,6,6.27,72
2026-05-02,8,Delhi,Connaught Place,8,8,5.82,96
2026-05-02,9,Delhi,Connaught Place,8,8,6.46,96
2026-05-02,10,Delhi,Connaught Place,8,8,6.03,96
2026-05-02,11,Delhi,Connaught Place,6,6,5.85,72
2026-05-02,12,Delhi,Connaught Place,9,9,6.79,108
2026-05-02,13,Delhi,Connaught Place,8,8,6.53,96
2026-05-02,14,Delhi,Connaught Place,6,6,6.68,72
2026-05-02,15,Delhi,Connaught Place,6,6,5.81,72
2026-05-02,16,Delhi,Connaught Place,7,7,5.59,84
2026-05-02,17,Delhi,Connaught Place,6,6,6.27,72
2026-05-02,18,Delhi,Connaught Place,6,6,5.92,72
2026-05-02,19,Delhi,Connaught Place,8,8,6.22,96
2026-05-02,20,Delhi,Connaught Place,7,7,5.26,84
2026-05-02,7,Delhi,Saket,9,9,5.86,108
2026-05-02,8,Delhi,Saket,6,6,6.21,72
2026-05-02,9,Delhi,Saket,7,7,6.55,84
2026-05-02,10,Delhi,Saket,7,7,5.96,84
2026-05-02,11,Delhi,Saket,7,7,6.02,84
2026-05-02,12,Delhi,Saket,9,9,6.08,108
2026-05-02,13,Delhi,Saket,7,7,6.06,84
2026-05-02,14,Delhi,Saket,9,9,5.86,108
2026-05-02,15,Delhi,Saket,7,7,6.27,84
2026-05-02,16,Delhi,Saket,9,9,5.77,108
2026-05-02,17,Delhi,Saket,7,7,5.81,84
2026-05-02,18,Delhi,Saket,8,8,6.49,96
2026-05-02,19,Delhi,Saket,8,8,6.03,96
2026-05-02,20,Delhi,Saket,6,6,5.82,72
2026-05-02,9,Mumbai,Bandra,9,9,6.24,108
2026-05-02,10,Mumbai,Bandra,9,9,5.45,108
2026-05-02,11,Mumbai,Bandra,8,8,5.92,96
2026-05-02,12,Mumbai,Bandra,9,9,5.71,108
2026-05-02,14,Mumbai,Bandra,7,7,5.46,84
2026-05-02,15,Mumbai,Bandra,6,6,5.97,72
2026-05-02,16,Mumbai,Bandra,7,7,5.68,84
2026-05-02,17,Mumbai,Bandra,8,8,5.83,96
2026-05-02,20,Mumbai,Bandra,8,8,6.08,96
2026-05-02,7,Mumbai,Andheri,6,6,5.96,72
2026-05-02,8,Mumbai,Andheri,7,7,5.51,84
2026-05-02,9,Mumbai,Andheri,8,8,5.7,96
2026-05-02,10,Mumbai,Andheri,9,9,6.15,108
2026-05-02,11,Mumbai,Andheri,9,9,6.01,108
2026-05-02,12,Mumbai,Andheri,7,7,6.23,84
2026-05-02,13,Mumbai,Andheri,9,9,5.69,108
2026-05-02,14,Mumbai,Andheri,9,9,6.01,108
2026-05-02,15,Mumbai,Andheri,6,6,6.62,72
2026-05-02,16,Mumbai,Andheri,6,6,5.41,72
2026-05-02,17,Mumbai,Andheri,7,7,7.12,84
2026-05-02,18,Mumbai,Andheri,7,7,5.89,84
2026-05-02,19,Mumbai,Andheri,9,9,5.77,108
2026-05-02,20,Mumbai,Andheri,9,9,4.89,108
2026-05-02,7,Bengaluru,Indiranagar,9,9,6.32,108
2026-05-02,8,Bengaluru,Indiranagar,9,9,5.64,108
2026-05-02,9,Bengaluru,Indiranagar,8,8,6.37,96
2026-05-02,10,Bengaluru,Indiranagar,7,7,5.3,84
2026-05-02,11,Bengaluru,Indiranagar,6,6,5.91,72
2026-05-02,12,Bengaluru,Indiranagar,9,9,5.7,108
2026-05-02,13,Bengaluru,Indiranagar,7,7,5.49,84
2026-05-02,14,Bengaluru,Indiranagar,9,9,6.09,108
2026-05-02,15,Bengaluru,Indiranagar,6,6,6.22,72
2026-05-02,16,Bengaluru,Indiranagar,6,6,6.08,72
2026-05-02,17,Bengaluru,Indiranagar,7,7,5.42,84
2026-05-02,18,Bengaluru,Indiranagar,9,9,6.2,108
2026-05-02,19,Bengaluru,Indiranagar,7,7,5.93,84
2026-05-02,20,Bengaluru,Indiranagar,7,7,6.42,84
2026-05-02,7,Bengaluru,Koramangala,7,7,6.54,84
2026-05-02,8,Bengaluru,Koramangala,7,7,6.58,84
2026-05-02,9,Bengaluru,Koramangala,9,9,5.61,108
2026-05-02,10,Bengaluru,Koramangala,9,9,5.13,108
2026-05-02,11,Bengaluru,Koramangala,7,7,6.04,84
2026-05-02,12,Bengaluru,Koramangala,6,6,5.7,72
2026-05-02,13,Bengaluru,Koramangala,7,7,5.66,84
2026-05-02,14,Bengaluru,Koramangala,6,6,5.83,72
2026-05-02,15,Bengaluru,Koramangala,9,9,5.55,108
2026-05-02,16,Bengaluru,Koramangala,6,6,5.96,72
2026-05-02,17,Bengaluru,Koramangala,8,8,6.08,96
2026-05-02,18,Bengaluru,Koramangala,8,8,6.5,96
2026-05-02,19,Bengaluru,Koramangala,7,7,6.0,84
2026-05-02,20,Bengaluru,Koramangala,6,6,5.07,72
2026-05-02,7,Hyderabad,Banjara Hills,9,9,6.31,108
2026-05-02,8,Hyderabad,Banjara Hills,9,9,5.38,108
2026-05-02,9,Hyderabad,Banjara Hills,6,6,6.14,72
2026-05-02,10,Hyderabad,Banjara Hills,6,6,6.59,72
2026-05-02,11,Hyderabad,Banjara Hills,8,8,5.74,96
2026-05-02,12,Hyderabad,Banjara Hills,8,8,5.98,96
2026-05-02,13,Hyderabad,Banjara Hills,7,7,5.94,84
2026-05-02,14,Hyderabad,Banjara Hills,6,6,6.42,72
2026-05-02,15,Hyderabad,Banjara Hills,9,9,6.05,108
2026-05-02,16,Hyderabad,Banjara Hills,8,8,6.18,96
2026-05-02,17,Hyderabad,Banjara Hills,9,9,6.34,108
2026-05-02,18,Hyderabad,Banjara Hills,6,6,6.06,72
2026-05-02,19,Hyderabad,Banjara Hills,6,6,6.08,72
2026-05-02,20,Hyderabad,Banjara Hills,9,9,6.15,108
2026-05-02,7,Hyderabad,Gachibowli,7,7,5.75,84
2026-05-02,8,Hyderabad,Gachibowli,8,8,6.49,96
2026-05-02,9,Hyderabad,Gachibowli,9,9,5.59,108
2026-05-02,10,Hyderabad,Gachibowli,8,8,6.07,96
2026-05-02,11,Hyderabad,Gachibowli,8,8,5.77,96
2026-05-02,12,Hyderabad,Gachibowli,7,7,6.38,84
2026-05-02,13,Hyderabad,Gachibowli,7,7,6.05,84
2026-05-02,14,Hyderabad,Gachibowli,8,8,4.79,96
2026-05-02,15,Hyderabad,Gachibowli,7,7,6.14,84
2026-05-02,16,Hyderabad,Gachibowli,6,6,6.19,72
2026-05-02,17,Hyderabad,Gachibowli,7,7,5.92,84
2026-05-02,18,Hyderabad,Gachibowli,7,7,5.93,84
2026-05-02,19,Hyderabad,Gachibowli,8,8,5.92,96
2026-05-02,20,Hyderabad,Gachibowli,9,9,5.5,108
2026-05-03,7,Ahmedabad,Satellite,7,7,5.57,84
2026-05-03,8,Ahmedabad,Satellite,9,9,6.6,108
2026-05-03,9,Ahmedabad,Satellite,8,8,6.09,96
2026-05-03,10,Ahmedabad,Satellite,9,9,5.79,108
2026-05-03,11,Ahmedabad,Satellite,8,8,6.37,96
2026-05-03,12,Ahmedabad,Satellite,7,7,5.13,84
2026-05-03,13,Ahmedabad,Satellite,7,7,5.98,84
2026-05-03,14,Ahmedabad,Satellite,7,7,6.09,84
2026-05-03,15,Ahmedabad,Satellite,9,9,5.26,108
2026-05-03,16,Ahmedabad,Satellite,6,6,5.68,72
2026-05-03,17,Ahmedabad,Satellite,7,7,5.69,84
2026-05-03,18,Ahmedabad,Satellite,7,7,6.39,84
2026-05-03,19,Ahmedabad,Satellite,6,6,6.12,72
2026-05-03,20,Ahmedabad,Satellite,8,8,6.06,96
2026-05-03,7,Ahmedabad,Navrangpura,9,9,5.95,108
2026-05-03,8,Ahmedabad,Navrangpura,8,8,6.32,96
2026-05-03,9,Ahmedabad,Navrangpura,9,9,6.17,108
2026-05-03,10,Ahmedabad,Navrangpura,8,8,5.4,96
2026-05-03,11,Ahmedabad,Navrangpura,8,8,6.15,96
2026-05-03,12,Ahmedabad,Navrangpura,7,7,6.17,84
2026-05-03,13,Ahmedabad,Navrangpura,7,7,5.79,84
2026-05-03,14,Ahmedabad,Navrangpura,9,9,6.6,108
2026-05-03,15,Ahmedabad,Navrangpura,6,6,6.17,72
2026-05-03,16,Ahmedabad,Navrangpura,7,7,6.24,84
2026-05-03,17,Ahmedabad,Navrangpura,6,6,5.87,72
2026-05-03,18,Ahmedabad,Navrangpura,9,9,5.74,108
2026-05-03,19,Ahmedabad,Navrangpura,7,7,6.62,84
2026-05-03,20,Ahmedabad,Navrangpura,6,6,6.17,72
2026-05-03,7,Jaipur,C-Scheme,8,8,7.25,96
2026-05-03,8,Jaipur,C-Scheme,7,7,6.13,84
2026-05-03,9,Jaipur,C-Scheme,9,9,5.92,108
2026-05-03,10,Jaipur,C-Scheme,6,6,5.61,72
2026-05-03,11,Jaipur,C-Scheme,7,7,5.84,84
2026-05-03,12,Jaipur,C-Scheme,6,6,5.77,72
2026-05-03,13,Jaipur,C-Scheme,6,6,6.64,72
2026-05-03,14,Jaipur,C-Scheme,7,7,6.12,84
2026-05-03,15,Jaipur,C-Scheme,8,8,6.3,96
2026-05-03,16,Jaipur,C-Scheme,7,7,6.19,84
2026-05-03,17,Jaipur,C-Scheme,7,7,6.27,84
2026-05-03,18,Jaipur,C-Scheme,6,6,6.05,72
2026-05-03,19,Jaipur,C-Scheme,9,9,6.3,108
2026-05-03,20,Jaipur,C-Scheme,7,7,6.07,84
2026-05-03,7,Jaipur,Malviya Nagar,6,6,6.61,72
2026-05-03,8,Jaipur,Malviya Nagar,9,9,5.81,108
2026-05-03,9,Jaipur,Malviya Nagar,9,9,6.17,108
2026-05-03,10,Jaipur,Malviya Nagar,8,8,5.76,96
2026-05-03,11,Jaipur,Malviya Nagar,7,7,5.86,84
2026-05-03,12,Jaipur,Malviya Nagar,9,9,5.8,108
2026-05-03,13,Jaipur,Malviya Nagar,8,8,5.74,96
2026-05-03,14,Jaipur,Malviya Nagar,9,9,6.11,108
2026-05-03,15,Jaipur,Malviya Nagar,8,8,6.22,96
2026-05-03,16,Jaipur,Malviya Nagar,6,6,4.96,72
2026-05-03,17,Jaipur,Malviya Nagar,7,7,5.78,84
2026-05-03,18,Jaipur,Malviya Nagar,8,8,6.18,96
2026-05-03,19,Jaipur,Malviya Nagar,8,8,5.92,96
2026-05-03,20,Jaipur,Malviya Nagar,7,7,5.96,84
2026-05-03,7,Delhi,Connaught Place,7,7,6.54,84
2026-05-03,8,Delhi,Connaught Place,6,6,5.99,72
2026-05-03,9,Delhi,Connaught Place,7,7,6.38,84
2026-05-03,10,Delhi,Connaught Place,9,9,6.27,108
2026-05-03,11,Delhi,Connaught Place,6,6,6.45,72
2026-05-03,12,Delhi,Connaught Place,6,6,5.82,72
2026-05-03,13,Delhi,Connaught Place,7,7,5.61,84
2026-05-03,14,Delhi,Connaught Place,8,8,5.53,96
2026-05-03,15,Delhi,Connaught Place,7,7,5.62,84
2026-05-03,16,Delhi,Connaught Place,9,9,6.46,108
2026-05-03,17,Delhi,Connaught Place,6,6,5.83,72
2026-05-03,18,Delhi,Connaught Place,9,9,5.98,108
2026-05-03,19,Delhi,Connaught Place,9,9,5.99,108
2026-05-03,20,Delhi,Connaught Place,6,6,5.57,72
2026-05-03,7,Delhi,Saket,7,7,6.37,84
2026-05-03,8,Delhi,Saket,8,8,6.1,96
2026-05-03,9,Delhi,Saket,9,9,6.34,108
2026-05-03,10,Delhi,Saket,6,6,6.0,72
2026-05-03,11,Delhi,Saket,9,9,6.3,108
2026-05-03,12,Delhi,Saket,6,6,5.93,72
2026-05-03,13,Delhi,Saket,6,6,6.74,72
2026-05-03,14,Delhi,Saket,8,8,5.99,96
2026-05-03,15,Delhi,Saket,6,6,5.84,72
2026-05-03,16,Delhi,Saket,7,7,6.47,84
2026-05-03,17,Delhi,Saket,8,8,5.38,96
2026-05-03,18,Delhi,Saket,9,9,5.73,108
2026-05-03,19,Delhi,Saket,6,6,6.33,72
2026-05-03,20,Delhi,Saket,6,6,5.9,72
2026-05-03,7,Mumbai,Bandra,8,8,6.3,96
2026-05-03,9,Mumbai,Bandra,9,9,6.13,108
2026-05-03,10,Mumbai,Bandra,6,6,5.67,72
2026-05-03,11,Mumbai,Bandra,8,8,6.12,96
2026-05-03,12,Mumbai,Bandra,7,7,5.33,84
2026-05-03,13,Mumbai,Bandra,6,6,5.88,72
2026-05-03,14,Mumbai,Bandra,8,8,6.41,96
2026-05-03,15,Mumbai,Bandra,8,8,5.85,96
2026-05-03,16,Mumbai,Bandra,7,7,5.81,84
2026-05-03,17,Mumbai,Bandra,9,9,5.98,108
2026-05-03,19,Mumbai,Bandra,8,8,5.84,96
2026-05-03,20,Mumbai,Bandra,6,6,6.1,72
2026-05-03,7,Mumbai,Andheri,7,7,6.34,84
2026-05-03,8,Mumbai,Andheri,9,9,5.47,108
2026-05-03,9,Mumbai,Andheri,7,7,6.18,84
2026-05-03,10,Mumbai,Andheri,8,8,6.49,96
2026-05-03,11,Mumbai,Andheri,7,7,6.55,84
2026-05-03,12,Mumbai,Andheri,8,8,5.94,96
2026-05-03,13,Mumbai,Andheri,7,7,4.8,84
2026-05-03,14,Mumbai,Andheri,8,8,5.39,96
2026-05-03,15,Mumbai,Andheri,9,9,5.97,108
2026-05-03,16,Mumbai,Andheri,9,9,6.25,108
2026-05-03,17,Mumbai,Andheri,7,7,5.56,84
2026-05-03,18,Mumbai,Andheri,8,8,5.83,96
2026-05-03,19,Mumbai,Andheri,6,6,6.09,72
2026-05-03,20,Mumbai,Andheri,8,8,5.68,96
2026-05-03,7,Bengaluru,Indiranagar,6,6,5.75,72
2026-05-03,8,Bengaluru,Indiranagar,8,8,5.65,96
2026-05-03,9,Bengaluru,Indiranagar,6,6,6.43,72
2026-05-03,10,Bengaluru,Indiranagar,8,8,5.95,96
2026-05-03,11,Bengaluru,Indiranagar,9,9,6.37,108
2026-05-03,12,Bengaluru,Indiranagar,9,9,6.86,108
2026-05-03,13,Bengaluru,Indiranagar,8,8,6.49,96
2026-05-03,14,Bengaluru,Indiranagar,9,9,6.41,108
2026-05-03,15,Bengaluru,Indiranagar,9,9,6.01,108
2026-05-03,16,Bengaluru,Indiranagar,6,6,5.49,72
2026-05-03,17,Bengaluru,Indiranagar,7,7,5.75,84
2026-05-03,18,Bengaluru,Indiranagar,6,6,5.84,72
2026-05-03,19,Bengaluru,Indiranagar,8,8,5.89,96
2026-05-03,20,Bengaluru,Indiranagar,8,8,6.21,96
2026-05-03,7,Bengaluru,Koramangala,9,9,5.25,108
2026-05-03,8,Bengaluru,Koramangala,7,7,5.7,84
2026-05-03,9,Bengaluru,Koramangala,9,9,6.1,108
2026-05-03,10,Bengaluru,Koramangala,6,6,6.2,72
2026-05-03,11,Bengaluru,Koramangala,6,6,5.69,72
2026-05-03,12,Bengaluru,Koramangala,9,9,6.1,108
2026-05-03,13,Bengaluru,Koramangala,7,7,5.54,84
2026-05-03,14,Bengaluru,Koramangala,6,6,6.3,72
2026-05-03,15,Bengaluru,Koramangala,6,6,6.38,72
2026-05-03,16,Bengaluru,Koramangala,6,6,5.76,72
2026-05-03,17,Bengaluru,Koramangala,7,7,5.8,84
2026-05-03,18,Bengaluru,Koramangala,6,6,6.26,72
2026-05-03,19,Bengaluru,Koramangala,6,6,5.91,72
2026-05-03,20,Bengaluru,Koramangala,8,8,5.03,96
2026-05-03,7,Hyderabad,Banjara Hills,8,8,6.04,96
2026-05-03,8,Hyderabad,Banjara Hills,6,6,5.84,72
2026-05-03,9,Hyderabad,Banjara Hills,7,7,5.54,84
2026-05-03,10,Hyderabad,Banjara Hills,8,8,5.77,96
2026-05-03,11,Hyderabad,Banjara Hills,9,9,5.77,108
2026-05-03,12,Hyderabad,Banjara Hills,7,7,6.41,84
2026-05-03,13,Hyderabad,Banjara Hills,9,9,5.72,108
2026-05-03,14,Hyderabad,Banjara Hills,9,9,5.71,108
2026-05-03,15,Hyderabad,Banjara Hills,7,7,6.52,84
2026-05-03,16,Hyderabad,Banjara Hills,6,6,6.45,72
2026-05-03,17,Hyderabad,Banjara Hills,6,6,5.44,72
2026-05-03,18,Hyderabad,Banjara Hills,8,8,5.48,96
2026-05-03,19,Hyderabad,Banjara Hills,6,6,6.22,72
2026-05-03,20,Hyderabad,Banjara Hills,6,6,5.17,72
2026-05-03,7,Hyderabad,Gachibowli,9,9,6.65,108
2026-05-03,8,Hyderabad,Gachibowli,9,9,5.91,108
2026-05-03,9,Hyderabad,Gachibowli,8,8,6.26,96
2026-05-03,10,Hyderabad,Gachibowli,6,6,5.57,72
2026-05-03,11,Hyderabad,Gachibowli,8,8,5.95,96
2026-05-03,12,Hyderabad,Gachibowli,8,8,5.62,96
2026-05-03,13,Hyderabad,Gachibowli,9,9,6.6,108
2026-05-03,14,Hyderabad,Gachibowli,8,8,5.61,96
2026-05-03,15,Hyderabad,Gachibowli,7,7,5.83,84
2026-05-03,16,Hyderabad,Gachibowli,6,6,5.99,72
2026-05-03,17,Hyderabad,Gachibowli,6,6,5.76,72
2026-05-03,18,Hyderabad,Gachibowli,8,8,6.23,96
2026-05-03,19,Hyderabad,Gachibowli,9,9,6.18,108
2026-05-03,20,Hyderabad,Gachibowli,6,6,5.01,72
2026-05-04,7,Ahmedabad,Satellite,6,6,6.34,72
2026-05-04,8,Ahmedabad,Satellite,7,7,6.25,84
2026-05-04,9,Ahmedabad,Satellite,6,6,5.53,72
2026-05-04,10,Ahmedabad,Satellite,6,6,5.72,72
2026-05-04,11,Ahmedabad,Satellite,8,8,6.52,96
2026-05-04,12,Ahmedabad,Satellite,7,7,6.07,84
2026-05-04,13,Ahmedabad,Satellite,8,8,5.99,96
2026-05-04,14,Ahmedabad,Satellite,8,8,6.12,96
2026-05-04,15,Ahmedabad,Satellite,6,6,6.21,72
2026-05-04,16,Ahmedabad,Satellite,7,7,6.09,84
2026-05-04,17,Ahmedabad,Satellite,9,9,5.23,108
2026-05-04,18,Ahmedabad,Satellite,8,8,6.05,96
2026-05-04,19,Ahmedabad,Satellite,6,6,5.77,72
2026-05-04,20,Ahmedabad,Satellite,6,6,6.19,72
2026-05-04,7,Ahmedabad,Navrangpura,7,7,5.98,84
2026-05-04,8,Ahmedabad,Navrangpura,7,7,6.22,84
2026-05-04,9,Ahmedabad,Navrangpura,7,7,6.1,84
2026-05-04,10,Ahmedabad,Navrangpura,9,9,5.98,108
2026-05-04,11,Ahmedabad,Navrangpura,7,7,5.78,84
2026-05-04,12,Ahmedabad,Navrangpura,8,8,5.9,96
2026-05-04,13,Ahmedabad,Navrangpura,6,6,5.96,72
2026-05-04,14,Ahmedabad,Navrangpura,9,9,5.56,108
2026-05-04,15,Ahmedabad,Navrangpura,9,9,5.57,108
2026-05-04,16,Ahmedabad,Navrangpura,6,6,5.97,72
2026-05-04,17,Ahmedabad,Navrangpura,6,6,6.11,72
2026-05-04,18,Ahmedabad,Navrangpura,6,6,5.92,72
2026-05-04,19,Ahmedabad,Navrangpura,6,6,5.91,72
2026-05-04,20,Ahmedabad,Navrangpura,9,9,5.55,108
2026-05-04,7,Jaipur,C-Scheme,8,8,5.91,96
2026-05-04,8,Jaipur,C-Scheme,9,9,6.24,108
2026-05-04,9,Jaipur,C-Scheme,8,8,5.86,96
2026-05-04,10,Jaipur,C-Scheme,7,7,5.82,84
2026-05-04,11,Jaipur,C-Scheme,7,7,5.94,84
2026-05-04,12,Jaipur,C-Scheme,9,9,5.84,108
2026-05-04,13,Jaipur,C-Scheme,9,9,5.52,108
2026-05-04,14,Jaipur,C-Scheme,9,9,5.77,108
2026-05-04,15,Jaipur,C-Scheme,7,7,6.25,84
2026-05-04,16,Jaipur,C-Scheme,9,9,5.64,108
2026-05-04,17,Jaipur,C-Scheme,7,7,5.65,84
2026-05-04,18,Jaipur,C-Scheme,6,6,6.22,72
2026-05-04,19,Jaipur,C-Scheme,6,6,5.94,72
2026-05-04,20,Jaipur,C-Scheme,7,7,5.45,84
2026-05-04,7,Jaipur,Malviya Nagar,6,6,6.34,72
2026-05-04,8,Jaipur,Malviya Nagar,6,6,5.5,72
2026-05-04,9,Jaipur,Malviya Nagar,6,6,6.05,72
2026-05-04,10,Jaipur,Malviya Nagar,9,9,6.15,108
2026-05-04,11,Jaipur,Malviya Nagar,9,9,5.63,108
2026-05-04,12,Jaipur,Malviya Nagar,9,9,5.61,108
2026-05-04,13,Jaipur,Malviya Nagar,6,6,5.75,72
2026-05-04,14,Jaipur,Malviya Nagar,9,9,4.9,108
2026-05-04,15,Jaipur,Malviya Nagar,7,7,5.59,84
2026-05-04,16,Jaipur,Malviya Nagar,9,9,6.19,108
2026-05-04,17,Jaipur,Malviya Nagar,6,6,6.01,72
2026-05-04,18,Jaipur,Malviya Nagar,7,7,6.4,84
2026-05-04,19,Jaipur,Malviya Nagar,8,8,6.63,96
2026-05-04,20,Jaipur,Malviya Nagar,9,9,5.58,108
2026-05-04,7,Delhi,Connaught Place,8,8,6.27,96
2026-05-04,8,Delhi,Connaught Place,8,8,5.92,96
2026-05-04,9,Delhi,Connaught Place,7,7,5.83,84
2026-05-04,10,Delhi,Connaught Place,9,9,6.83,108
2026-05-04,11,Delhi,Connaught Place,9,9,6.11,108
2026-05-04,12,Delhi,Connaught Place,7,7,6.22,84
2026-05-04,13,Delhi,Connaught Place,7,7,5.53,84
2026-05-04,14,Delhi,Connaught Place,9,9,5.48,108
2026-05-04,15,Delhi,Connaught Place,8,8,6.11,96
2026-05-04,16,Delhi,Connaught Place,7,7,5.91,84
2026-05-04,17,Delhi,Connaught Place,7,7,5.05,84
2026-05-04,18,Delhi,Connaught Place,6,6,5.92,72
2026-05-04,19,Delhi,Connaught Place,6,6,6.37,72
2026-05-04,20,Delhi,Connaught Place,7,7,6.4,84
2026-05-04,7,Delhi,Saket,8,8,6.16,96
2026-05-04,8,Delhi,Saket,6,6,5.4,72
2026-05-04,9,Delhi,Saket,9,9,6.25,108
2026-05-04,10,Delhi,Saket,7,7,6.5,84
2026-05-04,11,Delhi,Saket,8,8,5.32,96
2026-05-04,12,Delhi,Saket,8,8,5.84,96
2026-05-04,13,Delhi,Saket,7,7,6.07,84
2026-05-04,14,Delhi,Saket,8,8,6.01,96
2026-05-04,15,Delhi,Saket,9,9,6.41,108
2026-05-04,16,Delhi,Saket,9,9,5.56,108
2026-05-04,17,Delhi,Saket,6,6,5.59,72
2026-05-04,18,Delhi,Saket,8,8,5.86,96
2026-05-04,19,Delhi,Saket,9,9,5.98,108
2026-05-04,20,Delhi,Saket,8,8,5.93,96
2026-05-04,8,Mumbai,Bandra,6,6,5.98,72
2026-05-04,11,Mumbai,Bandra,7,7,6.0,84
2026-05-04,12,Mumbai,Bandra,7,7,6.28,84
2026-05-04,13,Mumbai,Bandra,6,6,6.21,72
2026-05-04,15,Mumbai,Bandra,7,7,5.77,84
2026-05-04,20,Mumbai,Bandra,9,9,5.45,108
2026-05-04,7,Mumbai,Andheri,7,7,6.25,84
2026-05-04,8,Mumbai,Andheri,6,6,6.0,72
2026-05-04,9,Mumbai,Andheri,8,8,5.85,96
2026-05-04,10,Mumbai,Andheri,9,9,5.76,108
2026-05-04,11,Mumbai,Andheri,8,8,5.71,96
2026-05-04,12,Mumbai,Andheri,7,7,5.47,84
2026-05-04,13,Mumbai,Andheri,8,8,5.91,96
2026-05-04,14,Mumbai,Andheri,6,6,6.82,72
2026-05-04,15,Mumbai,Andheri,7,7,6.34,84
2026-05-04,16,Mumbai,Andheri,6,6,6.43,72
2026-05-04,17,Mumbai,Andheri,9,9,5.7,108
2026-05-04,18,Mumbai,Andheri,8,8,6.3,96
2026-05-04,19,Mumbai,Andheri,9,9,5.44,108
2026-05-04,20,Mumbai,Andheri,6,6,5.55,72
2026-05-04,7,Bengaluru,Indiranagar,6,6,6.24,72
2026-05-04,8,Bengaluru,Indiranagar,8,8,5.9,96
2026-05-04,9,Bengaluru,Indiranagar,9,9,5.32,108
2026-05-04,10,Bengaluru,Indiranagar,7,7,5.56,84
2026-05-04,11,Bengaluru,Indiranagar,7,7,5.73,84
2026-05-04,12,Bengaluru,Indiranagar,8,8,6.05,96
2026-05-04,13,Bengaluru,Indiranagar,9,9,6.91,108
2026-05-04,14,Bengaluru,Indiranagar,9,9,5.99,108
2026-05-04,15,Bengaluru,Indiranagar,8,8,5.67,96
2026-05-04,16,Bengaluru,Indiranagar,9,9,5.33,108
2026-05-04,17,Bengaluru,Indiranagar,6,6,5.36,72
2026-05-04,18,Bengaluru,Indiranagar,7,7,6.01,84
2026-05-04,19,Bengaluru,Indiranagar,9,9,5.22,108
2026-05-04,20,Bengaluru,Indiranagar,8,8,6.69,96
2026-05-04,7,Bengaluru,Koramangala,9,9,5.34,108
2026-05-04,8,Bengaluru,Koramangala,9,9,6.36,108
2026-05-04,9,Bengaluru,Koramangala,9,9,6.44,108
2026-05-04,10,Bengaluru,Koramangala,8,8,5.71,96
2026-05-04,11,Bengaluru,Koramangala,9,9,6.14,108
2026-05-04,12,Bengaluru,Koramangala,8,8,6.24,96
2026-05-04,13,Bengaluru,Koramangala,6,6,5.96,72
2026-05-04,14,Bengaluru,Koramangala,9,9,6.21,108
2026-05-04,15,Bengaluru,Koramangala,7,7,6.08,84
2026-05-04,16,Bengaluru,Koramangala,8,8,5.94,96
2026-05-04,17,Bengaluru,Koramangala,7,7,6.24,84
2026-05-04,18,Bengaluru,Koramangala,7,7,6.02,84
2026-05-04,19,Bengaluru,Koramangala,7,7,6.51,84
2026-05-04,20,Bengaluru,Koramangala,7,7,5.43,84
2026-05-04,7,Hyderabad,Banjara Hills,8,8,5.99,96
2026-05-04,8,Hyderabad,Banjara Hills,8,8,6.13,96
2026-05-04,9,Hyderabad,Banjara Hills,6,6,5.33,72
2026-05-04,10,Hyderabad,Banjara Hills,9,9,5.94,108
2026-05-04,11,Hyderabad,Banjara Hills,6,6,6.27,72
2026-05-04,12,Hyderabad,Banjara Hills,8,8,5.92,96
2026-05-04,13,Hyderabad,Banjara Hills,6,6,5.38,72
2026-05-04,14,Hyderabad,Banjara Hills,8,8,6.82,96
2026-05-04,15,Hyderabad,Banjara Hills,8,8,6.57,96
2026-05-04,16,Hyderabad,Banjara Hills,6,6,5.63,72
2026-05-04,17,Hyderabad,Banjara Hills,8,8,6.25,96
2026-05-04,18,Hyderabad,Banjara Hills,7,7,5.67,84
2026-05-04,19,Hyderabad,Banjara Hills,7,7,6.03,84
2026-05-04,20,Hyderabad,Banjara Hills,6,6,6.18,72
2026-05-04,7,Hyderabad,Gachibowli,9,9,6.26,108
2026-05-04,8,Hyderabad,Gachibowli,8,8,6.63,96
2026-05-04,9,Hyderabad,Gachibowli,6,6,6.69,72
2026-05-04,10,Hyderabad,Gachibowli,7,7,5.76,84
2026-05-04,11,Hyderabad,Gachibowli,6,6,6.2,72
2026-05-04,12,Hyderabad,Gachibowli,8,8,5.57,96
2026-05-04,13,Hyderabad,Gachibowli,9,9,6.0,108
2026-05-04,14,Hyderabad,Gachibowli,9,9,5.66,108
2026-05-04,15,Hyderabad,Gachibowli,8,8,6.06,96
2026-05-04,16,Hyderabad,Gachibowli,8,8,5.97,96
2026-05-04,17,Hyderabad,Gachibowli,9,9,5.96,108
2026-05-04,18,Hyderabad,Gachibowli,9,9,5.85,108
2026-05-04,19,Hyderabad,Gachibowli,8,8,5.74,96
2026-05-04,20,Hyderabad,Gachibowli,7,7,7.06,84
2026-05-05,7,Ahmedabad,Satellite,7,7,5.77,84
2026-05-05,8,Ahmedabad,Satellite,8,8,5.8,96
2026-05-05,9,Ahmedabad,Satellite,9,9,5.47,108
2026-05-05,10,Ahmedabad,Satellite,9,9,6.17,108
2026-05-05,11,Ahmedabad,Satellite,9,9,6.13,108
2026-05-05,12,Ahmedabad,Satellite,9,9,6.49,108
2026-05-05,13,Ahmedabad,Satellite,7,7,5.82,84
2026-05-05,14,Ahmedabad,Satellite,7,7,6.08,84
2026-05-05,15,Ahmedabad,Satellite,6,6,6.04,72
2026-05-05,16,Ahmedabad,Satellite,9,9,5.68,108
2026-05-05,17,Ahmedabad,Satellite,9,9,5.33,108
2026-05-05,18,Ahmedabad,Satellite,7,7,6.16,84
2026-05-05,19,Ahmedabad,Satellite,8,8,6.06,96
2026-05-05,20,Ahmedabad,Satellite,7,7,5.51,84
2026-05-05,7,Ahmedabad,Navrangpura,8,8,6.46,96
2026-05-05,8,Ahmedabad,Navrangpura,7,7,6.24,84
2026-05-05,9,Ahmedabad,Navrangpura,9,9,6.62,108
2026-05-05,10,Ahmedabad,Navrangpura,8,8,5.69,96
2026-05-05,11,Ahmedabad,Navrangpura,8,8,5.41,96
2026-05-05,12,Ahmedabad,Navrangpura,9,9,6.3,108
2026-05-05,13,Ahmedabad,Navrangpura,9,9,5.63,108
2026-05-05,14,Ahmedabad,Navrangpura,9,9,6.25,108
2026-05-05,15,Ahmedabad,Navrangpura,7,7,6.37,84
2026-05-05,16,Ahmedabad,Navrangpura,7,7,6.09,84
2026-05-05,17,Ahmedabad,Navrangpura,7,7,6.21,84
2026-05-05,18,Ahmedabad,Navrangpura,6,6,6.12,72
2026-05-05,19,Ahmedabad,Navrangpura,6,6,6.08,72
2026-05-05,20,Ahmedabad,Navrangpura,9,9,6.34,108
2026-05-05,7,Jaipur,C-Scheme,8,8,5.95,96
2026-05-05,8,Jaipur,C-Scheme,6,6,5.45,72
2026-05-05,9,Jaipur,C-Scheme,9,9,6.66,108
2026-05-05,10,Jaipur,C-Scheme,9,9,5.81,108
2026-05-05,11,Jaipur,C-Scheme,7,7,6.3,84
2026-05-05,12,Jaipur,C-Scheme,8,8,5.17,96
2026-05-05,13,Jaipur,C-Scheme,9,9,6.15,108
2026-05-05,14,Jaipur,C-Scheme,6,6,4.84,72
2026-05-05,15,Jaipur,C-Scheme,7,7,6.44,84
2026-05-05,16,Jaipur,C-Scheme,7,7,6.4,84
2026-05-05,17,Jaipur,C-Scheme,7,7,6.35,84
2026-05-05,18,Jaipur,C-Scheme,6,6,6.09,72
2026-05-05,19,Jaipur,C-Scheme,6,6,5.87,72
2026-05-05,20,Jaipur,C-Scheme,6,6,6.05,72
2026-05-05,7,Jaipur,Malviya Nagar,9,9,6.51,108
2026-05-05,8,Jaipur,Malviya Nagar,8,8,6.61,96
2026-05-05,9,Jaipur,Malviya Nagar,9,9,5.84,108
2026-05-05,10,Jaipur,Malviya Nagar,6,6,5.62,72
2026-05-05,11,Jaipur,Malviya Nagar,8,8,6.22,96
2026-05-05,12,Jaipur,Malviya Nagar,7,7,6.13,84
2026-05-05,13,Jaipur,Malviya Nagar,7,7,6.17,84
2026-05-05,14,Jaipur,Malviya Nagar,9,9,5.57,108
2026-05-05,15,Jaipur,Malviya Nagar,8,8,6.55,96
2026-05-05,16,Jaipur,Malviya Nagar,9,9,6.65,108
2026-05-05,17,Jaipur,Malviya Nagar,9,9,5.45,108
2026-05-05,18,Jaipur,Malviya Nagar,7,7,6.08,84
2026-05-05,19,Jaipur,Malviya Nagar,7,7,5.65,84
2026-05-05,20,Jaipur,Malviya Nagar,9,9,5.98,108
2026-05-05,7,Delhi,Connaught Place,8,8,6.25,96
2026-05-05,8,Delhi,Connaught Place,7,7,6.99,84
2026-05-05,9,Delhi,Connaught Place,9,9,5.6,108
2026-05-05,10,Delhi,Connaught Place,9,9,6.49,108
2026-05-05,11,Delhi,Connaught Place,6,6,5.92,72
2026-05-05,12,Delhi,Connaught Place,8,8,5.97,96
2026-05-05,13,Delhi,Connaught Place,8,8,6.25,96
2026-05-05,14,Delhi,Connaught Place,6,6,6.18,72
2026-05-05,15,Delhi,Connaught Place,7,7,6.49,84
2026-05-05,16,Delhi,Connaught Place,9,9,7.61,108
2026-05-05,17,Delhi,Connaught Place,6,6,6.04,72
2026-05-05,18,Delhi,Connaught Place,7,7,5.48,84
2026-05-05,19,Delhi,Connaught Place,9,9,5.91,108
2026-05-05,20,Delhi,Connaught Place,7,7,5.79,84
2026-05-05,7,Delhi,Saket,9,9,6.71,108
2026-05-05,8,Delhi,Saket,6,6,6.5,72
2026-05-05,9,Delhi,Saket,6,6,5.52,72
2026-05-05,10,Delhi,Saket,7,7,6.53,84
2026-05-05,11,Delhi,Saket,9,9,5.31,108
2026-05-05,12,Delhi,Saket,9,9,6.28,108
2026-05-05,13,Delhi,Saket,7,7,5.03,84
2026-05-05,14,Delhi,Saket,8,8,5.67,96
2026-05-05,15,Delhi,Saket,9,9,6.29,108
2026-05-05,16,Delhi,Saket,9,9,5.79,108
2026-05-05,17,Delhi,Saket,6,6,6.29,72
2026-05-05,18,Delhi,Saket,7,7,5.81,84
2026-05-05,19,Delhi,Saket,7,7,5.56,84
2026-05-05,20,Delhi,Saket,9,9,5.46,108
2026-05-05,9,Mumbai,Bandra,9,9,5.68,108
2026-05-05,10,Mumbai,Bandra,6,6,6.54,72
2026-05-05,12,Mumbai,Bandra,6,6,6.53,72
2026-05-05,17,Mumbai,Bandra,6,6,6.26,72
2026-05-05,20,Mumbai,Bandra,6,6,6.6,72
2026-05-05,7,Mumbai,Andheri,7,7,6.42,84
2026-05-05,8,Mumbai,Andheri,6,6,6.19,72
2026-05-05,9,Mumbai,Andheri,9,9,5.49,108
2026-05-05,10,Mumbai,Andheri,7,7,5.95,84
2026-05-05,11,Mumbai,Andheri,7,7,5.9,84
2026-05-05,12,Mumbai,Andheri,8,8,6.18,96
2026-05-05,13,Mumbai,Andheri,6,6,6.16,72
2026-05-05,14,Mumbai,Andheri,6,6,5.93,72
2026-05-05,15,Mumbai,Andheri,8,8,6.44,96
2026-05-05,16,Mumbai,Andheri,9,9,6.14,108
2026-05-05,17,Mumbai,Andheri,8,8,5.92,96
2026-05-05,18,Mumbai,Andheri,9,9,5.3,108
2026-05-05,19,Mumbai,Andheri,7,7,6.2,84
2026-05-05,20,Mumbai,Andheri,9,9,5.92,108
2026-05-05,7,Bengaluru,Indiranagar,8,8,6.63,96
2026-05-05,8,Bengaluru,Indiranagar,9,9,5.54,108
2026-05-05,9,Bengaluru,Indiranagar,7,7,6.87,84
2026-05-05,10,Bengaluru,Indiranagar,8,8,6.43,96
2026-05-05,11,Bengaluru,Indiranagar,7,7,5.55,84
2026-05-05,12,Bengaluru,Indiranagar,9,9,5.46,108
2026-05-05,13,Bengaluru,Indiranagar,7,7,5.73,84
2026-05-05,14,Bengaluru,Indiranagar,7,7,5.71,84
2026-05-05,15,Bengaluru,Indiranagar,9,9,5.96,108
2026-05-05,16,Bengaluru,Indiranagar,7,7,6.19,84
2026-05-05,17,Bengaluru,Indiranagar,6,6,5.73,72
2026-05-05,18,Bengaluru,Indiranagar,8,8,5.94,96
2026-05-05,19,Bengaluru,Indiranagar,7,7,6.73,84
2026-05-05,20,Bengaluru,Indiranagar,7,7,6.09,84
2026-05-05,7,Bengaluru,Koramangala,7,7,6.17,84
2026-05-05,8,Bengaluru,Koramangala,6,6,6.22,72
2026-05-05,9,Bengaluru,Koramangala,7,7,5.51,84
2026-05-05,10,Bengaluru,Koramangala,7,7,6.7,84
2026-05-05,11,Bengaluru,Koramangala,8,8,6.26,96
2026-05-05,12,Bengaluru,Koramangala,7,7,6.08,84
2026-05-05,13,Bengaluru,Koramangala,6,6,6.68,72
2026-05-05,14,Bengaluru,Koramangala,7,7,6.22,84
2026-05-05,15,Bengaluru,Koramangala,7,7,6.44,84
2026-05-05,16,Bengaluru,Koramangala,6,6,5.75,72
2026-05-05,17,Bengaluru,Koramangala,8,8,5.48,96
2026-05-05,18,Bengaluru,Koramangala,9,9,5.59,108
2026-05-05,19,Bengaluru,Koramangala,7,7,6.15,84
2026-05-05,20,Bengaluru,Koramangala,8,8,5.32,96
2026-05-05,7,Hyderabad,Banjara Hills,8,8,5.67,96
2026-05-05,8,Hyderabad,Banjara Hills,9,9,6.51,108
2026-05-05,9,Hyderabad,Banjara Hills,7,7,5.55,84
2026-05-05,10,Hyderabad,Banjara Hills,6,6,6.03,72
2026-05-05,11,Hyderabad,Banjara Hills,8,8,6.51,96
2026-05-05,12,Hyderabad,Banjara Hills,8,8,6.0,96
2026-05-05,13,Hyderabad,Banjara Hills,7,7,6.24,84
2026-05-05,14,Hyderabad,Banjara Hills,8,8,5.6,96
2026-05-05,15,Hyderabad,Banjara Hills,7,7,6.16,84
2026-05-05,16,Hyderabad,Banjara Hills,9,9,5.56,108
2026-05-05,17,Hyderabad,Banjara Hills,6,6,6.33,72
2026-05-05,18,Hyderabad,Banjara Hills,7,7,6.21,84
2026-05-05,19,Hyderabad,Banjara Hills,6,6,5.75,72
2026-05-05,20,Hyderabad,Banjara Hills,9,9,5.64,108
2026-05-05,7,Hyderabad,Gachibowli,6,6,6.36,72
2026-05-05,8,Hyderabad,Gachibowli,7,7,5.83,84
2026-05-05,9,Hyderabad,Gachibowli,8,8,5.46,96
2026-05-05,10,Hyderabad,Gachibowli,6,6,5.73,72
2026-05-05,11,Hyderabad,Gachibowli,6,6,6.18,72
2026-05-05,12,Hyderabad,Gachibowli,6,6,5.96,72
2026-05-05,13,Hyderabad,Gachibowli,7,7,6.03,84
2026-05-05,14,Hyderabad,Gachibowli,8,8,5.93,96
2026-05-05,15,Hyderabad,Gachibowli,7,7,5.83,84
2026-05-05,16,Hyderabad,Gachibowli,7,7,6.09,84
2026-05-05,17,Hyderabad,Gachibowli,6,6,6.08,72
2026-05-05,18,Hyderabad,Gachibowli,6,6,5.53,72
2026-05-05,19,Hyderabad,Gachibowli,6,6,6.16,72
2026-05-05,20,Hyderabad,Gachibowli,7,7,6.59,84
2026-05-06,7,Ahmedabad,Satellite,9,9,5.84,108
2026-05-06,8,Ahmedabad,Satellite,6,6,6.09,72
2026-05-06,9,Ahmedabad,Satellite,7,7,5.62,84
2026-05-06,10,Ahmedabad,Satellite,6,6,5.55,72
2026-05-06,11,Ahmedabad,Satellite,8,8,6.07,96
2026-05-06,12,Ahmedabad,Satellite,6,6,5.73,72
2026-05-06,13,Ahmedabad,Satellite,8,8,5.79,96
2026-05-06,14,Ahmedabad,Satellite,6,6,6.52,72
2026-05-06,15,Ahmedabad,Satellite,7,7,6.06,84
2026-05-06,16,Ahmedabad,Satellite,9,9,6.23,108
2026-05-06,17,Ahmedabad,Satellite,6,6,6.08,72
2026-05-06,18,Ahmedabad,Satellite,9,9,6.11,108
2026-05-06,19,Ahmedabad,Satellite,7,7,6.1,84
2026-05-06,20,Ahmedabad,Satellite,9,9,5.98,108
2026-05-06,7,Ahmedabad,Navrangpura,6,6,6.01,72
2026-05-06,8,Ahmedabad,Navrangpura,7,7,6.1,84
2026-05-06,9,Ahmedabad,Navrangpura,9,9,5.53,108
2026-05-06,10,Ahmedabad,Navrangpura,7,7,5.86,84
2026-05-06,11,Ahmedabad,Navrangpura,9,9,6.19,108
2026-05-06,12,Ahmedabad,Navrangpura,7,7,6.18,84
2026-05-06,13,Ahmedabad,Navrangpura,7,7,6.25,84
2026-05-06,14,Ahmedabad,Navrangpura,6,6,6.45,72
2026-05-06,15,Ahmedabad,Navrangpura,6,6,5.6,72
2026-05-06,16,Ahmedabad,Navrangpura,7,7,5.87,84
2026-05-06,17,Ahmedabad,Navrangpura,9,9,6.16,108
2026-05-06,18,Ahmedabad,Navrangpura,6,6,6.16,72
2026-05-06,19,Ahmedabad,Navrangpura,7,7,5.85,84
2026-05-06,20,Ahmedabad,Navrangpura,9,9,5.93,108
2026-05-06,7,Jaipur,C-Scheme,9,9,6.34,108
2026-05-06,8,Jaipur,C-Scheme,6,6,5.6,72
2026-05-06,9,Jaipur,C-Scheme,7,7,5.74,84
2026-05-06,10,Jaipur,C-Scheme,6,6,6.19,72
2026-05-06,11,Jaipur,C-Scheme,6,6,6.63,72
2026-05-06,12,Jaipur,C-Scheme,9,9,5.83,108
2026-05-06,13,Jaipur,C-Scheme,6,6,6.24,72
2026-05-06,14,Jaipur,C-Scheme,6,6,5.65,72
2026-05-06,15,Jaipur,C-Scheme,7,7,5.89,84
2026-05-06,16,Jaipur,C-Scheme,6,6,5.79,72
2026-05-06,17,Jaipur,C-Scheme,9,9,6.44,108
2026-05-06,18,Jaipur,C-Scheme,6,6,5.76,72
2026-05-06,19,Jaipur,C-Scheme,7,7,6.13,84
2026-05-06,20,Jaipur,C-Scheme,7,7,5.44,84
2026-05-06,7,Jaipur,Malviya Nagar,6,6,5.43,72
2026-05-06,8,Jaipur,Malviya Nagar,9,9,6.25,108
2026-05-06,9,Jaipur,Malviya Nagar,7,7,6.0,84
2026-05-06,10,Jaipur,Malviya Nagar,8,8,5.48,96
2026-05-06,11,Jaipur,Malviya Nagar,8,8,6.37,96
2026-05-06,12,Jaipur,Malviya Nagar,7,7,5.68,84
2026-05-06,13,Jaipur,Malviya Nagar,6,6,6.18,72
2026-05-06,14,Jaipur,Malviya Nagar,6,6,6.19,72
2026-05-06,15,Jaipur,Malviya Nagar,7,7,6.81,84
2026-05-06,16,Jaipur,Malviya Nagar,8,8,6.21,96
2026-05-06,17,Jaipur,Malviya Nagar,7,7,5.94,84
2026-05-06,18,Jaipur,Malviya Nagar,7,7,5.26,84
2026-05-06,19,Jaipur,Malviya Nagar,6,6,5.77,72
2026-05-06,20,Jaipur,Malviya Nagar,9,9,6.22,108
2026-05-06,7,Delhi,Connaught Place,8,8,6.1,96
2026-05-06,8,Delhi,Connaught Place,8,8,5.69,96
2026-05-06,9,Delhi,Connaught Place,9,9,5.52,108
2026-05-06,10,Delhi,Connaught Place,9,9,6.9,108
2026-05-06,11,Delhi,Connaught Place,9,9,6.65,108
2026-05-06,12,Delhi,Connaught Place,6,6,6.51,72
2026-05-06,13,Delhi,Connaught Place,6,6,6.47,72
2026-05-06,14,Delhi,Connaught Place,7,7,5.96,84
2026-05-06,15,Delhi,Connaught Place,7,7,6.6,84
2026-05-06,16,Delhi,Connaught Place,7,7,6.45,84
2026-05-06,17,Delhi,Connaught Place,8,8,5.51,96
2026-05-06,18,Delhi,Connaught Place,8,8,5.77,96
2026-05-06,19,Delhi,Connaught Place,9,9,6.38,108
2026-05-06,20,Delhi,Connaught Place,8,8,5.36,96
2026-05-06,7,Delhi,Saket,7,7,5.66,84
2026-05-06,8,Delhi,Saket,8,8,5.43,96
2026-05-06,9,Delhi,Saket,6,6,5.87,72
2026-05-06,10,Delhi,Saket,9,9,6.34,108
2026-05-06,11,Delhi,Saket,9,9,5.7,108
2026-05-06,12,Delhi,Saket,8,8,5.04,96
2026-05-06,13,Delhi,Saket,7,7,6.72,84
2026-05-06,14,Delhi,Saket,6,6,6.83,72
2026-05-06,15,Delhi,Saket,8,8,5.67,96
2026-05-06,16,Delhi,Saket,7,7,5.88,84
2026-05-06,17,Delhi,Saket,9,9,5.79,108
2026-05-06,18,Delhi,Saket,7,7,6.1,84
2026-05-06,19,Delhi,Saket,7,7,5.77,84
2026-05-06,20,Delhi,Saket,8,8,5.79,96
2026-05-06,7,Mumbai,Bandra,8,8,5.61,96
2026-05-06,9,Mumbai,Bandra,8,8,6.05,96
2026-05-06,12,Mumbai,Bandra,6,6,5.28,72
2026-05-06,13,Mumbai,Bandra,7,7,6.01,84
2026-05-06,16,Mumbai,Bandra,7,7,6.58,84
2026-05-06,7,Mumbai,Andheri,6,6,5.86,72
2026-05-06,8,Mumbai,Andheri,6,6,5.7,72
2026-05-06,9,Mumbai,Andheri,9,9,5.54,108
2026-05-06,10,Mumbai,Andheri,8,8,6.19,96
2026-05-06,11,Mumbai,Andheri,9,9,5.73,108
2026-05-06,12,Mumbai,Andheri,8,8,6.2,96
2026-05-06,13,Mumbai,Andheri,7,7,6.31,84
2026-05-06,14,Mumbai,Andheri,9,9,5.81,108
2026-05-06,15,Mumbai,Andheri,9,9,5.84,108
2026-05-06,16,Mumbai,Andheri,6,6,6.25,72
2026-05-06,17,Mumbai,Andheri,7,7,6.3,84
2026-05-06,18,Mumbai,Andheri,6,6,6.04,72
2026-05-06,19,Mumbai,Andheri,9,9,6.4,108
2026-05-06,20,Mumbai,Andheri,6,6,5.96,72
2026-05-06,7,Bengaluru,Indiranagar,9,9,6.28,108
2026-05-06,8,Bengaluru,Indiranagar,8,8,5.69,96
2026-05-06,9,Bengaluru,Indiranagar,9,9,6.26,108
2026-05-06,10,Bengaluru,Indiranagar,8,8,5.88,96
2026-05-06,11,Bengaluru,Indiranagar,6,6,5.93,72
2026-05-06,12,Bengaluru,Indiranagar,6,6,6.41,72
2026-05-06,13,Bengaluru,Indiranagar,9,9,6.12,108
2026-05-06,14,Bengaluru,Indiranagar,6,6,5.85,72
2026-05-06,15,Bengaluru,Indiranagar,7,7,6.48,84
2026-05-06,16,Bengaluru,Indiranagar,7,7,5.98,84
2026-05-06,17,Bengaluru,Indiranagar,7,7,6.02,84
2026-05-06,18,Bengaluru,Indiranagar,8,8,6.05,96
2026-05-06,19,Bengaluru,Indiranagar,7,7,6.48,84
2026-05-06,20,Bengaluru,Indiranagar,6,6,6.03,72
2026-05-06,7,Bengaluru,Koramangala,8,8,5.72,96
2026-05-06,8,Bengaluru,Koramangala,7,7,5.93,84
2026-05-06,9,Bengaluru,Koramangala,6,6,6.34,72
2026-05-06,10,Bengaluru,Koramangala,7,7,6.3,84
2026-05-06,11,Bengaluru,Koramangala,6,6,6.39,72
2026-05-06,12,Bengaluru,Koramangala,7,7,5.96,84
2026-05-06,13,Bengaluru,Koramangala,8,8,6.53,96
2026-05-06,14,Bengaluru,Koramangala,8,8,6.59,96
2026-05-06,15,Bengaluru,Koramangala,6,6,6.28,72
2026-05-06,16,Bengaluru,Koramangala,8,8,6.31,96
2026-05-06,17,Bengaluru,Koramangala,9,9,6.29,108
2026-05-06,18,Bengaluru,Koramangala,9,9,5.47,108
2026-05-06,19,Bengaluru,Koramangala,7,7,6.43,84
2026-05-06,20,Bengaluru,Koramangala,6,6,5.8,72
2026-05-06,7,Hyderabad,Banjara Hills,6,6,6.2,72
2026-05-06,8,Hyderabad,Banjara Hills,8,8,5.89,96
2026-05-06,9,Hyderabad,Banjara Hills,7,7,6.3,84
2026-05-06,10,Hyderabad,Banjara Hills,7,7,5.77,84
2026-05-06,11,Hyderabad,Banjara Hills,9,9,6.15,108
2026-05-06,12,Hyderabad,Banjara Hills,6,6,5.79,72
2026-05-06,13,Hyderabad,Banjara Hills,7,7,5.46,84
2026-05-06,14,Hyderabad,Banjara Hills,8,8,5.9,96
2026-05-06,15,Hyderabad,Banjara Hills,6,6,6.24,72
2026-05-06,16,Hyderabad,Banjara Hills,6,6,5.68,72
2026-05-06,17,Hyderabad,Banjara Hills,7,7,6.01,84
2026-05-06,18,Hyderabad,Banjara Hills,6,6,6.22,72
2026-05-06,19,Hyderabad,Banjara Hills,6,6,5.8,72
2026-05-06,20,Hyderabad,Banjara Hills,9,9,6.12,108
2026-05-06,7,Hyderabad,Gachibowli,8,8,6.08,96
2026-05-06,8,Hyderabad,Gachibowli,8,8,5.35,96
2026-05-06,9,Hyderabad,Gachibowli,8,8,6.82,96
2026-05-06,10,Hyderabad,Gachibowli,9,9,5.49,108
2026-05-06,11,Hyderabad,Gachibowli,8,8,5.91,96
2026-05-06,12,Hyderabad,Gachibowli,6,6,6.04,72
2026-05-06,13,Hyderabad,Gachibowli,6,6,6.46,72
2026-05-06,14,Hyderabad,Gachibowli,6,6,6.03,72
2026-05-06,15,Hyderabad,Gachibowli,8,8,5.95,96
2026-05-06,16,Hyderabad,Gachibowli,7,7,5.86,84
2026-05-06,17,Hyderabad,Gachibowli,6,6,5.27,72
2026-05-06,18,Hyderabad,Gachibowli,9,9,6.11,108
2026-05-06,19,Hyderabad,Gachibowli,7,7,6.18,84
2026-05-06,20,Hyderabad,Gachibowli,7,7,6.27,84
2026-05-07,7,Ahmedabad,Satellite,7,7,5.9,84
2026-05-07,8,Ahmedabad,Satellite,7,7,6.39,84
2026-05-07,9,Ahmedabad,Satellite,8,8,6.6,96
2026-05-07,10,Ahmedabad,Satellite,7,7,6.32,84
2026-05-07,11,Ahmedabad,Satellite,8,8,6.08,96
2026-05-07,12,Ahmedabad,Satellite,6,6,5.7,72
2026-05-07,13,Ahmedabad,Satellite,6,6,5.55,72
2026-05-07,14,Ahmedabad,Satellite,7,7,6.02,84
2026-05-07,15,Ahmedabad,Satellite,7,7,5.41,84
2026-05-07,16,Ahmedabad,Satellite,9,9,5.99,108
2026-05-07,17,Ahmedabad,Satellite,8,8,5.53,96
2026-05-07,18,Ahmedabad,Satellite,6,6,5.85,72
2026-05-07,19,Ahmedabad,Satellite,6,6,5.75,72
2026-05-07,20,Ahmedabad,Satellite,8,8,6.37,96
2026-05-07,7,Ahmedabad,Navrangpura,7,7,5.21,84
2026-05-07,8,Ahmedabad,Navrangpura,7,7,6.0,84
2026-05-07,9,Ahmedabad,Navrangpura,8,8,6.16,96
2026-05-07,10,Ahmedabad,Navrangpura,8,8,5.78,96
2026-05-07,11,Ahmedabad,Navrangpura,8,8,6.0,96
2026-05-07,12,Ahmedabad,Navrangpura,7,7,5.82,84
2026-05-07,13,Ahmedabad,Navrangpura,6,6,5.87,72
2026-05-07,14,Ahmedabad,Navrangpura,6,6,5.98,72
2026-05-07,15,Ahmedabad,Navrangpura,8,8,5.92,96
2026-05-07,16,Ahmedabad,Navrangpura,7,7,6.22,84
2026-05-07,17,Ahmedabad,Navrangpura,9,9,6.29,108
2026-05-07,18,Ahmedabad,Navrangpura,8,8,6.12,96
2026-05-07,19,Ahmedabad,Navrangpura,9,9,6.04,108
2026-05-07,20,Ahmedabad,Navrangpura,8,8,5.77,96
2026-05-07,7,Jaipur,C-Scheme,8,8,6.81,96
2026-05-07,8,Jaipur,C-Scheme,6,6,6.48,72
2026-05-07,9,Jaipur,C-Scheme,8,8,6.34,96
2026-05-07,10,Jaipur,C-Scheme,7,7,5.65,84
2026-05-07,11,Jaipur,C-Scheme,6,6,6.38,72
2026-05-07,12,Jaipur,C-Scheme,9,9,6.59,108
2026-05-07,13,Jaipur,C-Scheme,7,7,5.81,84
2026-05-07,14,Jaipur,C-Scheme,7,7,6.87,84
2026-05-07,15,Jaipur,C-Scheme,7,7,6.73,84
2026-05-07,16,Jaipur,C-Scheme,6,6,6.08,72
2026-05-07,17,Jaipur,C-Scheme,7,7,5.88,84
2026-05-07,18,Jaipur,C-Scheme,6,6,6.38,72
2026-05-07,19,Jaipur,C-Scheme,9,9,5.59,108
2026-05-07,20,Jaipur,C-Scheme,8,8,5.86,96
2026-05-07,7,Jaipur,Malviya Nagar,6,6,5.95,72
2026-05-07,8,Jaipur,Malviya Nagar,8,8,5.8,96
2026-05-07,9,Jaipur,Malviya Nagar,6,6,6.44,72
2026-05-07,10,Jaipur,Malviya Nagar,9,9,5.82,108
2026-05-07,11,Jaipur,Malviya Nagar,8,8,5.52,96
2026-05-07,12,Jaipur,Malviya Nagar,6,6,5.64,72
2026-05-07,13,Jaipur,Malviya Nagar,8,8,6.01,96
2026-05-07,14,Jaipur,Malviya Nagar,8,8,5.61,96
2026-05-07,15,Jaipur,Malviya Nagar,6,6,5.57,72
2026-05-07,16,Jaipur,Malviya Nagar,6,6,6.18,72
2026-05-07,17,Jaipur,Malviya Nagar,7,7,5.6,84
2026-05-07,18,Jaipur,Malviya Nagar,9,9,5.25,108
2026-05-07,19,Jaipur,Malviya Nagar,7,7,5.28,84
2026-05-07,20,Jaipur,Malviya Nagar,6,6,6.01,72
2026-05-07,7,Delhi,Connaught Place,7,7,6.67,84
2026-05-07,8,Delhi,Connaught Place,8,8,5.28,96
2026-05-07,9,Delhi,Connaught Place,6,6,5.6,72
2026-05-07,10,Delhi,Connaught Place,8,8,5.52,96
2026-05-07,11,Delhi,Connaught Place,9,9,6.49,108
2026-05-07,12,Delhi,Connaught Place,9,9,6.24,108
2026-05-07,13,Delhi,Connaught Place,8,8,6.28,96
2026-05-07,14,Delhi,Connaught Place,8,8,5.1,96
2026-05-07,15,Delhi,Connaught Place,7,7,5.67,84
2026-05-07,16,Delhi,Connaught Place,7,7,6.03,84
2026-05-07,17,Delhi,Connaught Place,7,7,5.94,84
2026-05-07,18,Delhi,Connaught Place,7,7,5.93,84
2026-05-07,19,Delhi,Connaught Place,8,8,6.22,96
2026-05-07,20,Delhi,Connaught Place,6,6,6.06,72
2026-05-07,7,Delhi,Saket,6,6,6.16,72
2026-05-07,8,Delhi,Saket,8,8,6.33,96
2026-05-07,9,Delhi,Saket,7,7,5.98,84
2026-05-07,10,Delhi,Saket,9,9,6.46,108
2026-05-07,11,Delhi,Saket,7,7,6.72,84
2026-05-07,12,Delhi,Saket,9,9,5.46,108
2026-05-07,13,Delhi,Saket,8,8,5.62,96
2026-05-07,14,Delhi,Saket,9,9,6.88,108
2026-05-07,15,Delhi,Saket,8,8,5.8,96
2026-05-07,16,Delhi,Saket,9,9,5.85,108
2026-05-07,17,Delhi,Saket,6,6,5.87,72
2026-05-07,18,Delhi,Saket,7,7,5.95,84
2026-05-07,19,Delhi,Saket,9,9,6.02,108
2026-05-07,20,Delhi,Saket,8,8,6.01,96
2026-05-07,8,Mumbai,Bandra,8,8,5.92,96
2026-05-07,9,Mumbai,Bandra,8,8,5.56,96
2026-05-07,10,Mumbai,Bandra,9,9,6.31,108
2026-05-07,12,Mumbai,Bandra,6,6,5.93,72
2026-05-07,13,Mumbai,Bandra,7,7,6.07,84
2026-05-07,14,Mumbai,Bandra,6,6,6.6,72
2026-05-07,16,Mumbai,Bandra,6,6,5.74,72
2026-05-07,17,Mumbai,Bandra,7,7,6.09,84
2026-05-07,7,Mumbai,Andheri,6,6,5.77,72
2026-05-07,8,Mumbai,Andheri,8,8,5.27,96
2026-05-07,9,Mumbai,Andheri,7,7,5.87,84
2026-05-07,10,Mumbai,Andheri,7,7,5.95,84
2026-05-07,11,Mumbai,Andheri,8,8,5.82,96
2026-05-07,12,Mumbai,Andheri,8,8,5.89,96
2026-05-07,13,Mumbai,Andheri,7,7,6.59,84
2026-05-07,14,Mumbai,Andheri,9,9,6.01,108
2026-05-07,15,Mumbai,Andheri,7,7,5.52,84
2026-05-07,16,Mumbai,Andheri,6,6,6.06,72
2026-05-07,17,Mumbai,Andheri,9,9,5.38,108
2026-05-07,18,Mumbai,Andheri,9,9,6.25,108
2026-05-07,19,Mumbai,Andheri,8,8,5.85,96
2026-05-07,20,Mumbai,Andheri,7,7,6.12,84
2026-05-07,7,Bengaluru,Indiranagar,7,7,6.24,84
2026-05-07,8,Bengaluru,Indiranagar,7,7,6.24,84
2026-05-07,9,Bengaluru,Indiranagar,6,6,5.96,72
2026-05-07,10,Bengaluru,Indiranagar,9,9,5.9,108
2026-05-07,11,Bengaluru,Indiranagar,7,7,5.84,84
2026-05-07,12,Bengaluru,Indiranagar,6,6,6.01,72
2026-05-07,13,Bengaluru,Indiranagar,6,6,6.03,72
2026-05-07,14,Bengaluru,Indiranagar,8,8,6.6,96
2026-05-07,15,Bengaluru,Indiranagar,7,7,5.95,84
2026-05-07,16,Bengaluru,Indiranagar,9,9,5.92,108
2026-05-07,17,Bengaluru,Indiranagar,6,6,6.26,72
2026-05-07,18,Bengaluru,Indiranagar,7,7,5.87,84
2026-05-07,19,Bengaluru,Indiranagar,7,7,6.09,84
2026-05-07,20,Bengaluru,Indiranagar,8,8,6.06,96
2026-05-07,7,Bengaluru,Koramangala,7,7,6.56,84
2026-05-07,8,Bengaluru,Koramangala,9,9,5.99,108
2026-05-07,9,Bengaluru,Koramangala,6,6,6.09,72
2026-05-07,10,Bengaluru,Koramangala,6,6,5.48,72
2026-05-07,11,Bengaluru,Koramangala,8,8,5.85,96
2026-05-07,12,Bengaluru,Koramangala,6,6,6.24,72
2026-05-07,13,Bengaluru,Koramangala,9,9,5.88,108
2026-05-07,14,Bengaluru,Koramangala,6,6,5.94,72
2026-05-07,15,Bengaluru,Koramangala,6,6,6.32,72
2026-05-07,16,Bengaluru,Koramangala,9,9,6.26,108
2026-05-07,17,Bengaluru,Koramangala,8,8,5.87,96
2026-05-07,18,Bengaluru,Koramangala,6,6,6.48,72
2026-05-07,19,Bengaluru,Koramangala,9,9,5.44,108
2026-05-07,20,Bengaluru,Koramangala,7,7,5.51,84
2026-05-07,7,Hyderabad,Banjara Hills,7,7,6.48,84
2026-05-07,8,Hyderabad,Banjara Hills,8,8,5.76,96
2026-05-07,9,Hyderabad,Banjara Hills,9,9,5.91,108
2026-05-07,10,Hyderabad,Banjara Hills,7,7,6.23,84
2026-05-07,11,Hyderabad,Banjara Hills,9,9,5.79,108
2026-05-07,12,Hyderabad,Banjara Hills,6,6,5.46,72
2026-05-07,13,Hyderabad,Banjara Hills,7,7,6.47,84
2026-05-07,14,Hyderabad,Banjara Hills,7,7,6.04,84
2026-05-07,15,Hyderabad,Banjara Hills,6,6,6.49,72
2026-05-07,16,Hyderabad,Banjara Hills,7,7,5.77,84
2026-05-07,17,Hyderabad,Banjara Hills,7,7,6.56,84
2026-05-07,18,Hyderabad,Banjara Hills,8,8,6.02,96
2026-05-07,19,Hyderabad,Banjara Hills,8,8,6.92,96
2026-05-07,20,Hyderabad,Banjara Hills,7,7,6.15,84
2026-05-07,7,Hyderabad,Gachibowli,6,6,6.38,72
2026-05-07,8,Hyderabad,Gachibowli,6,6,6.28,72
2026-05-07,9,Hyderabad,Gachibowli,7,7,5.74,84
2026-05-07,10,Hyderabad,Gachibowli,9,9,6.13,108
2026-05-07,11,Hyderabad,Gachibowli,8,8,6.27,96
2026-05-07,12,Hyderabad,Gachibowli,7,7,5.99,84
2026-05-07,13,Hyderabad,Gachibowli,7,7,5.94,84
2026-05-07,14,Hyderabad,Gachibowli,6,6,5.9,72
2026-05-07,15,Hyderabad,Gachibowli,7,7,6.32,84
2026-05-07,16,Hyderabad,Gachibowli,8,8,6.6,96
2026-05-07,17,Hyderabad,Gachibowli,7,7,6.22,84
2026-05-07,18,Hyderabad,Gachibowli,7,7,6.17,84
2026-05-07,19,Hyderabad,Gachibowli,6,6,5.39,72
2026-05-07,20,Hyderabad,Gachibowli,8,8,5.48,96
2026-05-08,7,Ahmedabad,Satellite,8,8,5.14,96
2026-05-08,8,Ahmedabad,Satellite,7,7,6.56,84
2026-05-08,9,Ahmedabad,Satellite,9,9,5.99,108
2026-05-08,10,Ahmedabad,Satellite,8,8,5.12,96
2026-05-08,11,Ahmedabad,Satellite,7,7,6.0,84
2026-05-08,12,Ahmedabad,Satellite,6,6,6.79,72
2026-05-08,13,Ahmedabad,Satellite,7,7,6.35,84
2026-05-08,14,Ahmedabad,Satellite,8,8,5.81,96
2026-05-08,15,Ahmedabad,Satellite,9,9,6.49,108
2026-05-08,16,Ahmedabad,Satellite,8,8,5.86,96
2026-05-08,17,Ahmedabad,Satellite,9,9,6.57,108
2026-05-08,18,Ahmedabad,Satellite,8,8,6.02,96
2026-05-08,19,Ahmedabad,Satellite,9,9,5.73,108
2026-05-08,20,Ahmedabad,Satellite,9,9,6.56,108
2026-05-08,7,Ahmedabad,Navrangpura,9,9,6.17,108
2026-05-08,8,Ahmedabad,Navrangpura,6,6,6.05,72
2026-05-08,9,Ahmedabad,Navrangpura,8,8,6.0,96
2026-05-08,10,Ahmedabad,Navrangpura,8,8,5.82,96
2026-05-08,11,Ahmedabad,Navrangpura,9,9,5.92,108
2026-05-08,12,Ahmedabad,Navrangpura,8,8,5.4,96
2026-05-08,13,Ahmedabad,Navrangpura,7,7,5.31,84
2026-05-08,14,Ahmedabad,Navrangpura,8,8,6.25,96
2026-05-08,15,Ahmedabad,Navrangpura,9,9,6.12,108
2026-05-08,16,Ahmedabad,Navrangpura,9,9,6.05,108
2026-05-08,17,Ahmedabad,Navrangpura,6,6,6.18,72
2026-05-08,18,Ahmedabad,Navrangpura,9,9,6.06,108
2026-05-08,19,Ahmedabad,Navrangpura,9,9,5.87,108
2026-05-08,20,Ahmedabad,Navrangpura,7,7,6.17,84
2026-05-08,7,Jaipur,C-Scheme,6,6,6.67,72
2026-05-08,8,Jaipur,C-Scheme,9,9,5.45,108
2026-05-08,9,Jaipur,C-Scheme,9,9,5.37,108
2026-05-08,10,Jaipur,C-Scheme,8,8,6.61,96
2026-05-08,11,Jaipur,C-Scheme,6,6,6.14,72
2026-05-08,12,Jaipur,C-Scheme,7,7,6.07,84
2026-05-08,13,Jaipur,C-Scheme,9,9,6.48,108
2026-05-08,14,Jaipur,C-Scheme,8,8,6.46,96
2026-05-08,15,Jaipur,C-Scheme,9,9,5.86,108
2026-05-08,16,Jaipur,C-Scheme,8,8,6.31,96
2026-05-08,17,Jaipur,C-Scheme,9,9,5.92,108
2026-05-08,18,Jaipur,C-Scheme,8,8,5.86,96
2026-05-08,19,Jaipur,C-Scheme,6,6,6.67,72
2026-05-08,20,Jaipur,C-Scheme,9,9,5.7,108
2026-05-08,7,Jaipur,Malviya Nagar,6,6,6.14,72
2026-05-08,8,Jaipur,Malviya Nagar,7,7,6.19,84
2026-05-08,9,Jaipur,Malviya Nagar,8,8,6.75,96
2026-05-08,10,Jaipur,Malviya Nagar,7,7,6.17,84
2026-05-08,11,Jaipur,Malviya Nagar,7,7,6.7,84
2026-05-08,12,Jaipur,Malviya Nagar,7,7,5.82,84
2026-05-08,13,Jaipur,Malviya Nagar,6,6,5.5,72
2026-05-08,14,Jaipur,Malviya Nagar,9,9,5.93,108
2026-05-08,15,Jaipur,Malviya Nagar,8,8,6.3,96
2026-05-08,16,Jaipur,Malviya Nagar,6,6,6.17,72
2026-05-08,17,Jaipur,Malviya Nagar,7,7,5.96,84
2026-05-08,18,Jaipur,Malviya Nagar,7,7,6.3,84
2026-05-08,19,Jaipur,Malviya Nagar,6,6,6.08,72
2026-05-08,20,Jaipur,Malviya Nagar,7,7,6.28,84
2026-05-08,7,Delhi,Connaught Place,9,9,6.27,108
2026-05-08,8,Delhi,Connaught Place,7,7,5.33,84
2026-05-08,9,Delhi,Connaught Place,6,6,5.53,72
2026-05-08,10,Delhi,Connaught Place,6,6,6.57,72
2026-05-08,11,Delhi,Connaught Place,6,6,5.34,72
2026-05-08,12,Delhi,Connaught Place,7,7,6.05,84
2026-05-08,13,Delhi,Connaught Place,6,6,5.4,72
2026-05-08,14,Delhi,Connaught Place,7,7,6.21,84
2026-05-08,15,Delhi,Connaught Place,7,7,5.59,84
2026-05-08,16,Delhi,Connaught Place,6,6,5.77,72
2026-05-08,17,Delhi,Connaught Place,8,8,6.52,96
2026-05-08,18,Delhi,Connaught Place,9,9,6.44,108
2026-05-08,19,Delhi,Connaught Place,8,8,5.03,96
2026-05-08,20,Delhi,Connaught Place,8,8,6.16,96
2026-05-08,7,Delhi,Saket,7,7,6.49,84
2026-05-08,8,Delhi,Saket,9,9,6.19,108
2026-05-08,9,Delhi,Saket,7,7,5.79,84
2026-05-08,10,Delhi,Saket,7,7,6.77,84
2026-05-08,11,Delhi,Saket,7,7,5.54,84
2026-05-08,12,Delhi,Saket,8,8,6.38,96
2026-05-08,13,Delhi,Saket,8,8,5.53,96
2026-05-08,14,Delhi,Saket,8,8,6.61,96
2026-05-08,15,Delhi,Saket,6,6,5.85,72
2026-05-08,16,Delhi,Saket,7,7,5.54,84
2026-05-08,17,Delhi,Saket,6,6,5.99,72
2026-05-08,18,Delhi,Saket,8,8,6.56,96
2026-05-08,19,Delhi,Saket,7,7,5.79,84
2026-05-08,20,Delhi,Saket,8,8,5.79,96
2026-05-08,7,Mumbai,Bandra,9,9,6.59,108
2026-05-08,10,Mumbai,Bandra,6,6,5.59,72
2026-05-08,11,Mumbai,Bandra,8,8,5.46,96
2026-05-08,12,Mumbai,Bandra,7,7,5.81,84
2026-05-08,14,Mumbai,Bandra,7,7,5.97,84
2026-05-08,17,Mumbai,Bandra,9,9,5.94,108
2026-05-08,20,Mumbai,Bandra,9,9,5.93,108
2026-05-08,7,Mumbai,Andheri,6,6,5.5,72
2026-05-08,8,Mumbai,Andheri,7,7,6.28,84
2026-05-08,9,Mumbai,Andheri,9,9,6.51,108
2026-05-08,10,Mumbai,Andheri,8,8,6.36,96
2026-05-08,11,Mumbai,Andheri,7,7,5.96,84
2026-05-08,12,Mumbai,Andheri,9,9,5.65,108
2026-05-08,13,Mumbai,Andheri,6,6,5.39,72
2026-05-08,14,Mumbai,Andheri,7,7,5.43,84
2026-05-08,15,Mumbai,Andheri,6,6,6.65,72
2026-05-08,16,Mumbai,Andheri,7,7,6.08,84
2026-05-08,17,Mumbai,Andheri,6,6,5.2,72
2026-05-08,18,Mumbai,Andheri,8,8,5.8,96
2026-05-08,19,Mumbai,Andheri,8,8,6.31,96
2026-05-08,20,Mumbai,Andheri,8,8,5.38,96
2026-05-08,7,Bengaluru,Indiranagar,9,9,6.21,108
2026-05-08,8,Bengaluru,Indiranagar,7,7,6.42,84
2026-05-08,9,Bengaluru,Indiranagar,8,8,6.23,96
2026-05-08,10,Bengaluru,Indiranagar,7,7,6.22,84
2026-05-08,11,Bengaluru,Indiranagar,6,6,5.56,72
2026-05-08,12,Bengaluru,Indiranagar,8,8,6.23,96
2026-05-08,13,Bengaluru,Indiranagar,6,6,6.36,72
2026-05-08,14,Bengaluru,Indiranagar,7,7,6.12,84
2026-05-08,15,Bengaluru,Indiranagar,7,7,6.28,84
2026-05-08,16,Bengaluru,Indiranagar,8,8,6.0,96
2026-05-08,17,Bengaluru,Indiranagar,9,9,5.88,108
2026-05-08,18,Bengaluru,Indiranagar,7,7,5.72,84
2026-05-08,19,Bengaluru,Indiranagar,6,6,5.43,72
2026-05-08,20,Bengaluru,Indiranagar,9,9,5.6,108
2026-05-08,7,Bengaluru,Koramangala,8,8,6.65,96
2026-05-08,8,Bengaluru,Koramangala,6,6,6.42,72
2026-05-08,9,Bengaluru,Koramangala,7,7,6.54,84
2026-05-08,10,Bengaluru,Koramangala,7,7,6.54,84
2026-05-08,11,Bengaluru,Koramangala,6,6,4.99,72
2026-05-08,12,Bengaluru,Koramangala,7,7,5.97,84
2026-05-08,13,Bengaluru,Koramangala,6,6,6.64,72
2026-05-08,14,Bengaluru,Koramangala,9,9,5.65,108
2026-05-08,15,Bengaluru,Koramangala,8,8,5.11,96
2026-05-08,16,Bengaluru,Koramangala,7,7,5.85,84
2026-05-08,17,Bengaluru,Koramangala,6,6,6.46,72
2026-05-08,18,Bengaluru,Koramangala,7,7,6.52,84
2026-05-08,19,Bengaluru,Koramangala,6,6,5.46,72
2026-05-08,20,Bengaluru,Koramangala,8,8,6.35,96
2026-05-08,7,Hyderabad,Banjara Hills,6,6,5.33,72
2026-05-08,8,Hyderabad,Banjara Hills,7,7,5.17,84
2026-05-08,9,Hyderabad,Banjara Hills,8,8,5.93,96
2026-05-08,10,Hyderabad,Banjara Hills,7,7,5.49,84
2026-05-08,11,Hyderabad,Banjara Hills,7,7,6.15,84
2026-05-08,12,Hyderabad,Banjara Hills,6,6,5.97,72
2026-05-08,13,Hyderabad,Banjara Hills,9,9,6.75,108
2026-05-08,14,Hyderabad,Banjara Hills,9,9,6.4,108
2026-05-08,15,Hyderabad,Banjara Hills,8,8,5.88,96
2026-05-08,16,Hyderabad,Banjara Hills,9,9,6.14,108
2026-05-08,17,Hyderabad,Banjara Hills,8,8,6.13,96
2026-05-08,18,Hyderabad,Banjara Hills,6,6,5.47,72
2026-05-08,19,Hyderabad,Banjara Hills,6,6,5.53,72
2026-05-08,20,Hyderabad,Banjara Hills,9,9,5.55,108
2026-05-08,7,Hyderabad,Gachibowli,9,9,6.02,108
2026-05-08,8,Hyderabad,Gachibowli,8,8,6.08,96
2026-05-08,9,Hyderabad,Gachibowli,8,8,5.76,96
2026-05-08,10,Hyderabad,Gachibowli,7,7,6.18,84
2026-05-08,11,Hyderabad,Gachibowli,8,8,5.14,96
2026-05-08,12,Hyderabad,Gachibowli,7,7,6.08,84
2026-05-08,13,Hyderabad,Gachibowli,7,7,6.51,84
2026-05-08,14,Hyderabad,Gachibowli,8,8,5.74,96
2026-05-08,15,Hyderabad,Gachibowli,8,8,5.6,96
2026-05-08,16,Hyderabad,Gachibowli,7,7,5.56,84
2026-05-08,17,Hyderabad,Gachibowli,8,8,4.91,96
2026-05-08,18,Hyderabad,Gachibowli,7,7,5.82,84
2026-05-08,19,Hyderabad,Gachibowli,9,9,6.0,108
2026-05-08,20,Hyderabad,Gachibowli,9,9,6.36,108
2026-05-09,7,Ahmedabad,Satellite,7,7,5.36,84
2026-05-09,8,Ahmedabad,Satellite,6,6,6.57,72
2026-05-09,9,Ahmedabad,Satellite,9,9,6.04,108
2026-05-09,10,Ahmedabad,Satellite,7,7,5.55,84
2026-05-09,11,Ahmedabad,Satellite,6,6,5.54,72
2026-05-09,12,Ahmedabad,Satellite,6,6,6.47,72
2026-05-09,13,Ahmedabad,Satellite,9,9,6.19,108
2026-05-09,14,Ahmedabad,Satellite,9,9,5.75,108
2026-05-09,15,Ahmedabad,Satellite,6,6,5.33,72
2026-05-09,16,Ahmedabad,Satellite,9,9,6.62,108
2026-05-09,17,Ahmedabad,Satellite,6,6,5.85,72
2026-05-09,18,Ahmedabad,Satellite,8,8,6.26,96
2026-05-09,19,Ahmedabad,Satellite,9,9,5.92,108
2026-05-09,20,Ahmedabad,Satellite,9,9,5.84,108
2026-05-09,7,Ahmedabad,Navrangpura,7,7,5.75,84
2026-05-09,8,Ahmedabad,Navrangpura,7,7,5.77,84
2026-05-09,9,Ahmedabad,Navrangpura,9,9,6.07,108
2026-05-09,10,Ahmedabad,Navrangpura,8,8,6.85,96
2026-05-09,11,Ahmedabad,Navrangpura,6,6,6.46,72
2026-05-09,12,Ahmedabad,Navrangpura,7,7,5.57,84
2026-05-09,13,Ahmedabad,Navrangpura,6,6,5.71,72
2026-05-09,14,Ahmedabad,Navrangpura,9,9,6.16,108
2026-05-09,15,Ahmedabad,Navrangpura,9,9,6.02,108
2026-05-09,16,Ahmedabad,Navrangpura,7,7,6.96,84
2026-05-09,17,Ahmedabad,Navrangpura,6,6,6.47,72
2026-05-09,18,Ahmedabad,Navrangpura,8,8,6.31,96
2026-05-09,19,Ahmedabad,Navrangpura,7,7,5.43,84
2026-05-09,20,Ahmedabad,Navrangpura,8,8,6.55,96
2026-05-09,7,Jaipur,C-Scheme,6,6,5.77,72
2026-05-09,8,Jaipur,C-Scheme,7,7,6.22,84
2026-05-09,9,Jaipur,C-Scheme,7,7,5.54,84
2026-05-09,10,Jaipur,C-Scheme,9,9,5.79,108
2026-05-09,11,Jaipur,C-Scheme,6,6,5.93,72
2026-05-09,12,Jaipur,C-Scheme,9,9,6.34,108
2026-05-09,13,Jaipur,C-Scheme,7,7,6.17,84
2026-05-09,14,Jaipur,C-Scheme,9,9,5.71,108
2026-05-09,15,Jaipur,C-Scheme,6,6,5.87,72
2026-05-09,16,Jaipur,C-Scheme,9,9,5.62,108
2026-05-09,17,Jaipur,C-Scheme,6,6,6.18,72
2026-05-09,18,Jaipur,C-Scheme,7,7,5.81,84
2026-05-09,19,Jaipur,C-Scheme,7,7,5.71,84
2026-05-09,20,Jaipur,C-Scheme,9,9,5.95,108
2026-05-09,7,Jaipur,Malviya Nagar,9,9,6.36,108
2026-05-09,8,Jaipur,Malviya Nagar,9,9,6.51,108
2026-05-09,9,Jaipur,Malviya Nagar,6,6,6.42,72
2026-05-09,10,Jaipur,Malviya Nagar,6,6,5.73,72
2026-05-09,11,Jaipur,Malviya Nagar,7,7,6.36,84
2026-05-09,12,Jaipur,Malviya Nagar,7,7,6.61,84
2026-05-09,13,Jaipur,Malviya Nagar,6,6,5.64,72
2026-05-09,14,Jaipur,Malviya Nagar,9,9,6.33,108
2026-05-09,15,Jaipur,Malviya Nagar,6,6,6.2,72
2026-05-09,16,Jaipur,Malviya Nagar,7,7,6.42,84
2026-05-09,17,Jaipur,Malviya Nagar,6,6,5.83,72
2026-05-09,18,Jaipur,Malviya Nagar,8,8,5.57,96
2026-05-09,19,Jaipur,Malviya Nagar,9,9,5.8,108
2026-05-09,20,Jaipur,Malviya Nagar,7,7,5.73,84
2026-05-09,7,Delhi,Connaught Place,6,6,5.89,72
2026-05-09,8,Delhi,Connaught Place,6,6,5.89,72
2026-05-09,9,Delhi,Connaught Place,9,9,5.84,108
2026-05-09,10,Delhi,Connaught Place,6,6,6.14,72
2026-05-09,11,Delhi,Connaught Place,8,8,5.76,96
2026-05-09,12,Delhi,Connaught Place,6,6,5.32,72
2026-05-09,13,Delhi,Connaught Place,6,6,5.52,72
2026-05-09,14,Delhi,Connaught Place,6,6,6.07,72
2026-05-09,15,Delhi,Connaught Place,9,9,5.29,108
2026-05-09,16,Delhi,Connaught Place,7,7,5.78,84
2026-05-09,17,Delhi,Connaught Place,8,8,5.89,96
2026-05-09,18,Delhi,Connaught Place,7,7,6.43,84
2026-05-09,19,Delhi,Connaught Place,8,8,5.98,96
2026-05-09,20,Delhi,Connaught Place,8,8,6.58,96
2026-05-09,7,Delhi,Saket,9,9,5.7,108
2026-05-09,8,Delhi,Saket,6,6,6.06,72
2026-05-09,9,Delhi,Saket,9,9,6.17,108
2026-05-09,10,Delhi,Saket,7,7,6.21,84
2026-05-09,11,Delhi,Saket,6,6,6.07,72
2026-05-09,12,Delhi,Saket,8,8,5.95,96
2026-05-09,13,Delhi,Saket,7,7,6.33,84
2026-05-09,14,Delhi,Saket,8,8,6.19,96
2026-05-09,15,Delhi,Saket,7,7,6.37,84
2026-05-09,16,Delhi,Saket,8,8,5.65,96
2026-05-09,17,Delhi,Saket,9,9,4.72,108
2026-05-09,18,Delhi,Saket,8,8,5.97,96
2026-05-09,19,Delhi,Saket,6,6,6.16,72
2026-05-09,20,Delhi,Saket,8,8,5.21,96
2026-05-09,8,Mumbai,Bandra,7,7,5.59,84
2026-05-09,9,Mumbai,Bandra,8,8,5.78,96
2026-05-09,16,Mumbai,Bandra,8,8,5.85,96
2026-05-09,17,Mumbai,Bandra,7,7,5.6,84
2026-05-09,19,Mumbai,Bandra,6,6,6.39,72
2026-05-09,7,Mumbai,Andheri,6,6,6.43,72
2026-05-09,8,Mumbai,Andheri,8,8,6.24,96
2026-05-09,9,Mumbai,Andheri,8,8,5.62,96
2026-05-09,10,Mumbai,Andheri,7,7,6.03,84
2026-05-09,11,Mumbai,Andheri,8,8,6.04,96
2026-05-09,12,Mumbai,Andheri,8,8,5.93,96
2026-05-09,13,Mumbai,Andheri,7,7,6.17,84
2026-05-09,14,Mumbai,Andheri,8,8,6.19,96
2026-05-09,15,Mumbai,Andheri,6,6,6.04,72
2026-05-09,16,Mumbai,Andheri,9,9,6.67,108
2026-05-09,17,Mumbai,Andheri,6,6,6.51,72
2026-05-09,18,Mumbai,Andheri,8,8,5.71,96
2026-05-09,19,Mumbai,Andheri,9,9,6.49,108
2026-05-09,20,Mumbai,Andheri,6,6,5.88,72
2026-05-09,7,Bengaluru,Indiranagar,6,6,6.19,72
2026-05-09,8,Bengaluru,Indiranagar,7,7,5.65,84
2026-05-09,9,Bengaluru,Indiranagar,7,7,6.45,84
2026-05-09,10,Bengaluru,Indiranagar,7,7,6.37,84
2026-05-09,11,Bengaluru,Indiranagar,6,6,5.94,72
2026-05-09,12,Bengaluru,Indiranagar,7,7,6.08,84
2026-05-09,13,Bengaluru,Indiranagar,7,7,6.94,84
2026-05-09,14,Bengaluru,Indiranagar,9,9,6.09,108
2026-05-09,15,Bengaluru,Indiranagar,7,7,6.48,84
2026-05-09,16,Bengaluru,Indiranagar,8,8,5.85,96
2026-05-09,17,Bengaluru,Indiranagar,6,6,5.33,72
2026-05-09,18,Bengaluru,Indiranagar,6,6,5.82,72
2026-05-09,19,Bengaluru,Indiranagar,7,7,6.63,84
2026-05-09,20,Bengaluru,Indiranagar,8,8,5.69,96
2026-05-09,7,Bengaluru,Koramangala,9,9,6.23,108
2026-05-09,8,Bengaluru,Koramangala,8,8,5.75,96
2026-05-09,9,Bengaluru,Koramangala,7,7,6.35,84
2026-05-09,10,Bengaluru,Koramangala,8,8,5.78,96
2026-05-09,11,Bengaluru,Koramangala,7,7,5.48,84
2026-05-09,12,Bengaluru,Koramangala,8,8,6.0,96
2026-05-09,13,Bengaluru,Koramangala,7,7,5.88,84
2026-05-09,14,Bengaluru,Koramangala,8,8,5.44,96
2026-05-09,15,Bengaluru,Koramangala,8,8,6.87,96
2026-05-09,16,Bengaluru,Koramangala,7,7,5.58,84
2026-05-09,17,Bengaluru,Koramangala,9,9,5.62,108
2026-05-09,18,Bengaluru,Koramangala,7,7,5.88,84
2026-05-09,19,Bengaluru,Koramangala,7,7,5.81,84
2026-05-09,20,Bengaluru,Koramangala,9,9,5.89,108
2026-05-09,7,Hyderabad,Banjara Hills,7,7,6.46,84
2026-05-09,8,Hyderabad,Banjara Hills,8,8,4.69,96
2026-05-09,9,Hyderabad,Banjara Hills,9,9,5.98,108
2026-05-09,10,Hyderabad,Banjara Hills,9,9,5.74,108
2026-05-09,11,Hyderabad,Banjara Hills,6,6,6.48,72
2026-05-09,12,Hyderabad,Banjara Hills,8,8,5.44,96
2026-05-09,13,Hyderabad,Banjara Hills,8,8,5.43,96
2026-05-09,14,Hyderabad,Banjara Hills,6,6,6.52,72
2026-05-09,15,Hyderabad,Banjara Hills,9,9,5.8,108
2026-05-09,16,Hyderabad,Banjara Hills,9,9,5.84,108
2026-05-09,17,Hyderabad,Banjara Hills,8,8,6.08,96
2026-05-09,18,Hyderabad,Banjara Hills,9,9,5.63,108
2026-05-09,19,Hyderabad,Banjara Hills,6,6,5.69,72
2026-05-09,20,Hyderabad,Banjara Hills,8,8,5.51,96
2026-05-09,7,Hyderabad,Gachibowli,7,7,5.54,84
2026-05-09,8,Hyderabad,Gachibowli,7,7,5.83,84
2026-05-09,9,Hyderabad,Gachibowli,6,6,6.05,72
2026-05-09,10,Hyderabad,Gachibowli,8,8,6.79,96
2026-05-09,11,Hyderabad,Gachibowli,7,7,6.19,84
2026-05-09,12,Hyderabad,Gachibowli,7,7,6.0,84
2026-05-09,13,Hyderabad,Gachibowli,8,8,6.29,96
2026-05-09,14,Hyderabad,Gachibowli,9,9,5.93,108
2026-05-09,15,Hyderabad,Gachibowli,6,6,5.7,72
2026-05-09,16,Hyderabad,Gachibowli,6,6,6.25,72
2026-05-09,17,Hyderabad,Gachibowli,9,9,6.31,108
2026-05-09,18,Hyderabad,Gachibowli,8,8,5.99,96
2026-05-09,19,Hyderabad,Gachibowli,7,7,5.91,84
2026-05-09,20,Hyderabad,Gachibowli,6,6,5.94,72
2026-05-10,7,Ahmedabad,Satellite,7,7,7.29,84
2026-05-10,8,Ahmedabad,Satellite,9,9,6.49,108
2026-05-10,9,Ahmedabad,Satellite,9,9,6.25,108
2026-05-10,10,Ahmedabad,Satellite,8,8,6.27,96
2026-05-10,11,Ahmedabad,Satellite,8,8,5.5,96
2026-05-10,12,Ahmedabad,Satellite,8,8,5.97,96
2026-05-10,13,Ahmedabad,Satellite,9,9,5.36,108
2026-05-10,14,Ahmedabad,Satellite,6,6,5.71,72
2026-05-10,15,Ahmedabad,Satellite,8,8,6.02,96
2026-05-10,16,Ahmedabad,Satellite,8,8,6.57,96
2026-05-10,17,Ahmedabad,Satellite,9,9,6.94,108
2026-05-10,18,Ahmedabad,Satellite,8,8,5.38,96
2026-05-10,19,Ahmedabad,Satellite,9,9,5.98,108
2026-05-10,20,Ahmedabad,Satellite,9,9,5.55,108
2026-05-10,7,Ahmedabad,Navrangpura,9,9,5.97,108
2026-05-10,8,Ahmedabad,Navrangpura,7,7,5.92,84
2026-05-10,9,Ahmedabad,Navrangpura,6,6,6.17,72
2026-05-10,10,Ahmedabad,Navrangpura,9,9,5.87,108
2026-05-10,11,Ahmedabad,Navrangpura,7,7,5.93,84
2026-05-10,12,Ahmedabad,Navrangpura,9,9,5.61,108
2026-05-10,13,Ahmedabad,Navrangpura,8,8,5.93,96
2026-05-10,14,Ahmedabad,Navrangpura,6,6,5.49,72
2026-05-10,15,Ahmedabad,Navrangpura,8,8,6.21,96
2026-05-10,16,Ahmedabad,Navrangpura,6,6,5.29,72
2026-05-10,17,Ahmedabad,Navrangpura,7,7,6.06,84
2026-05-10,18,Ahmedabad,Navrangpura,8,8,5.98,96
2026-05-10,19,Ahmedabad,Navrangpura,6,6,6.31,72
2026-05-10,20,Ahmedabad,Navrangpura,6,6,6.0,72
2026-05-10,7,Jaipur,C-Scheme,7,7,6.08,84
2026-05-10,8,Jaipur,C-Scheme,8,8,5.33,96
2026-05-10,9,Jaipur,C-Scheme,6,6,5.55,72
2026-05-10,10,Jaipur,C-Scheme,6,6,6.14,72
2026-05-10,11,Jaipur,C-Scheme,6,6,6.42,72
2026-05-10,12,Jaipur,C-Scheme,7,7,5.63,84
2026-05-10,13,Jaipur,C-Scheme,8,8,5.95,96
2026-05-10,14,Jaipur,C-Scheme,9,9,5.62,108
2026-05-10,15,Jaipur,C-Scheme,7,7,5.97,84
2026-05-10,16,Jaipur,C-Scheme,7,7,5.75,84
2026-05-10,17,Jaipur,C-Scheme,9,9,5.95,108
2026-05-10,18,Jaipur,C-Scheme,8,8,5.94,96
2026-05-10,19,Jaipur,C-Scheme,9,9,5.48,108
2026-05-10,20,Jaipur,C-Scheme,6,6,6.03,72
2026-05-10,7,Jaipur,Malviya Nagar,6,6,5.59,72
2026-05-10,8,Jaipur,Malviya Nagar,6,6,5.9,72
2026-05-10,9,Jaipur,Malviya Nagar,7,7,6.07,84
2026-05-10,10,Jaipur,Malviya Nagar,8,8,5.79,96
2026-05-10,11,Jaipur,Malviya Nagar,7,7,6.25,84
2026-05-10,12,Jaipur,Malviya Nagar,7,7,5.04,84
2026-05-10,13,Jaipur,Malviya Nagar,7,7,5.25,84
2026-05-10,14,Jaipur,Malviya Nagar,9,9,5.43,108
2026-05-10,15,Jaipur,Malviya Nagar,6,6,6.87,72
2026-05-10,16,Jaipur,Malviya Nagar,6,6,6.67,72
2026-05-10,17,Jaipur,Malviya Nagar,7,7,6.14,84
2026-05-10,18,Jaipur,Malviya Nagar,7,7,5.26,84
2026-05-10,19,Jaipur,Malviya Nagar,6,6,5.78,72
2026-05-10,20,Jaipur,Malviya Nagar,7,7,5.67,84
2026-05-10,7,Delhi,Connaught Place,7,7,5.81,84
2026-05-10,8,Delhi,Connaught Place,8,8,6.35,96
2026-05-10,9,Delhi,Connaught Place,6,6,6.03,72
2026-05-10,10,Delhi,Connaught Place,6,6,5.65,72
2026-05-10,11,Delhi,Connaught Place,8,8,6.12,96
2026-05-10,12,Delhi,Connaught Place,6,6,5.55,72
2026-05-10,13,Delhi,Connaught Place,7,7,5.92,84
2026-05-10,14,Delhi,Connaught Place,8,8,5.74,96
2026-05-10,15,Delhi,Connaught Place,8,8,5.94,96
2026-05-10,16,Delhi,Connaught Place,8,8,5.69,96
2026-05-10,17,Delhi,Connaught Place,7,7,5.89,84
2026-05-10,18,Delhi,Connaught Place,8,8,5.76,96
2026-05-10,19,Delhi,Connaught Place,7,7,6.17,84
2026-05-10,20,Delhi,Connaught Place,6,6,5.85,72
2026-05-10,7,Delhi,Saket,6,6,5.59,72
2026-05-10,8,Delhi,Saket,8,8,5.83,96
2026-05-10,9,Delhi,Saket,7,7,5.5,84
2026-05-10,10,Delhi,Saket,7,7,6.15,84
2026-05-10,11,Delhi,Saket,6,6,5.86,72
2026-05-10,12,Delhi,Saket,8,8,5.77,96
2026-05-10,13,Delhi,Saket,7,7,5.73,84
2026-05-10,14,Delhi,Saket,6,6,5.17,72
2026-05-10,15,Delhi,Saket,6,6,6.3,72
2026-05-10,16,Delhi,Saket,6,6,6.53,72
2026-05-10,17,Delhi,Saket,9,9,6.51,108
2026-05-10,18,Delhi,Saket,9,9,6.3,108
2026-05-10,19,Delhi,Saket,6,6,5.9,72
2026-05-10,20,Delhi,Saket,8,8,6.07,96
2026-05-10,7,Mumbai,Bandra,9,9,6.16,108
2026-05-10,11,Mumbai,Bandra,9,9,6.22,108
2026-05-10,14,Mumbai,Bandra,8,8,6.29,96
2026-05-10,15,Mumbai,Bandra,9,9,5.72,108
2026-05-10,16,Mumbai,Bandra,7,7,6.15,84
2026-05-10,17,Mumbai,Bandra,7,7,5.88,84
2026-05-10,18,Mumbai,Bandra,8,8,7.07,96
2026-05-10,19,Mumbai,Bandra,6,6,6.38,72
2026-05-10,20,Mumbai,Bandra,7,7,5.65,84
2026-05-10,7,Mumbai,Andheri,9,9,7.03,108
2026-05-10,8,Mumbai,Andheri,8,8,5.62,96
2026-05-10,9,Mumbai,Andheri,6,6,5.99,72
2026-05-10,10,Mumbai,Andheri,7,7,5.66,84
2026-05-10,11,Mumbai,Andheri,9,9,5.79,108
2026-05-10,12,Mumbai,Andheri,8,8,6.26,96
2026-05-10,13,Mumbai,Andheri,7,7,5.28,84
2026-05-10,14,Mumbai,Andheri,9,9,5.91,108
2026-05-10,15,Mumbai,Andheri,6,6,6.61,72
2026-05-10,16,Mumbai,Andheri,8,8,5.39,96
2026-05-10,17,Mumbai,Andheri,7,7,6.17,84
2026-05-10,18,Mumbai,Andheri,9,9,5.77,108
2026-05-10,19,Mumbai,Andheri,8,8,6.82,96
2026-05-10,20,Mumbai,Andheri,9,9,5.6,108
2026-05-10,7,Bengaluru,Indiranagar,7,7,5.92,84
2026-05-10,8,Bengaluru,Indiranagar,8,8,6.28,96
2026-05-10,9,Bengaluru,Indiranagar,9,9,5.67,108
2026-05-10,10,Bengaluru,Indiranagar,7,7,5.87,84
2026-05-10,11,Bengaluru,Indiranagar,9,9,6.3,108
2026-05-10,12,Bengaluru,Indiranagar,9,9,5.53,108
2026-05-10,13,Bengaluru,Indiranagar,9,9,5.7,108
2026-05-10,14,Bengaluru,Indiranagar,7,7,6.0,84
2026-05-10,15,Bengaluru,Indiranagar,6,6,5.48,72
2026-05-10,16,Bengaluru,Indiranagar,6,6,5.65,72
2026-05-10,17,Bengaluru,Indiranagar,9,9,5.83,108
2026-05-10,18,Bengaluru,Indiranagar,9,9,5.61,108
2026-05-10,19,Bengaluru,Indiranagar,6,6,5.69,72
2026-05-10,20,Bengaluru,Indiranagar,7,7,5.64,84
2026-05-10,7,Bengaluru,Koramangala,8,8,6.4,96
2026-05-10,8,Bengaluru,Koramangala,7,7,6.09,84
2026-05-10,9,Bengaluru,Koramangala,8,8,5.43,96
2026-05-10,10,Bengaluru,Koramangala,7,7,5.54,84
2026-05-10,11,Bengaluru,Koramangala,9,9,6.52,108
2026-05-10,12,Bengaluru,Koramangala,8,8,6.21,96
2026-05-10,13,Bengaluru,Koramangala,9,9,5.77,108
2026-05-10,14,Bengaluru,Koramangala,9,9,5.67,108
2026-05-10,15,Bengaluru,Koramangala,8,8,6.18,96
2026-05-10,16,Bengaluru,Koramangala,9,9,5.88,108
2026-05-10,17,Bengaluru,Koramangala,8,8,6.5,96
2026-05-10,18,Bengaluru,Koramangala,6,6,6.52,72
2026-05-10,19,Bengaluru,Koramangala,7,7,5.83,84
2026-05-10,20,Bengaluru,Koramangala,7,7,6.24,84
2026-05-10,7,Hyderabad,Banjara Hills,7,7,6.65,84
2026-05-10,8,Hyderabad,Banjara Hills,6,6,6.16,72
2026-05-10,9,Hyderabad,Banjara Hills,8,8,6.05,96
2026-05-10,10,Hyderabad,Banjara Hills,6,6,6.7,72
2026-05-10,11,Hyderabad,Banjara Hills,8,8,6.74,96
2026-05-10,12,Hyderabad,Banjara Hills,9,9,5.93,108
2026-05-10,13,Hyderabad,Banjara Hills,6,6,5.7,72
2026-05-10,14,Hyderabad,Banjara Hills,7,7,5.34,84
2026-05-10,15,Hyderabad,Banjara Hills,8,8,5.58,96
2026-05-10,16,Hyderabad,Banjara Hills,6,6,6.07,72
2026-05-10,17,Hyderabad,Banjara Hills,9,9,5.73,108
2026-05-10,18,Hyderabad,Banjara Hills,7,7,5.89,84
2026-05-10,19,Hyderabad,Banjara Hills,7,7,5.84,84
2026-05-10,20,Hyderabad,Banjara Hills,6,6,7.03,72
2026-05-10,7,Hyderabad,Gachibowli,6,6,5.89,72
2026-05-10,8,Hyderabad,Gachibowli,9,9,5.76,108
2026-05-10,9,Hyderabad,Gachibowli,7,7,6.05,84
2026-05-10,10,Hyderabad,Gachibowli,6,6,5.83,72
2026-05-10,11,Hyderabad,Gachibowli,8,8,5.62,96
2026-05-10,12,Hyderabad,Gachibowli,9,9,5.62,108
2026-05-10,13,Hyderabad,Gachibowli,8,8,5.53,96
2026-05-10,14,Hyderabad,Gachibowli,7,7,6.29,84
2026-05-10,15,Hyderabad,Gachibowli,8,8,5.27,96
2026-05-10,16,Hyderabad,Gachibowli,6,6,6.04,72
2026-05-10,17,Hyderabad,Gachibowli,8,8,6.28,96
2026-05-10,18,Hyderabad,Gachibowli,6,6,5.9,72
2026-05-10,19,Hyderabad,Gachibowli,6,6,6.43,72
2026-05-10,20,Hyderabad,Gachibowli,8,8,5.58,96
2026-05-11,7,Ahmedabad,Satellite,6,6,5.7,72
2026-05-11,8,Ahmedabad,Satellite,7,7,5.51,84
2026-05-11,9,Ahmedabad,Satellite,6,6,6.0,72
2026-05-11,10,Ahmedabad,Satellite,6,6,6.37,72
2026-05-11,11,Ahmedabad,Satellite,8,8,5.93,96
2026-05-11,12,Ahmedabad,Satellite,9,9,5.99,108
2026-05-11,13,Ahmedabad,Satellite,9,9,6.12,108
2026-05-11,14,Ahmedabad,Satellite,9,9,5.58,108
2026-05-11,15,Ahmedabad,Satellite,8,8,5.88,96
2026-05-11,16,Ahmedabad,Satellite,8,8,5.82,96
2026-05-11,17,Ahmedabad,Satellite,7,7,6.25,84
2026-05-11,18,Ahmedabad,Satellite,8,8,6.04,96
2026-05-11,19,Ahmedabad,Satellite,7,7,5.84,84
2026-05-11,20,Ahmedabad,Satellite,7,7,5.77,84
2026-05-11,7,Ahmedabad,Navrangpura,8,8,6.19,96
2026-05-11,8,Ahmedabad,Navrangpura,9,9,6.26,108
2026-05-11,9,Ahmedabad,Navrangpura,9,9,6.38,108
2026-05-11,10,Ahmedabad,Navrangpura,9,9,5.97,108
2026-05-11,11,Ahmedabad,Navrangpura,6,6,6.08,72
2026-05-11,12,Ahmedabad,Navrangpura,9,9,5.46,108
2026-05-11,13,Ahmedabad,Navrangpura,9,9,5.38,108
2026-05-11,14,Ahmedabad,Navrangpura,6,6,5.59,72
2026-05-11,15,Ahmedabad,Navrangpura,9,9,5.91,108
2026-05-11,16,Ahmedabad,Navrangpura,8,8,5.93,96
2026-05-11,17,Ahmedabad,Navrangpura,8,8,5.95,96
2026-05-11,18,Ahmedabad,Navrangpura,6,6,6.26,72
2026-05-11,19,Ahmedabad,Navrangpura,6,6,6.16,72
2026-05-11,20,Ahmedabad,Navrangpura,8,8,5.69,96
2026-05-11,7,Jaipur,C-Scheme,6,6,6.0,72
2026-05-11,8,Jaipur,C-Scheme,8,8,5.75,96
2026-05-11,9,Jaipur,C-Scheme,7,7,6.39,84
2026-05-11,10,Jaipur,C-Scheme,8,8,6.41,96
2026-05-11,11,Jaipur,C-Scheme,8,8,5.67,96
2026-05-11,12,Jaipur,C-Scheme,8,8,5.81,96
2026-05-11,13,Jaipur,C-Scheme,7,7,6.46,84
2026-05-11,14,Jaipur,C-Scheme,9,9,7.08,108
2026-05-11,15,Jaipur,C-Scheme,6,6,5.83,72
2026-05-11,16,Jaipur,C-Scheme,8,8,6.24,96
2026-05-11,17,Jaipur,C-Scheme,7,7,5.94,84
2026-05-11,18,Jaipur,C-Scheme,6,6,5.83,72
2026-05-11,19,Jaipur,C-Scheme,8,8,6.05,96
2026-05-11,20,Jaipur,C-Scheme,6,6,5.93,72
2026-05-11,7,Jaipur,Malviya Nagar,7,7,6.0,84
2026-05-11,8,Jaipur,Malviya Nagar,6,6,5.5,72
2026-05-11,9,Jaipur,Malviya Nagar,8,8,5.16,96
2026-05-11,10,Jaipur,Malviya Nagar,9,9,5.52,108
2026-05-11,11,Jaipur,Malviya Nagar,7,7,5.9,84
2026-05-11,12,Jaipur,Malviya Nagar,6,6,6.37,72
2026-05-11,13,Jaipur,Malviya Nagar,6,6,5.9,72
2026-05-11,14,Jaipur,Malviya Nagar,8,8,5.81,96
2026-05-11,15,Jaipur,Malviya Nagar,9,9,6.27,108
2026-05-11,16,Jaipur,Malviya Nagar,6,6,6.26,72
2026-05-11,17,Jaipur,Malviya Nagar,8,8,5.85,96
2026-05-11,18,Jaipur,Malviya Nagar,8,8,6.53,96
2026-05-11,19,Jaipur,Malviya Nagar,7,7,5.57,84
2026-05-11,20,Jaipur,Malviya Nagar,6,6,6.3,72
2026-05-11,7,Delhi,Connaught Place,6,6,6.23,72
2026-05-11,8,Delhi,Connaught Place,6,6,6.04,72
2026-05-11,9,Delhi,Connaught Place,9,9,5.98,108
2026-05-11,10,Delhi,Connaught Place,7,7,6.02,84
2026-05-11,11,Delhi,Connaught Place,8,8,5.73,96
2026-05-11,12,Delhi,Connaught Place,6,6,5.72,72
2026-05-11,13,Delhi,Connaught Place,6,6,5.99,72
2026-05-11,14,Delhi,Connaught Place,6,6,5.84,72
2026-05-11,15,Delhi,Connaught Place,6,6,6.64,72
2026-05-11,16,Delhi,Connaught Place,9,9,5.82,108
2026-05-11,17,Delhi,Connaught Place,8,8,5.32,96
2026-05-11,18,Delhi,Connaught Place,8,8,5.98,96
2026-05-11,19,Delhi,Connaught Place,7,7,6.33,84
2026-05-11,20,Delhi,Connaught Place,6,6,6.04,72
2026-05-11,7,Delhi,Saket,7,7,6.29,84
2026-05-11,8,Delhi,Saket,9,9,6.45,108
2026-05-11,9,Delhi,Saket,9,9,6.63,108
2026-05-11,10,Delhi,Saket,8,8,5.93,96
2026-05-11,11,Delhi,Saket,8,8,6.27,96
2026-05-11,12,Delhi,Saket,6,6,6.31,72
2026-05-11,13,Delhi,Saket,8,8,6.51,96
2026-05-11,14,Delhi,Saket,9,9,6.78,108
2026-05-11,15,Delhi,Saket,9,9,6.09,108
2026-05-11,16,Delhi,Saket,6,6,5.45,72
2026-05-11,17,Delhi,Saket,8,8,5.78,96
2026-05-11,18,Delhi,Saket,8,8,6.08,96
2026-05-11,19,Delhi,Saket,7,7,6.19,84
2026-05-11,20,Delhi,Saket,7,7,5.96,84
2026-05-11,7,Mumbai,Bandra,7,7,4.91,84
2026-05-11,9,Mumbai,Bandra,7,7,6.75,84
2026-05-11,10,Mumbai,Bandra,6,6,6.29,72
2026-05-11,11,Mumbai,Bandra,6,6,6.07,72
2026-05-11,13,Mumbai,Bandra,6,6,6.0,72
2026-05-11,17,Mumbai,Bandra,8,8,5.86,96
2026-05-11,18,Mumbai,Bandra,6,6,5.77,72
2026-05-11,19,Mumbai,Bandra,9,9,6.31,108
2026-05-11,7,Mumbai,Andheri,7,7,6.38,84
2026-05-11,8,Mumbai,Andheri,7,7,5.45,84
2026-05-11,9,Mumbai,Andheri,8,8,6.65,96
2026-05-11,10,Mumbai,Andheri,6,6,6.65,72
2026-05-11,11,Mumbai,Andheri,8,8,6.1,96
2026-05-11,12,Mumbai,Andheri,6,6,6.3,72
2026-05-11,13,Mumbai,Andheri,7,7,6.9,84
2026-05-11,14,Mumbai,Andheri,6,6,5.07,72
2026-05-11,15,Mumbai,Andheri,8,8,6.34,96
2026-05-11,16,Mumbai,Andheri,9,9,5.87,108
2026-05-11,17,Mumbai,Andheri,6,6,5.98,72
2026-05-11,18,Mumbai,Andheri,8,8,6.05,96
2026-05-11,19,Mumbai,Andheri,8,8,5.79,96
2026-05-11,20,Mumbai,Andheri,9,9,5.78,108
2026-05-11,7,Bengaluru,Indiranagar,8,8,5.69,96
2026-05-11,8,Bengaluru,Indiranagar,8,8,6.38,96
2026-05-11,9,Bengaluru,Indiranagar,7,7,6.44,84
2026-05-11,10,Bengaluru,Indiranagar,9,9,5.55,108
2026-05-11,11,Bengaluru,Indiranagar,8,8,6.0,96
2026-05-11,12,Bengaluru,Indiranagar,8,8,7.16,96
2026-05-11,13,Bengaluru,Indiranagar,6,6,5.78,72
2026-05-11,14,Bengaluru,Indiranagar,8,8,6.17,96
2026-05-11,15,Bengaluru,Indiranagar,8,8,5.45,96
2026-05-11,16,Bengaluru,Indiranagar,7,7,6.55,84
2026-05-11,17,Bengaluru,Indiranagar,8,8,5.96,96
2026-05-11,18,Bengaluru,Indiranagar,8,8,6.01,96
2026-05-11,19,Bengaluru,Indiranagar,9,9,5.7,108
2026-05-11,20,Bengaluru,Indiranagar,7,7,5.32,84
2026-05-11,7,Bengaluru,Koramangala,7,7,5.18,84
2026-05-11,8,Bengaluru,Koramangala,7,7,5.88,84
2026-05-11,9,Bengaluru,Koramangala,7,7,6.23,84
2026-05-11,10,Bengaluru,Koramangala,6,6,6.42,72
2026-05-11,11,Bengaluru,Koramangala,8,8,6.96,96
2026-05-11,12,Bengaluru,Koramangala,6,6,5.76,72
2026-05-11,13,Bengaluru,Koramangala,8,8,5.82,96
2026-05-11,14,Bengaluru,Koramangala,8,8,6.38,96
2026-05-11,15,Bengaluru,Koramangala,7,7,6.69,84
2026-05-11,16,Bengaluru,Koramangala,8,8,5.79,96
2026-05-11,17,Bengaluru,Koramangala,7,7,6.24,84
2026-05-11,18,Bengaluru,Koramangala,7,7,5.99,84
2026-05-11,19,Bengaluru,Koramangala,6,6,6.1,72
2026-05-11,20,Bengaluru,Koramangala,7,7,6.14,84
2026-05-11,7,Hyderabad,Banjara Hills,8,8,5.72,96
2026-05-11,8,Hyderabad,Banjara Hills,9,9,5.87,108
2026-05-11,9,Hyderabad,Banjara Hills,9,9,6.34,108
2026-05-11,10,Hyderabad,Banjara Hills,6,6,5.51,72
2026-05-11,11,Hyderabad,Banjara Hills,7,7,6.26,84
2026-05-11,12,Hyderabad,Banjara Hills,7,7,6.34,84
2026-05-11,13,Hyderabad,Banjara Hills,8,8,5.96,96
2026-05-11,14,Hyderabad,Banjara Hills,6,6,6.18,72
2026-05-11,15,Hyderabad,Banjara Hills,9,9,6.54,108
2026-05-11,16,Hyderabad,Banjara Hills,6,6,5.67,72
2026-05-11,17,Hyderabad,Banjara Hills,9,9,6.32,108
2026-05-11,18,Hyderabad,Banjara Hills,7,7,5.79,84
2026-05-11,19,Hyderabad,Banjara Hills,6,6,5.94,72
2026-05-11,20,Hyderabad,Banjara Hills,8,8,6.49,96
2026-05-11,7,Hyderabad,Gachibowli,6,6,6.93,72
2026-05-11,8,Hyderabad,Gachibowli,7,7,5.66,84
2026-05-11,9,Hyderabad,Gachibowli,8,8,5.51,96
2026-05-11,10,Hyderabad,Gachibowli,6,6,6.02,72
2026-05-11,11,Hyderabad,Gachibowli,8,8,5.4,96
2026-05-11,12,Hyderabad,Gachibowli,6,6,7.13,72
2026-05-11,13,Hyderabad,Gachibowli,9,9,5.8,108
2026-05-11,14,Hyderabad,Gachibowli,6,6,6.39,72
2026-05-11,15,Hyderabad,Gachibowli,8,8,6.45,96
2026-05-11,16,Hyderabad,Gachibowli,6,6,5.52,72
2026-05-11,17,Hyderabad,Gachibowli,8,8,5.25,96
2026-05-11,18,Hyderabad,Gachibowli,8,8,6.36,96
2026-05-11,19,Hyderabad,Gachibowli,7,7,5.68,84
2026-05-11,20,Hyderabad,Gachibowli,9,9,6.0,108
2026-05-12,7,Ahmedabad,Satellite,7,7,5.9,84
2026-05-12,8,Ahmedabad,Satellite,7,7,6.61,84
2026-05-12,9,Ahmedabad,Satellite,7,7,6.26,84
2026-05-12,10,Ahmedabad,Satellite,8,8,5.51,96
2026-05-12,11,Ahmedabad,Satellite,8,8,5.68,96
2026-05-12,12,Ahmedabad,Satellite,9,9,6.7,108
2026-05-12,13,Ahmedabad,Satellite,8,8,6.21,96
2026-05-12,14,Ahmedabad,Satellite,7,7,6.41,84
2026-05-12,15,Ahmedabad,Satellite,8,8,5.92,96
2026-05-12,16,Ahmedabad,Satellite,7,7,6.44,84
2026-05-12,17,Ahmedabad,Satellite,9,9,5.51,108
2026-05-12,18,Ahmedabad,Satellite,7,7,5.88,84
2026-05-12,19,Ahmedabad,Satellite,6,6,6.17,72
2026-05-12,20,Ahmedabad,Satellite,7,7,5.25,84
2026-05-12,7,Ahmedabad,Navrangpura,6,6,6.47,72
2026-05-12,8,Ahmedabad,Navrangpura,8,8,5.81,96
2026-05-12,9,Ahmedabad,Navrangpura,8,8,5.91,96
2026-05-12,10,Ahmedabad,Navrangpura,7,7,6.1,84
2026-05-12,11,Ahmedabad,Navrangpura,6,6,6.25,72
2026-05-12,12,Ahmedabad,Navrangpura,9,9,5.34,108
2026-05-12,13,Ahmedabad,Navrangpura,7,7,5.95,84
2026-05-12,14,Ahmedabad,Navrangpura,8,8,5.92,96
2026-05-12,15,Ahmedabad,Navrangpura,6,6,5.74,72
2026-05-12,16,Ahmedabad,Navrangpura,6,6,6.75,72
2026-05-12,17,Ahmedabad,Navrangpura,9,9,6.09,108
2026-05-12,18,Ahmedabad,Navrangpura,8,8,6.08,96
2026-05-12,19,Ahmedabad,Navrangpura,8,8,6.23,96
2026-05-12,20,Ahmedabad,Navrangpura,8,8,6.18,96
2026-05-12,7,Jaipur,C-Scheme,9,9,5.27,108
2026-05-12,8,Jaipur,C-Scheme,7,7,5.29,84
2026-05-12,9,Jaipur,C-Scheme,6,6,5.92,72
2026-05-12,10,Jaipur,C-Scheme,6,6,6.23,72
2026-05-12,11,Jaipur,C-Scheme,9,9,6.23,108
2026-05-12,12,Jaipur,C-Scheme,9,9,5.5,108
2026-05-12,13,Jaipur,C-Scheme,7,7,5.46,84
2026-05-12,14,Jaipur,C-Scheme,9,9,6.15,108
2026-05-12,15,Jaipur,C-Scheme,8,8,6.36,96
2026-05-12,16,Jaipur,C-Scheme,9,9,6.14,108
2026-05-12,17,Jaipur,C-Scheme,9,9,5.85,108
2026-05-12,18,Jaipur,C-Scheme,8,8,6.36,96
2026-05-12,19,Jaipur,C-Scheme,9,9,5.34,108
2026-05-12,20,Jaipur,C-Scheme,6,6,5.73,72
2026-05-12,7,Jaipur,Malviya Nagar,6,6,5.32,72
2026-05-12,8,Jaipur,Malviya Nagar,7,7,6.05,84
2026-05-12,9,Jaipur,Malviya Nagar,7,7,6.18,84
2026-05-12,10,Jaipur,Malviya Nagar,7,7,6.24,84
2026-05-12,11,Jaipur,Malviya Nagar,7,7,5.89,84
2026-05-12,12,Jaipur,Malviya Nagar,6,6,5.57,72
2026-05-12,13,Jaipur,Malviya Nagar,9,9,5.47,108
2026-05-12,14,Jaipur,Malviya Nagar,7,7,5.66,84
2026-05-12,15,Jaipur,Malviya Nagar,8,8,5.95,96
2026-05-12,16,Jaipur,Malviya Nagar,6,6,7.23,72
2026-05-12,17,Jaipur,Malviya Nagar,7,7,5.95,84
2026-05-12,18,Jaipur,Malviya Nagar,9,9,5.43,108
2026-05-12,19,Jaipur,Malviya Nagar,9,9,5.86,108
2026-05-12,20,Jaipur,Malviya Nagar,9,9,6.34,108
2026-05-12,7,Delhi,Connaught Place,8,8,5.92,96
2026-05-12,8,Delhi,Connaught Place,9,9,5.83,108
2026-05-12,9,Delhi,Connaught Place,6,6,5.74,72
2026-05-12,10,Delhi,Connaught Place,6,6,5.85,72
2026-05-12,11,Delhi,Connaught Place,8,8,6.22,96
2026-05-12,12,Delhi,Connaught Place,9,9,5.91,108
2026-05-12,13,Delhi,Connaught Place,8,8,5.31,96
2026-05-12,14,Delhi,Connaught Place,6,6,6.22,72
2026-05-12,15,Delhi,Connaught Place,8,8,6.3,96
2026-05-12,16,Delhi,Connaught Place,6,6,6.53,72
2026-05-12,17,Delhi,Connaught Place,7,7,5.59,84
2026-05-12,18,Delhi,Connaught Place,8,8,5.99,96
2026-05-12,19,Delhi,Connaught Place,6,6,5.87,72
2026-05-12,20,Delhi,Connaught Place,9,9,5.77,108
2026-05-12,7,Delhi,Saket,8,8,6.2,96
2026-05-12,8,Delhi,Saket,8,8,5.86,96
2026-05-12,9,Delhi,Saket,6,6,6.18,72
2026-05-12,10,Delhi,Saket,7,7,5.69,84
2026-05-12,11,Delhi,Saket,6,6,6.06,72
2026-05-12,12,Delhi,Saket,6,6,5.24,72
2026-05-12,13,Delhi,Saket,7,7,6.21,84
2026-05-12,14,Delhi,Saket,8,8,6.25,96
2026-05-12,15,Delhi,Saket,9,9,5.21,108
2026-05-12,16,Delhi,Saket,6,6,6.51,72
2026-05-12,17,Delhi,Saket,9,9,5.52,108
2026-05-12,18,Delhi,Saket,9,9,5.68,108
2026-05-12,19,Delhi,Saket,9,9,6.27,108
2026-05-12,20,Delhi,Saket,8,8,5.8,96
2026-05-12,8,Mumbai,Bandra,9,9,5.58,108
2026-05-12,9,Mumbai,Bandra,7,7,5.64,84
2026-05-12,10,Mumbai,Bandra,7,7,6.6,84
2026-05-12,12,Mumbai,Bandra,9,9,5.74,108
2026-05-12,13,Mumbai,Bandra,8,8,6.19,96
2026-05-12,14,Mumbai,Bandra,9,9,5.37,108
2026-05-12,15,Mumbai,Bandra,7,7,6.57,84
2026-05-12,16,Mumbai,Bandra,7,7,5.58,84
2026-05-12,18,Mumbai,Bandra,6,6,6.11,72
2026-05-12,19,Mumbai,Bandra,6,6,6.03,72
2026-05-12,7,Mumbai,Andheri,8,8,5.95,96
2026-05-12,8,Mumbai,Andheri,6,6,5.98,72
2026-05-12,9,Mumbai,Andheri,9,9,5.78,108
2026-05-12,10,Mumbai,Andheri,6,6,5.47,72
2026-05-12,11,Mumbai,Andheri,7,7,6.43,84
2026-05-12,12,Mumbai,Andheri,8,8,6.14,96
2026-05-12,13,Mumbai,Andheri,7,7,7.11,84
2026-05-12,14,Mumbai,Andheri,8,8,5.42,96
2026-05-12,15,Mumbai,Andheri,9,9,6.49,108
2026-05-12,16,Mumbai,Andheri,6,6,5.51,72
2026-05-12,17,Mumbai,Andheri,9,9,5.85,108
2026-05-12,18,Mumbai,Andheri,6,6,5.72,72
2026-05-12,19,Mumbai,Andheri,9,9,6.18,108
2026-05-12,20,Mumbai,Andheri,6,6,6.17,72
2026-05-12,7,Bengaluru,Indiranagar,8,8,5.34,96
2026-05-12,8,Bengaluru,Indiranagar,8,8,6.1,96
2026-05-12,9,Bengaluru,Indiranagar,7,7,6.74,84
2026-05-12,10,Bengaluru,Indiranagar,6,6,6.75,72
2026-05-12,11,Bengaluru,Indiranagar,6,6,5.62,72
2026-05-12,12,Bengaluru,Indiranagar,7,7,6.23,84
2026-05-12,13,Bengaluru,Indiranagar,7,7,6.3,84
2026-05-12,14,Bengaluru,Indiranagar,7,7,5.86,84
2026-05-12,15,Bengaluru,Indiranagar,6,6,6.0,72
2026-05-12,16,Bengaluru,Indiranagar,8,8,6.05,96
2026-05-12,17,Bengaluru,Indiranagar,6,6,6.26,72
2026-05-12,18,Bengaluru,Indiranagar,6,6,5.9,72
2026-05-12,19,Bengaluru,Indiranagar,7,7,6.09,84
2026-05-12,20,Bengaluru,Indiranagar,9,9,6.07,108
2026-05-12,7,Bengaluru,Koramangala,7,7,6.31,84
2026-05-12,8,Bengaluru,Koramangala,8,8,5.92,96
2026-05-12,9,Bengaluru,Koramangala,9,9,6.23,108
2026-05-12,10,Bengaluru,Koramangala,6,6,5.68,72
2026-05-12,11,Bengaluru,Koramangala,7,7,5.59,84
2026-05-12,12,Bengaluru,Koramangala,6,6,6.11,72
2026-05-12,13,Bengaluru,Koramangala,8,8,5.15,96
2026-05-12,14,Bengaluru,Koramangala,8,8,5.85,96
2026-05-12,15,Bengaluru,Koramangala,9,9,5.82,108
2026-05-12,16,Bengaluru,Koramangala,6,6,5.93,72
2026-05-12,17,Bengaluru,Koramangala,8,8,6.32,96
2026-05-12,18,Bengaluru,Koramangala,6,6,6.41,72
2026-05-12,19,Bengaluru,Koramangala,7,7,6.69,84
2026-05-12,20,Bengaluru,Koramangala,6,6,6.25,72
2026-05-12,7,Hyderabad,Banjara Hills,8,8,5.69,96
2026-05-12,8,Hyderabad,Banjara Hills,6,6,5.29,72
2026-05-12,9,Hyderabad,Banjara Hills,9,9,5.89,108
2026-05-12,10,Hyderabad,Banjara Hills,6,6,6.26,72
2026-05-12,11,Hyderabad,Banjara Hills,7,7,5.97,84
2026-05-12,12,Hyderabad,Banjara Hills,8,8,5.9,96
2026-05-12,13,Hyderabad,Banjara Hills,9,9,5.9,108
2026-05-12,14,Hyderabad,Banjara Hills,8,8,5.86,96
2026-05-12,15,Hyderabad,Banjara Hills,8,8,6.5,96
2026-05-12,16,Hyderabad,Banjara Hills,7,7,6.43,84
2026-05-12,17,Hyderabad,Banjara Hills,6,6,5.14,72
2026-05-12,18,Hyderabad,Banjara Hills,8,8,5.94,96
2026-05-12,19,Hyderabad,Banjara Hills,6,6,5.95,72
2026-05-12,20,Hyderabad,Banjara Hills,7,7,5.73,84
2026-05-12,7,Hyderabad,Gachibowli,9,9,5.58,108
2026-05-12,8,Hyderabad,Gachibowli,6,6,5.49,72
2026-05-12,9,Hyderabad,Gachibowli,7,7,5.61,84
2026-05-12,10,Hyderabad,Gachibowli,8,8,6.0,96
2026-05-12,11,Hyderabad,Gachibowli,7,7,6.37,84
2026-05-12,12,Hyderabad,Gachibowli,6,6,6.32,72
2026-05-12,13,Hyderabad,Gachibowli,7,7,6.29,84
2026-05-12,14,Hyderabad,Gachibowli,8,8,6.55,96
2026-05-12,15,Hyderabad,Gachibowli,8,8,5.27,96
2026-05-12,16,Hyderabad,Gachibowli,8,8,5.79,96
2026-05-12,17,Hyderabad,Gachibowli,8,8,5.75,96
2026-05-12,18,Hyderabad,Gachibowli,6,6,6.65,72
2026-05-12,19,Hyderabad,Gachibowli,7,7,6.03,84
2026-05-12,20,Hyderabad,Gachibowli,8,8,6.45,96
2026-05-13,7,Ahmedabad,Satellite,8,8,6.07,96
2026-05-13,8,Ahmedabad,Satellite,7,7,6.36,84
2026-05-13,9,Ahmedabad,Satellite,8,8,5.89,96
2026-05-13,10,Ahmedabad,Satellite,7,7,6.33,84
2026-05-13,11,Ahmedabad,Satellite,7,7,6.59,84
2026-05-13,12,Ahmedabad,Satellite,6,6,5.37,72
2026-05-13,13,Ahmedabad,Satellite,6,6,6.31,72
2026-05-13,14,Ahmedabad,Satellite,7,7,6.35,84
2026-05-13,15,Ahmedabad,Satellite,9,9,6.16,108
2026-05-13,16,Ahmedabad,Satellite,7,7,6.3,84
2026-05-13,17,Ahmedabad,Satellite,6,6,5.72,72
2026-05-13,18,Ahmedabad,Satellite,9,9,6.08,108
2026-05-13,19,Ahmedabad,Satellite,9,9,5.53,108
2026-05-13,20,Ahmedabad,Satellite,7,7,5.92,84
2026-05-13,7,Ahmedabad,Navrangpura,6,6,6.17,72
2026-05-13,8,Ahmedabad,Navrangpura,9,9,6.0,108
2026-05-13,9,Ahmedabad,Navrangpura,9,9,6.5,108
2026-05-13,10,Ahmedabad,Navrangpura,9,9,5.78,108
2026-05-13,11,Ahmedabad,Navrangpura,6,6,5.36,72
2026-05-13,12,Ahmedabad,Navrangpura,6,6,5.71,72
2026-05-13,13,Ahmedabad,Navrangpura,9,9,6.13,108
2026-05-13,14,Ahmedabad,Navrangpura,7,7,6.24,84
2026-05-13,15,Ahmedabad,Navrangpura,8,8,6.84,96
2026-05-13,16,Ahmedabad,Navrangpura,9,9,5.7,108
2026-05-13,17,Ahmedabad,Navrangpura,6,6,5.58,72
2026-05-13,18,Ahmedabad,Navrangpura,9,9,5.72,108
2026-05-13,19,Ahmedabad,Navrangpura,7,7,6.04,84
2026-05-13,20,Ahmedabad,Navrangpura,6,6,6.5,72
2026-05-13,7,Jaipur,C-Scheme,6,6,6.2,72
2026-05-13,8,Jaipur,C-Scheme,7,7,6.86,84
2026-05-13,9,Jaipur,C-Scheme,8,8,5.35,96
2026-05-13,10,Jaipur,C-Scheme,8,8,6.42,96
2026-05-13,11,Jaipur,C-Scheme,8,8,5.7,96
2026-05-13,12,Jaipur,C-Scheme,9,9,6.21,108
2026-05-13,13,Jaipur,C-Scheme,7,7,5.92,84
2026-05-13,14,Jaipur,C-Scheme,9,9,5.53,108
2026-05-13,15,Jaipur,C-Scheme,8,8,6.4,96
2026-05-13,16,Jaipur,C-Scheme,6,6,6.01,72
2026-05-13,17,Jaipur,C-Scheme,8,8,5.5,96
2026-05-13,18,Jaipur,C-Scheme,9,9,5.68,108
2026-05-13,19,Jaipur,C-Scheme,7,7,6.14,84
2026-05-13,20,Jaipur,C-Scheme,8,8,5.68,96
2026-05-13,7,Jaipur,Malviya Nagar,9,9,6.17,108
2026-05-13,8,Jaipur,Malviya Nagar,9,9,5.64,108
2026-05-13,9,Jaipur,Malviya Nagar,9,9,5.7,108
2026-05-13,10,Jaipur,Malviya Nagar,8,8,5.6,96
2026-05-13,11,Jaipur,Malviya Nagar,6,6,6.94,72
2026-05-13,12,Jaipur,Malviya Nagar,8,8,6.3,96
2026-05-13,13,Jaipur,Malviya Nagar,6,6,6.14,72
2026-05-13,14,Jaipur,Malviya Nagar,6,6,5.3,72
2026-05-13,15,Jaipur,Malviya Nagar,8,8,5.0,96
2026-05-13,16,Jaipur,Malviya Nagar,8,8,6.69,96
2026-05-13,17,Jaipur,Malviya Nagar,6,6,6.16,72
2026-05-13,18,Jaipur,Malviya Nagar,9,9,6.05,108
2026-05-13,19,Jaipur,Malviya Nagar,7,7,5.91,84
2026-05-13,20,Jaipur,Malviya Nagar,9,9,6.72,108
2026-05-13,7,Delhi,Connaught Place,9,9,5.77,108
2026-05-13,8,Delhi,Connaught Place,8,8,5.3,96
2026-05-13,9,Delhi,Connaught Place,7,7,5.97,84
2026-05-13,10,Delhi,Connaught Place,6,6,5.3,72
2026-05-13,11,Delhi,Connaught Place,7,7,5.49,84
2026-05-13,12,Delhi,Connaught Place,6,6,5.95,72
2026-05-13,13,Delhi,Connaught Place,9,9,5.8,108
2026-05-13,14,Delhi,Connaught Place,7,7,6.31,84
2026-05-13,15,Delhi,Connaught Place,8,8,6.42,96
2026-05-13,16,Delhi,Connaught Place,6,6,5.86,72
2026-05-13,17,Delhi,Connaught Place,8,8,5.77,96
2026-05-13,18,Delhi,Connaught Place,8,8,5.64,96
2026-05-13,19,Delhi,Connaught Place,7,7,5.92,84
2026-05-13,20,Delhi,Connaught Place,8,8,5.31,96
2026-05-13,7,Delhi,Saket,9,9,5.24,108
2026-05-13,8,Delhi,Saket,6,6,6.06,72
2026-05-13,9,Delhi,Saket,9,9,5.85,108
2026-05-13,10,Delhi,Saket,9,9,6.24,108
2026-05-13,11,Delhi,Saket,8,8,5.57,96
2026-05-13,12,Delhi,Saket,7,7,5.94,84
2026-05-13,13,Delhi,Saket,7,7,5.65,84
2026-05-13,14,Delhi,Saket,7,7,5.71,84
2026-05-13,15,Delhi,Saket,6,6,5.8,72
2026-05-13,16,Delhi,Saket,7,7,6.9,84
2026-05-13,17,Delhi,Saket,7,7,5.6,84
2026-05-13,18,Delhi,Saket,8,8,5.85,96
2026-05-13,19,Delhi,Saket,9,9,6.32,108
2026-05-13,20,Delhi,Saket,6,6,5.34,72
2026-05-13,7,Mumbai,Bandra,9,9,5.76,108
2026-05-13,8,Mumbai,Bandra,6,6,6.27,72
2026-05-13,13,Mumbai,Bandra,7,7,6.17,84
2026-05-13,14,Mumbai,Bandra,8,8,5.6,96
2026-05-13,17,Mumbai,Bandra,7,7,6.33,84
2026-05-13,18,Mumbai,Bandra,8,8,6.08,96
2026-05-13,19,Mumbai,Bandra,9,9,6.04,108
2026-05-13,20,Mumbai,Bandra,9,9,5.76,108
2026-05-13,7,Mumbai,Andheri,6,6,7.05,72
2026-05-13,8,Mumbai,Andheri,8,8,6.07,96
2026-05-13,9,Mumbai,Andheri,9,9,5.72,108
2026-05-13,10,Mumbai,Andheri,6,6,6.41,72
2026-05-13,11,Mumbai,Andheri,8,8,6.31,96
2026-05-13,12,Mumbai,Andheri,8,8,6.09,96
2026-05-13,13,Mumbai,Andheri,8,8,6.51,96
2026-05-13,14,Mumbai,Andheri,7,7,6.11,84
2026-05-13,15,Mumbai,Andheri,8,8,6.36,96
2026-05-13,16,Mumbai,Andheri,9,9,5.64,108
2026-05-13,17,Mumbai,Andheri,9,9,5.98,108
2026-05-13,18,Mumbai,Andheri,6,6,5.3,72
2026-05-13,19,Mumbai,Andheri,6,6,5.61,72
2026-05-13,20,Mumbai,Andheri,6,6,5.81,72
2026-05-13,7,Bengaluru,Indiranagar,7,7,6.02,84
2026-05-13,8,Bengaluru,Indiranagar,7,7,5.86,84
2026-05-13,9,Bengaluru,Indiranagar,6,6,5.98,72
2026-05-13,10,Bengaluru,Indiranagar,6,6,5.82,72
2026-05-13,11,Bengaluru,Indiranagar,8,8,6.43,96
2026-05-13,12,Bengaluru,Indiranagar,9,9,5.16,108
2026-05-13,13,Bengaluru,Indiranagar,9,9,5.81,108
2026-05-13,14,Bengaluru,Indiranagar,6,6,6.17,72
2026-05-13,15,Bengaluru,Indiranagar,8,8,5.8,96
2026-05-13,16,Bengaluru,Indiranagar,6,6,5.96,72
2026-05-13,17,Bengaluru,Indiranagar,9,9,6.13,108
2026-05-13,18,Bengaluru,Indiranagar,8,8,5.53,96
2026-05-13,19,Bengaluru,Indiranagar,8,8,6.35,96
2026-05-13,20,Bengaluru,Indiranagar,9,9,5.52,108
2026-05-13,7,Bengaluru,Koramangala,7,7,6.0,84
2026-05-13,8,Bengaluru,Koramangala,6,6,5.85,72
2026-05-13,9,Bengaluru,Koramangala,6,6,5.83,72
2026-05-13,10,Bengaluru,Koramangala,7,7,6.18,84
2026-05-13,11,Bengaluru,Koramangala,6,6,6.21,72
2026-05-13,12,Bengaluru,Koramangala,9,9,6.35,108
2026-05-13,13,Bengaluru,Koramangala,6,6,5.98,72
2026-05-13,14,Bengaluru,Koramangala,7,7,5.64,84
2026-05-13,15,Bengaluru,Koramangala,7,7,6.41,84
2026-05-13,16,Bengaluru,Koramangala,8,8,5.78,96
2026-05-13,17,Bengaluru,Koramangala,8,8,6.71,96
2026-05-13,18,Bengaluru,Koramangala,9,9,5.68,108
2026-05-13,19,Bengaluru,Koramangala,9,9,6.66,108
2026-05-13,20,Bengaluru,Koramangala,7,7,5.94,84
2026-05-13,7,Hyderabad,Banjara Hills,7,7,5.51,84
2026-05-13,8,Hyderabad,Banjara Hills,9,9,5.35,108
2026-05-13,9,Hyderabad,Banjara Hills,8,8,6.15,96
2026-05-13,10,Hyderabad,Banjara Hills,9,9,6.12,108
2026-05-13,11,Hyderabad,Banjara Hills,9,9,6.01,108
2026-05-13,12,Hyderabad,Banjara Hills,7,7,5.27,84
2026-05-13,13,Hyderabad,Banjara Hills,8,8,6.06,96
2026-05-13,14,Hyderabad,Banjara Hills,8,8,6.79,96
2026-05-13,15,Hyderabad,Banjara Hills,8,8,5.62,96
2026-05-13,16,Hyderabad,Banjara Hills,7,7,5.98,84
2026-05-13,17,Hyderabad,Banjara Hills,9,9,6.17,108
2026-05-13,18,Hyderabad,Banjara Hills,6,6,6.01,72
2026-05-13,19,Hyderabad,Banjara Hills,9,9,5.35,108
2026-05-13,20,Hyderabad,Banjara Hills,6,6,6.11,72
2026-05-13,7,Hyderabad,Gachibowli,8,8,6.03,96
2026-05-13,8,Hyderabad,Gachibowli,9,9,6.33,108
2026-05-13,9,Hyderabad,Gachibowli,7,7,6.11,84
2026-05-13,10,Hyderabad,Gachibowli,7,7,5.67,84
2026-05-13,11,Hyderabad,Gachibowli,9,9,6.48,108
2026-05-13,12,Hyderabad,Gachibowli,9,9,6.21,108
2026-05-13,13,Hyderabad,Gachibowli,7,7,5.81,84
2026-05-13,14,Hyderabad,Gachibowli,9,9,5.92,108
2026-05-13,15,Hyderabad,Gachibowli,9,9,5.98,108
2026-05-13,16,Hyderabad,Gachibowli,8,8,6.47,96
2026-05-13,17,Hyderabad,Gachibowli,7,7,6.01,84
2026-05-13,18,Hyderabad,Gachibowli,9,9,5.97,108
2026-05-13,19,Hyderabad,Gachibowli,8,8,6.27,96
2026-05-13,20,Hyderabad,Gachibowli,7,7,5.71,84
2026-05-14,7,Ahmedabad,Satellite,9,9,6.74,108
2026-05-14,8,Ahmedabad,Satellite,9,9,6.4,108
2026-05-14,9,Ahmedabad,Satellite,6,6,6.15,72
2026-05-14,10,Ahmedabad,Satellite,8,8,5.93,96
2026-05-14,11,Ahmedabad,Satellite,6,6,6.32,72
2026-05-14,12,Ahmedabad,Satellite,7,7,5.7,84
2026-05-14,13,Ahmedabad,Satellite,9,9,6.23,108
2026-05-14,14,Ahmedabad,Satellite,8,8,5.98,96
2026-05-14,15,Ahmedabad,Satellite,7,7,6.17,84
2026-05-14,16,Ahmedabad,Satellite,8,8,5.89,96
2026-05-14,17,Ahmedabad,Satellite,8,8,6.18,96
2026-05-14,18,Ahmedabad,Satellite,9,9,5.76,108
2026-05-14,19,Ahmedabad,Satellite,6,6,5.8,72
2026-05-14,20,Ahmedabad,Satellite,6,6,5.83,72
2026-05-14,7,Ahmedabad,Navrangpura,7,7,6.45,84
2026-05-14,8,Ahmedabad,Navrangpura,6,6,5.89,72
2026-05-14,9,Ahmedabad,Navrangpura,7,7,6.71,84
2026-05-14,10,Ahmedabad,Navrangpura,8,8,5.7,96
2026-05-14,11,Ahmedabad,Navrangpura,8,8,5.9,96
2026-05-14,12,Ahmedabad,Navrangpura,8,8,6.42,96
2026-05-14,13,Ahmedabad,Navrangpura,7,7,5.65,84
2026-05-14,14,Ahmedabad,Navrangpura,9,9,5.76,108
2026-05-14,15,Ahmedabad,Navrangpura,9,9,6.52,108
2026-05-14,16,Ahmedabad,Navrangpura,8,8,6.06,96
2026-05-14,17,Ahmedabad,Navrangpura,6,6,6.2,72
2026-05-14,18,Ahmedabad,Navrangpura,8,8,5.88,96
2026-05-14,19,Ahmedabad,Navrangpura,7,7,6.22,84
2026-05-14,20,Ahmedabad,Navrangpura,8,8,6.33,96
2026-05-14,7,Jaipur,C-Scheme,6,6,5.9,72
2026-05-14,8,Jaipur,C-Scheme,8,8,6.07,96
2026-05-14,9,Jaipur,C-Scheme,7,7,5.85,84
2026-05-14,10,Jaipur,C-Scheme,9,9,5.55,108
2026-05-14,11,Jaipur,C-Scheme,9,9,5.9,108
2026-05-14,12,Jaipur,C-Scheme,6,6,6.26,72
2026-05-14,13,Jaipur,C-Scheme,9,9,5.46,108
2026-05-14,14,Jaipur,C-Scheme,9,9,5.76,108
2026-05-14,15,Jaipur,C-Scheme,6,6,6.32,72
2026-05-14,16,Jaipur,C-Scheme,8,8,5.79,96
2026-05-14,17,Jaipur,C-Scheme,6,6,5.44,72
2026-05-14,18,Jaipur,C-Scheme,6,6,6.19,72
2026-05-14,19,Jaipur,C-Scheme,6,6,5.74,72
2026-05-14,20,Jaipur,C-Scheme,9,9,5.9,108
2026-05-14,7,Jaipur,Malviya Nagar,8,8,5.6,96
2026-05-14,8,Jaipur,Malviya Nagar,6,6,5.66,72
2026-05-14,9,Jaipur,Malviya Nagar,7,7,6.03,84
2026-05-14,10,Jaipur,Malviya Nagar,7,7,6.27,84
2026-05-14,11,Jaipur,Malviya Nagar,8,8,5.99,96
2026-05-14,12,Jaipur,Malviya Nagar,6,6,5.86,72
2026-05-14,13,Jaipur,Malviya Nagar,9,9,6.46,108
2026-05-14,14,Jaipur,Malviya Nagar,6,6,6.43,72
2026-05-14,15,Jaipur,Malviya Nagar,7,7,6.52,84
2026-05-14,16,Jaipur,Malviya Nagar,9,9,5.86,108
2026-05-14,17,Jaipur,Malviya Nagar,8,8,5.93,96
2026-05-14,18,Jaipur,Malviya Nagar,7,7,6.33,84
2026-05-14,19,Jaipur,Malviya Nagar,8,8,5.9,96
2026-05-14,20,Jaipur,Malviya Nagar,8,8,6.34,96
2026-05-14,7,Delhi,Connaught Place,6,6,5.77,72
2026-05-14,8,Delhi,Connaught Place,7,7,5.72,84
2026-05-14,9,Delhi,Connaught Place,9,9,5.97,108
2026-05-14,10,Delhi,Connaught Place,7,7,5.45,84
2026-05-14,11,Delhi,Connaught Place,6,6,5.81,72
2026-05-14,12,Delhi,Connaught Place,7,7,6.64,84
2026-05-14,13,Delhi,Connaught Place,6,6,5.93,72
2026-05-14,14,Delhi,Connaught Place,9,9,5.72,108
2026-05-14,15,Delhi,Connaught Place,8,8,5.81,96
2026-05-14,16,Delhi,Connaught Place,6,6,6.71,72
2026-05-14,17,Delhi,Connaught Place,9,9,5.68,108
2026-05-14,18,Delhi,Connaught Place,7,7,5.27,84
2026-05-14,19,Delhi,Connaught Place,9,9,5.79,108
2026-05-14,20,Delhi,Connaught Place,6,6,5.75,72
2026-05-14,7,Delhi,Saket,7,7,5.09,84
2026-05-14,8,Delhi,Saket,9,9,5.96,108
2026-05-14,9,Delhi,Saket,7,7,5.83,84
2026-05-14,10,Delhi,Saket,9,9,6.41,108
2026-05-14,11,Delhi,Saket,8,8,5.24,96
2026-05-14,12,Delhi,Saket,6,6,5.68,72
2026-05-14,13,Delhi,Saket,9,9,6.06,108
2026-05-14,14,Delhi,Saket,9,9,5.51,108
2026-05-14,15,Delhi,Saket,9,9,6.02,108
2026-05-14,16,Delhi,Saket,6,6,5.95,72
2026-05-14,17,Delhi,Saket,8,8,5.99,96
2026-05-14,18,Delhi,Saket,8,8,6.16,96
2026-05-14,19,Delhi,Saket,6,6,5.45,72
2026-05-14,20,Delhi,Saket,8,8,5.76,96
2026-05-14,8,Mumbai,Bandra,7,7,6.11,84
2026-05-14,9,Mumbai,Bandra,8,8,6.36,96
2026-05-14,11,Mumbai,Bandra,8,8,5.78,96
2026-05-14,12,Mumbai,Bandra,6,6,6.78,72
2026-05-14,14,Mumbai,Bandra,8,8,5.73,96
2026-05-14,15,Mumbai,Bandra,9,9,6.03,108
2026-05-14,16,Mumbai,Bandra,9,9,6.06,108
2026-05-14,17,Mumbai,Bandra,7,7,6.36,84
2026-05-14,18,Mumbai,Bandra,6,6,5.92,72
2026-05-14,7,Mumbai,Andheri,8,8,6.18,96
2026-05-14,8,Mumbai,Andheri,9,9,6.15,108
2026-05-14,9,Mumbai,Andheri,8,8,6.32,96
2026-05-14,10,Mumbai,Andheri,8,8,5.37,96
2026-05-14,11,Mumbai,Andheri,8,8,5.89,96
2026-05-14,12,Mumbai,Andheri,9,9,5.42,108
2026-05-14,13,Mumbai,Andheri,8,8,5.85,96
2026-05-14,14,Mumbai,Andheri,8,8,6.52,96
2026-05-14,15,Mumbai,Andheri,8,8,6.41,96
2026-05-14,16,Mumbai,Andheri,6,6,6.12,72
2026-05-14,17,Mumbai,Andheri,9,9,6.05,108
2026-05-14,18,Mumbai,Andheri,8,8,6.29,96
2026-05-14,19,Mumbai,Andheri,6,6,5.95,72
2026-05-14,20,Mumbai,Andheri,7,7,5.34,84
2026-05-14,7,Bengaluru,Indiranagar,8,8,5.87,96
2026-05-14,8,Bengaluru,Indiranagar,9,9,5.06,108
2026-05-14,9,Bengaluru,Indiranagar,9,9,6.24,108
2026-05-14,10,Bengaluru,Indiranagar,8,8,5.75,96
2026-05-14,11,Bengaluru,Indiranagar,6,6,6.41,72
2026-05-14,12,Bengaluru,Indiranagar,6,6,5.55,72
2026-05-14,13,Bengaluru,Indiranagar,8,8,5.69,96
2026-05-14,14,Bengaluru,Indiranagar,9,9,6.05,108
2026-05-14,15,Bengaluru,Indiranagar,7,7,6.48,84
2026-05-14,16,Bengaluru,Indiranagar,9,9,6.42,108
2026-05-14,17,Bengaluru,Indiranagar,6,6,6.41,72
2026-05-14,18,Bengaluru,Indiranagar,9,9,5.73,108
2026-05-14,19,Bengaluru,Indiranagar,8,8,5.73,96
2026-05-14,20,Bengaluru,Indiranagar,7,7,5.68,84
2026-05-14,7,Bengaluru,Koramangala,9,9,5.62,108
2026-05-14,8,Bengaluru,Koramangala,9,9,5.82,108
2026-05-14,9,Bengaluru,Koramangala,6,6,6.69,72
2026-05-14,10,Bengaluru,Koramangala,9,9,5.31,108
2026-05-14,11,Bengaluru,Koramangala,7,7,5.68,84
2026-05-14,12,Bengaluru,Koramangala,9,9,6.31,108
2026-05-14,13,Bengaluru,Koramangala,6,6,5.71,72
2026-05-14,14,Bengaluru,Koramangala,9,9,6.29,108
2026-05-14,15,Bengaluru,Koramangala,6,6,5.99,72
2026-05-14,16,Bengaluru,Koramangala,8,8,5.67,96
2026-05-14,17,Bengaluru,Koramangala,6,6,5.91,72
2026-05-14,18,Bengaluru,Koramangala,9,9,5.9,108
2026-05-14,19,Bengaluru,Koramangala,7,7,6.37,84
2026-05-14,20,Bengaluru,Koramangala,8,8,6.1,96
2026-05-14,7,Hyderabad,Banjara Hills,8,8,6.53,96
2026-05-14,8,Hyderabad,Banjara Hills,9,9,6.18,108
2026-05-14,9,Hyderabad,Banjara Hills,7,7,6.42,84
2026-05-14,10,Hyderabad,Banjara Hills,8,8,6.19,96
2026-05-14,11,Hyderabad,Banjara Hills,7,7,6.12,84
2026-05-14,12,Hyderabad,Banjara Hills,7,7,6.28,84
2026-05-14,13,Hyderabad,Banjara Hills,8,8,5.96,96
2026-05-14,14,Hyderabad,Banjara Hills,7,7,5.9,84
2026-05-14,15,Hyderabad,Banjara Hills,6,6,6.21,72
2026-05-14,16,Hyderabad,Banjara Hills,6,6,6.46,72
2026-05-14,17,Hyderabad,Banjara Hills,7,7,5.81,84
2026-05-14,18,Hyderabad,Banjara Hills,7,7,5.87,84
2026-05-14,19,Hyderabad,Banjara Hills,7,7,6.66,84
2026-05-14,20,Hyderabad,Banjara Hills,9,9,5.78,108
2026-05-14,7,Hyderabad,Gachibowli,6,6,6.11,72
2026-05-14,8,Hyderabad,Gachibowli,8,8,6.12,96
2026-05-14,9,Hyderabad,Gachibowli,7,7,5.68,84
2026-05-14,10,Hyderabad,Gachibowli,8,8,5.61,96
2026-05-14,11,Hyderabad,Gachibowli,9,9,6.05,108
2026-05-14,12,Hyderabad,Gachibowli,9,9,6.45,108
2026-05-14,13,Hyderabad,Gachibowli,7,7,5.84,84
2026-05-14,14,Hyderabad,Gachibowli,7,7,6.17,84
2026-05-14,15,Hyderabad,Gachibowli,8,8,5.54,96
2026-05-14,16,Hyderabad,Gachibowli,7,7,5.93,84
2026-05-14,17,Hyderabad,Gachibowli,8,8,5.8,96
2026-05-14,18,Hyderabad,Gachibowli,6,6,5.87,72
2026-05-14,19,Hyderabad,Gachibowli,9,9,6.84,108
2026-05-14,20,Hyderabad,Gachibowli,8,8,5.27,96
2026-05-15,7,Ahmedabad,Satellite,9,9,5.9,108
2026-05-15,8,Ahmedabad,Satellite,7,7,5.74,84
2026-05-15,9,Ahmedabad,Satellite,6,6,6.27,72
2026-05-15,10,Ahmedabad,Satellite,7,7,6.29,84
2026-05-15,11,Ahmedabad,Satellite,9,9,6.44,108
2026-05-15,12,Ahmedabad,Satellite,8,8,6.51,96
2026-05-15,13,Ahmedabad,Satellite,8,8,5.78,96
2026-05-15,14,Ahmedabad,Satellite,7,7,6.2,84
2026-05-15,15,Ahmedabad,Satellite,8,8,5.67,96
2026-05-15,16,Ahmedabad,Satellite,6,6,5.37,72
2026-05-15,17,Ahmedabad,Satellite,9,9,6.03,108
2026-05-15,18,Ahmedabad,Satellite,9,9,6.12,108
2026-05-15,19,Ahmedabad,Satellite,8,8,6.42,96
2026-05-15,20,Ahmedabad,Satellite,6,6,6.06,72
2026-05-15,7,Ahmedabad,Navrangpura,6,6,6.15,72
2026-05-15,8,Ahmedabad,Navrangpura,9,9,5.57,108
2026-05-15,9,Ahmedabad,Navrangpura,6,6,6.27,72
2026-05-15,10,Ahmedabad,Navrangpura,7,7,5.78,84
2026-05-15,11,Ahmedabad,Navrangpura,6,6,6.04,72
2026-05-15,12,Ahmedabad,Navrangpura,7,7,5.6,84
2026-05-15,13,Ahmedabad,Navrangpura,7,7,5.84,84
2026-05-15,14,Ahmedabad,Navrangpura,8,8,6.69,96
2026-05-15,15,Ahmedabad,Navrangpura,9,9,6.05,108
2026-05-15,16,Ahmedabad,Navrangpura,8,8,6.57,96
2026-05-15,17,Ahmedabad,Navrangpura,8,8,5.94,96
2026-05-15,18,Ahmedabad,Navrangpura,8,8,5.84,96
2026-05-15,19,Ahmedabad,Navrangpura,9,9,6.1,108
2026-05-15,20,Ahmedabad,Navrangpura,6,6,5.48,72
2026-05-15,7,Jaipur,C-Scheme,9,9,6.21,108
2026-05-15,8,Jaipur,C-Scheme,8,8,5.91,96
2026-05-15,9,Jaipur,C-Scheme,7,7,6.41,84
2026-05-15,10,Jaipur,C-Scheme,8,8,6.29,96
2026-05-15,11,Jaipur,C-Scheme,7,7,5.48,84
2026-05-15,12,Jaipur,C-Scheme,9,9,5.62,108
2026-05-15,13,Jaipur,C-Scheme,9,9,5.47,108
2026-05-15,14,Jaipur,C-Scheme,6,6,6.22,72
2026-05-15,15,Jaipur,C-Scheme,7,7,6.32,84
2026-05-15,16,Jaipur,C-Scheme,8,8,5.87,96
2026-05-15,17,Jaipur,C-Scheme,7,7,6.37,84
2026-05-15,18,Jaipur,C-Scheme,7,7,5.78,84
2026-05-15,19,Jaipur,C-Scheme,8,8,5.38,96
2026-05-15,20,Jaipur,C-Scheme,7,7,5.77,84
2026-05-15,7,Jaipur,Malviya Nagar,6,6,5.71,72
2026-05-15,8,Jaipur,Malviya Nagar,8,8,6.33,96
2026-05-15,9,Jaipur,Malviya Nagar,8,8,5.78,96
2026-05-15,10,Jaipur,Malviya Nagar,8,8,5.93,96
2026-05-15,11,Jaipur,Malviya Nagar,8,8,5.53,96
2026-05-15,12,Jaipur,Malviya Nagar,7,7,6.27,84
2026-05-15,13,Jaipur,Malviya Nagar,6,6,5.71,72
2026-05-15,14,Jaipur,Malviya Nagar,6,6,5.85,72
2026-05-15,15,Jaipur,Malviya Nagar,6,6,5.41,72
2026-05-15,16,Jaipur,Malviya Nagar,8,8,5.82,96
2026-05-15,17,Jaipur,Malviya Nagar,9,9,6.21,108
2026-05-15,18,Jaipur,Malviya Nagar,8,8,5.94,96
2026-05-15,19,Jaipur,Malviya Nagar,7,7,6.23,84
2026-05-15,20,Jaipur,Malviya Nagar,6,6,6.31,72
2026-05-15,7,Delhi,Connaught Place,8,8,6.61,96
2026-05-15,8,Delhi,Connaught Place,7,7,6.53,84
2026-05-15,9,Delhi,Connaught Place,6,6,5.66,72
2026-05-15,10,Delhi,Connaught Place,8,8,5.59,96
2026-05-15,11,Delhi,Connaught Place,7,7,6.02,84
2026-05-15,12,Delhi,Connaught Place,9,9,5.29,108
2026-05-15,13,Delhi,Connaught Place,9,9,6.51,108
2026-05-15,14,Delhi,Connaught Place,9,9,6.23,108
2026-05-15,15,Delhi,Connaught Place,8,8,5.68,96
2026-05-15,16,Delhi,Connaught Place,8,8,6.12,96
2026-05-15,17,Delhi,Connaught Place,7,7,6.18,84
2026-05-15,18,Delhi,Connaught Place,8,8,6.24,96
2026-05-15,19,Delhi,Connaught Place,6,6,5.55,72
2026-05-15,20,Delhi,Connaught Place,8,8,6.09,96
2026-05-15,7,Delhi,Saket,6,6,5.96,72
2026-05-15,8,Delhi,Saket,7,7,6.35,84
2026-05-15,9,Delhi,Saket,9,9,6.56,108
2026-05-15,10,Delhi,Saket,8,8,6.17,96
2026-05-15,11,Delhi,Saket,7,7,5.9,84
2026-05-15,12,Delhi,Saket,9,9,5.31,108
2026-05-15,13,Delhi,Saket,7,7,5.87,84
2026-05-15,14,Delhi,Saket,8,8,6.2,96
2026-05-15,15,Delhi,Saket,6,6,5.5,72
2026-05-15,16,Delhi,Saket,6,6,5.63,72
2026-05-15,17,Delhi,Saket,8,8,6.12,96
2026-05-15,18,Delhi,Saket,7,7,5.77,84
2026-05-15,19,Delhi,Saket,8,8,6.43,96
2026-05-15,20,Delhi,Saket,7,7,6.37,84
2026-05-15,7,Mumbai,Bandra,6,6,6.65,72
2026-05-15,8,Mumbai,Bandra,6,6,6.39,72
2026-05-15,9,Mumbai,Bandra,6,6,5.52,72
2026-05-15,10,Mumbai,Bandra,9,9,6.42,108
2026-05-15,12,Mumbai,Bandra,9,9,5.91,108
2026-05-15,13,Mumbai,Bandra,9,9,6.01,108
2026-05-15,15,Mumbai,Bandra,8,8,6.71,96
2026-05-15,16,Mumbai,Bandra,7,7,6.34,84
2026-05-15,17,Mumbai,Bandra,6,6,6.1,72
2026-05-15,18,Mumbai,Bandra,7,7,6.5,84
2026-05-15,20,Mumbai,Bandra,7,7,6.11,84
2026-05-15,7,Mumbai,Andheri,9,9,6.13,108
2026-05-15,8,Mumbai,Andheri,6,6,5.75,72
2026-05-15,9,Mumbai,Andheri,8,8,5.33,96
2026-05-15,10,Mumbai,Andheri,7,7,5.07,84
2026-05-15,11,Mumbai,Andheri,6,6,5.85,72
2026-05-15,12,Mumbai,Andheri,6,6,5.9,72
2026-05-15,13,Mumbai,Andheri,9,9,6.56,108
2026-05-15,14,Mumbai,Andheri,9,9,6.21,108
2026-05-15,15,Mumbai,Andheri,7,7,6.2,84
2026-05-15,16,Mumbai,Andheri,8,8,6.12,96
2026-05-15,17,Mumbai,Andheri,9,9,5.49,108
2026-05-15,18,Mumbai,Andheri,9,9,6.38,108
2026-05-15,19,Mumbai,Andheri,8,8,5.77,96
2026-05-15,20,Mumbai,Andheri,8,8,6.01,96
2026-05-15,7,Bengaluru,Indiranagar,6,6,5.82,72
2026-05-15,8,Bengaluru,Indiranagar,8,8,6.74,96
2026-05-15,9,Bengaluru,Indiranagar,7,7,5.73,84
2026-05-15,10,Bengaluru,Indiranagar,7,7,5.81,84
2026-05-15,11,Bengaluru,Indiranagar,7,7,6.28,84
2026-05-15,12,Bengaluru,Indiranagar,8,8,5.9,96
2026-05-15,13,Bengaluru,Indiranagar,9,9,6.04,108
2026-05-15,14,Bengaluru,Indiranagar,7,7,6.18,84
2026-05-15,15,Bengaluru,Indiranagar,8,8,5.97,96
2026-05-15,16,Bengaluru,Indiranagar,8,8,5.85,96
2026-05-15,17,Bengaluru,Indiranagar,9,9,5.85,108
2026-05-15,18,Bengaluru,Indiranagar,6,6,6.79,72
2026-05-15,19,Bengaluru,Indiranagar,9,9,6.29,108
2026-05-15,20,Bengaluru,Indiranagar,7,7,5.78,84
2026-05-15,7,Bengaluru,Koramangala,7,7,5.42,84
2026-05-15,8,Bengaluru,Koramangala,9,9,5.82,108
2026-05-15,9,Bengaluru,Koramangala,7,7,5.76,84
2026-05-15,10,Bengaluru,Koramangala,9,9,6.5,108
2026-05-15,11,Bengaluru,Koramangala,8,8,6.29,96
2026-05-15,12,Bengaluru,Koramangala,9,9,6.61,108
2026-05-15,13,Bengaluru,Koramangala,6,6,6.4,72
2026-05-15,14,Bengaluru,Koramangala,7,7,6.21,84
2026-05-15,15,Bengaluru,Koramangala,8,8,6.3,96
2026-05-15,16,Bengaluru,Koramangala,9,9,6.74,108
2026-05-15,17,Bengaluru,Koramangala,6,6,5.62,72
2026-05-15,18,Bengaluru,Koramangala,9,9,5.59,108
2026-05-15,19,Bengaluru,Koramangala,7,7,6.45,84
2026-05-15,20,Bengaluru,Koramangala,9,9,5.79,108
2026-05-15,7,Hyderabad,Banjara Hills,9,9,5.73,108
2026-05-15,8,Hyderabad,Banjara Hills,9,9,6.22,108
2026-05-15,9,Hyderabad,Banjara Hills,8,8,6.07,96
2026-05-15,10,Hyderabad,Banjara Hills,6,6,5.79,72
2026-05-15,11,Hyderabad,Banjara Hills,9,9,6.14,108
2026-05-15,12,Hyderabad,Banjara Hills,8,8,6.23,96
2026-05-15,13,Hyderabad,Banjara Hills,7,7,6.21,84
2026-05-15,14,Hyderabad,Banjara Hills,9,9,6.18,108
2026-05-15,15,Hyderabad,Banjara Hills,7,7,6.15,84
2026-05-15,16,Hyderabad,Banjara Hills,8,8,6.32,96
2026-05-15,17,Hyderabad,Banjara Hills,9,9,6.17,108
2026-05-15,18,Hyderabad,Banjara Hills,6,6,5.61,72
2026-05-15,19,Hyderabad,Banjara Hills,6,6,5.83,72
2026-05-15,20,Hyderabad,Banjara Hills,7,7,6.08,84
2026-05-15,7,Hyderabad,Gachibowli,8,8,5.55,96
2026-05-15,8,Hyderabad,Gachibowli,6,6,5.55,72
2026-05-15,9,Hyderabad,Gachibowli,7,7,4.75,84
2026-05-15,10,Hyderabad,Gachibowli,6,6,5.95,72
2026-05-15,11,Hyderabad,Gachibowli,8,8,6.72,96
2026-05-15,12,Hyderabad,Gachibowli,8,8,5.61,96
2026-05-15,13,Hyderabad,Gachibowli,8,8,5.41,96
2026-05-15,14,Hyderabad,Gachibowli,6,6,5.48,72
2026-05-15,15,Hyderabad,Gachibowli,8,8,5.91,96
2026-05-15,16,Hyderabad,Gachibowli,7,7,5.93,84
2026-05-15,17,Hyderabad,Gachibowli,6,6,6.27,72
2026-05-15,18,Hyderabad,Gachibowli,9,9,5.87,108
2026-05-15,19,Hyderabad,Gachibowli,8,8,5.56,96
2026-05-15,20,Hyderabad,Gachibowli,9,9,5.46,108
2026-05-16,7,Ahmedabad,Satellite,7,7,6.26,84
2026-05-16,8,Ahmedabad,Satellite,6,6,5.86,72
2026-05-16,9,Ahmedabad,Satellite,9,9,5.97,108
2026-05-16,10,Ahmedabad,Satellite,7,7,5.5,84
2026-05-16,11,Ahmedabad,Satellite,8,8,5.77,96
2026-05-16,12,Ahmedabad,Satellite,9,9,6.27,108
2026-05-16,13,Ahmedabad,Satellite,8,8,5.62,96
2026-05-16,14,Ahmedabad,Satellite,9,9,6.03,108
2026-05-16,15,Ahmedabad,Satellite,9,9,6.05,108
2026-05-16,16,Ahmedabad,Satellite,7,7,6.14,84
2026-05-16,17,Ahmedabad,Satellite,8,8,6.22,96
2026-05-16,18,Ahmedabad,Satellite,7,7,5.81,84
2026-05-16,19,Ahmedabad,Satellite,9,9,6.37,108
2026-05-16,20,Ahmedabad,Satellite,9,9,6.27,108
2026-05-16,7,Ahmedabad,Navrangpura,8,8,6.26,96
2026-05-16,8,Ahmedabad,Navrangpura,6,6,6.28,72
2026-05-16,9,Ahmedabad,Navrangpura,6,6,5.99,72
2026-05-16,10,Ahmedabad,Navrangpura,9,9,6.07,108
2026-05-16,11,Ahmedabad,Navrangpura,8,8,5.8,96
2026-05-16,12,Ahmedabad,Navrangpura,9,9,5.47,108
2026-05-16,13,Ahmedabad,Navrangpura,7,7,5.92,84
2026-05-16,14,Ahmedabad,Navrangpura,9,9,5.52,108
2026-05-16,15,Ahmedabad,Navrangpura,6,6,6.57,72
2026-05-16,16,Ahmedabad,Navrangpura,8,8,5.35,96
2026-05-16,17,Ahmedabad,Navrangpura,7,7,4.99,84
2026-05-16,18,Ahmedabad,Navrangpura,7,7,5.84,84
2026-05-16,19,Ahmedabad,Navrangpura,9,9,5.87,108
2026-05-16,20,Ahmedabad,Navrangpura,8,8,6.04,96
2026-05-16,7,Jaipur,C-Scheme,8,8,5.31,96
2026-05-16,8,Jaipur,C-Scheme,7,7,6.03,84
2026-05-16,9,Jaipur,C-Scheme,8,8,6.74,96
2026-05-16,10,Jaipur,C-Scheme,6,6,5.51,72
2026-05-16,11,Jaipur,C-Scheme,7,7,5.63,84
2026-05-16,12,Jaipur,C-Scheme,7,7,5.59,84
2026-05-16,13,Jaipur,C-Scheme,6,6,6.01,72
2026-05-16,14,Jaipur,C-Scheme,6,6,5.78,72
2026-05-16,15,Jaipur,C-Scheme,7,7,5.77,84
2026-05-16,16,Jaipur,C-Scheme,6,6,5.81,72
2026-05-16,17,Jaipur,C-Scheme,6,6,5.9,72
2026-05-16,18,Jaipur,C-Scheme,6,6,5.86,72
2026-05-16,19,Jaipur,C-Scheme,6,6,6.06,72
2026-05-16,20,Jaipur,C-Scheme,7,7,6.1,84
2026-05-16,7,Jaipur,Malviya Nagar,7,7,5.94,84
2026-05-16,8,Jaipur,Malviya Nagar,7,7,6.86,84
2026-05-16,9,Jaipur,Malviya Nagar,7,7,5.58,84
2026-05-16,10,Jaipur,Malviya Nagar,6,6,5.63,72
2026-05-16,11,Jaipur,Malviya Nagar,8,8,6.42,96
2026-05-16,12,Jaipur,Malviya Nagar,9,9,5.84,108
2026-05-16,13,Jaipur,Malviya Nagar,9,9,6.8,108
2026-05-16,14,Jaipur,Malviya Nagar,8,8,6.0,96
2026-05-16,15,Jaipur,Malviya Nagar,6,6,6.21,72
2026-05-16,16,Jaipur,Malviya Nagar,8,8,5.76,96
2026-05-16,17,Jaipur,Malviya Nagar,8,8,5.66,96
2026-05-16,18,Jaipur,Malviya Nagar,8,8,6.54,96
2026-05-16,19,Jaipur,Malviya Nagar,6,6,5.81,72
2026-05-16,20,Jaipur,Malviya Nagar,8,8,5.56,96
2026-05-16,7,Delhi,Connaught Place,7,7,5.83,84
2026-05-16,8,Delhi,Connaught Place,8,8,5.03,96
2026-05-16,9,Delhi,Connaught Place,9,9,5.8,108
2026-05-16,10,Delhi,Connaught Place,8,8,6.32,96
2026-05-16,11,Delhi,Connaught Place,7,7,5.72,84
2026-05-16,12,Delhi,Connaught Place,6,6,5.82,72
2026-05-16,13,Delhi,Connaught Place,9,9,6.59,108
2026-05-16,14,Delhi,Connaught Place,7,7,5.67,84
2026-05-16,15,Delhi,Connaught Place,9,9,5.55,108
2026-05-16,16,Delhi,Connaught Place,8,8,5.41,96
2026-05-16,17,Delhi,Connaught Place,6,6,6.08,72
2026-05-16,18,Delhi,Connaught Place,6,6,6.51,72
2026-05-16,19,Delhi,Connaught Place,9,9,6.96,108
2026-05-16,20,Delhi,Connaught Place,7,7,5.97,84
2026-05-16,7,Delhi,Saket,8,8,5.48,96
2026-05-16,8,Delhi,Saket,8,8,6.28,96
2026-05-16,9,Delhi,Saket,7,7,6.26,84
2026-05-16,10,Delhi,Saket,8,8,5.54,96
2026-05-16,11,Delhi,Saket,6,6,6.08,72
2026-05-16,12,Delhi,Saket,7,7,6.06,84
2026-05-16,13,Delhi,Saket,6,6,6.48,72
2026-05-16,14,Delhi,Saket,8,8,6.82,96
2026-05-16,15,Delhi,Saket,6,6,6.29,72
2026-05-16,16,Delhi,Saket,9,9,4.85,108
2026-05-16,17,Delhi,Saket,6,6,5.25,72
2026-05-16,18,Delhi,Saket,6,6,5.79,72
2026-05-16,19,Delhi,Saket,9,9,5.91,108
2026-05-16,20,Delhi,Saket,6,6,6.34,72
2026-05-16,7,Mumbai,Bandra,6,6,5.86,72
2026-05-16,10,Mumbai,Bandra,9,9,5.53,108
2026-05-16,12,Mumbai,Bandra,6,6,6.29,72
2026-05-16,15,Mumbai,Bandra,7,7,5.32,84
2026-05-16,16,Mumbai,Bandra,8,8,5.73,96
2026-05-16,18,Mumbai,Bandra,6,6,5.96,72
2026-05-16,19,Mumbai,Bandra,7,7,6.89,84
2026-05-16,20,Mumbai,Bandra,6,6,6.0,72
2026-05-16,7,Mumbai,Andheri,9,9,5.76,108
2026-05-16,8,Mumbai,Andheri,6,6,5.9,72
2026-05-16,9,Mumbai,Andheri,6,6,5.69,72
2026-05-16,10,Mumbai,Andheri,9,9,5.92,108
2026-05-16,11,Mumbai,Andheri,9,9,5.68,108
2026-05-16,12,Mumbai,Andheri,6,6,6.0,72
2026-05-16,13,Mumbai,Andheri,9,9,5.67,108
2026-05-16,14,Mumbai,Andheri,9,9,6.44,108
2026-05-16,15,Mumbai,Andheri,9,9,5.93,108
2026-05-16,16,Mumbai,Andheri,6,6,5.2,72
2026-05-16,17,Mumbai,Andheri,7,7,6.15,84
2026-05-16,18,Mumbai,Andheri,9,9,6.7,108
2026-05-16,19,Mumbai,Andheri,9,9,6.45,108
2026-05-16,20,Mumbai,Andheri,9,9,5.52,108
2026-05-16,7,Bengaluru,Indiranagar,7,7,6.49,84
2026-05-16,8,Bengaluru,Indiranagar,8,8,5.64,96
2026-05-16,9,Bengaluru,Indiranagar,6,6,6.29,72
2026-05-16,10,Bengaluru,Indiranagar,9,9,6.11,108
2026-05-16,11,Bengaluru,Indiranagar,9,9,5.61,108
2026-05-16,12,Bengaluru,Indiranagar,6,6,6.71,72
2026-05-16,13,Bengaluru,Indiranagar,8,8,6.14,96
2026-05-16,14,Bengaluru,Indiranagar,6,6,5.83,72
2026-05-16,15,Bengaluru,Indiranagar,7,7,6.07,84
2026-05-16,16,Bengaluru,Indiranagar,8,8,6.16,96
2026-05-16,17,Bengaluru,Indiranagar,8,8,5.69,96
2026-05-16,18,Bengaluru,Indiranagar,6,6,5.41,72
2026-05-16,19,Bengaluru,Indiranagar,7,7,5.3,84
2026-05-16,20,Bengaluru,Indiranagar,8,8,5.87,96
2026-05-16,7,Bengaluru,Koramangala,7,7,6.2,84
2026-05-16,8,Bengaluru,Koramangala,6,6,6.79,72
2026-05-16,9,Bengaluru,Koramangala,9,9,6.91,108
2026-05-16,10,Bengaluru,Koramangala,8,8,5.91,96
2026-05-16,11,Bengaluru,Koramangala,9,9,5.43,108
2026-05-16,12,Bengaluru,Koramangala,6,6,6.4,72
2026-05-16,13,Bengaluru,Koramangala,6,6,5.98,72
2026-05-16,14,Bengaluru,Koramangala,8,8,5.23,96
2026-05-16,15,Bengaluru,Koramangala,9,9,6.34,108
2026-05-16,16,Bengaluru,Koramangala,6,6,5.91,72
2026-05-16,17,Bengaluru,Koramangala,8,8,6.45,96
2026-05-16,18,Bengaluru,Koramangala,7,7,5.74,84
2026-05-16,19,Bengaluru,Koramangala,9,9,6.02,108
2026-05-16,20,Bengaluru,Koramangala,6,6,6.02,72
2026-05-16,7,Hyderabad,Banjara Hills,7,7,6.03,84
2026-05-16,8,Hyderabad,Banjara Hills,8,8,4.95,96
2026-05-16,9,Hyderabad,Banjara Hills,7,7,5.45,84
2026-05-16,10,Hyderabad,Banjara Hills,8,8,6.65,96
2026-05-16,11,Hyderabad,Banjara Hills,6,6,6.34,72
2026-05-16,12,Hyderabad,Banjara Hills,6,6,5.9,72
2026-05-16,13,Hyderabad,Banjara Hills,9,9,5.74,108
2026-05-16,14,Hyderabad,Banjara Hills,8,8,6.78,96
2026-05-16,15,Hyderabad,Banjara Hills,6,6,5.06,72
2026-05-16,16,Hyderabad,Banjara Hills,6,6,6.41,72
2026-05-16,17,Hyderabad,Banjara Hills,9,9,6.66,108
2026-05-16,18,Hyderabad,Banjara Hills,9,9,6.42,108
2026-05-16,19,Hyderabad,Banjara Hills,9,9,6.02,108
2026-05-16,20,Hyderabad,Banjara Hills,7,7,5.17,84
2026-05-16,7,Hyderabad,Gachibowli,8,8,6.25,96
2026-05-16,8,Hyderabad,Gachibowli,6,6,5.95,72
2026-05-16,9,Hyderabad,Gachibowli,7,7,5.61,84
2026-05-16,10,Hyderabad,Gachibowli,8,8,5.6,96
2026-05-16,11,Hyderabad,Gachibowli,9,9,6.75,108
2026-05-16,12,Hyderabad,Gachibowli,6,6,6.0,72
2026-05-16,13,Hyderabad,Gachibowli,9,9,5.61,108
2026-05-16,14,Hyderabad,Gachibowli,8,8,6.26,96
2026-05-16,15,Hyderabad,Gachibowli,7,7,5.39,84
2026-05-16,16,Hyderabad,Gachibowli,6,6,6.19,72
2026-05-16,17,Hyderabad,Gachibowli,9,9,6.21,108
2026-05-16,18,Hyderabad,Gachibowli,6,6,6.66,72
2026-05-16,19,Hyderabad,Gachibowli,6,6,5.91,72
2026-05-16,20,Hyderabad,Gachibowli,7,7,6.27,84
2026-05-17,7,Ahmedabad,Satellite,8,8,5.75,96
2026-05-17,8,Ahmedabad,Satellite,9,9,6.11,108
2026-05-17,9,Ahmedabad,Satellite,8,8,6.09,96
2026-05-17,10,Ahmedabad,Satellite,6,6,5.65,72
2026-05-17,11,Ahmedabad,Satellite,8,8,5.82,96
2026-05-17,12,Ahmedabad,Satellite,8,8,5.66,96
2026-05-17,13,Ahmedabad,Satellite,7,7,6.17,84
2026-05-17,14,Ahmedabad,Satellite,7,7,6.39,84
2026-05-17,15,Ahmedabad,Satellite,6,6,5.77,72
2026-05-17,16,Ahmedabad,Satellite,6,6,6.62,72
2026-05-17,17,Ahmedabad,Satellite,9,9,6.01,108
2026-05-17,18,Ahmedabad,Satellite,6,6,5.93,72
2026-05-17,19,Ahmedabad,Satellite,9,9,6.47,108
2026-05-17,20,Ahmedabad,Satellite,7,7,6.45,84
2026-05-17,7,Ahmedabad,Navrangpura,7,7,5.65,84
2026-05-17,8,Ahmedabad,Navrangpura,8,8,6.77,96
2026-05-17,9,Ahmedabad,Navrangpura,9,9,5.82,108
2026-05-17,10,Ahmedabad,Navrangpura,7,7,6.57,84
2026-05-17,11,Ahmedabad,Navrangpura,9,9,6.56,108
2026-05-17,12,Ahmedabad,Navrangpura,7,7,6.59,84
2026-05-17,13,Ahmedabad,Navrangpura,7,7,6.23,84
2026-05-17,14,Ahmedabad,Navrangpura,7,7,6.31,84
2026-05-17,15,Ahmedabad,Navrangpura,9,9,5.7,108
2026-05-17,16,Ahmedabad,Navrangpura,7,7,6.57,84
2026-05-17,17,Ahmedabad,Navrangpura,8,8,5.5,96
2026-05-17,18,Ahmedabad,Navrangpura,9,9,5.95,108
2026-05-17,19,Ahmedabad,Navrangpura,6,6,5.58,72
2026-05-17,20,Ahmedabad,Navrangpura,8,8,6.12,96
2026-05-17,7,Jaipur,C-Scheme,9,9,6.1,108
2026-05-17,8,Jaipur,C-Scheme,9,9,5.78,108
2026-05-17,9,Jaipur,C-Scheme,7,7,6.0,84
2026-05-17,10,Jaipur,C-Scheme,7,7,6.09,84
2026-05-17,11,Jaipur,C-Scheme,6,6,6.11,72
2026-05-17,12,Jaipur,C-Scheme,6,6,5.44,72
2026-05-17,13,Jaipur,C-Scheme,9,9,6.07,108
2026-05-17,14,Jaipur,C-Scheme,8,8,6.45,96
2026-05-17,15,Jaipur,C-Scheme,9,9,6.71,108
2026-05-17,16,Jaipur,C-Scheme,6,6,6.05,72
2026-05-17,17,Jaipur,C-Scheme,6,6,5.42,72
2026-05-17,18,Jaipur,C-Scheme,8,8,6.17,96
2026-05-17,19,Jaipur,C-Scheme,7,7,5.97,84
2026-05-17,20,Jaipur,C-Scheme,7,7,7.21,84
2026-05-17,7,Jaipur,Malviya Nagar,8,8,5.65,96
2026-05-17,8,Jaipur,Malviya Nagar,6,6,6.16,72
2026-05-17,9,Jaipur,Malviya Nagar,7,7,5.62,84
2026-05-17,10,Jaipur,Malviya Nagar,6,6,6.84,72
2026-05-17,11,Jaipur,Malviya Nagar,9,9,6.14,108
2026-05-17,12,Jaipur,Malviya Nagar,8,8,5.84,96
2026-05-17,13,Jaipur,Malviya Nagar,9,9,6.62,108
2026-05-17,14,Jaipur,Malviya Nagar,7,7,6.12,84
2026-05-17,15,Jaipur,Malviya Nagar,6,6,6.97,72
2026-05-17,16,Jaipur,Malviya Nagar,6,6,6.07,72
2026-05-17,17,Jaipur,Malviya Nagar,9,9,6.43,108
2026-05-17,18,Jaipur,Malviya Nagar,6,6,6.19,72
2026-05-17,19,Jaipur,Malviya Nagar,6,6,5.83,72
2026-05-17,20,Jaipur,Malviya Nagar,7,7,5.51,84
2026-05-17,7,Delhi,Connaught Place,9,9,6.57,108
2026-05-17,8,Delhi,Connaught Place,8,8,5.74,96
2026-05-17,9,Delhi,Connaught Place,8,8,6.49,96
2026-05-17,10,Delhi,Connaught Place,7,7,5.82,84
2026-05-17,11,Delhi,Connaught Place,8,8,5.85,96
2026-05-17,12,Delhi,Connaught Place,7,7,5.97,84
2026-05-17,13,Delhi,Connaught Place,6,6,5.78,72
2026-05-17,14,Delhi,Connaught Place,7,7,6.09,84
2026-05-17,15,Delhi,Connaught Place,7,7,6.46,84
2026-05-17,16,Delhi,Connaught Place,9,9,6.74,108
2026-05-17,17,Delhi,Connaught Place,9,9,6.37,108
2026-05-17,18,Delhi,Connaught Place,9,9,5.94,108
2026-05-17,19,Delhi,Connaught Place,6,6,6.01,72
2026-05-17,20,Delhi,Connaught Place,7,7,6.23,84
2026-05-17,7,Delhi,Saket,7,7,6.25,84
2026-05-17,8,Delhi,Saket,6,6,5.95,72
2026-05-17,9,Delhi,Saket,8,8,6.5,96
2026-05-17,10,Delhi,Saket,9,9,6.35,108
2026-05-17,11,Delhi,Saket,9,9,5.67,108
2026-05-17,12,Delhi,Saket,6,6,5.66,72
2026-05-17,13,Delhi,Saket,9,9,6.1,108
2026-05-17,14,Delhi,Saket,6,6,6.21,72
2026-05-17,15,Delhi,Saket,6,6,5.8,72
2026-05-17,16,Delhi,Saket,8,8,6.1,96
2026-05-17,17,Delhi,Saket,7,7,6.17,84
2026-05-17,18,Delhi,Saket,6,6,5.88,72
2026-05-17,19,Delhi,Saket,7,7,6.02,84
2026-05-17,20,Delhi,Saket,7,7,6.16,84
2026-05-17,8,Mumbai,Bandra,8,8,6.19,96
2026-05-17,9,Mumbai,Bandra,9,9,5.34,108
2026-05-17,10,Mumbai,Bandra,7,7,5.39,84
2026-05-17,11,Mumbai,Bandra,9,9,5.47,108
2026-05-17,12,Mumbai,Bandra,7,7,5.86,84
2026-05-17,13,Mumbai,Bandra,9,9,5.45,108
2026-05-17,15,Mumbai,Bandra,7,7,6.16,84
2026-05-17,17,Mumbai,Bandra,9,9,6.17,108
2026-05-17,19,Mumbai,Bandra,9,9,5.7,108
2026-05-17,20,Mumbai,Bandra,7,7,5.45,84
2026-05-17,7,Mumbai,Andheri,7,7,5.44,84
2026-05-17,8,Mumbai,Andheri,8,8,5.81,96
2026-05-17,9,Mumbai,Andheri,6,6,6.43,72
2026-05-17,10,Mumbai,Andheri,6,6,5.8,72
2026-05-17,11,Mumbai,Andheri,6,6,5.36,72
2026-05-17,12,Mumbai,Andheri,9,9,6.05,108
2026-05-17,13,Mumbai,Andheri,9,9,5.83,108
2026-05-17,14,Mumbai,Andheri,9,9,6.88,108
2026-05-17,15,Mumbai,Andheri,9,9,5.95,108
2026-05-17,16,Mumbai,Andheri,6,6,7.28,72
2026-05-17,17,Mumbai,Andheri,9,9,6.47,108
2026-05-17,18,Mumbai,Andheri,6,6,5.39,72
2026-05-17,19,Mumbai,Andheri,9,9,5.46,108
2026-05-17,20,Mumbai,Andheri,6,6,6.1,72
2026-05-17,7,Bengaluru,Indiranagar,8,8,5.88,96
2026-05-17,8,Bengaluru,Indiranagar,6,6,6.44,72
2026-05-17,9,Bengaluru,Indiranagar,6,6,6.13,72
2026-05-17,10,Bengaluru,Indiranagar,9,9,6.33,108
2026-05-17,11,Bengaluru,Indiranagar,7,7,5.7,84
2026-05-17,12,Bengaluru,Indiranagar,7,7,6.02,84
2026-05-17,13,Bengaluru,Indiranagar,9,9,6.57,108
2026-05-17,14,Bengaluru,Indiranagar,9,9,5.91,108
2026-05-17,15,Bengaluru,Indiranagar,8,8,5.65,96
2026-05-17,16,Bengaluru,Indiranagar,7,7,6.13,84
2026-05-17,17,Bengaluru,Indiranagar,7,7,5.89,84
2026-05-17,18,Bengaluru,Indiranagar,6,6,5.96,72
2026-05-17,19,Bengaluru,Indiranagar,7,7,5.77,84
2026-05-17,20,Bengaluru,Indiranagar,8,8,5.69,96
2026-05-17,7,Bengaluru,Koramangala,8,8,4.79,96
2026-05-17,8,Bengaluru,Koramangala,9,9,5.76,108
2026-05-17,9,Bengaluru,Koramangala,8,8,5.9,96
2026-05-17,10,Bengaluru,Koramangala,8,8,6.48,96
2026-05-17,11,Bengaluru,Koramangala,8,8,5.78,96
2026-05-17,12,Bengaluru,Koramangala,6,6,5.98,72
2026-05-17,13,Bengaluru,Koramangala,6,6,5.84,72
2026-05-17,14,Bengaluru,Koramangala,7,7,6.04,84
2026-05-17,15,Bengaluru,Koramangala,8,8,5.83,96
2026-05-17,16,Bengaluru,Koramangala,7,7,5.6,84
2026-05-17,17,Bengaluru,Koramangala,6,6,6.02,72
2026-05-17,18,Bengaluru,Koramangala,9,9,6.12,108
2026-05-17,19,Bengaluru,Koramangala,8,8,6.3,96
2026-05-17,20,Bengaluru,Koramangala,7,7,6.31,84
2026-05-17,7,Hyderabad,Banjara Hills,7,7,6.12,84
2026-05-17,8,Hyderabad,Banjara Hills,6,6,6.25,72
2026-05-17,9,Hyderabad,Banjara Hills,9,9,5.88,108
2026-05-17,10,Hyderabad,Banjara Hills,9,9,5.58,108
2026-05-17,11,Hyderabad,Banjara Hills,8,8,6.7,96
2026-05-17,12,Hyderabad,Banjara Hills,8,8,6.71,96
2026-05-17,13,Hyderabad,Banjara Hills,9,9,5.71,108
2026-05-17,14,Hyderabad,Banjara Hills,8,8,5.87,96
2026-05-17,15,Hyderabad,Banjara Hills,6,6,5.49,72
2026-05-17,16,Hyderabad,Banjara Hills,9,9,5.21,108
2026-05-17,17,Hyderabad,Banjara Hills,6,6,6.12,72
2026-05-17,18,Hyderabad,Banjara Hills,8,8,6.18,96
2026-05-17,19,Hyderabad,Banjara Hills,9,9,6.19,108
2026-05-17,20,Hyderabad,Banjara Hills,6,6,5.39,72
2026-05-17,7,Hyderabad,Gachibowli,9,9,6.04,108
2026-05-17,8,Hyderabad,Gachibowli,7,7,5.09,84
2026-05-17,9,Hyderabad,Gachibowli,7,7,5.85,84
2026-05-17,10,Hyderabad,Gachibowli,8,8,5.88,96
2026-05-17,11,Hyderabad,Gachibowli,8,8,5.6,96
2026-05-17,12,Hyderabad,Gachibowli,8,8,5.27,96
2026-05-17,13,Hyderabad,Gachibowli,9,9,5.88,108
2026-05-17,14,Hyderabad,Gachibowli,9,9,5.45,108
2026-05-17,15,Hyderabad,Gachibowli,7,7,5.88,84
2026-05-17,16,Hyderabad,Gachibowli,6,6,5.82,72
2026-05-17,17,Hyderabad,Gachibowli,7,7,6.27,84
2026-05-17,18,Hyderabad,Gachibowli,9,9,5.51,108
2026-05-17,19,Hyderabad,Gachibowli,9,9,5.68,108
2026-05-17,20,Hyderabad,Gachibowli,7,7,5.84,84
2026-05-18,7,Ahmedabad,Satellite,8,8,6.21,96
2026-05-18,8,Ahmedabad,Satellite,7,7,6.45,84
2026-05-18,9,Ahmedabad,Satellite,6,6,6.16,72
2026-05-18,10,Ahmedabad,Satellite,7,7,5.29,84
2026-05-18,11,Ahmedabad,Satellite,8,8,5.91,96
2026-05-18,12,Ahmedabad,Satellite,6,6,6.49,72
2026-05-18,13,Ahmedabad,Satellite,9,9,6.11,108
2026-05-18,14,Ahmedabad,Satellite,6,6,6.09,72
2026-05-18,15,Ahmedabad,Satellite,8,8,5.95,96
2026-05-18,16,Ahmedabad,Satellite,8,8,6.33,96
2026-05-18,17,Ahmedabad,Satellite,9,9,5.35,108
2026-05-18,18,Ahmedabad,Satellite,8,8,5.09,96
2026-05-18,19,Ahmedabad,Satellite,8,8,5.83,96
2026-05-18,20,Ahmedabad,Satellite,7,7,6.27,84
2026-05-18,7,Ahmedabad,Navrangpura,8,8,5.73,96
2026-05-18,8,Ahmedabad,Navrangpura,9,9,5.77,108
2026-05-18,9,Ahmedabad,Navrangpura,7,7,6.58,84
2026-05-18,10,Ahmedabad,Navrangpura,7,7,6.68,84
2026-05-18,11,Ahmedabad,Navrangpura,9,9,6.13,108
2026-05-18,12,Ahmedabad,Navrangpura,8,8,6.53,96
2026-05-18,13,Ahmedabad,Navrangpura,7,7,5.84,84
2026-05-18,14,Ahmedabad,Navrangpura,7,7,5.95,84
2026-05-18,15,Ahmedabad,Navrangpura,6,6,5.93,72
2026-05-18,16,Ahmedabad,Navrangpura,9,9,5.55,108
2026-05-18,17,Ahmedabad,Navrangpura,9,9,6.22,108
2026-05-18,18,Ahmedabad,Navrangpura,8,8,6.57,96
2026-05-18,19,Ahmedabad,Navrangpura,7,7,6.76,84
2026-05-18,20,Ahmedabad,Navrangpura,9,9,5.37,108
2026-05-18,7,Jaipur,C-Scheme,7,7,5.75,84
2026-05-18,8,Jaipur,C-Scheme,9,9,6.52,108
2026-05-18,9,Jaipur,C-Scheme,7,7,5.9,84
2026-05-18,10,Jaipur,C-Scheme,6,6,5.68,72
2026-05-18,11,Jaipur,C-Scheme,8,8,6.45,96
2026-05-18,12,Jaipur,C-Scheme,7,7,6.32,84
2026-05-18,13,Jaipur,C-Scheme,8,8,6.16,96
2026-05-18,14,Jaipur,C-Scheme,8,8,4.94,96
2026-05-18,15,Jaipur,C-Scheme,8,8,6.19,96
2026-05-18,16,Jaipur,C-Scheme,7,7,5.85,84
2026-05-18,17,Jaipur,C-Scheme,9,9,5.56,108
2026-05-18,18,Jaipur,C-Scheme,6,6,6.38,72
2026-05-18,19,Jaipur,C-Scheme,6,6,6.2,72
2026-05-18,20,Jaipur,C-Scheme,8,8,5.75,96
2026-05-18,7,Jaipur,Malviya Nagar,9,9,5.46,108
2026-05-18,8,Jaipur,Malviya Nagar,9,9,5.95,108
2026-05-18,9,Jaipur,Malviya Nagar,9,9,5.37,108
2026-05-18,10,Jaipur,Malviya Nagar,9,9,5.87,108
2026-05-18,11,Jaipur,Malviya Nagar,8,8,5.28,96
2026-05-18,12,Jaipur,Malviya Nagar,6,6,5.5,72
2026-05-18,13,Jaipur,Malviya Nagar,9,9,6.71,108
2026-05-18,14,Jaipur,Malviya Nagar,7,7,6.08,84
2026-05-18,15,Jaipur,Malviya Nagar,9,9,5.86,108
2026-05-18,16,Jaipur,Malviya Nagar,8,8,5.8,96
2026-05-18,17,Jaipur,Malviya Nagar,9,9,5.74,108
2026-05-18,18,Jaipur,Malviya Nagar,7,7,6.29,84
2026-05-18,19,Jaipur,Malviya Nagar,9,9,6.36,108
2026-05-18,20,Jaipur,Malviya Nagar,6,6,6.02,72
2026-05-18,7,Delhi,Connaught Place,9,9,5.34,108
2026-05-18,8,Delhi,Connaught Place,7,7,5.61,84
2026-05-18,9,Delhi,Connaught Place,9,9,5.92,108
2026-05-18,10,Delhi,Connaught Place,6,6,6.11,72
2026-05-18,11,Delhi,Connaught Place,9,9,5.99,108
2026-05-18,12,Delhi,Connaught Place,6,6,5.45,72
2026-05-18,13,Delhi,Connaught Place,7,7,6.15,84
2026-05-18,14,Delhi,Connaught Place,8,8,6.13,96
2026-05-18,15,Delhi,Connaught Place,6,6,5.86,72
2026-05-18,16,Delhi,Connaught Place,9,9,6.21,108
2026-05-18,17,Delhi,Connaught Place,7,7,5.89,84
2026-05-18,18,Delhi,Connaught Place,6,6,6.76,72
2026-05-18,19,Delhi,Connaught Place,9,9,6.43,108
2026-05-18,20,Delhi,Connaught Place,9,9,5.54,108
2026-05-18,7,Delhi,Saket,9,9,6.28,108
2026-05-18,8,Delhi,Saket,8,8,5.8,96
2026-05-18,9,Delhi,Saket,7,7,5.21,84
2026-05-18,10,Delhi,Saket,6,6,5.75,72
2026-05-18,11,Delhi,Saket,7,7,5.57,84
2026-05-18,12,Delhi,Saket,8,8,6.04,96
2026-05-18,13,Delhi,Saket,6,6,5.91,72
2026-05-18,14,Delhi,Saket,6,6,5.54,72
2026-05-18,15,Delhi,Saket,8,8,5.8,96
2026-05-18,16,Delhi,Saket,8,8,5.52,96
2026-05-18,17,Delhi,Saket,6,6,5.63,72
2026-05-18,18,Delhi,Saket,9,9,5.47,108
2026-05-18,19,Delhi,Saket,8,8,5.86,96
2026-05-18,20,Delhi,Saket,6,6,5.12,72
2026-05-18,7,Mumbai,Bandra,6,6,6.37,72
2026-05-18,8,Mumbai,Bandra,8,8,5.7,96
2026-05-18,11,Mumbai,Bandra,8,8,6.18,96
2026-05-18,13,Mumbai,Bandra,6,6,6.47,72
2026-05-18,14,Mumbai,Bandra,8,8,5.68,96
2026-05-18,15,Mumbai,Bandra,9,9,5.83,108
2026-05-18,20,Mumbai,Bandra,7,7,6.19,84
2026-05-18,7,Mumbai,Andheri,9,9,5.63,108
2026-05-18,8,Mumbai,Andheri,8,8,6.07,96
2026-05-18,9,Mumbai,Andheri,7,7,6.43,84
2026-05-18,10,Mumbai,Andheri,7,7,5.95,84
2026-05-18,11,Mumbai,Andheri,6,6,6.18,72
2026-05-18,12,Mumbai,Andheri,7,7,5.97,84
2026-05-18,13,Mumbai,Andheri,8,8,5.58,96
2026-05-18,14,Mumbai,Andheri,6,6,6.42,72
2026-05-18,15,Mumbai,Andheri,7,7,5.33,84
2026-05-18,16,Mumbai,Andheri,8,8,6.14,96
2026-05-18,17,Mumbai,Andheri,9,9,5.65,108
2026-05-18,18,Mumbai,Andheri,7,7,5.54,84
2026-05-18,19,Mumbai,Andheri,6,6,5.21,72
2026-05-18,20,Mumbai,Andheri,9,9,5.66,108
2026-05-18,7,Bengaluru,Indiranagar,7,7,6.63,84
2026-05-18,8,Bengaluru,Indiranagar,7,7,6.22,84
2026-05-18,9,Bengaluru,Indiranagar,8,8,6.61,96
2026-05-18,10,Bengaluru,Indiranagar,6,6,5.46,72
2026-05-18,11,Bengaluru,Indiranagar,8,8,6.2,96
2026-05-18,12,Bengaluru,Indiranagar,7,7,5.65,84
2026-05-18,13,Bengaluru,Indiranagar,9,9,5.79,108
2026-05-18,14,Bengaluru,Indiranagar,8,8,6.28,96
2026-05-18,15,Bengaluru,Indiranagar,7,7,6.13,84
2026-05-18,16,Bengaluru,Indiranagar,9,9,5.84,108
2026-05-18,17,Bengaluru,Indiranagar,9,9,5.98,108
2026-05-18,18,Bengaluru,Indiranagar,6,6,6.5,72
2026-05-18,19,Bengaluru,Indiranagar,8,8,5.95,96
2026-05-18,20,Bengaluru,Indiranagar,7,7,6.32,84
2026-05-18,7,Bengaluru,Koramangala,7,7,6.19,84
2026-05-18,8,Bengaluru,Koramangala,7,7,5.08,84
2026-05-18,9,Bengaluru,Koramangala,9,9,6.55,108
2026-05-18,10,Bengaluru,Koramangala,6,6,5.5,72
2026-05-18,11,Bengaluru,Koramangala,8,8,6.28,96
2026-05-18,12,Bengaluru,Koramangala,9,9,5.71,108
2026-05-18,13,Bengaluru,Koramangala,7,7,5.77,84
2026-05-18,14,Bengaluru,Koramangala,8,8,6.83,96
2026-05-18,15,Bengaluru,Koramangala,6,6,5.68,72
2026-05-18,16,Bengaluru,Koramangala,6,6,5.6,72
2026-05-18,17,Bengaluru,Koramangala,6,6,5.9,72
2026-05-18,18,Bengaluru,Koramangala,7,7,5.75,84
2026-05-18,19,Bengaluru,Koramangala,8,8,6.23,96
2026-05-18,20,Bengaluru,Koramangala,7,7,5.63,84
2026-05-18,7,Hyderabad,Banjara Hills,6,6,6.46,72
2026-05-18,8,Hyderabad,Banjara Hills,6,6,6.01,72
2026-05-18,9,Hyderabad,Banjara Hills,7,7,5.29,84
2026-05-18,10,Hyderabad,Banjara Hills,9,9,5.55,108
2026-05-18,11,Hyderabad,Banjara Hills,6,6,5.18,72
2026-05-18,12,Hyderabad,Banjara Hills,9,9,5.56,108
2026-05-18,13,Hyderabad,Banjara Hills,6,6,5.81,72
2026-05-18,14,Hyderabad,Banjara Hills,8,8,6.68,96
2026-05-18,15,Hyderabad,Banjara Hills,7,7,5.93,84
2026-05-18,16,Hyderabad,Banjara Hills,7,7,6.2,84
2026-05-18,17,Hyderabad,Banjara Hills,9,9,6.16,108
2026-05-18,18,Hyderabad,Banjara Hills,7,7,6.11,84
2026-05-18,19,Hyderabad,Banjara Hills,8,8,7.11,96
2026-05-18,20,Hyderabad,Banjara Hills,9,9,6.36,108
2026-05-18,7,Hyderabad,Gachibowli,8,8,6.15,96
2026-05-18,8,Hyderabad,Gachibowli,8,8,5.68,96
2026-05-18,9,Hyderabad,Gachibowli,9,9,5.45,108
2026-05-18,10,Hyderabad,Gachibowli,8,8,5.56,96
2026-05-18,11,Hyderabad,Gachibowli,7,7,6.4,84
2026-05-18,12,Hyderabad,Gachibowli,7,7,6.2,84
2026-05-18,13,Hyderabad,Gachibowli,9,9,6.15,108
2026-05-18,14,Hyderabad,Gachibowli,7,7,6.07,84
2026-05-18,15,Hyderabad,Gachibowli,6,6,6.33,72
2026-05-18,16,Hyderabad,Gachibowli,9,9,6.41,108
2026-05-18,17,Hyderabad,Gachibowli,6,6,5.95,72
2026-05-18,18,Hyderabad,Gachibowli,9,9,6.64,108
2026-05-18,19,Hyderabad,Gachibowli,8,8,6.03,96
2026-05-18,20,Hyderabad,Gachibowli,7,7,6.19,84
2026-05-19,7,Ahmedabad,Satellite,9,9,5.67,108
2026-05-19,8,Ahmedabad,Satellite,8,8,6.15,96
2026-05-19,9,Ahmedabad,Satellite,9,9,6.74,108
2026-05-19,10,Ahmedabad,Satellite,6,6,6.32,72
2026-05-19,11,Ahmedabad,Satellite,6,6,6.29,72
2026-05-19,12,Ahmedabad,Satellite,9,9,6.12,108
2026-05-19,13,Ahmedabad,Satellite,9,9,5.79,108
2026-05-19,14,Ahmedabad,Satellite,8,8,6.08,96
2026-05-19,15,Ahmedabad,Satellite,7,7,6.02,84
2026-05-19,16,Ahmedabad,Satellite,6,6,5.65,72
2026-05-19,17,Ahmedabad,Satellite,6,6,6.17,72
2026-05-19,18,Ahmedabad,Satellite,9,9,6.51,108
2026-05-19,19,Ahmedabad,Satellite,9,9,5.84,108
2026-05-19,20,Ahmedabad,Satellite,8,8,6.32,96
2026-05-19,7,Ahmedabad,Navrangpura,6,6,6.43,72
2026-05-19,8,Ahmedabad,Navrangpura,8,8,6.43,96
2026-05-19,9,Ahmedabad,Navrangpura,6,6,6.15,72
2026-05-19,10,Ahmedabad,Navrangpura,7,7,5.81,84
2026-05-19,11,Ahmedabad,Navrangpura,7,7,6.15,84
2026-05-19,12,Ahmedabad,Navrangpura,9,9,5.78,108
2026-05-19,13,Ahmedabad,Navrangpura,9,9,6.23,108
2026-05-19,14,Ahmedabad,Navrangpura,8,8,5.64,96
2026-05-19,15,Ahmedabad,Navrangpura,8,8,6.04,96
2026-05-19,16,Ahmedabad,Navrangpura,8,8,5.56,96
2026-05-19,17,Ahmedabad,Navrangpura,9,9,6.6,108
2026-05-19,18,Ahmedabad,Navrangpura,9,9,6.73,108
2026-05-19,19,Ahmedabad,Navrangpura,9,9,6.53,108
2026-05-19,20,Ahmedabad,Navrangpura,9,9,6.49,108
2026-05-19,7,Jaipur,C-Scheme,9,9,6.13,108
2026-05-19,8,Jaipur,C-Scheme,8,8,6.22,96
2026-05-19,9,Jaipur,C-Scheme,9,9,5.7,108
2026-05-19,10,Jaipur,C-Scheme,6,6,6.29,72
2026-05-19,11,Jaipur,C-Scheme,6,6,5.92,72
2026-05-19,12,Jaipur,C-Scheme,7,7,5.87,84
2026-05-19,13,Jaipur,C-Scheme,6,6,5.74,72
2026-05-19,14,Jaipur,C-Scheme,8,8,5.47,96
2026-05-19,15,Jaipur,C-Scheme,8,8,5.82,96
2026-05-19,16,Jaipur,C-Scheme,6,6,6.01,72
2026-05-19,17,Jaipur,C-Scheme,9,9,6.51,108
2026-05-19,18,Jaipur,C-Scheme,6,6,6.34,72
2026-05-19,19,Jaipur,C-Scheme,7,7,5.53,84
2026-05-19,20,Jaipur,C-Scheme,7,7,5.86,84
2026-05-19,7,Jaipur,Malviya Nagar,9,9,6.08,108
2026-05-19,8,Jaipur,Malviya Nagar,9,9,6.04,108
2026-05-19,9,Jaipur,Malviya Nagar,8,8,6.3,96
2026-05-19,10,Jaipur,Malviya Nagar,9,9,5.98,108
2026-05-19,11,Jaipur,Malviya Nagar,8,8,5.61,96
2026-05-19,12,Jaipur,Malviya Nagar,8,8,7.02,96
2026-05-19,13,Jaipur,Malviya Nagar,9,9,6.08,108
2026-05-19,14,Jaipur,Malviya Nagar,9,9,6.23,108
2026-05-19,15,Jaipur,Malviya Nagar,7,7,6.0,84
2026-05-19,16,Jaipur,Malviya Nagar,6,6,6.0,72
2026-05-19,17,Jaipur,Malviya Nagar,6,6,6.18,72
2026-05-19,18,Jaipur,Malviya Nagar,7,7,5.34,84
2026-05-19,19,Jaipur,Malviya Nagar,7,7,6.32,84
2026-05-19,20,Jaipur,Malviya Nagar,7,7,6.26,84
2026-05-19,7,Delhi,Connaught Place,7,7,5.68,84
2026-05-19,8,Delhi,Connaught Place,8,8,6.56,96
2026-05-19,9,Delhi,Connaught Place,9,9,6.3,108
2026-05-19,10,Delhi,Connaught Place,9,9,6.42,108
2026-05-19,11,Delhi,Connaught Place,8,8,6.41,96
2026-05-19,12,Delhi,Connaught Place,7,7,6.21,84
2026-05-19,13,Delhi,Connaught Place,8,8,6.4,96
2026-05-19,14,Delhi,Connaught Place,9,9,5.56,108
2026-05-19,15,Delhi,Connaught Place,9,9,5.49,108
2026-05-19,16,Delhi,Connaught Place,6,6,6.39,72
2026-05-19,17,Delhi,Connaught Place,7,7,6.04,84
2026-05-19,18,Delhi,Connaught Place,6,6,5.99,72
2026-05-19,19,Delhi,Connaught Place,9,9,5.73,108
2026-05-19,20,Delhi,Connaught Place,9,9,5.75,108
2026-05-19,7,Delhi,Saket,8,8,5.8,96
2026-05-19,8,Delhi,Saket,8,8,5.57,96
2026-05-19,9,Delhi,Saket,7,7,6.26,84
2026-05-19,10,Delhi,Saket,8,8,5.48,96
2026-05-19,11,Delhi,Saket,9,9,6.74,108
2026-05-19,12,Delhi,Saket,7,7,5.61,84
2026-05-19,13,Delhi,Saket,6,6,6.04,72
2026-05-19,14,Delhi,Saket,9,9,6.44,108
2026-05-19,15,Delhi,Saket,6,6,5.83,72
2026-05-19,16,Delhi,Saket,6,6,6.03,72
2026-05-19,17,Delhi,Saket,8,8,5.96,96
2026-05-19,18,Delhi,Saket,7,7,5.47,84
2026-05-19,19,Delhi,Saket,8,8,6.43,96
2026-05-19,20,Delhi,Saket,6,6,5.58,72
2026-05-19,12,Mumbai,Bandra,8,8,6.47,96
2026-05-19,13,Mumbai,Bandra,7,7,5.95,84
2026-05-19,14,Mumbai,Bandra,9,9,5.26,108
2026-05-19,17,Mumbai,Bandra,9,9,5.67,108
2026-05-19,7,Mumbai,Andheri,9,9,5.43,108
2026-05-19,8,Mumbai,Andheri,6,6,5.86,72
2026-05-19,9,Mumbai,Andheri,7,7,6.21,84
2026-05-19,10,Mumbai,Andheri,8,8,5.84,96
2026-05-19,11,Mumbai,Andheri,7,7,5.7,84
2026-05-19,12,Mumbai,Andheri,9,9,6.11,108
2026-05-19,13,Mumbai,Andheri,7,7,6.08,84
2026-05-19,14,Mumbai,Andheri,8,8,6.07,96
2026-05-19,15,Mumbai,Andheri,6,6,5.59,72
2026-05-19,16,Mumbai,Andheri,9,9,5.71,108
2026-05-19,17,Mumbai,Andheri,8,8,6.83,96
2026-05-19,18,Mumbai,Andheri,7,7,5.46,84
2026-05-19,19,Mumbai,Andheri,7,7,6.04,84
2026-05-19,20,Mumbai,Andheri,6,6,5.88,72
2026-05-19,7,Bengaluru,Indiranagar,9,9,5.88,108
2026-05-19,8,Bengaluru,Indiranagar,7,7,5.91,84
2026-05-19,9,Bengaluru,Indiranagar,9,9,6.72,108
2026-05-19,10,Bengaluru,Indiranagar,9,9,6.56,108
2026-05-19,11,Bengaluru,Indiranagar,7,7,5.9,84
2026-05-19,12,Bengaluru,Indiranagar,9,9,5.95,108
2026-05-19,13,Bengaluru,Indiranagar,8,8,6.02,96
2026-05-19,14,Bengaluru,Indiranagar,9,9,6.06,108
2026-05-19,15,Bengaluru,Indiranagar,7,7,6.37,84
2026-05-19,16,Bengaluru,Indiranagar,6,6,6.08,72
2026-05-19,17,Bengaluru,Indiranagar,6,6,5.49,72
2026-05-19,18,Bengaluru,Indiranagar,9,9,6.02,108
2026-05-19,19,Bengaluru,Indiranagar,7,7,5.77,84
2026-05-19,20,Bengaluru,Indiranagar,6,6,5.77,72
2026-05-19,7,Bengaluru,Koramangala,9,9,6.75,108
2026-05-19,8,Bengaluru,Koramangala,8,8,6.23,96
2026-05-19,9,Bengaluru,Koramangala,8,8,6.26,96
2026-05-19,10,Bengaluru,Koramangala,6,6,6.45,72
2026-05-19,11,Bengaluru,Koramangala,6,6,5.71,72
2026-05-19,12,Bengaluru,Koramangala,6,6,5.68,72
2026-05-19,13,Bengaluru,Koramangala,9,9,6.0,108
2026-05-19,14,Bengaluru,Koramangala,7,7,6.09,84
2026-05-19,15,Bengaluru,Koramangala,8,8,5.76,96
2026-05-19,16,Bengaluru,Koramangala,8,8,6.65,96
2026-05-19,17,Bengaluru,Koramangala,6,6,6.27,72
2026-05-19,18,Bengaluru,Koramangala,6,6,6.21,72
2026-05-19,19,Bengaluru,Koramangala,7,7,5.67,84
2026-05-19,20,Bengaluru,Koramangala,6,6,5.73,72
2026-05-19,7,Hyderabad,Banjara Hills,9,9,5.85,108
2026-05-19,8,Hyderabad,Banjara Hills,8,8,5.97,96
2026-05-19,9,Hyderabad,Banjara Hills,8,8,6.93,96
2026-05-19,10,Hyderabad,Banjara Hills,9,9,6.03,108
2026-05-19,11,Hyderabad,Banjara Hills,7,7,5.78,84
2026-05-19,12,Hyderabad,Banjara Hills,9,9,5.74,108
2026-05-19,13,Hyderabad,Banjara Hills,7,7,5.23,84
2026-05-19,14,Hyderabad,Banjara Hills,9,9,6.11,108
2026-05-19,15,Hyderabad,Banjara Hills,8,8,5.84,96
2026-05-19,16,Hyderabad,Banjara Hills,7,7,5.74,84
2026-05-19,17,Hyderabad,Banjara Hills,7,7,6.01,84
2026-05-19,18,Hyderabad,Banjara Hills,6,6,4.97,72
2026-05-19,19,Hyderabad,Banjara Hills,7,7,5.96,84
2026-05-19,20,Hyderabad,Banjara Hills,9,9,5.46,108
2026-05-19,7,Hyderabad,Gachibowli,8,8,5.76,96
2026-05-19,8,Hyderabad,Gachibowli,9,9,5.91,108
2026-05-19,9,Hyderabad,Gachibowli,8,8,5.97,96
2026-05-19,10,Hyderabad,Gachibowli,6,6,6.52,72
2026-05-19,11,Hyderabad,Gachibowli,7,7,6.3,84
2026-05-19,12,Hyderabad,Gachibowli,9,9,6.44,108
2026-05-19,13,Hyderabad,Gachibowli,9,9,6.1,108
2026-05-19,14,Hyderabad,Gachibowli,6,6,6.63,72
2026-05-19,15,Hyderabad,Gachibowli,8,8,6.06,96
2026-05-19,16,Hyderabad,Gachibowli,7,7,6.14,84
2026-05-19,17,Hyderabad,Gachibowli,8,8,6.12,96
2026-05-19,18,Hyderabad,Gachibowli,8,8,5.38,96
2026-05-19,19,Hyderabad,Gachibowli,8,8,6.08,96
2026-05-19,20,Hyderabad,Gachibowli,7,7,5.55,84
2026-05-20,7,Ahmedabad,Satellite,7,7,6.06,84
2026-05-20,8,Ahmedabad,Satellite,8,8,6.07,96
2026-05-20,9,Ahmedabad,Satellite,7,7,6.36,84
2026-05-20,10,Ahmedabad,Satellite,7,7,5.96,84
2026-05-20,11,Ahmedabad,Satellite,7,7,5.52,84
2026-05-20,12,Ahmedabad,Satellite,8,8,5.93,96
2026-05-20,13,Ahmedabad,Satellite,7,7,6.39,84
2026-05-20,14,Ahmedabad,Satellite,6,6,5.68,72
2026-05-20,15,Ahmedabad,Satellite,7,7,5.6,84
2026-05-20,16,Ahmedabad,Satellite,6,6,5.74,72
2026-05-20,17,Ahmedabad,Satellite,7,7,5.94,84
2026-05-20,18,Ahmedabad,Satellite,8,8,6.25,96
2026-05-20,19,Ahmedabad,Satellite,8,8,5.96,96
2026-05-20,20,Ahmedabad,Satellite,8,8,5.91,96
2026-05-20,7,Ahmedabad,Navrangpura,6,6,5.76,72
2026-05-20,8,Ahmedabad,Navrangpura,6,6,5.77,72
2026-05-20,9,Ahmedabad,Navrangpura,9,9,5.54,108
2026-05-20,10,Ahmedabad,Navrangpura,8,8,6.21,96
2026-05-20,11,Ahmedabad,Navrangpura,9,9,6.02,108
2026-05-20,12,Ahmedabad,Navrangpura,7,7,6.51,84
2026-05-20,13,Ahmedabad,Navrangpura,6,6,5.34,72
2026-05-20,14,Ahmedabad,Navrangpura,8,8,6.26,96
2026-05-20,15,Ahmedabad,Navrangpura,6,6,5.82,72
2026-05-20,16,Ahmedabad,Navrangpura,7,7,6.13,84
2026-05-20,17,Ahmedabad,Navrangpura,8,8,6.59,96
2026-05-20,18,Ahmedabad,Navrangpura,9,9,6.21,108
2026-05-20,19,Ahmedabad,Navrangpura,9,9,5.77,108
2026-05-20,20,Ahmedabad,Navrangpura,8,8,5.32,96
2026-05-20,7,Jaipur,C-Scheme,9,9,5.81,108
2026-05-20,8,Jaipur,C-Scheme,6,6,5.47,72
2026-05-20,9,Jaipur,C-Scheme,8,8,6.51,96
2026-05-20,10,Jaipur,C-Scheme,7,7,5.99,84
2026-05-20,11,Jaipur,C-Scheme,8,8,6.17,96
2026-05-20,12,Jaipur,C-Scheme,7,7,5.99,84
2026-05-20,13,Jaipur,C-Scheme,6,6,5.74,72
2026-05-20,14,Jaipur,C-Scheme,7,7,5.88,84
2026-05-20,15,Jaipur,C-Scheme,6,6,6.0,72
2026-05-20,16,Jaipur,C-Scheme,9,9,6.08,108
2026-05-20,17,Jaipur,C-Scheme,6,6,6.27,72
2026-05-20,18,Jaipur,C-Scheme,6,6,6.0,72
2026-05-20,19,Jaipur,C-Scheme,9,9,5.84,108
2026-05-20,20,Jaipur,C-Scheme,6,6,6.13,72
2026-05-20,7,Jaipur,Malviya Nagar,7,7,6.08,84
2026-05-20,8,Jaipur,Malviya Nagar,7,7,5.97,84
2026-05-20,9,Jaipur,Malviya Nagar,8,8,6.61,96
2026-05-20,10,Jaipur,Malviya Nagar,6,6,5.54,72
2026-05-20,11,Jaipur,Malviya Nagar,8,8,5.81,96
2026-05-20,12,Jaipur,Malviya Nagar,6,6,5.92,72
2026-05-20,13,Jaipur,Malviya Nagar,7,7,6.54,84
2026-05-20,14,Jaipur,Malviya Nagar,8,8,5.89,96
2026-05-20,15,Jaipur,Malviya Nagar,6,6,6.5,72
2026-05-20,16,Jaipur,Malviya Nagar,8,8,5.8,96
2026-05-20,17,Jaipur,Malviya Nagar,6,6,6.34,72
2026-05-20,18,Jaipur,Malviya Nagar,6,6,6.19,72
2026-05-20,19,Jaipur,Malviya Nagar,8,8,6.28,96
2026-05-20,20,Jaipur,Malviya Nagar,8,8,5.96,96
2026-05-20,7,Delhi,Connaught Place,9,9,5.96,108
2026-05-20,8,Delhi,Connaught Place,7,7,5.36,84
2026-05-20,9,Delhi,Connaught Place,8,8,5.45,96
2026-05-20,10,Delhi,Connaught Place,6,6,5.89,72
2026-05-20,11,Delhi,Connaught Place,8,8,6.32,96
2026-05-20,12,Delhi,Connaught Place,8,8,6.43,96
2026-05-20,13,Delhi,Connaught Place,7,7,6.58,84
2026-05-20,14,Delhi,Connaught Place,9,9,6.38,108
2026-05-20,15,Delhi,Connaught Place,6,6,5.56,72
2026-05-20,16,Delhi,Connaught Place,8,8,5.42,96
2026-05-20,17,Delhi,Connaught Place,6,6,5.71,72
2026-05-20,18,Delhi,Connaught Place,8,8,6.48,96
2026-05-20,19,Delhi,Connaught Place,6,6,5.64,72
2026-05-20,20,Delhi,Connaught Place,9,9,6.09,108
2026-05-20,7,Delhi,Saket,8,8,6.0,96
2026-05-20,8,Delhi,Saket,7,7,6.39,84
2026-05-20,9,Delhi,Saket,8,8,6.05,96
2026-05-20,10,Delhi,Saket,9,9,6.08,108
2026-05-20,11,Delhi,Saket,9,9,6.16,108
2026-05-20,12,Delhi,Saket,9,9,6.06,108
2026-05-20,13,Delhi,Saket,8,8,6.24,96
2026-05-20,14,Delhi,Saket,6,6,5.92,72
2026-05-20,15,Delhi,Saket,9,9,5.88,108
2026-05-20,16,Delhi,Saket,6,6,6.1,72
2026-05-20,17,Delhi,Saket,7,7,6.18,84
2026-05-20,18,Delhi,Saket,9,9,5.85,108
2026-05-20,19,Delhi,Saket,8,8,6.81,96
2026-05-20,20,Delhi,Saket,8,8,6.35,96
2026-05-20,9,Mumbai,Bandra,6,6,6.02,72
2026-05-20,10,Mumbai,Bandra,6,6,5.92,72
2026-05-20,13,Mumbai,Bandra,6,6,6.43,72
2026-05-20,14,Mumbai,Bandra,7,7,6.09,84
2026-05-20,17,Mumbai,Bandra,6,6,5.82,72
2026-05-20,18,Mumbai,Bandra,7,7,6.44,84
2026-05-20,19,Mumbai,Bandra,9,9,5.66,108
2026-05-20,7,Mumbai,Andheri,9,9,6.03,108
2026-05-20,8,Mumbai,Andheri,7,7,6.44,84
2026-05-20,9,Mumbai,Andheri,6,6,6.44,72
2026-05-20,10,Mumbai,Andheri,9,9,6.04,108
2026-05-20,11,Mumbai,Andheri,8,8,6.13,96
2026-05-20,12,Mumbai,Andheri,8,8,5.96,96
2026-05-20,13,Mumbai,Andheri,7,7,5.87,84
2026-05-20,14,Mumbai,Andheri,6,6,5.28,72
2026-05-20,15,Mumbai,Andheri,7,7,5.9,84
2026-05-20,16,Mumbai,Andheri,8,8,5.36,96
2026-05-20,17,Mumbai,Andheri,8,8,5.17,96
2026-05-20,18,Mumbai,Andheri,7,7,5.86,84
2026-05-20,19,Mumbai,Andheri,8,8,6.04,96
2026-05-20,20,Mumbai,Andheri,6,6,5.84,72
2026-05-20,7,Bengaluru,Indiranagar,8,8,5.69,96
2026-05-20,8,Bengaluru,Indiranagar,9,9,6.0,108
2026-05-20,9,Bengaluru,Indiranagar,7,7,5.64,84
2026-05-20,10,Bengaluru,Indiranagar,8,8,6.11,96
2026-05-20,11,Bengaluru,Indiranagar,6,6,5.93,72
2026-05-20,12,Bengaluru,Indiranagar,8,8,6.97,96
2026-05-20,13,Bengaluru,Indiranagar,7,7,5.89,84
2026-05-20,14,Bengaluru,Indiranagar,7,7,5.89,84
2026-05-20,15,Bengaluru,Indiranagar,7,7,5.61,84
2026-05-20,16,Bengaluru,Indiranagar,6,6,6.27,72
2026-05-20,17,Bengaluru,Indiranagar,7,7,5.77,84
2026-05-20,18,Bengaluru,Indiranagar,7,7,5.78,84
2026-05-20,19,Bengaluru,Indiranagar,7,7,5.3,84
2026-05-20,20,Bengaluru,Indiranagar,7,7,5.81,84
2026-05-20,7,Bengaluru,Koramangala,7,7,6.08,84
2026-05-20,8,Bengaluru,Koramangala,8,8,6.62,96
2026-05-20,9,Bengaluru,Koramangala,6,6,6.21,72
2026-05-20,10,Bengaluru,Koramangala,8,8,6.75,96
2026-05-20,11,Bengaluru,Koramangala,7,7,6.03,84
2026-05-20,12,Bengaluru,Koramangala,6,6,6.0,72
2026-05-20,13,Bengaluru,Koramangala,8,8,6.0,96
2026-05-20,14,Bengaluru,Koramangala,8,8,5.74,96
2026-05-20,15,Bengaluru,Koramangala,8,8,5.67,96
2026-05-20,16,Bengaluru,Koramangala,6,6,6.21,72
2026-05-20,17,Bengaluru,Koramangala,9,9,5.92,108
2026-05-20,18,Bengaluru,Koramangala,9,9,6.23,108
2026-05-20,19,Bengaluru,Koramangala,9,9,6.07,108
2026-05-20,20,Bengaluru,Koramangala,9,9,5.81,108
2026-05-20,7,Hyderabad,Banjara Hills,8,8,6.06,96
2026-05-20,8,Hyderabad,Banjara Hills,6,6,5.76,72
2026-05-20,9,Hyderabad,Banjara Hills,7,7,6.52,84
2026-05-20,10,Hyderabad,Banjara Hills,9,9,5.86,108
2026-05-20,11,Hyderabad,Banjara Hills,8,8,6.13,96
2026-05-20,12,Hyderabad,Banjara Hills,8,8,6.26,96
2026-05-20,13,Hyderabad,Banjara Hills,8,8,6.01,96
2026-05-20,14,Hyderabad,Banjara Hills,6,6,6.06,72
2026-05-20,15,Hyderabad,Banjara Hills,9,9,6.13,108
2026-05-20,16,Hyderabad,Banjara Hills,6,6,6.17,72
2026-05-20,17,Hyderabad,Banjara Hills,9,9,6.02,108
2026-05-20,18,Hyderabad,Banjara Hills,8,8,5.67,96
2026-05-20,19,Hyderabad,Banjara Hills,8,8,6.3,96
2026-05-20,20,Hyderabad,Banjara Hills,9,9,5.29,108
2026-05-20,7,Hyderabad,Gachibowli,8,8,6.37,96
2026-05-20,8,Hyderabad,Gachibowli,7,7,6.61,84
2026-05-20,9,Hyderabad,Gachibowli,9,9,6.04,108
2026-05-20,10,Hyderabad,Gachibowli,6,6,5.84,72
2026-05-20,11,Hyderabad,Gachibowli,7,7,6.12,84
2026-05-20,12,Hyderabad,Gachibowli,6,6,5.48,72
2026-05-20,13,Hyderabad,Gachibowli,7,7,5.88,84
2026-05-20,14,Hyderabad,Gachibowli,6,6,5.94,72
2026-05-20,15,Hyderabad,Gachibowli,7,7,6.32,84
2026-05-20,16,Hyderabad,Gachibowli,8,8,5.83,96
2026-05-20,17,Hyderabad,Gachibowli,8,8,6.11,96
2026-05-20,18,Hyderabad,Gachibowli,8,8,5.95,96
2026-05-20,19,Hyderabad,Gachibowli,9,9,5.63,108
2026-05-20,20,Hyderabad,Gachibowli,6,6,5.44,72
2026-05-21,7,Ahmedabad,Satellite,8,8,6.02,96
2026-05-21,8,Ahmedabad,Satellite,7,7,5.5,84
2026-05-21,9,Ahmedabad,Satellite,7,7,6.07,84
2026-05-21,10,Ahmedabad,Satellite,8,8,5.7,96
2026-05-21,11,Ahmedabad,Satellite,8,8,6.39,96
2026-05-21,12,Ahmedabad,Satellite,7,7,5.75,84
2026-05-21,13,Ahmedabad,Satellite,8,8,6.01,96
2026-05-21,14,Ahmedabad,Satellite,6,6,6.12,72
2026-05-21,15,Ahmedabad,Satellite,7,7,4.94,84
2026-05-21,16,Ahmedabad,Satellite,9,9,5.55,108
2026-05-21,17,Ahmedabad,Satellite,7,7,6.15,84
2026-05-21,18,Ahmedabad,Satellite,6,6,5.28,72
2026-05-21,19,Ahmedabad,Satellite,9,9,5.55,108
2026-05-21,20,Ahmedabad,Satellite,9,9,6.09,108
2026-05-21,7,Ahmedabad,Navrangpura,6,6,6.3,72
2026-05-21,8,Ahmedabad,Navrangpura,7,7,6.43,84
2026-05-21,9,Ahmedabad,Navrangpura,9,9,6.34,108
2026-05-21,10,Ahmedabad,Navrangpura,8,8,5.86,96
2026-05-21,11,Ahmedabad,Navrangpura,9,9,6.22,108
2026-05-21,12,Ahmedabad,Navrangpura,7,7,5.51,84
2026-05-21,13,Ahmedabad,Navrangpura,8,8,6.36,96
2026-05-21,14,Ahmedabad,Navrangpura,8,8,6.3,96
2026-05-21,15,Ahmedabad,Navrangpura,9,9,6.27,108
2026-05-21,16,Ahmedabad,Navrangpura,8,8,5.17,96
2026-05-21,17,Ahmedabad,Navrangpura,8,8,5.92,96
2026-05-21,18,Ahmedabad,Navrangpura,7,7,6.5,84
2026-05-21,19,Ahmedabad,Navrangpura,9,9,6.1,108
2026-05-21,20,Ahmedabad,Navrangpura,7,7,5.77,84
2026-05-21,7,Jaipur,C-Scheme,6,6,6.13,72
2026-05-21,8,Jaipur,C-Scheme,8,8,6.15,96
2026-05-21,9,Jaipur,C-Scheme,8,8,5.98,96
2026-05-21,10,Jaipur,C-Scheme,8,8,5.93,96
2026-05-21,11,Jaipur,C-Scheme,7,7,6.4,84
2026-05-21,12,Jaipur,C-Scheme,8,8,6.06,96
2026-05-21,13,Jaipur,C-Scheme,6,6,6.04,72
2026-05-21,14,Jaipur,C-Scheme,6,6,7.04,72
2026-05-21,15,Jaipur,C-Scheme,6,6,4.81,72
2026-05-21,16,Jaipur,C-Scheme,8,8,6.03,96
2026-05-21,17,Jaipur,C-Scheme,8,8,5.93,96
2026-05-21,18,Jaipur,C-Scheme,9,9,5.82,108
2026-05-21,19,Jaipur,C-Scheme,7,7,6.22,84
2026-05-21,20,Jaipur,C-Scheme,6,6,5.54,72
2026-05-21,7,Jaipur,Malviya Nagar,8,8,5.98,96
2026-05-21,8,Jaipur,Malviya Nagar,9,9,5.63,108
2026-05-21,9,Jaipur,Malviya Nagar,9,9,5.38,108
2026-05-21,10,Jaipur,Malviya Nagar,8,8,5.78,96
2026-05-21,11,Jaipur,Malviya Nagar,7,7,6.86,84
2026-05-21,12,Jaipur,Malviya Nagar,9,9,5.73,108
2026-05-21,13,Jaipur,Malviya Nagar,7,7,5.77,84
2026-05-21,14,Jaipur,Malviya Nagar,9,9,6.18,108
2026-05-21,15,Jaipur,Malviya Nagar,6,6,6.91,72
2026-05-21,16,Jaipur,Malviya Nagar,6,6,6.56,72
2026-05-21,17,Jaipur,Malviya Nagar,6,6,5.64,72
2026-05-21,18,Jaipur,Malviya Nagar,9,9,6.65,108
2026-05-21,19,Jaipur,Malviya Nagar,6,6,5.74,72
2026-05-21,20,Jaipur,Malviya Nagar,8,8,5.83,96
2026-05-21,7,Delhi,Connaught Place,9,9,5.81,108
2026-05-21,8,Delhi,Connaught Place,6,6,5.91,72
2026-05-21,9,Delhi,Connaught Place,8,8,5.84,96
2026-05-21,10,Delhi,Connaught Place,6,6,5.49,72
2026-05-21,11,Delhi,Connaught Place,8,8,6.08,96
2026-05-21,12,Delhi,Connaught Place,9,9,6.03,108
2026-05-21,13,Delhi,Connaught Place,6,6,5.81,72
2026-05-21,14,Delhi,Connaught Place,9,9,6.16,108
2026-05-21,15,Delhi,Connaught Place,9,9,5.69,108
2026-05-21,16,Delhi,Connaught Place,7,7,6.04,84
2026-05-21,17,Delhi,Connaught Place,7,7,5.69,84
2026-05-21,18,Delhi,Connaught Place,6,6,5.99,72
2026-05-21,19,Delhi,Connaught Place,8,8,5.48,96
2026-05-21,20,Delhi,Connaught Place,9,9,6.07,108
2026-05-21,7,Delhi,Saket,7,7,6.22,84
2026-05-21,8,Delhi,Saket,9,9,5.53,108
2026-05-21,9,Delhi,Saket,6,6,6.55,72
2026-05-21,10,Delhi,Saket,7,7,6.83,84
2026-05-21,11,Delhi,Saket,8,8,5.53,96
2026-05-21,12,Delhi,Saket,8,8,6.18,96
2026-05-21,13,Delhi,Saket,7,7,6.11,84
2026-05-21,14,Delhi,Saket,8,8,5.69,96
2026-05-21,15,Delhi,Saket,9,9,5.86,108
2026-05-21,16,Delhi,Saket,8,8,6.29,96
2026-05-21,17,Delhi,Saket,9,9,6.16,108
2026-05-21,18,Delhi,Saket,8,8,6.09,96
2026-05-21,19,Delhi,Saket,6,6,6.21,72
2026-05-21,20,Delhi,Saket,9,9,5.89,108
2026-05-21,7,Mumbai,Bandra,6,6,6.7,72
2026-05-21,9,Mumbai,Bandra,9,9,6.04,108
2026-05-21,12,Mumbai,Bandra,7,7,5.8,84
2026-05-21,13,Mumbai,Bandra,6,6,5.68,72
2026-05-21,14,Mumbai,Bandra,6,6,6.04,72
2026-05-21,15,Mumbai,Bandra,9,9,5.92,108
2026-05-21,17,Mumbai,Bandra,8,8,6.05,96
2026-05-21,7,Mumbai,Andheri,6,6,5.09,72
2026-05-21,8,Mumbai,Andheri,8,8,6.07,96
2026-05-21,9,Mumbai,Andheri,9,9,5.78,108
2026-05-21,10,Mumbai,Andheri,8,8,5.7,96
2026-05-21,11,Mumbai,Andheri,7,7,5.81,84
2026-05-21,12,Mumbai,Andheri,8,8,5.26,96
2026-05-21,13,Mumbai,Andheri,6,6,5.9,72
2026-05-21,14,Mumbai,Andheri,7,7,5.71,84
2026-05-21,15,Mumbai,Andheri,7,7,6.31,84
2026-05-21,16,Mumbai,Andheri,8,8,5.48,96
2026-05-21,17,Mumbai,Andheri,7,7,5.77,84
2026-05-21,18,Mumbai,Andheri,7,7,5.79,84
2026-05-21,19,Mumbai,Andheri,7,7,5.75,84
2026-05-21,20,Mumbai,Andheri,8,8,6.0,96
2026-05-21,7,Bengaluru,Indiranagar,6,6,6.21,72
2026-05-21,8,Bengaluru,Indiranagar,6,6,5.69,72
2026-05-21,9,Bengaluru,Indiranagar,8,8,6.36,96
2026-05-21,10,Bengaluru,Indiranagar,6,6,5.33,72
2026-05-21,11,Bengaluru,Indiranagar,9,9,5.62,108
2026-05-21,12,Bengaluru,Indiranagar,6,6,5.58,72
2026-05-21,13,Bengaluru,Indiranagar,8,8,5.78,96
2026-05-21,14,Bengaluru,Indiranagar,9,9,5.51,108
2026-05-21,15,Bengaluru,Indiranagar,7,7,6.37,84
2026-05-21,16,Bengaluru,Indiranagar,6,6,5.23,72
2026-05-21,17,Bengaluru,Indiranagar,8,8,6.24,96
2026-05-21,18,Bengaluru,Indiranagar,6,6,5.89,72
2026-05-21,19,Bengaluru,Indiranagar,8,8,6.25,96
2026-05-21,20,Bengaluru,Indiranagar,8,8,6.12,96
2026-05-21,7,Bengaluru,Koramangala,6,6,6.2,72
2026-05-21,8,Bengaluru,Koramangala,8,8,5.49,96
2026-05-21,9,Bengaluru,Koramangala,7,7,6.17,84
2026-05-21,10,Bengaluru,Koramangala,9,9,5.67,108
2026-05-21,11,Bengaluru,Koramangala,9,9,6.9,108
2026-05-21,12,Bengaluru,Koramangala,9,9,5.91,108
2026-05-21,13,Bengaluru,Koramangala,9,9,5.83,108
2026-05-21,14,Bengaluru,Koramangala,6,6,6.03,72
2026-05-21,15,Bengaluru,Koramangala,9,9,6.0,108
2026-05-21,16,Bengaluru,Koramangala,6,6,6.02,72
2026-05-21,17,Bengaluru,Koramangala,8,8,5.28,96
2026-05-21,18,Bengaluru,Koramangala,7,7,5.89,84
2026-05-21,19,Bengaluru,Koramangala,6,6,5.9,72
2026-05-21,20,Bengaluru,Koramangala,9,9,5.93,108
2026-05-21,7,Hyderabad,Banjara Hills,9,9,5.63,108
2026-05-21,8,Hyderabad,Banjara Hills,6,6,5.27,72
2026-05-21,9,Hyderabad,Banjara Hills,7,7,5.6,84
2026-05-21,10,Hyderabad,Banjara Hills,6,6,6.05,72
2026-05-21,11,Hyderabad,Banjara Hills,6,6,5.81,72
2026-05-21,12,Hyderabad,Banjara Hills,8,8,5.82,96
2026-05-21,13,Hyderabad,Banjara Hills,9,9,5.79,108
2026-05-21,14,Hyderabad,Banjara Hills,8,8,5.58,96
2026-05-21,15,Hyderabad,Banjara Hills,9,9,6.43,108
2026-05-21,16,Hyderabad,Banjara Hills,6,6,6.05,72
2026-05-21,17,Hyderabad,Banjara Hills,6,6,5.95,72
2026-05-21,18,Hyderabad,Banjara Hills,8,8,5.18,96
2026-05-21,19,Hyderabad,Banjara Hills,9,9,5.84,108
2026-05-21,20,Hyderabad,Banjara Hills,8,8,5.63,96
2026-05-21,7,Hyderabad,Gachibowli,6,6,5.84,72
2026-05-21,8,Hyderabad,Gachibowli,6,6,6.4,72
2026-05-21,9,Hyderabad,Gachibowli,8,8,5.63,96
2026-05-21,10,Hyderabad,Gachibowli,9,9,5.79,108
2026-05-21,11,Hyderabad,Gachibowli,6,6,6.32,72
2026-05-21,12,Hyderabad,Gachibowli,6,6,6.06,72
2026-05-21,13,Hyderabad,Gachibowli,8,8,6.21,96
2026-05-21,14,Hyderabad,Gachibowli,8,8,5.76,96
2026-05-21,15,Hyderabad,Gachibowli,8,8,6.0,96
2026-05-21,16,Hyderabad,Gachibowli,8,8,5.66,96
2026-05-21,17,Hyderabad,Gachibowli,8,8,6.49,96
2026-05-21,18,Hyderabad,Gachibowli,7,7,5.83,84
2026-05-21,19,Hyderabad,Gachibowli,6,6,5.75,72
2026-05-21,20,Hyderabad,Gachibowli,8,8,5.69,96
2026-05-22,7,Ahmedabad,Satellite,6,6,5.65,72
2026-05-22,8,Ahmedabad,Satellite,7,7,6.33,84
2026-05-22,9,Ahmedabad,Satellite,8,8,5.65,96
2026-05-22,10,Ahmedabad,Satellite,8,8,5.97,96
2026-05-22,11,Ahmedabad,Satellite,7,7,6.14,84
2026-05-22,12,Ahmedabad,Satellite,9,9,6.76,108
2026-05-22,13,Ahmedabad,Satellite,8,8,6.21,96
2026-05-22,14,Ahmedabad,Satellite,7,7,6.01,84
2026-05-22,15,Ahmedabad,Satellite,9,9,5.93,108
2026-05-22,16,Ahmedabad,Satellite,8,8,5.66,96
2026-05-22,17,Ahmedabad,Satellite,9,9,5.88,108
2026-05-22,18,Ahmedabad,Satellite,7,7,5.64,84
2026-05-22,19,Ahmedabad,Satellite,8,8,6.04,96
2026-05-22,20,Ahmedabad,Satellite,8,8,5.91,96
2026-05-22,7,Ahmedabad,Navrangpura,7,7,5.27,84
2026-05-22,8,Ahmedabad,Navrangpura,7,7,6.51,84
2026-05-22,9,Ahmedabad,Navrangpura,8,8,6.08,96
2026-05-22,10,Ahmedabad,Navrangpura,7,7,5.76,84
2026-05-22,11,Ahmedabad,Navrangpura,9,9,6.53,108
2026-05-22,12,Ahmedabad,Navrangpura,7,7,6.74,84
2026-05-22,13,Ahmedabad,Navrangpura,6,6,6.13,72
2026-05-22,14,Ahmedabad,Navrangpura,8,8,6.02,96
2026-05-22,15,Ahmedabad,Navrangpura,6,6,5.15,72
2026-05-22,16,Ahmedabad,Navrangpura,6,6,6.15,72
2026-05-22,17,Ahmedabad,Navrangpura,8,8,5.06,96
2026-05-22,18,Ahmedabad,Navrangpura,7,7,5.86,84
2026-05-22,19,Ahmedabad,Navrangpura,6,6,5.74,72
2026-05-22,20,Ahmedabad,Navrangpura,7,7,6.32,84
2026-05-22,7,Jaipur,C-Scheme,6,6,5.99,72
2026-05-22,8,Jaipur,C-Scheme,8,8,6.05,96
2026-05-22,9,Jaipur,C-Scheme,6,6,5.71,72
2026-05-22,10,Jaipur,C-Scheme,7,7,6.36,84
2026-05-22,11,Jaipur,C-Scheme,7,7,6.15,84
2026-05-22,12,Jaipur,C-Scheme,8,8,6.05,96
2026-05-22,13,Jaipur,C-Scheme,9,9,5.83,108
2026-05-22,14,Jaipur,C-Scheme,9,9,6.64,108
2026-05-22,15,Jaipur,C-Scheme,9,9,6.68,108
2026-05-22,16,Jaipur,C-Scheme,8,8,5.51,96
2026-05-22,17,Jaipur,C-Scheme,9,9,5.84,108
2026-05-22,18,Jaipur,C-Scheme,7,7,6.06,84
2026-05-22,19,Jaipur,C-Scheme,7,7,6.15,84
2026-05-22,20,Jaipur,C-Scheme,8,8,6.49,96
2026-05-22,7,Jaipur,Malviya Nagar,9,9,5.67,108
2026-05-22,8,Jaipur,Malviya Nagar,6,6,6.01,72
2026-05-22,9,Jaipur,Malviya Nagar,8,8,5.93,96
2026-05-22,10,Jaipur,Malviya Nagar,8,8,5.62,96
2026-05-22,11,Jaipur,Malviya Nagar,6,6,5.85,72
2026-05-22,12,Jaipur,Malviya Nagar,9,9,6.57,108
2026-05-22,13,Jaipur,Malviya Nagar,9,9,6.26,108
2026-05-22,14,Jaipur,Malviya Nagar,6,6,6.22,72
2026-05-22,15,Jaipur,Malviya Nagar,9,9,6.15,108
2026-05-22,16,Jaipur,Malviya Nagar,9,9,6.77,108
2026-05-22,17,Jaipur,Malviya Nagar,7,7,6.36,84
2026-05-22,18,Jaipur,Malviya Nagar,7,7,6.28,84
2026-05-22,19,Jaipur,Malviya Nagar,9,9,6.07,108
2026-05-22,20,Jaipur,Malviya Nagar,9,9,6.22,108
2026-05-22,7,Delhi,Connaught Place,7,7,5.46,84
2026-05-22,8,Delhi,Connaught Place,9,9,6.1,108
2026-05-22,9,Delhi,Connaught Place,9,9,5.84,108
2026-05-22,10,Delhi,Connaught Place,7,7,6.52,84
2026-05-22,11,Delhi,Connaught Place,8,8,5.44,96
2026-05-22,12,Delhi,Connaught Place,7,7,6.32,84
2026-05-22,13,Delhi,Connaught Place,9,9,5.23,108
2026-05-22,14,Delhi,Connaught Place,7,7,6.36,84
2026-05-22,15,Delhi,Connaught Place,8,8,6.19,96
2026-05-22,16,Delhi,Connaught Place,6,6,5.82,72
2026-05-22,17,Delhi,Connaught Place,6,6,5.53,72
2026-05-22,18,Delhi,Connaught Place,7,7,5.89,84
2026-05-22,19,Delhi,Connaught Place,8,8,6.12,96
2026-05-22,20,Delhi,Connaught Place,7,7,5.82,84
2026-05-22,7,Delhi,Saket,8,8,6.06,96
2026-05-22,8,Delhi,Saket,9,9,6.15,108
2026-05-22,9,Delhi,Saket,6,6,5.86,72
2026-05-22,10,Delhi,Saket,6,6,6.07,72
2026-05-22,11,Delhi,Saket,8,8,5.03,96
2026-05-22,12,Delhi,Saket,9,9,6.26,108
2026-05-22,13,Delhi,Saket,6,6,6.23,72
2026-05-22,14,Delhi,Saket,7,7,5.49,84
2026-05-22,15,Delhi,Saket,6,6,5.56,72
2026-05-22,16,Delhi,Saket,8,8,6.3,96
2026-05-22,17,Delhi,Saket,6,6,5.63,72
2026-05-22,18,Delhi,Saket,9,9,6.21,108
2026-05-22,19,Delhi,Saket,6,6,5.63,72
2026-05-22,20,Delhi,Saket,8,8,6.36,96
2026-05-22,12,Mumbai,Bandra,6,6,5.83,72
2026-05-22,13,Mumbai,Bandra,6,6,6.47,72
2026-05-22,14,Mumbai,Bandra,6,6,6.16,72
2026-05-22,15,Mumbai,Bandra,9,9,5.72,108
2026-05-22,7,Mumbai,Andheri,6,6,5.84,72
2026-05-22,8,Mumbai,Andheri,7,7,6.04,84
2026-05-22,9,Mumbai,Andheri,6,6,6.27,72
2026-05-22,10,Mumbai,Andheri,7,7,5.35,84
2026-05-22,11,Mumbai,Andheri,6,6,6.04,72
2026-05-22,12,Mumbai,Andheri,7,7,5.96,84
2026-05-22,13,Mumbai,Andheri,7,7,6.08,84
2026-05-22,14,Mumbai,Andheri,9,9,5.72,108
2026-05-22,15,Mumbai,Andheri,6,6,6.47,72
2026-05-22,16,Mumbai,Andheri,8,8,5.72,96
2026-05-22,17,Mumbai,Andheri,7,7,5.98,84
2026-05-22,18,Mumbai,Andheri,8,8,5.55,96
2026-05-22,19,Mumbai,Andheri,6,6,5.86,72
2026-05-22,20,Mumbai,Andheri,6,6,6.58,72
2026-05-22,7,Bengaluru,Indiranagar,6,6,6.07,72
2026-05-22,8,Bengaluru,Indiranagar,7,7,5.15,84
2026-05-22,9,Bengaluru,Indiranagar,9,9,6.04,108
2026-05-22,10,Bengaluru,Indiranagar,8,8,5.73,96
2026-05-22,11,Bengaluru,Indiranagar,9,9,6.07,108
2026-05-22,12,Bengaluru,Indiranagar,7,7,5.58,84
2026-05-22,13,Bengaluru,Indiranagar,7,7,6.48,84
2026-05-22,14,Bengaluru,Indiranagar,7,7,5.91,84
2026-05-22,15,Bengaluru,Indiranagar,6,6,5.93,72
2026-05-22,16,Bengaluru,Indiranagar,6,6,6.34,72
2026-05-22,17,Bengaluru,Indiranagar,6,6,6.23,72
2026-05-22,18,Bengaluru,Indiranagar,6,6,5.73,72
2026-05-22,19,Bengaluru,Indiranagar,9,9,5.77,108
2026-05-22,20,Bengaluru,Indiranagar,8,8,5.77,96
2026-05-22,7,Bengaluru,Koramangala,7,7,5.44,84
2026-05-22,8,Bengaluru,Koramangala,6,6,6.19,72
2026-05-22,9,Bengaluru,Koramangala,9,9,6.27,108
2026-05-22,10,Bengaluru,Koramangala,9,9,5.47,108
2026-05-22,11,Bengaluru,Koramangala,7,7,5.7,84
2026-05-22,12,Bengaluru,Koramangala,7,7,6.06,84
2026-05-22,13,Bengaluru,Koramangala,9,9,5.49,108
2026-05-22,14,Bengaluru,Koramangala,6,6,5.65,72
2026-05-22,15,Bengaluru,Koramangala,9,9,5.93,108
2026-05-22,16,Bengaluru,Koramangala,9,9,6.79,108
2026-05-22,17,Bengaluru,Koramangala,9,9,5.61,108
2026-05-22,18,Bengaluru,Koramangala,7,7,5.55,84
2026-05-22,19,Bengaluru,Koramangala,7,7,5.98,84
2026-05-22,20,Bengaluru,Koramangala,9,9,5.64,108
2026-05-22,7,Hyderabad,Banjara Hills,8,8,5.68,96
2026-05-22,8,Hyderabad,Banjara Hills,6,6,6.12,72
2026-05-22,9,Hyderabad,Banjara Hills,6,6,6.22,72
2026-05-22,10,Hyderabad,Banjara Hills,6,6,5.96,72
2026-05-22,11,Hyderabad,Banjara Hills,8,8,5.46,96
2026-05-22,12,Hyderabad,Banjara Hills,7,7,6.29,84
2026-05-22,13,Hyderabad,Banjara Hills,9,9,5.81,108
2026-05-22,14,Hyderabad,Banjara Hills,7,7,6.49,84
2026-05-22,15,Hyderabad,Banjara Hills,8,8,6.31,96
2026-05-22,16,Hyderabad,Banjara Hills,6,6,6.12,72
2026-05-22,17,Hyderabad,Banjara Hills,7,7,5.94,84
2026-05-22,18,Hyderabad,Banjara Hills,8,8,5.62,96
2026-05-22,19,Hyderabad,Banjara Hills,6,6,6.34,72
2026-05-22,20,Hyderabad,Banjara Hills,7,7,5.8,84
2026-05-22,7,Hyderabad,Gachibowli,7,7,5.57,84
2026-05-22,8,Hyderabad,Gachibowli,7,7,6.31,84
2026-05-22,9,Hyderabad,Gachibowli,7,7,5.52,84
2026-05-22,10,Hyderabad,Gachibowli,6,6,5.91,72
2026-05-22,11,Hyderabad,Gachibowli,8,8,5.5,96
2026-05-22,12,Hyderabad,Gachibowli,6,6,5.57,72
2026-05-22,13,Hyderabad,Gachibowli,8,8,6.85,96
2026-05-22,14,Hyderabad,Gachibowli,8,8,5.73,96
2026-05-22,15,Hyderabad,Gachibowli,7,7,6.1,84
2026-05-22,16,Hyderabad,Gachibowli,8,8,5.76,96
2026-05-22,17,Hyderabad,Gachibowli,6,6,5.82,72
2026-05-22,18,Hyderabad,Gachibowli,7,7,5.86,84
2026-05-22,19,Hyderabad,Gachibowli,6,6,5.99,72
2026-05-22,20,Hyderabad,Gachibowli,7,7,6.36,84
2026-05-23,7,Ahmedabad,Satellite,7,7,6.44,84
2026-05-23,8,Ahmedabad,Satellite,8,8,6.23,96
2026-05-23,9,Ahmedabad,Satellite,7,7,5.75,84
2026-05-23,10,Ahmedabad,Satellite,8,8,5.81,96
2026-05-23,11,Ahmedabad,Satellite,8,8,5.89,96
2026-05-23,12,Ahmedabad,Satellite,6,6,6.06,72
2026-05-23,13,Ahmedabad,Satellite,6,6,6.21,72
2026-05-23,14,Ahmedabad,Satellite,6,6,5.65,72
2026-05-23,15,Ahmedabad,Satellite,8,8,5.92,96
2026-05-23,16,Ahmedabad,Satellite,9,9,6.32,108
2026-05-23,17,Ahmedabad,Satellite,6,6,6.22,72
2026-05-23,18,Ahmedabad,Satellite,8,8,5.93,96
2026-05-23,19,Ahmedabad,Satellite,9,9,5.36,108
2026-05-23,20,Ahmedabad,Satellite,6,6,6.64,72
2026-05-23,7,Ahmedabad,Navrangpura,9,9,6.32,108
2026-05-23,8,Ahmedabad,Navrangpura,9,9,5.89,108
2026-05-23,9,Ahmedabad,Navrangpura,7,7,5.79,84
2026-05-23,10,Ahmedabad,Navrangpura,6,6,5.9,72
2026-05-23,11,Ahmedabad,Navrangpura,8,8,6.18,96
2026-05-23,12,Ahmedabad,Navrangpura,8,8,6.42,96
2026-05-23,13,Ahmedabad,Navrangpura,7,7,6.13,84
2026-05-23,14,Ahmedabad,Navrangpura,9,9,6.69,108
2026-05-23,15,Ahmedabad,Navrangpura,8,8,6.43,96
2026-05-23,16,Ahmedabad,Navrangpura,6,6,6.17,72
2026-05-23,17,Ahmedabad,Navrangpura,6,6,6.07,72
2026-05-23,18,Ahmedabad,Navrangpura,6,6,6.2,72
2026-05-23,19,Ahmedabad,Navrangpura,8,8,6.17,96
2026-05-23,20,Ahmedabad,Navrangpura,6,6,6.35,72
2026-05-23,7,Jaipur,C-Scheme,8,8,4.82,96
2026-05-23,8,Jaipur,C-Scheme,8,8,6.67,96
2026-05-23,9,Jaipur,C-Scheme,6,6,5.67,72
2026-05-23,10,Jaipur,C-Scheme,7,7,5.55,84
2026-05-23,11,Jaipur,C-Scheme,8,8,5.77,96
2026-05-23,12,Jaipur,C-Scheme,6,6,5.71,72
2026-05-23,13,Jaipur,C-Scheme,7,7,6.21,84
2026-05-23,14,Jaipur,C-Scheme,9,9,6.81,108
2026-05-23,15,Jaipur,C-Scheme,8,8,6.45,96
2026-05-23,16,Jaipur,C-Scheme,8,8,5.85,96
2026-05-23,17,Jaipur,C-Scheme,6,6,5.95,72
2026-05-23,18,Jaipur,C-Scheme,6,6,6.04,72
2026-05-23,19,Jaipur,C-Scheme,6,6,5.74,72
2026-05-23,20,Jaipur,C-Scheme,6,6,5.83,72
2026-05-23,7,Jaipur,Malviya Nagar,6,6,6.44,72
2026-05-23,8,Jaipur,Malviya Nagar,8,8,6.03,96
2026-05-23,9,Jaipur,Malviya Nagar,9,9,5.88,108
2026-05-23,10,Jaipur,Malviya Nagar,6,6,5.42,72
2026-05-23,11,Jaipur,Malviya Nagar,8,8,6.1,96
2026-05-23,12,Jaipur,Malviya Nagar,9,9,5.89,108
2026-05-23,13,Jaipur,Malviya Nagar,7,7,6.17,84
2026-05-23,14,Jaipur,Malviya Nagar,6,6,6.1,72
2026-05-23,15,Jaipur,Malviya Nagar,6,6,5.9,72
2026-05-23,16,Jaipur,Malviya Nagar,6,6,6.16,72
2026-05-23,17,Jaipur,Malviya Nagar,7,7,5.89,84
2026-05-23,18,Jaipur,Malviya Nagar,7,7,6.22,84
2026-05-23,19,Jaipur,Malviya Nagar,6,6,5.92,72
2026-05-23,20,Jaipur,Malviya Nagar,6,6,6.46,72
2026-05-23,7,Delhi,Connaught Place,7,7,6.55,84
2026-05-23,8,Delhi,Connaught Place,6,6,6.18,72
2026-05-23,9,Delhi,Connaught Place,7,7,5.75,84
2026-05-23,10,Delhi,Connaught Place,9,9,6.85,108
2026-05-23,11,Delhi,Connaught Place,6,6,6.54,72
2026-05-23,12,Delhi,Connaught Place,7,7,5.87,84
2026-05-23,13,Delhi,Connaught Place,8,8,6.57,96
2026-05-23,14,Delhi,Connaught Place,7,7,5.57,84
2026-05-23,15,Delhi,Connaught Place,6,6,5.14,72
2026-05-23,16,Delhi,Connaught Place,7,7,5.93,84
2026-05-23,17,Delhi,Connaught Place,6,6,5.91,72
2026-05-23,18,Delhi,Connaught Place,8,8,7.17,96
2026-05-23,19,Delhi,Connaught Place,6,6,5.42,72
2026-05-23,20,Delhi,Connaught Place,6,6,6.22,72
2026-05-23,7,Delhi,Saket,8,8,5.86,96
2026-05-23,8,Delhi,Saket,9,9,6.07,108
2026-05-23,9,Delhi,Saket,7,7,5.46,84
2026-05-23,10,Delhi,Saket,9,9,5.59,108
2026-05-23,11,Delhi,Saket,8,8,6.04,96
2026-05-23,12,Delhi,Saket,6,6,5.72,72
2026-05-23,13,Delhi,Saket,9,9,5.96,108
2026-05-23,14,Delhi,Saket,7,7,6.35,84
2026-05-23,15,Delhi,Saket,6,6,6.65,72
2026-05-23,16,Delhi,Saket,8,8,5.72,96
2026-05-23,17,Delhi,Saket,8,8,5.86,96
2026-05-23,18,Delhi,Saket,8,8,6.24,96
2026-05-23,19,Delhi,Saket,8,8,6.77,96
2026-05-23,20,Delhi,Saket,6,6,5.32,72
2026-05-23,7,Mumbai,Bandra,7,7,6.04,84
2026-05-23,8,Mumbai,Bandra,6,6,6.22,72
2026-05-23,11,Mumbai,Bandra,7,7,6.75,84
2026-05-23,12,Mumbai,Bandra,8,8,5.65,96
2026-05-23,13,Mumbai,Bandra,6,6,6.15,72
2026-05-23,14,Mumbai,Bandra,9,9,5.83,108
2026-05-23,17,Mumbai,Bandra,7,7,5.89,84
2026-05-23,18,Mumbai,Bandra,8,8,5.57,96
2026-05-23,19,Mumbai,Bandra,6,6,5.91,72
2026-05-23,7,Mumbai,Andheri,7,7,6.14,84
2026-05-23,8,Mumbai,Andheri,7,7,6.03,84
2026-05-23,9,Mumbai,Andheri,7,7,6.05,84
2026-05-23,10,Mumbai,Andheri,9,9,5.98,108
2026-05-23,11,Mumbai,Andheri,8,8,5.88,96
2026-05-23,12,Mumbai,Andheri,6,6,6.23,72
2026-05-23,13,Mumbai,Andheri,9,9,5.91,108
2026-05-23,14,Mumbai,Andheri,7,7,6.27,84
2026-05-23,15,Mumbai,Andheri,9,9,5.62,108
2026-05-23,16,Mumbai,Andheri,9,9,5.9,108
2026-05-23,17,Mumbai,Andheri,9,9,6.07,108
2026-05-23,18,Mumbai,Andheri,8,8,5.89,96
2026-05-23,19,Mumbai,Andheri,9,9,5.89,108
2026-05-23,20,Mumbai,Andheri,7,7,6.89,84
2026-05-23,7,Bengaluru,Indiranagar,7,7,5.6,84
2026-05-23,8,Bengaluru,Indiranagar,6,6,5.93,72
2026-05-23,9,Bengaluru,Indiranagar,7,7,5.68,84
2026-05-23,10,Bengaluru,Indiranagar,7,7,7.04,84
2026-05-23,11,Bengaluru,Indiranagar,9,9,6.19,108
2026-05-23,12,Bengaluru,Indiranagar,6,6,5.82,72
2026-05-23,13,Bengaluru,Indiranagar,9,9,5.92,108
2026-05-23,14,Bengaluru,Indiranagar,7,7,5.77,84
2026-05-23,15,Bengaluru,Indiranagar,8,8,5.33,96
2026-05-23,16,Bengaluru,Indiranagar,6,6,5.54,72
2026-05-23,17,Bengaluru,Indiranagar,9,9,6.54,108
2026-05-23,18,Bengaluru,Indiranagar,7,7,5.85,84
2026-05-23,19,Bengaluru,Indiranagar,9,9,6.01,108
2026-05-23,20,Bengaluru,Indiranagar,6,6,6.52,72
2026-05-23,7,Bengaluru,Koramangala,8,8,6.29,96
2026-05-23,8,Bengaluru,Koramangala,7,7,5.92,84
2026-05-23,9,Bengaluru,Koramangala,6,6,5.67,72
2026-05-23,10,Bengaluru,Koramangala,6,6,6.01,72
2026-05-23,11,Bengaluru,Koramangala,9,9,5.6,108
2026-05-23,12,Bengaluru,Koramangala,9,9,5.49,108
2026-05-23,13,Bengaluru,Koramangala,8,8,6.05,96
2026-05-23,14,Bengaluru,Koramangala,8,8,5.7,96
2026-05-23,15,Bengaluru,Koramangala,9,9,5.25,108
2026-05-23,16,Bengaluru,Koramangala,9,9,5.85,108
2026-05-23,17,Bengaluru,Koramangala,9,9,6.28,108
2026-05-23,18,Bengaluru,Koramangala,8,8,5.97,96
2026-05-23,19,Bengaluru,Koramangala,8,8,5.67,96
2026-05-23,20,Bengaluru,Koramangala,7,7,6.65,84
2026-05-23,7,Hyderabad,Banjara Hills,9,9,6.07,108
2026-05-23,8,Hyderabad,Banjara Hills,9,9,7.04,108
2026-05-23,9,Hyderabad,Banjara Hills,9,9,5.5,108
2026-05-23,10,Hyderabad,Banjara Hills,6,6,5.72,72
2026-05-23,11,Hyderabad,Banjara Hills,8,8,6.92,96
2026-05-23,12,Hyderabad,Banjara Hills,7,7,5.89,84
2026-05-23,13,Hyderabad,Banjara Hills,8,8,5.64,96
2026-05-23,14,Hyderabad,Banjara Hills,7,7,6.46,84
2026-05-23,15,Hyderabad,Banjara Hills,8,8,5.81,96
2026-05-23,16,Hyderabad,Banjara Hills,6,6,5.25,72
2026-05-23,17,Hyderabad,Banjara Hills,6,6,6.69,72
2026-05-23,18,Hyderabad,Banjara Hills,7,7,6.28,84
2026-05-23,19,Hyderabad,Banjara Hills,7,7,6.75,84
2026-05-23,20,Hyderabad,Banjara Hills,6,6,6.78,72
2026-05-23,7,Hyderabad,Gachibowli,9,9,5.99,108
2026-05-23,8,Hyderabad,Gachibowli,6,6,5.77,72
2026-05-23,9,Hyderabad,Gachibowli,9,9,5.41,108
2026-05-23,10,Hyderabad,Gachibowli,9,9,5.4,108
2026-05-23,11,Hyderabad,Gachibowli,8,8,6.43,96
2026-05-23,12,Hyderabad,Gachibowli,9,9,5.38,108
2026-05-23,13,Hyderabad,Gachibowli,7,7,5.71,84
2026-05-23,14,Hyderabad,Gachibowli,6,6,6.69,72
2026-05-23,15,Hyderabad,Gachibowli,6,6,5.37,72
2026-05-23,16,Hyderabad,Gachibowli,9,9,6.51,108
2026-05-23,17,Hyderabad,Gachibowli,8,8,5.64,96
2026-05-23,18,Hyderabad,Gachibowli,9,9,5.87,108
2026-05-23,19,Hyderabad,Gachibowli,7,7,5.95,84
2026-05-23,20,Hyderabad,Gachibowli,9,9,6.04,108
2026-05-24,7,Ahmedabad,Satellite,8,8,5.27,96
2026-05-24,8,Ahmedabad,Satellite,7,7,5.77,84
2026-05-24,9,Ahmedabad,Satellite,6,6,5.92,72
2026-05-24,10,Ahmedabad,Satellite,8,8,5.87,96
2026-05-24,11,Ahmedabad,Satellite,7,7,5.76,84
2026-05-24,12,Ahmedabad,Satellite,7,7,6.56,84
2026-05-24,13,Ahmedabad,Satellite,8,8,6.29,96
2026-05-24,14,Ahmedabad,Satellite,9,9,6.02,108
2026-05-24,15,Ahmedabad,Satellite,6,6,5.71,72
2026-05-24,16,Ahmedabad,Satellite,9,9,5.86,108
2026-05-24,17,Ahmedabad,Satellite,6,6,5.79,72
2026-05-24,18,Ahmedabad,Satellite,8,8,6.13,96
2026-05-24,19,Ahmedabad,Satellite,8,8,6.87,96
2026-05-24,20,Ahmedabad,Satellite,8,8,6.11,96
2026-05-24,7,Ahmedabad,Navrangpura,8,8,6.47,96
2026-05-24,8,Ahmedabad,Navrangpura,9,9,5.92,108
2026-05-24,9,Ahmedabad,Navrangpura,9,9,6.59,108
2026-05-24,10,Ahmedabad,Navrangpura,8,8,5.8,96
2026-05-24,11,Ahmedabad,Navrangpura,7,7,5.76,84
2026-05-24,12,Ahmedabad,Navrangpura,7,7,6.0,84
2026-05-24,13,Ahmedabad,Navrangpura,6,6,6.45,72
2026-05-24,14,Ahmedabad,Navrangpura,7,7,6.36,84
2026-05-24,15,Ahmedabad,Navrangpura,6,6,6.99,72
2026-05-24,16,Ahmedabad,Navrangpura,6,6,5.85,72
2026-05-24,17,Ahmedabad,Navrangpura,8,8,5.43,96
2026-05-24,18,Ahmedabad,Navrangpura,7,7,6.59,84
2026-05-24,19,Ahmedabad,Navrangpura,7,7,6.06,84
2026-05-24,20,Ahmedabad,Navrangpura,9,9,5.78,108
2026-05-24,7,Jaipur,C-Scheme,6,6,5.69,72
2026-05-24,8,Jaipur,C-Scheme,6,6,6.19,72
2026-05-24,9,Jaipur,C-Scheme,6,6,6.17,72
2026-05-24,10,Jaipur,C-Scheme,7,7,6.14,84
2026-05-24,11,Jaipur,C-Scheme,9,9,5.42,108
2026-05-24,12,Jaipur,C-Scheme,7,7,5.38,84
2026-05-24,13,Jaipur,C-Scheme,8,8,6.59,96
2026-05-24,14,Jaipur,C-Scheme,8,8,6.54,96
2026-05-24,15,Jaipur,C-Scheme,7,7,6.0,84
2026-05-24,16,Jaipur,C-Scheme,9,9,5.67,108
2026-05-24,17,Jaipur,C-Scheme,7,7,5.76,84
2026-05-24,18,Jaipur,C-Scheme,6,6,6.53,72
2026-05-24,19,Jaipur,C-Scheme,8,8,5.61,96
2026-05-24,20,Jaipur,C-Scheme,6,6,5.87,72
2026-05-24,7,Jaipur,Malviya Nagar,6,6,5.77,72
2026-05-24,8,Jaipur,Malviya Nagar,9,9,6.03,108
2026-05-24,9,Jaipur,Malviya Nagar,8,8,6.16,96
2026-05-24,10,Jaipur,Malviya Nagar,6,6,6.1,72
2026-05-24,11,Jaipur,Malviya Nagar,9,9,5.78,108
2026-05-24,12,Jaipur,Malviya Nagar,9,9,5.55,108
2026-05-24,13,Jaipur,Malviya Nagar,9,9,5.95,108
2026-05-24,14,Jaipur,Malviya Nagar,8,8,6.33,96
2026-05-24,15,Jaipur,Malviya Nagar,9,9,6.11,108
2026-05-24,16,Jaipur,Malviya Nagar,6,6,6.31,72
2026-05-24,17,Jaipur,Malviya Nagar,6,6,5.89,72
2026-05-24,18,Jaipur,Malviya Nagar,7,7,6.66,84
2026-05-24,19,Jaipur,Malviya Nagar,8,8,5.25,96
2026-05-24,20,Jaipur,Malviya Nagar,9,9,6.26,108
2026-05-24,7,Delhi,Connaught Place,6,6,6.28,72
2026-05-24,8,Delhi,Connaught Place,7,7,5.72,84
2026-05-24,9,Delhi,Connaught Place,9,9,5.78,108
2026-05-24,10,Delhi,Connaught Place,6,6,6.0,72
2026-05-24,11,Delhi,Connaught Place,9,9,5.91,108
2026-05-24,12,Delhi,Connaught Place,7,7,5.53,84
2026-05-24,13,Delhi,Connaught Place,6,6,6.07,72
2026-05-24,14,Delhi,Connaught Place,6,6,5.35,72
2026-05-24,15,Delhi,Connaught Place,6,6,5.93,72
2026-05-24,16,Delhi,Connaught Place,8,8,6.06,96
2026-05-24,17,Delhi,Connaught Place,6,6,6.13,72
2026-05-24,18,Delhi,Connaught Place,8,8,6.47,96
2026-05-24,19,Delhi,Connaught Place,7,7,6.41,84
2026-05-24,20,Delhi,Connaught Place,7,7,6.05,84
2026-05-24,7,Delhi,Saket,8,8,6.16,96
2026-05-24,8,Delhi,Saket,6,6,6.5,72
2026-05-24,9,Delhi,Saket,7,7,5.82,84
2026-05-24,10,Delhi,Saket,9,9,5.74,108
2026-05-24,11,Delhi,Saket,6,6,5.7,72
2026-05-24,12,Delhi,Saket,8,8,5.58,96
2026-05-24,13,Delhi,Saket,6,6,5.38,72
2026-05-24,14,Delhi,Saket,7,7,6.79,84
2026-05-24,15,Delhi,Saket,6,6,6.76,72
2026-05-24,16,Delhi,Saket,6,6,6.16,72
2026-05-24,17,Delhi,Saket,8,8,5.4,96
2026-05-24,18,Delhi,Saket,6,6,6.0,72
2026-05-24,19,Delhi,Saket,9,9,6.62,108
2026-05-24,20,Delhi,Saket,7,7,6.11,84
2026-05-24,7,Mumbai,Bandra,8,8,5.62,96
2026-05-24,8,Mumbai,Bandra,7,7,5.66,84
2026-05-24,11,Mumbai,Bandra,8,8,6.62,96
2026-05-24,13,Mumbai,Bandra,8,8,6.19,96
2026-05-24,14,Mumbai,Bandra,9,9,5.65,108
2026-05-24,15,Mumbai,Bandra,8,8,5.71,96
2026-05-24,16,Mumbai,Bandra,6,6,6.57,72
2026-05-24,17,Mumbai,Bandra,7,7,6.05,84
2026-05-24,20,Mumbai,Bandra,9,9,5.78,108
2026-05-24,7,Mumbai,Andheri,8,8,6.17,96
2026-05-24,8,Mumbai,Andheri,7,7,5.84,84
2026-05-24,9,Mumbai,Andheri,9,9,5.93,108
2026-05-24,10,Mumbai,Andheri,7,7,5.87,84
2026-05-24,11,Mumbai,Andheri,8,8,6.3,96
2026-05-24,12,Mumbai,Andheri,9,9,5.29,108
2026-05-24,13,Mumbai,Andheri,8,8,6.05,96
2026-05-24,14,Mumbai,Andheri,7,7,6.24,84
2026-05-24,15,Mumbai,Andheri,6,6,5.72,72
2026-05-24,16,Mumbai,Andheri,6,6,5.63,72
2026-05-24,17,Mumbai,Andheri,7,7,5.9,84
2026-05-24,18,Mumbai,Andheri,8,8,6.28,96
2026-05-24,19,Mumbai,Andheri,9,9,6.24,108
2026-05-24,20,Mumbai,Andheri,8,8,5.05,96
2026-05-24,7,Bengaluru,Indiranagar,9,9,6.47,108
2026-05-24,8,Bengaluru,Indiranagar,8,8,5.93,96
2026-05-24,9,Bengaluru,Indiranagar,9,9,5.74,108
2026-05-24,10,Bengaluru,Indiranagar,8,8,4.79,96
2026-05-24,11,Bengaluru,Indiranagar,9,9,6.42,108
2026-05-24,12,Bengaluru,Indiranagar,7,7,5.77,84
2026-05-24,13,Bengaluru,Indiranagar,7,7,5.07,84
2026-05-24,14,Bengaluru,Indiranagar,8,8,5.35,96
2026-05-24,15,Bengaluru,Indiranagar,8,8,6.25,96
2026-05-24,16,Bengaluru,Indiranagar,6,6,5.48,72
2026-05-24,17,Bengaluru,Indiranagar,7,7,5.99,84
2026-05-24,18,Bengaluru,Indiranagar,6,6,5.52,72
2026-05-24,19,Bengaluru,Indiranagar,9,9,5.94,108
2026-05-24,20,Bengaluru,Indiranagar,9,9,6.23,108
2026-05-24,7,Bengaluru,Koramangala,8,8,6.35,96
2026-05-24,8,Bengaluru,Koramangala,9,9,5.38,108
2026-05-24,9,Bengaluru,Koramangala,8,8,5.89,96
2026-05-24,10,Bengaluru,Koramangala,9,9,5.97,108
2026-05-24,11,Bengaluru,Koramangala,8,8,5.74,96
2026-05-24,12,Bengaluru,Koramangala,6,6,4.79,72
2026-05-24,13,Bengaluru,Koramangala,9,9,6.13,108
2026-05-24,14,Bengaluru,Koramangala,8,8,5.41,96
2026-05-24,15,Bengaluru,Koramangala,7,7,5.82,84
2026-05-24,16,Bengaluru,Koramangala,8,8,5.83,96
2026-05-24,17,Bengaluru,Koramangala,6,6,6.21,72
2026-05-24,18,Bengaluru,Koramangala,7,7,5.68,84
2026-05-24,19,Bengaluru,Koramangala,8,8,6.45,96
2026-05-24,20,Bengaluru,Koramangala,7,7,5.93,84
2026-05-24,7,Hyderabad,Banjara Hills,9,9,6.28,108
2026-05-24,8,Hyderabad,Banjara Hills,8,8,5.73,96
2026-05-24,9,Hyderabad,Banjara Hills,9,9,6.12,108
2026-05-24,10,Hyderabad,Banjara Hills,9,9,5.38,108
2026-05-24,11,Hyderabad,Banjara Hills,8,8,5.7,96
2026-05-24,12,Hyderabad,Banjara Hills,9,9,6.34,108
2026-05-24,13,Hyderabad,Banjara Hills,9,9,6.17,108
2026-05-24,14,Hyderabad,Banjara Hills,9,9,5.36,108
2026-05-24,15,Hyderabad,Banjara Hills,6,6,6.38,72
2026-05-24,16,Hyderabad,Banjara Hills,7,7,5.53,84
2026-05-24,17,Hyderabad,Banjara Hills,6,6,5.07,72
2026-05-24,18,Hyderabad,Banjara Hills,6,6,5.38,72
2026-05-24,19,Hyderabad,Banjara Hills,7,7,6.15,84
2026-05-24,20,Hyderabad,Banjara Hills,9,9,5.86,108
2026-05-24,7,Hyderabad,Gachibowli,6,6,5.57,72
2026-05-24,8,Hyderabad,Gachibowli,9,9,6.08,108
2026-05-24,9,Hyderabad,Gachibowli,7,7,6.62,84
2026-05-24,10,Hyderabad,Gachibowli,8,8,5.93,96
2026-05-24,11,Hyderabad,Gachibowli,9,9,5.44,108
2026-05-24,12,Hyderabad,Gachibowli,7,7,5.86,84
2026-05-24,13,Hyderabad,Gachibowli,9,9,5.85,108
2026-05-24,14,Hyderabad,Gachibowli,8,8,5.81,96
2026-05-24,15,Hyderabad,Gachibowli,7,7,6.61,84
2026-05-24,16,Hyderabad,Gachibowli,9,9,6.06,108
2026-05-24,17,Hyderabad,Gachibowli,6,6,6.25,72
2026-05-24,18,Hyderabad,Gachibowli,8,8,6.43,96
2026-05-24,19,Hyderabad,Gachibowli,9,9,5.92,108
2026-05-24,20,Hyderabad,Gachibowli,6,6,5.92,72
2026-05-25,7,Ahmedabad,Satellite,9,9,6.32,108
2026-05-25,8,Ahmedabad,Satellite,8,8,6.05,96
2026-05-25,9,Ahmedabad,Satellite,8,8,5.77,96
2026-05-25,10,Ahmedabad,Satellite,9,9,6.35,108
2026-05-25,11,Ahmedabad,Satellite,9,9,6.27,108
2026-05-25,12,Ahmedabad,Satellite,7,7,6.05,84
2026-05-25,13,Ahmedabad,Satellite,8,8,5.64,96
2026-05-25,14,Ahmedabad,Satellite,6,6,6.08,72
2026-05-25,15,Ahmedabad,Satellite,6,6,5.47,72
2026-05-25,16,Ahmedabad,Satellite,9,9,6.19,108
2026-05-25,17,Ahmedabad,Satellite,6,6,5.83,72
2026-05-25,18,Ahmedabad,Satellite,8,8,6.02,96
2026-05-25,19,Ahmedabad,Satellite,9,9,6.03,108
2026-05-25,20,Ahmedabad,Satellite,6,6,6.03,72
2026-05-25,7,Ahmedabad,Navrangpura,9,9,6.23,108
2026-05-25,8,Ahmedabad,Navrangpura,7,7,5.69,84
2026-05-25,9,Ahmedabad,Navrangpura,6,6,5.96,72
2026-05-25,10,Ahmedabad,Navrangpura,7,7,5.53,84
2026-05-25,11,Ahmedabad,Navrangpura,6,6,6.46,72
2026-05-25,12,Ahmedabad,Navrangpura,6,6,5.84,72
2026-05-25,13,Ahmedabad,Navrangpura,6,6,6.34,72
2026-05-25,14,Ahmedabad,Navrangpura,6,6,5.83,72
2026-05-25,15,Ahmedabad,Navrangpura,9,9,6.37,108
2026-05-25,16,Ahmedabad,Navrangpura,9,9,6.11,108
2026-05-25,17,Ahmedabad,Navrangpura,6,6,5.31,72
2026-05-25,18,Ahmedabad,Navrangpura,8,8,5.67,96
2026-05-25,19,Ahmedabad,Navrangpura,9,9,6.9,108
2026-05-25,20,Ahmedabad,Navrangpura,9,9,6.72,108
2026-05-25,7,Jaipur,C-Scheme,6,6,5.68,72
2026-05-25,8,Jaipur,C-Scheme,9,9,5.73,108
2026-05-25,9,Jaipur,C-Scheme,7,7,5.69,84
2026-05-25,10,Jaipur,C-Scheme,6,6,6.6,72
2026-05-25,11,Jaipur,C-Scheme,8,8,5.96,96
2026-05-25,12,Jaipur,C-Scheme,6,6,6.31,72
2026-05-25,13,Jaipur,C-Scheme,7,7,6.02,84
2026-05-25,14,Jaipur,C-Scheme,9,9,5.56,108
2026-05-25,15,Jaipur,C-Scheme,9,9,5.77,108
2026-05-25,16,Jaipur,C-Scheme,7,7,5.74,84
2026-05-25,17,Jaipur,C-Scheme,8,8,6.09,96
2026-05-25,18,Jaipur,C-Scheme,8,8,5.91,96
2026-05-25,19,Jaipur,C-Scheme,8,8,5.65,96
2026-05-25,20,Jaipur,C-Scheme,6,6,6.27,72
2026-05-25,7,Jaipur,Malviya Nagar,8,8,5.81,96
2026-05-25,8,Jaipur,Malviya Nagar,9,9,5.68,108
2026-05-25,9,Jaipur,Malviya Nagar,6,6,6.75,72
2026-05-25,10,Jaipur,Malviya Nagar,9,9,5.97,108
2026-05-25,11,Jaipur,Malviya Nagar,7,7,6.37,84
2026-05-25,12,Jaipur,Malviya Nagar,7,7,5.81,84
2026-05-25,13,Jaipur,Malviya Nagar,7,7,5.76,84
2026-05-25,14,Jaipur,Malviya Nagar,8,8,6.51,96
2026-05-25,15,Jaipur,Malviya Nagar,9,9,6.56,108
2026-05-25,16,Jaipur,Malviya Nagar,9,9,5.58,108
2026-05-25,17,Jaipur,Malviya Nagar,8,8,6.56,96
2026-05-25,18,Jaipur,Malviya Nagar,9,9,6.07,108
2026-05-25,19,Jaipur,Malviya Nagar,9,9,5.89,108
2026-05-25,20,Jaipur,Malviya Nagar,6,6,6.1,72
2026-05-25,7,Delhi,Connaught Place,6,6,5.39,72
2026-05-25,8,Delhi,Connaught Place,8,8,5.34,96
2026-05-25,9,Delhi,Connaught Place,6,6,6.33,72
2026-05-25,10,Delhi,Connaught Place,8,8,5.36,96
2026-05-25,11,Delhi,Connaught Place,8,8,6.21,96
2026-05-25,12,Delhi,Connaught Place,6,6,6.81,72
2026-05-25,13,Delhi,Connaught Place,7,7,6.15,84
2026-05-25,14,Delhi,Connaught Place,6,6,6.54,72
2026-05-25,15,Delhi,Connaught Place,6,6,5.82,72
2026-05-25,16,Delhi,Connaught Place,8,8,5.54,96
2026-05-25,17,Delhi,Connaught Place,9,9,5.98,108
2026-05-25,18,Delhi,Connaught Place,7,7,6.07,84
2026-05-25,19,Delhi,Connaught Place,9,9,5.91,108
2026-05-25,20,Delhi,Connaught Place,6,6,6.01,72
2026-05-25,7,Delhi,Saket,9,9,6.65,108
2026-05-25,8,Delhi,Saket,9,9,6.07,108
2026-05-25,9,Delhi,Saket,7,7,5.27,84
2026-05-25,10,Delhi,Saket,7,7,6.27,84
2026-05-25,11,Delhi,Saket,6,6,6.35,72
2026-05-25,12,Delhi,Saket,7,7,6.56,84
2026-05-25,13,Delhi,Saket,7,7,6.22,84
2026-05-25,14,Delhi,Saket,9,9,6.52,108
2026-05-25,15,Delhi,Saket,8,8,5.16,96
2026-05-25,16,Delhi,Saket,8,8,5.66,96
2026-05-25,17,Delhi,Saket,8,8,6.21,96
2026-05-25,18,Delhi,Saket,7,7,6.17,84
2026-05-25,19,Delhi,Saket,8,8,5.88,96
2026-05-25,20,Delhi,Saket,6,6,6.32,72
2026-05-25,9,Mumbai,Bandra,6,6,5.99,72
2026-05-25,15,Mumbai,Bandra,9,9,6.05,108
2026-05-25,20,Mumbai,Bandra,7,7,5.88,84
2026-05-25,7,Mumbai,Andheri,7,7,6.43,84
2026-05-25,8,Mumbai,Andheri,8,8,5.56,96
2026-05-25,9,Mumbai,Andheri,6,6,5.75,72
2026-05-25,10,Mumbai,Andheri,8,8,6.69,96
2026-05-25,11,Mumbai,Andheri,8,8,6.63,96
2026-05-25,12,Mumbai,Andheri,8,8,5.71,96
2026-05-25,13,Mumbai,Andheri,9,9,6.32,108
2026-05-25,14,Mumbai,Andheri,6,6,6.26,72
2026-05-25,15,Mumbai,Andheri,6,6,5.81,72
2026-05-25,16,Mumbai,Andheri,7,7,6.03,84
2026-05-25,17,Mumbai,Andheri,6,6,5.72,72
2026-05-25,18,Mumbai,Andheri,9,9,6.23,108
2026-05-25,19,Mumbai,Andheri,9,9,6.08,108
2026-05-25,20,Mumbai,Andheri,7,7,6.03,84
2026-05-25,7,Bengaluru,Indiranagar,8,8,5.9,96
2026-05-25,8,Bengaluru,Indiranagar,9,9,6.06,108
2026-05-25,9,Bengaluru,Indiranagar,6,6,6.63,72
2026-05-25,10,Bengaluru,Indiranagar,8,8,6.4,96
2026-05-25,11,Bengaluru,Indiranagar,6,6,5.69,72
2026-05-25,12,Bengaluru,Indiranagar,9,9,5.67,108
2026-05-25,13,Bengaluru,Indiranagar,7,7,5.6,84
2026-05-25,14,Bengaluru,Indiranagar,8,8,6.05,96
2026-05-25,15,Bengaluru,Indiranagar,8,8,5.88,96
2026-05-25,16,Bengaluru,Indiranagar,7,7,5.6,84
2026-05-25,17,Bengaluru,Indiranagar,9,9,5.78,108
2026-05-25,18,Bengaluru,Indiranagar,9,9,5.72,108
2026-05-25,19,Bengaluru,Indiranagar,9,9,6.0,108
2026-05-25,20,Bengaluru,Indiranagar,6,6,5.79,72
2026-05-25,7,Bengaluru,Koramangala,6,6,6.27,72
2026-05-25,8,Bengaluru,Koramangala,6,6,5.86,72
2026-05-25,9,Bengaluru,Koramangala,7,7,5.49,84
2026-05-25,10,Bengaluru,Koramangala,9,9,6.47,108
2026-05-25,11,Bengaluru,Koramangala,7,7,5.98,84
2026-05-25,12,Bengaluru,Koramangala,9,9,5.72,108
2026-05-25,13,Bengaluru,Koramangala,6,6,5.33,72
2026-05-25,14,Bengaluru,Koramangala,9,9,5.69,108
2026-05-25,15,Bengaluru,Koramangala,6,6,5.62,72
2026-05-25,16,Bengaluru,Koramangala,7,7,5.38,84
2026-05-25,17,Bengaluru,Koramangala,9,9,5.85,108
2026-05-25,18,Bengaluru,Koramangala,9,9,5.86,108
2026-05-25,19,Bengaluru,Koramangala,9,9,6.41,108
2026-05-25,20,Bengaluru,Koramangala,7,7,6.5,84
2026-05-25,7,Hyderabad,Banjara Hills,8,8,5.35,96
2026-05-25,8,Hyderabad,Banjara Hills,6,6,5.66,72
2026-05-25,9,Hyderabad,Banjara Hills,6,6,5.82,72
2026-05-25,10,Hyderabad,Banjara Hills,9,9,6.34,108
2026-05-25,11,Hyderabad,Banjara Hills,9,9,6.63,108
2026-05-25,12,Hyderabad,Banjara Hills,9,9,6.42,108
2026-05-25,13,Hyderabad,Banjara Hills,6,6,5.84,72
2026-05-25,14,Hyderabad,Banjara Hills,8,8,5.96,96
2026-05-25,15,Hyderabad,Banjara Hills,9,9,5.4,108
2026-05-25,16,Hyderabad,Banjara Hills,9,9,6.59,108
2026-05-25,17,Hyderabad,Banjara Hills,7,7,5.86,84
2026-05-25,18,Hyderabad,Banjara Hills,6,6,6.52,72
2026-05-25,19,Hyderabad,Banjara Hills,8,8,5.26,96
2026-05-25,20,Hyderabad,Banjara Hills,9,9,6.4,108
2026-05-25,7,Hyderabad,Gachibowli,6,6,5.92,72
2026-05-25,8,Hyderabad,Gachibowli,7,7,6.08,84
2026-05-25,9,Hyderabad,Gachibowli,7,7,6.34,84
2026-05-25,10,Hyderabad,Gachibowli,9,9,6.23,108
2026-05-25,11,Hyderabad,Gachibowli,9,9,5.68,108
2026-05-25,12,Hyderabad,Gachibowli,9,9,6.12,108
2026-05-25,13,Hyderabad,Gachibowli,6,6,6.62,72
2026-05-25,14,Hyderabad,Gachibowli,9,9,5.44,108
2026-05-25,15,Hyderabad,Gachibowli,6,6,5.47,72
2026-05-25,16,Hyderabad,Gachibowli,6,6,5.71,72
2026-05-25,17,Hyderabad,Gachibowli,7,7,5.79,84
2026-05-25,18,Hyderabad,Gachibowli,7,7,6.46,84
2026-05-25,19,Hyderabad,Gachibowli,7,7,5.81,84
2026-05-25,20,Hyderabad,Gachibowli,7,7,5.95,84
2026-05-26,7,Ahmedabad,Satellite,9,9,6.36,108
2026-05-26,8,Ahmedabad,Satellite,9,9,5.54,108
2026-05-26,9,Ahmedabad,Satellite,7,7,6.19,84
2026-05-26,10,Ahmedabad,Satellite,9,9,6.14,108
2026-05-26,11,Ahmedabad,Satellite,9,9,6.3,108
2026-05-26,12,Ahmedabad,Satellite,9,9,5.64,108
2026-05-26,13,Ahmedabad,Satellite,9,9,6.21,108
2026-05-26,14,Ahmedabad,Satellite,9,9,5.55,108
2026-05-26,15,Ahmedabad,Satellite,7,7,5.78,84
2026-05-26,16,Ahmedabad,Satellite,7,7,6.06,84
2026-05-26,17,Ahmedabad,Satellite,8,8,5.54,96
2026-05-26,18,Ahmedabad,Satellite,8,8,5.44,96
2026-05-26,19,Ahmedabad,Satellite,6,6,6.11,72
2026-05-26,20,Ahmedabad,Satellite,9,9,6.04,108
2026-05-26,7,Ahmedabad,Navrangpura,9,9,5.75,108
2026-05-26,8,Ahmedabad,Navrangpura,6,6,6.07,72
2026-05-26,9,Ahmedabad,Navrangpura,9,9,5.9,108
2026-05-26,10,Ahmedabad,Navrangpura,6,6,7.02,72
2026-05-26,11,Ahmedabad,Navrangpura,9,9,5.88,108
2026-05-26,12,Ahmedabad,Navrangpura,7,7,5.79,84
2026-05-26,13,Ahmedabad,Navrangpura,8,8,6.43,96
2026-05-26,14,Ahmedabad,Navrangpura,8,8,6.31,96
2026-05-26,15,Ahmedabad,Navrangpura,9,9,5.43,108
2026-05-26,16,Ahmedabad,Navrangpura,7,7,5.54,84
2026-05-26,17,Ahmedabad,Navrangpura,9,9,5.96,108
2026-05-26,18,Ahmedabad,Navrangpura,8,8,6.28,96
2026-05-26,19,Ahmedabad,Navrangpura,9,9,6.39,108
2026-05-26,20,Ahmedabad,Navrangpura,7,7,6.15,84
2026-05-26,7,Jaipur,C-Scheme,6,6,5.16,72
2026-05-26,8,Jaipur,C-Scheme,7,7,5.51,84
2026-05-26,9,Jaipur,C-Scheme,9,9,6.0,108
2026-05-26,10,Jaipur,C-Scheme,9,9,6.43,108
2026-05-26,11,Jaipur,C-Scheme,7,7,5.93,84
2026-05-26,12,Jaipur,C-Scheme,9,9,5.76,108
2026-05-26,13,Jaipur,C-Scheme,7,7,6.35,84
2026-05-26,14,Jaipur,C-Scheme,8,8,5.78,96
2026-05-26,15,Jaipur,C-Scheme,7,7,5.7,84
2026-05-26,16,Jaipur,C-Scheme,9,9,6.84,108
2026-05-26,17,Jaipur,C-Scheme,9,9,5.59,108
2026-05-26,18,Jaipur,C-Scheme,8,8,6.09,96
2026-05-26,19,Jaipur,C-Scheme,8,8,5.91,96
2026-05-26,20,Jaipur,C-Scheme,7,7,6.34,84
2026-05-26,7,Jaipur,Malviya Nagar,7,7,6.24,84
2026-05-26,8,Jaipur,Malviya Nagar,9,9,5.99,108
2026-05-26,9,Jaipur,Malviya Nagar,7,7,5.97,84
2026-05-26,10,Jaipur,Malviya Nagar,6,6,6.07,72
2026-05-26,11,Jaipur,Malviya Nagar,7,7,6.07,84
2026-05-26,12,Jaipur,Malviya Nagar,9,9,5.96,108
2026-05-26,13,Jaipur,Malviya Nagar,7,7,5.87,84
2026-05-26,14,Jaipur,Malviya Nagar,8,8,5.88,96
2026-05-26,15,Jaipur,Malviya Nagar,6,6,6.09,72
2026-05-26,16,Jaipur,Malviya Nagar,6,6,6.41,72
2026-05-26,17,Jaipur,Malviya Nagar,9,9,5.25,108
2026-05-26,18,Jaipur,Malviya Nagar,9,9,6.27,108
2026-05-26,19,Jaipur,Malviya Nagar,8,8,5.87,96
2026-05-26,20,Jaipur,Malviya Nagar,9,9,5.58,108
2026-05-26,7,Delhi,Connaught Place,6,6,6.43,72
2026-05-26,8,Delhi,Connaught Place,7,7,6.37,84
2026-05-26,9,Delhi,Connaught Place,8,8,6.69,96
2026-05-26,10,Delhi,Connaught Place,9,9,5.18,108
2026-05-26,11,Delhi,Connaught Place,7,7,5.28,84
2026-05-26,12,Delhi,Connaught Place,6,6,6.25,72
2026-05-26,13,Delhi,Connaught Place,9,9,5.8,108
2026-05-26,14,Delhi,Connaught Place,9,9,5.91,108
2026-05-26,15,Delhi,Connaught Place,8,8,5.41,96
2026-05-26,16,Delhi,Connaught Place,7,7,5.5,84
2026-05-26,17,Delhi,Connaught Place,7,7,6.48,84
2026-05-26,18,Delhi,Connaught Place,8,8,5.99,96
2026-05-26,19,Delhi,Connaught Place,7,7,5.14,84
2026-05-26,20,Delhi,Connaught Place,9,9,6.38,108
2026-05-26,7,Delhi,Saket,7,7,5.54,84
2026-05-26,8,Delhi,Saket,8,8,5.31,96
2026-05-26,9,Delhi,Saket,8,8,5.62,96
2026-05-26,10,Delhi,Saket,7,7,5.9,84
2026-05-26,11,Delhi,Saket,6,6,6.07,72
2026-05-26,12,Delhi,Saket,6,6,5.9,72
2026-05-26,13,Delhi,Saket,7,7,5.32,84
2026-05-26,14,Delhi,Saket,8,8,6.06,96
2026-05-26,15,Delhi,Saket,9,9,5.59,108
2026-05-26,16,Delhi,Saket,8,8,6.04,96
2026-05-26,17,Delhi,Saket,6,6,6.04,72
2026-05-26,18,Delhi,Saket,7,7,6.55,84
2026-05-26,19,Delhi,Saket,6,6,5.66,72
2026-05-26,20,Delhi,Saket,6,6,6.59,72
2026-05-26,8,Mumbai,Bandra,7,7,6.49,84
2026-05-26,9,Mumbai,Bandra,8,8,6.32,96
2026-05-26,10,Mumbai,Bandra,6,6,6.43,72
2026-05-26,17,Mumbai,Bandra,8,8,6.38,96
2026-05-26,19,Mumbai,Bandra,8,8,6.21,96
2026-05-26,20,Mumbai,Bandra,7,7,5.85,84
2026-05-26,7,Mumbai,Andheri,6,6,6.01,72
2026-05-26,8,Mumbai,Andheri,8,8,5.57,96
2026-05-26,9,Mumbai,Andheri,6,6,6.1,72
2026-05-26,10,Mumbai,Andheri,6,6,5.2,72
2026-05-26,11,Mumbai,Andheri,6,6,5.29,72
2026-05-26,12,Mumbai,Andheri,8,8,5.34,96
2026-05-26,13,Mumbai,Andheri,9,9,5.91,108
2026-05-26,14,Mumbai,Andheri,8,8,5.9,96
2026-05-26,15,Mumbai,Andheri,9,9,5.74,108
2026-05-26,16,Mumbai,Andheri,8,8,6.15,96
2026-05-26,17,Mumbai,Andheri,8,8,6.33,96
2026-05-26,18,Mumbai,Andheri,9,9,6.39,108
2026-05-26,19,Mumbai,Andheri,8,8,5.26,96
2026-05-26,20,Mumbai,Andheri,8,8,5.7,96
2026-05-26,7,Bengaluru,Indiranagar,6,6,5.69,72
2026-05-26,8,Bengaluru,Indiranagar,8,8,5.58,96
2026-05-26,9,Bengaluru,Indiranagar,8,8,6.97,96
2026-05-26,10,Bengaluru,Indiranagar,8,8,5.8,96
2026-05-26,11,Bengaluru,Indiranagar,9,9,5.48,108
2026-05-26,12,Bengaluru,Indiranagar,9,9,6.5,108
2026-05-26,13,Bengaluru,Indiranagar,9,9,6.32,108
2026-05-26,14,Bengaluru,Indiranagar,6,6,6.54,72
2026-05-26,15,Bengaluru,Indiranagar,8,8,5.88,96
2026-05-26,16,Bengaluru,Indiranagar,8,8,6.68,96
2026-05-26,17,Bengaluru,Indiranagar,8,8,5.11,96
2026-05-26,18,Bengaluru,Indiranagar,7,7,6.18,84
2026-05-26,19,Bengaluru,Indiranagar,7,7,6.36,84
2026-05-26,20,Bengaluru,Indiranagar,7,7,6.16,84
2026-05-26,7,Bengaluru,Koramangala,8,8,6.11,96
2026-05-26,8,Bengaluru,Koramangala,7,7,6.08,84
2026-05-26,9,Bengaluru,Koramangala,7,7,6.23,84
2026-05-26,10,Bengaluru,Koramangala,7,7,6.6,84
2026-05-26,11,Bengaluru,Koramangala,6,6,6.01,72
2026-05-26,12,Bengaluru,Koramangala,8,8,6.46,96
2026-05-26,13,Bengaluru,Koramangala,8,8,6.37,96
2026-05-26,14,Bengaluru,Koramangala,7,7,6.08,84
2026-05-26,15,Bengaluru,Koramangala,7,7,6.1,84
2026-05-26,16,Bengaluru,Koramangala,8,8,6.01,96
2026-05-26,17,Bengaluru,Koramangala,9,9,5.7,108
2026-05-26,18,Bengaluru,Koramangala,7,7,6.46,84
2026-05-26,19,Bengaluru,Koramangala,7,7,5.41,84
2026-05-26,20,Bengaluru,Koramangala,6,6,5.92,72
2026-05-26,7,Hyderabad,Banjara Hills,7,7,6.23,84
2026-05-26,8,Hyderabad,Banjara Hills,9,9,6.04,108
2026-05-26,9,Hyderabad,Banjara Hills,7,7,6.59,84
2026-05-26,10,Hyderabad,Banjara Hills,9,9,6.44,108
2026-05-26,11,Hyderabad,Banjara Hills,8,8,6.09,96
2026-05-26,12,Hyderabad,Banjara Hills,6,6,5.99,72
2026-05-26,13,Hyderabad,Banjara Hills,9,9,5.77,108
2026-05-26,14,Hyderabad,Banjara Hills,7,7,6.05,84
2026-05-26,15,Hyderabad,Banjara Hills,7,7,5.42,84
2026-05-26,16,Hyderabad,Banjara Hills,8,8,6.05,96
2026-05-26,17,Hyderabad,Banjara Hills,7,7,5.9,84
2026-05-26,18,Hyderabad,Banjara Hills,6,6,6.15,72
2026-05-26,19,Hyderabad,Banjara Hills,7,7,5.66,84
2026-05-26,20,Hyderabad,Banjara Hills,8,8,5.87,96
2026-05-26,7,Hyderabad,Gachibowli,7,7,5.67,84
2026-05-26,8,Hyderabad,Gachibowli,6,6,5.76,72
2026-05-26,9,Hyderabad,Gachibowli,7,7,6.23,84
2026-05-26,10,Hyderabad,Gachibowli,6,6,6.13,72
2026-05-26,11,Hyderabad,Gachibowli,6,6,6.52,72
2026-05-26,12,Hyderabad,Gachibowli,8,8,6.38,96
2026-05-26,13,Hyderabad,Gachibowli,8,8,6.49,96
2026-05-26,14,Hyderabad,Gachibowli,8,8,6.13,96
2026-05-26,15,Hyderabad,Gachibowli,9,9,6.14,108
2026-05-26,16,Hyderabad,Gachibowli,8,8,5.99,96
2026-05-26,17,Hyderabad,Gachibowli,7,7,6.07,84
2026-05-26,18,Hyderabad,Gachibowli,9,9,5.87,108
2026-05-26,19,Hyderabad,Gachibowli,6,6,6.21,72
2026-05-26,20,Hyderabad,Gachibowli,9,9,5.85,108
2026-05-27,7,Ahmedabad,Satellite,6,6,6.19,72
2026-05-27,8,Ahmedabad,Satellite,9,9,5.86,108
2026-05-27,9,Ahmedabad,Satellite,6,6,6.08,72
2026-05-27,10,Ahmedabad,Satellite,7,7,6.07,84
2026-05-27,11,Ahmedabad,Satellite,6,6,6.67,72
2026-05-27,12,Ahmedabad,Satellite,6,6,5.71,72
2026-05-27,13,Ahmedabad,Satellite,9,9,5.51,108
2026-05-27,14,Ahmedabad,Satellite,7,7,6.29,84
2026-05-27,15,Ahmedabad,Satellite,7,7,5.81,84
2026-05-27,16,Ahmedabad,Satellite,9,9,5.79,108
2026-05-27,17,Ahmedabad,Satellite,6,6,5.5,72
2026-05-27,18,Ahmedabad,Satellite,8,8,5.1,96
2026-05-27,19,Ahmedabad,Satellite,6,6,5.15,72
2026-05-27,20,Ahmedabad,Satellite,8,8,6.34,96
2026-05-27,7,Ahmedabad,Navrangpura,7,7,5.93,84
2026-05-27,8,Ahmedabad,Navrangpura,6,6,6.52,72
2026-05-27,9,Ahmedabad,Navrangpura,7,7,6.64,84
2026-05-27,10,Ahmedabad,Navrangpura,9,9,5.82,108
2026-05-27,11,Ahmedabad,Navrangpura,8,8,5.97,96
2026-05-27,12,Ahmedabad,Navrangpura,7,7,6.68,84
2026-05-27,13,Ahmedabad,Navrangpura,8,8,5.79,96
2026-05-27,14,Ahmedabad,Navrangpura,6,6,6.13,72
2026-05-27,15,Ahmedabad,Navrangpura,9,9,5.97,108
2026-05-27,16,Ahmedabad,Navrangpura,7,7,7.05,84
2026-05-27,17,Ahmedabad,Navrangpura,6,6,6.4,72
2026-05-27,18,Ahmedabad,Navrangpura,7,7,6.3,84
2026-05-27,19,Ahmedabad,Navrangpura,9,9,5.83,108
2026-05-27,20,Ahmedabad,Navrangpura,7,7,6.41,84
2026-05-27,7,Jaipur,C-Scheme,8,8,6.14,96
2026-05-27,8,Jaipur,C-Scheme,6,6,5.35,72
2026-05-27,9,Jaipur,C-Scheme,7,7,6.11,84
2026-05-27,10,Jaipur,C-Scheme,7,7,5.97,84
2026-05-27,11,Jaipur,C-Scheme,7,7,5.84,84
2026-05-27,12,Jaipur,C-Scheme,8,8,5.76,96
2026-05-27,13,Jaipur,C-Scheme,9,9,5.81,108
2026-05-27,14,Jaipur,C-Scheme,7,7,6.87,84
2026-05-27,15,Jaipur,C-Scheme,6,6,5.61,72
2026-05-27,16,Jaipur,C-Scheme,8,8,6.81,96
2026-05-27,17,Jaipur,C-Scheme,8,8,6.01,96
2026-05-27,18,Jaipur,C-Scheme,7,7,6.36,84
2026-05-27,19,Jaipur,C-Scheme,8,8,5.91,96
2026-05-27,20,Jaipur,C-Scheme,9,9,5.77,108
2026-05-27,7,Jaipur,Malviya Nagar,9,9,6.15,108
2026-05-27,8,Jaipur,Malviya Nagar,6,6,5.97,72
2026-05-27,9,Jaipur,Malviya Nagar,7,7,6.43,84
2026-05-27,10,Jaipur,Malviya Nagar,9,9,6.12,108
2026-05-27,11,Jaipur,Malviya Nagar,7,7,6.06,84
2026-05-27,12,Jaipur,Malviya Nagar,9,9,6.73,108
2026-05-27,13,Jaipur,Malviya Nagar,9,9,5.79,108
2026-05-27,14,Jaipur,Malviya Nagar,7,7,5.24,84
2026-05-27,15,Jaipur,Malviya Nagar,6,6,5.81,72
2026-05-27,16,Jaipur,Malviya Nagar,8,8,5.96,96
2026-05-27,17,Jaipur,Malviya Nagar,9,9,6.14,108
2026-05-27,18,Jaipur,Malviya Nagar,6,6,5.77,72
2026-05-27,19,Jaipur,Malviya Nagar,8,8,6.25,96
2026-05-27,20,Jaipur,Malviya Nagar,7,7,6.55,84
2026-05-27,7,Delhi,Connaught Place,7,7,6.1,84
2026-05-27,8,Delhi,Connaught Place,8,8,5.24,96
2026-05-27,9,Delhi,Connaught Place,7,7,5.76,84
2026-05-27,10,Delhi,Connaught Place,6,6,6.45,72
2026-05-27,11,Delhi,Connaught Place,8,8,5.67,96
2026-05-27,12,Delhi,Connaught Place,7,7,6.01,84
2026-05-27,13,Delhi,Connaught Place,7,7,5.69,84
2026-05-27,14,Delhi,Connaught Place,8,8,6.79,96
2026-05-27,15,Delhi,Connaught Place,9,9,6.05,108
2026-05-27,16,Delhi,Connaught Place,8,8,5.84,96
2026-05-27,17,Delhi,Connaught Place,8,8,6.49,96
2026-05-27,18,Delhi,Connaught Place,7,7,6.67,84
2026-05-27,19,Delhi,Connaught Place,8,8,6.44,96
2026-05-27,20,Delhi,Connaught Place,9,9,6.22,108
2026-05-27,7,Delhi,Saket,9,9,5.96,108
2026-05-27,8,Delhi,Saket,7,7,5.93,84
2026-05-27,9,Delhi,Saket,7,7,6.38,84
2026-05-27,10,Delhi,Saket,9,9,6.63,108
2026-05-27,11,Delhi,Saket,9,9,5.96,108
2026-05-27,12,Delhi,Saket,9,9,5.02,108
2026-05-27,13,Delhi,Saket,8,8,5.84,96
2026-05-27,14,Delhi,Saket,8,8,5.56,96
2026-05-27,15,Delhi,Saket,7,7,5.48,84
2026-05-27,16,Delhi,Saket,9,9,5.8,108
2026-05-27,17,Delhi,Saket,9,9,6.48,108
2026-05-27,18,Delhi,Saket,9,9,5.76,108
2026-05-27,19,Delhi,Saket,6,6,6.08,72
2026-05-27,20,Delhi,Saket,9,9,6.36,108
2026-05-27,7,Mumbai,Bandra,9,9,5.99,108
2026-05-27,8,Mumbai,Bandra,9,9,5.32,108
2026-05-27,10,Mumbai,Bandra,7,7,6.11,84
2026-05-27,15,Mumbai,Bandra,9,9,6.42,108
2026-05-27,16,Mumbai,Bandra,7,7,5.58,84
2026-05-27,18,Mumbai,Bandra,9,9,6.07,108
2026-05-27,7,Mumbai,Andheri,9,9,5.93,108
2026-05-27,8,Mumbai,Andheri,9,9,6.45,108
2026-05-27,9,Mumbai,Andheri,9,9,6.14,108
2026-05-27,10,Mumbai,Andheri,9,9,6.55,108
2026-05-27,11,Mumbai,Andheri,6,6,5.79,72
2026-05-27,12,Mumbai,Andheri,7,7,6.37,84
2026-05-27,13,Mumbai,Andheri,7,7,5.99,84
2026-05-27,14,Mumbai,Andheri,9,9,5.58,108
2026-05-27,15,Mumbai,Andheri,6,6,5.94,72
2026-05-27,16,Mumbai,Andheri,9,9,5.49,108
2026-05-27,17,Mumbai,Andheri,7,7,6.45,84
2026-05-27,18,Mumbai,Andheri,6,6,6.74,72
2026-05-27,19,Mumbai,Andheri,9,9,6.41,108
2026-05-27,20,Mumbai,Andheri,7,7,6.16,84
2026-05-27,7,Bengaluru,Indiranagar,9,9,5.23,108
2026-05-27,8,Bengaluru,Indiranagar,7,7,6.65,84
2026-05-27,9,Bengaluru,Indiranagar,7,7,6.55,84
2026-05-27,10,Bengaluru,Indiranagar,8,8,6.21,96
2026-05-27,11,Bengaluru,Indiranagar,9,9,6.12,108
2026-05-27,12,Bengaluru,Indiranagar,6,6,6.85,72
2026-05-27,13,Bengaluru,Indiranagar,7,7,5.79,84
2026-05-27,14,Bengaluru,Indiranagar,9,9,5.72,108
2026-05-27,15,Bengaluru,Indiranagar,7,7,5.93,84
2026-05-27,16,Bengaluru,Indiranagar,8,8,6.48,96
2026-05-27,17,Bengaluru,Indiranagar,8,8,5.32,96
2026-05-27,18,Bengaluru,Indiranagar,9,9,6.18,108
2026-05-27,19,Bengaluru,Indiranagar,8,8,6.01,96
2026-05-27,20,Bengaluru,Indiranagar,7,7,6.1,84
2026-05-27,7,Bengaluru,Koramangala,7,7,6.39,84
2026-05-27,8,Bengaluru,Koramangala,7,7,5.7,84
2026-05-27,9,Bengaluru,Koramangala,6,6,6.16,72
2026-05-27,10,Bengaluru,Koramangala,6,6,5.98,72
2026-05-27,11,Bengaluru,Koramangala,7,7,5.33,84
2026-05-27,12,Bengaluru,Koramangala,8,8,5.96,96
2026-05-27,13,Bengaluru,Koramangala,9,9,5.32,108
2026-05-27,14,Bengaluru,Koramangala,8,8,5.99,96
2026-05-27,15,Bengaluru,Koramangala,6,6,6.12,72
2026-05-27,16,Bengaluru,Koramangala,7,7,5.61,84
2026-05-27,17,Bengaluru,Koramangala,9,9,5.45,108
2026-05-27,18,Bengaluru,Koramangala,7,7,6.53,84
2026-05-27,19,Bengaluru,Koramangala,8,8,5.8,96
2026-05-27,20,Bengaluru,Koramangala,9,9,6.84,108
2026-05-27,7,Hyderabad,Banjara Hills,7,7,6.14,84
2026-05-27,8,Hyderabad,Banjara Hills,7,7,6.43,84
2026-05-27,9,Hyderabad,Banjara Hills,8,8,5.47,96
2026-05-27,10,Hyderabad,Banjara Hills,8,8,5.71,96
2026-05-27,11,Hyderabad,Banjara Hills,7,7,6.77,84
2026-05-27,12,Hyderabad,Banjara Hills,7,7,5.7,84
2026-05-27,13,Hyderabad,Banjara Hills,9,9,6.17,108
2026-05-27,14,Hyderabad,Banjara Hills,7,7,6.25,84
2026-05-27,15,Hyderabad,Banjara Hills,7,7,5.66,84
2026-05-27,16,Hyderabad,Banjara Hills,9,9,5.79,108
2026-05-27,17,Hyderabad,Banjara Hills,6,6,6.5,72
2026-05-27,18,Hyderabad,Banjara Hills,7,7,5.9,84
2026-05-27,19,Hyderabad,Banjara Hills,7,7,5.59,84
2026-05-27,20,Hyderabad,Banjara Hills,7,7,6.75,84
2026-05-27,7,Hyderabad,Gachibowli,7,7,6.43,84
2026-05-27,8,Hyderabad,Gachibowli,6,6,6.01,72
2026-05-27,9,Hyderabad,Gachibowli,8,8,5.4,96
2026-05-27,10,Hyderabad,Gachibowli,7,7,5.14,84
2026-05-27,11,Hyderabad,Gachibowli,7,7,6.03,84
2026-05-27,12,Hyderabad,Gachibowli,9,9,6.08,108
2026-05-27,13,Hyderabad,Gachibowli,8,8,5.64,96
2026-05-27,14,Hyderabad,Gachibowli,8,8,6.42,96
2026-05-27,15,Hyderabad,Gachibowli,9,9,5.75,108
2026-05-27,16,Hyderabad,Gachibowli,7,7,6.27,84
2026-05-27,17,Hyderabad,Gachibowli,6,6,5.95,72
2026-05-27,18,Hyderabad,Gachibowli,7,7,6.74,84
2026-05-27,19,Hyderabad,Gachibowli,8,8,6.5,96
2026-05-27,20,Hyderabad,Gachibowli,7,7,6.15,84
2026-05-28,7,Ahmedabad,Satellite,8,8,6.55,96
2026-05-28,8,Ahmedabad,Satellite,7,7,6.12,84
2026-05-28,9,Ahmedabad,Satellite,8,8,6.55,96
2026-05-28,10,Ahmedabad,Satellite,6,6,6.5,72
2026-05-28,11,Ahmedabad,Satellite,7,7,4.44,84
2026-05-28,12,Ahmedabad,Satellite,6,6,6.18,72
2026-05-28,13,Ahmedabad,Satellite,8,8,5.99,96
2026-05-28,14,Ahmedabad,Satellite,6,6,6.24,72
2026-05-28,15,Ahmedabad,Satellite,6,6,6.27,72
2026-05-28,16,Ahmedabad,Satellite,7,7,5.89,84
2026-05-28,17,Ahmedabad,Satellite,9,9,6.31,108
2026-05-28,18,Ahmedabad,Satellite,6,6,6.22,72
2026-05-28,19,Ahmedabad,Satellite,8,8,6.46,96
2026-05-28,20,Ahmedabad,Satellite,9,9,6.41,108
2026-05-28,7,Ahmedabad,Navrangpura,7,7,6.4,84
2026-05-28,8,Ahmedabad,Navrangpura,9,9,6.07,108
2026-05-28,9,Ahmedabad,Navrangpura,6,6,6.44,72
2026-05-28,10,Ahmedabad,Navrangpura,8,8,5.75,96
2026-05-28,11,Ahmedabad,Navrangpura,8,8,5.16,96
2026-05-28,12,Ahmedabad,Navrangpura,7,7,6.25,84
2026-05-28,13,Ahmedabad,Navrangpura,6,6,6.75,72
2026-05-28,14,Ahmedabad,Navrangpura,6,6,6.1,72
2026-05-28,15,Ahmedabad,Navrangpura,9,9,5.89,108
2026-05-28,16,Ahmedabad,Navrangpura,8,8,5.71,96
2026-05-28,17,Ahmedabad,Navrangpura,6,6,5.87,72
2026-05-28,18,Ahmedabad,Navrangpura,7,7,5.7,84
2026-05-28,19,Ahmedabad,Navrangpura,7,7,6.16,84
2026-05-28,20,Ahmedabad,Navrangpura,8,8,5.6,96
2026-05-28,7,Jaipur,C-Scheme,6,6,6.12,72
2026-05-28,8,Jaipur,C-Scheme,8,8,6.21,96
2026-05-28,9,Jaipur,C-Scheme,7,7,6.22,84
2026-05-28,10,Jaipur,C-Scheme,9,9,6.63,108
2026-05-28,11,Jaipur,C-Scheme,8,8,7.07,96
2026-05-28,12,Jaipur,C-Scheme,8,8,7.24,96
2026-05-28,13,Jaipur,C-Scheme,7,7,5.12,84
2026-05-28,14,Jaipur,C-Scheme,8,8,6.0,96
2026-05-28,15,Jaipur,C-Scheme,9,9,5.97,108
2026-05-28,16,Jaipur,C-Scheme,9,9,6.28,108
2026-05-28,17,Jaipur,C-Scheme,9,9,5.72,108
2026-05-28,18,Jaipur,C-Scheme,8,8,5.78,96
2026-05-28,19,Jaipur,C-Scheme,9,9,6.34,108
2026-05-28,20,Jaipur,C-Scheme,9,9,5.81,108
2026-05-28,7,Jaipur,Malviya Nagar,9,9,6.23,108
2026-05-28,8,Jaipur,Malviya Nagar,8,8,5.92,96
2026-05-28,9,Jaipur,Malviya Nagar,7,7,5.63,84
2026-05-28,10,Jaipur,Malviya Nagar,7,7,5.55,84
2026-05-28,11,Jaipur,Malviya Nagar,9,9,6.16,108
2026-05-28,12,Jaipur,Malviya Nagar,7,7,5.65,84
2026-05-28,13,Jaipur,Malviya Nagar,8,8,6.77,96
2026-05-28,14,Jaipur,Malviya Nagar,9,9,5.75,108
2026-05-28,15,Jaipur,Malviya Nagar,6,6,5.05,72
2026-05-28,16,Jaipur,Malviya Nagar,7,7,6.43,84
2026-05-28,17,Jaipur,Malviya Nagar,9,9,6.39,108
2026-05-28,18,Jaipur,Malviya Nagar,6,6,5.62,72
2026-05-28,19,Jaipur,Malviya Nagar,8,8,5.68,96
2026-05-28,20,Jaipur,Malviya Nagar,9,9,5.91,108
2026-05-28,7,Delhi,Connaught Place,6,6,5.96,72
2026-05-28,8,Delhi,Connaught Place,9,9,6.84,108
2026-05-28,9,Delhi,Connaught Place,8,8,6.6,96
2026-05-28,10,Delhi,Connaught Place,8,8,5.35,96
2026-05-28,11,Delhi,Connaught Place,9,9,5.79,108
2026-05-28,12,Delhi,Connaught Place,8,8,6.62,96
2026-05-28,13,Delhi,Connaught Place,7,7,5.16,84
2026-05-28,14,Delhi,Connaught Place,6,6,5.48,72
2026-05-28,15,Delhi,Connaught Place,7,7,6.37,84
2026-05-28,16,Delhi,Connaught Place,8,8,6.32,96
2026-05-28,17,Delhi,Connaught Place,8,8,5.78,96
2026-05-28,18,Delhi,Connaught Place,6,6,6.29,72
2026-05-28,19,Delhi,Connaught Place,9,9,5.68,108
2026-05-28,20,Delhi,Connaught Place,8,8,5.55,96
2026-05-28,7,Delhi,Saket,6,6,6.15,72
2026-05-28,8,Delhi,Saket,9,9,5.89,108
2026-05-28,9,Delhi,Saket,8,8,6.04,96
2026-05-28,10,Delhi,Saket,9,9,6.2,108
2026-05-28,11,Delhi,Saket,6,6,6.25,72
2026-05-28,12,Delhi,Saket,7,7,6.41,84
2026-05-28,13,Delhi,Saket,8,8,6.24,96
2026-05-28,14,Delhi,Saket,8,8,5.96,96
2026-05-28,15,Delhi,Saket,6,6,6.03,72
2026-05-28,16,Delhi,Saket,6,6,5.54,72
2026-05-28,17,Delhi,Saket,6,6,5.35,72
2026-05-28,18,Delhi,Saket,6,6,6.11,72
2026-05-28,19,Delhi,Saket,8,8,5.82,96
2026-05-28,20,Delhi,Saket,8,8,6.07,96
2026-05-28,9,Mumbai,Bandra,6,6,6.54,72
2026-05-28,11,Mumbai,Bandra,7,7,6.57,84
2026-05-28,14,Mumbai,Bandra,9,9,5.43,108
2026-05-28,17,Mumbai,Bandra,6,6,6.35,72
2026-05-28,18,Mumbai,Bandra,7,7,6.37,84
2026-05-28,19,Mumbai,Bandra,7,7,6.4,84
2026-05-28,7,Mumbai,Andheri,7,7,6.51,84
2026-05-28,8,Mumbai,Andheri,7,7,5.49,84
2026-05-28,9,Mumbai,Andheri,7,7,5.94,84
2026-05-28,10,Mumbai,Andheri,8,8,5.67,96
2026-05-28,11,Mumbai,Andheri,6,6,6.52,72
2026-05-28,12,Mumbai,Andheri,6,6,6.5,72
2026-05-28,13,Mumbai,Andheri,8,8,5.32,96
2026-05-28,14,Mumbai,Andheri,7,7,5.47,84
2026-05-28,15,Mumbai,Andheri,6,6,5.99,72
2026-05-28,16,Mumbai,Andheri,7,7,5.8,84
2026-05-28,17,Mumbai,Andheri,6,6,6.58,72
2026-05-28,18,Mumbai,Andheri,8,8,6.76,96
2026-05-28,19,Mumbai,Andheri,8,8,6.22,96
2026-05-28,20,Mumbai,Andheri,6,6,6.4,72
2026-05-28,7,Bengaluru,Indiranagar,9,9,7.04,108
2026-05-28,8,Bengaluru,Indiranagar,6,6,5.62,72
2026-05-28,9,Bengaluru,Indiranagar,8,8,5.62,96
2026-05-28,10,Bengaluru,Indiranagar,9,9,6.63,108
2026-05-28,11,Bengaluru,Indiranagar,7,7,5.78,84
2026-05-28,12,Bengaluru,Indiranagar,6,6,5.65,72
2026-05-28,13,Bengaluru,Indiranagar,9,9,6.14,108
2026-05-28,14,Bengaluru,Indiranagar,8,8,6.56,96
2026-05-28,15,Bengaluru,Indiranagar,7,7,6.2,84
2026-05-28,16,Bengaluru,Indiranagar,8,8,6.12,96
2026-05-28,17,Bengaluru,Indiranagar,9,9,5.94,108
2026-05-28,18,Bengaluru,Indiranagar,9,9,5.53,108
2026-05-28,19,Bengaluru,Indiranagar,6,6,6.3,72
2026-05-28,20,Bengaluru,Indiranagar,7,7,6.4,84
2026-05-28,7,Bengaluru,Koramangala,8,8,5.95,96
2026-05-28,8,Bengaluru,Koramangala,6,6,6.62,72
2026-05-28,9,Bengaluru,Koramangala,9,9,6.56,108
2026-05-28,10,Bengaluru,Koramangala,7,7,6.58,84
2026-05-28,11,Bengaluru,Koramangala,6,6,6.14,72
2026-05-28,12,Bengaluru,Koramangala,8,8,6.16,96
2026-05-28,13,Bengaluru,Koramangala,7,7,5.54,84
2026-05-28,14,Bengaluru,Koramangala,8,8,5.55,96
2026-05-28,15,Bengaluru,Koramangala,6,6,5.96,72
2026-05-28,16,Bengaluru,Koramangala,7,7,5.87,84
2026-05-28,17,Bengaluru,Koramangala,7,7,6.06,84
2026-05-28,18,Bengaluru,Koramangala,8,8,5.96,96
2026-05-28,19,Bengaluru,Koramangala,6,6,6.81,72
2026-05-28,20,Bengaluru,Koramangala,7,7,6.18,84
2026-05-28,7,Hyderabad,Banjara Hills,7,7,6.26,84
2026-05-28,8,Hyderabad,Banjara Hills,9,9,6.0,108
2026-05-28,9,Hyderabad,Banjara Hills,8,8,5.66,96
2026-05-28,10,Hyderabad,Banjara Hills,7,7,5.81,84
2026-05-28,11,Hyderabad,Banjara Hills,9,9,6.32,108
2026-05-28,12,Hyderabad,Banjara Hills,7,7,6.2,84
2026-05-28,13,Hyderabad,Banjara Hills,9,9,6.27,108
2026-05-28,14,Hyderabad,Banjara Hills,7,7,6.17,84
2026-05-28,15,Hyderabad,Banjara Hills,6,6,5.59,72
2026-05-28,16,Hyderabad,Banjara Hills,9,9,5.77,108
2026-05-28,17,Hyderabad,Banjara Hills,7,7,4.98,84
2026-05-28,18,Hyderabad,Banjara Hills,6,6,5.6,72
2026-05-28,19,Hyderabad,Banjara Hills,9,9,6.15,108
2026-05-28,20,Hyderabad,Banjara Hills,8,8,5.85,96
2026-05-28,7,Hyderabad,Gachibowli,9,9,5.22,108
2026-05-28,8,Hyderabad,Gachibowli,8,8,6.11,96
2026-05-28,9,Hyderabad,Gachibowli,9,9,5.95,108
2026-05-28,10,Hyderabad,Gachibowli,7,7,5.29,84
2026-05-28,11,Hyderabad,Gachibowli,7,7,6.51,84
2026-05-28,12,Hyderabad,Gachibowli,6,6,6.1,72
2026-05-28,13,Hyderabad,Gachibowli,7,7,6.95,84
2026-05-28,14,Hyderabad,Gachibowli,6,6,5.5,72
2026-05-28,15,Hyderabad,Gachibowli,8,8,5.59,96
2026-05-28,16,Hyderabad,Gachibowli,6,6,5.59,72
2026-05-28,17,Hyderabad,Gachibowli,7,7,6.25,84
2026-05-28,18,Hyderabad,Gachibowli,7,7,6.52,84
2026-05-28,19,Hyderabad,Gachibowli,9,9,5.6,108
2026-05-28,20,Hyderabad,Gachibowli,7,7,6.19,84
2026-05-29,7,Ahmedabad,Satellite,8,8,6.1,96
2026-05-29,8,Ahmedabad,Satellite,7,7,6.11,84
2026-05-29,9,Ahmedabad,Satellite,9,9,6.04,108
2026-05-29,10,Ahmedabad,Satellite,7,7,5.93,84
2026-05-29,11,Ahmedabad,Satellite,9,9,6.89,108
2026-05-29,12,Ahmedabad,Satellite,9,9,6.07,108
2026-05-29,13,Ahmedabad,Satellite,6,6,6.1,72
2026-05-29,14,Ahmedabad,Satellite,9,9,5.74,108
2026-05-29,15,Ahmedabad,Satellite,6,6,6.18,72
2026-05-29,16,Ahmedabad,Satellite,9,9,5.83,108
2026-05-29,17,Ahmedabad,Satellite,8,8,6.01,96
2026-05-29,18,Ahmedabad,Satellite,9,9,5.61,108
2026-05-29,19,Ahmedabad,Satellite,8,8,6.09,96
2026-05-29,20,Ahmedabad,Satellite,6,6,6.38,72
2026-05-29,7,Ahmedabad,Navrangpura,7,7,5.96,84
2026-05-29,8,Ahmedabad,Navrangpura,8,8,5.81,96
2026-05-29,9,Ahmedabad,Navrangpura,6,6,6.15,72
2026-05-29,10,Ahmedabad,Navrangpura,9,9,6.19,108
2026-05-29,11,Ahmedabad,Navrangpura,8,8,5.96,96
2026-05-29,12,Ahmedabad,Navrangpura,9,9,6.4,108
2026-05-29,13,Ahmedabad,Navrangpura,9,9,6.99,108
2026-05-29,14,Ahmedabad,Navrangpura,9,9,6.31,108
2026-05-29,15,Ahmedabad,Navrangpura,8,8,6.07,96
2026-05-29,16,Ahmedabad,Navrangpura,7,7,6.31,84
2026-05-29,17,Ahmedabad,Navrangpura,6,6,5.4,72
2026-05-29,18,Ahmedabad,Navrangpura,9,9,5.58,108
2026-05-29,19,Ahmedabad,Navrangpura,9,9,5.3,108
2026-05-29,20,Ahmedabad,Navrangpura,7,7,5.42,84
2026-05-29,7,Jaipur,C-Scheme,9,9,5.91,108
2026-05-29,8,Jaipur,C-Scheme,6,6,5.72,72
2026-05-29,9,Jaipur,C-Scheme,7,7,5.41,84
2026-05-29,10,Jaipur,C-Scheme,7,7,6.19,84
2026-05-29,11,Jaipur,C-Scheme,8,8,5.79,96
2026-05-29,12,Jaipur,C-Scheme,8,8,6.14,96
2026-05-29,13,Jaipur,C-Scheme,8,8,5.72,96
2026-05-29,14,Jaipur,C-Scheme,9,9,5.2,108
2026-05-29,15,Jaipur,C-Scheme,8,8,6.03,96
2026-05-29,16,Jaipur,C-Scheme,8,8,5.79,96
2026-05-29,17,Jaipur,C-Scheme,7,7,6.01,84
2026-05-29,18,Jaipur,C-Scheme,8,8,6.19,96
2026-05-29,19,Jaipur,C-Scheme,9,9,6.66,108
2026-05-29,20,Jaipur,C-Scheme,9,9,6.28,108
2026-05-29,7,Jaipur,Malviya Nagar,6,6,6.3,72
2026-05-29,8,Jaipur,Malviya Nagar,9,9,6.02,108
2026-05-29,9,Jaipur,Malviya Nagar,8,8,6.52,96
2026-05-29,10,Jaipur,Malviya Nagar,7,7,5.64,84
2026-05-29,11,Jaipur,Malviya Nagar,6,6,6.48,72
2026-05-29,12,Jaipur,Malviya Nagar,6,6,6.12,72
2026-05-29,13,Jaipur,Malviya Nagar,9,9,5.32,108
2026-05-29,14,Jaipur,Malviya Nagar,6,6,5.09,72
2026-05-29,15,Jaipur,Malviya Nagar,7,7,6.12,84
2026-05-29,16,Jaipur,Malviya Nagar,8,8,5.77,96
2026-05-29,17,Jaipur,Malviya Nagar,6,6,5.62,72
2026-05-29,18,Jaipur,Malviya Nagar,9,9,5.87,108
2026-05-29,19,Jaipur,Malviya Nagar,6,6,5.43,72
2026-05-29,20,Jaipur,Malviya Nagar,9,9,5.16,108
2026-05-29,7,Delhi,Connaught Place,8,8,6.41,96
2026-05-29,8,Delhi,Connaught Place,6,6,5.61,72
2026-05-29,9,Delhi,Connaught Place,8,8,6.38,96
2026-05-29,10,Delhi,Connaught Place,8,8,6.01,96
2026-05-29,11,Delhi,Connaught Place,7,7,6.05,84
2026-05-29,12,Delhi,Connaught Place,6,6,5.83,72
2026-05-29,13,Delhi,Connaught Place,9,9,6.75,108
2026-05-29,14,Delhi,Connaught Place,8,8,6.58,96
2026-05-29,15,Delhi,Connaught Place,7,7,5.83,84
2026-05-29,16,Delhi,Connaught Place,6,6,6.0,72
2026-05-29,17,Delhi,Connaught Place,9,9,5.31,108
2026-05-29,18,Delhi,Connaught Place,6,6,5.3,72
2026-05-29,19,Delhi,Connaught Place,8,8,5.78,96
2026-05-29,20,Delhi,Connaught Place,8,8,5.41,96
2026-05-29,7,Delhi,Saket,6,6,6.16,72
2026-05-29,8,Delhi,Saket,8,8,5.67,96
2026-05-29,9,Delhi,Saket,7,7,5.61,84
2026-05-29,10,Delhi,Saket,6,6,5.3,72
2026-05-29,11,Delhi,Saket,8,8,6.16,96
2026-05-29,12,Delhi,Saket,6,6,5.87,72
2026-05-29,13,Delhi,Saket,9,9,6.59,108
2026-05-29,14,Delhi,Saket,8,8,6.24,96
2026-05-29,15,Delhi,Saket,9,9,5.77,108
2026-05-29,16,Delhi,Saket,8,8,6.02,96
2026-05-29,17,Delhi,Saket,6,6,5.78,72
2026-05-29,18,Delhi,Saket,9,9,5.96,108
2026-05-29,19,Delhi,Saket,8,8,6.16,96
2026-05-29,20,Delhi,Saket,6,6,5.47,72
2026-05-29,8,Mumbai,Bandra,7,7,5.92,84
2026-05-29,9,Mumbai,Bandra,7,7,5.85,84
2026-05-29,10,Mumbai,Bandra,6,6,5.73,72
2026-05-29,15,Mumbai,Bandra,6,6,6.13,72
2026-05-29,7,Mumbai,Andheri,6,6,5.94,72
2026-05-29,8,Mumbai,Andheri,8,8,6.05,96
2026-05-29,9,Mumbai,Andheri,9,9,6.06,108
2026-05-29,10,Mumbai,Andheri,7,7,5.28,84
2026-05-29,11,Mumbai,Andheri,6,6,5.61,72
2026-05-29,12,Mumbai,Andheri,6,6,6.11,72
2026-05-29,13,Mumbai,Andheri,6,6,5.66,72
2026-05-29,14,Mumbai,Andheri,6,6,5.23,72
2026-05-29,15,Mumbai,Andheri,9,9,6.78,108
2026-05-29,16,Mumbai,Andheri,9,9,5.91,108
2026-05-29,17,Mumbai,Andheri,8,8,6.34,96
2026-05-29,18,Mumbai,Andheri,9,9,6.01,108
2026-05-29,19,Mumbai,Andheri,9,9,6.37,108
2026-05-29,20,Mumbai,Andheri,9,9,6.19,108
2026-05-29,7,Bengaluru,Indiranagar,6,6,5.94,72
2026-05-29,8,Bengaluru,Indiranagar,8,8,5.86,96
2026-05-29,9,Bengaluru,Indiranagar,6,6,5.87,72
2026-05-29,10,Bengaluru,Indiranagar,8,8,6.49,96
2026-05-29,11,Bengaluru,Indiranagar,7,7,6.57,84
2026-05-29,12,Bengaluru,Indiranagar,8,8,6.19,96
2026-05-29,13,Bengaluru,Indiranagar,8,8,6.2,96
2026-05-29,14,Bengaluru,Indiranagar,6,6,5.74,72
2026-05-29,15,Bengaluru,Indiranagar,8,8,5.81,96
2026-05-29,16,Bengaluru,Indiranagar,8,8,5.95,96
2026-05-29,17,Bengaluru,Indiranagar,7,7,6.21,84
2026-05-29,18,Bengaluru,Indiranagar,6,6,5.55,72
2026-05-29,19,Bengaluru,Indiranagar,7,7,6.11,84
2026-05-29,20,Bengaluru,Indiranagar,6,6,6.14,72
2026-05-29,7,Bengaluru,Koramangala,9,9,6.64,108
2026-05-29,8,Bengaluru,Koramangala,9,9,6.33,108
2026-05-29,9,Bengaluru,Koramangala,8,8,5.71,96
2026-05-29,10,Bengaluru,Koramangala,9,9,5.91,108
2026-05-29,11,Bengaluru,Koramangala,9,9,6.5,108
2026-05-29,12,Bengaluru,Koramangala,9,9,6.39,108
2026-05-29,13,Bengaluru,Koramangala,8,8,6.27,96
2026-05-29,14,Bengaluru,Koramangala,9,9,6.33,108
2026-05-29,15,Bengaluru,Koramangala,8,8,6.16,96
2026-05-29,16,Bengaluru,Koramangala,8,8,6.24,96
2026-05-29,17,Bengaluru,Koramangala,7,7,5.69,84
2026-05-29,18,Bengaluru,Koramangala,6,6,5.73,72
2026-05-29,19,Bengaluru,Koramangala,6,6,5.72,72
2026-05-29,20,Bengaluru,Koramangala,7,7,5.41,84
2026-05-29,7,Hyderabad,Banjara Hills,8,8,6.14,96
2026-05-29,8,Hyderabad,Banjara Hills,8,8,5.46,96
2026-05-29,9,Hyderabad,Banjara Hills,7,7,5.93,84
2026-05-29,10,Hyderabad,Banjara Hills,6,6,6.07,72
2026-05-29,11,Hyderabad,Banjara Hills,8,8,5.46,96
2026-05-29,12,Hyderabad,Banjara Hills,9,9,6.21,108
2026-05-29,13,Hyderabad,Banjara Hills,7,7,5.91,84
2026-05-29,14,Hyderabad,Banjara Hills,8,8,5.87,96
2026-05-29,15,Hyderabad,Banjara Hills,6,6,6.1,72
2026-05-29,16,Hyderabad,Banjara Hills,6,6,6.64,72
2026-05-29,17,Hyderabad,Banjara Hills,6,6,6.35,72
2026-05-29,18,Hyderabad,Banjara Hills,9,9,5.0,108
2026-05-29,19,Hyderabad,Banjara Hills,6,6,5.18,72
2026-05-29,20,Hyderabad,Banjara Hills,6,6,6.97,72
2026-05-29,7,Hyderabad,Gachibowli,7,7,6.52,84
2026-05-29,8,Hyderabad,Gachibowli,8,8,6.43,96
2026-05-29,9,Hyderabad,Gachibowli,9,9,5.86,108
2026-05-29,10,Hyderabad,Gachibowli,7,7,5.67,84
2026-05-29,11,Hyderabad,Gachibowli,7,7,5.83,84
2026-05-29,12,Hyderabad,Gachibowli,7,7,5.67,84
2026-05-29,13,Hyderabad,Gachibowli,7,7,5.64,84
2026-05-29,14,Hyderabad,Gachibowli,7,7,5.87,84
2026-05-29,15,Hyderabad,Gachibowli,7,7,5.74,84
2026-05-29,16,Hyderabad,Gachibowli,8,8,5.8,96
2026-05-29,17,Hyderabad,Gachibowli,7,7,5.92,84
2026-05-29,18,Hyderabad,Gachibowli,9,9,5.86,108
2026-05-29,19,Hyderabad,Gachibowli,7,7,6.18,84
2026-05-29,20,Hyderabad,Gachibowli,6,6,5.59,72
2026-05-30,7,Ahmedabad,Satellite,9,9,6.1,108
2026-05-30,8,Ahmedabad,Satellite,7,7,5.28,84
2026-05-30,9,Ahmedabad,Satellite,9,9,6.58,108
2026-05-30,10,Ahmedabad,Satellite,8,8,5.68,96
2026-05-30,11,Ahmedabad,Satellite,6,6,6.09,72
2026-05-30,12,Ahmedabad,Satellite,9,9,5.43,108
2026-05-30,13,Ahmedabad,Satellite,9,9,5.81,108
2026-05-30,14,Ahmedabad,Satellite,6,6,6.65,72
2026-05-30,15,Ahmedabad,Satellite,8,8,5.96,96
2026-05-30,16,Ahmedabad,Satellite,9,9,6.51,108
2026-05-30,17,Ahmedabad,Satellite,8,8,6.11,96
2026-05-30,18,Ahmedabad,Satellite,7,7,6.44,84
2026-05-30,19,Ahmedabad,Satellite,7,7,5.5,84
2026-05-30,20,Ahmedabad,Satellite,6,6,5.42,72
2026-05-30,7,Ahmedabad,Navrangpura,8,8,6.16,96
2026-05-30,8,Ahmedabad,Navrangpura,7,7,6.42,84
2026-05-30,9,Ahmedabad,Navrangpura,9,9,5.43,108
2026-05-30,10,Ahmedabad,Navrangpura,8,8,5.06,96
2026-05-30,11,Ahmedabad,Navrangpura,9,9,6.21,108
2026-05-30,12,Ahmedabad,Navrangpura,9,9,6.05,108
2026-05-30,13,Ahmedabad,Navrangpura,9,9,5.43,108
2026-05-30,14,Ahmedabad,Navrangpura,8,8,5.68,96
2026-05-30,15,Ahmedabad,Navrangpura,8,8,6.26,96
2026-05-30,16,Ahmedabad,Navrangpura,6,6,5.69,72
2026-05-30,17,Ahmedabad,Navrangpura,8,8,5.79,96
2026-05-30,18,Ahmedabad,Navrangpura,9,9,5.87,108
2026-05-30,19,Ahmedabad,Navrangpura,9,9,5.92,108
2026-05-30,20,Ahmedabad,Navrangpura,8,8,5.52,96
2026-05-30,7,Jaipur,C-Scheme,7,7,6.11,84
2026-05-30,8,Jaipur,C-Scheme,9,9,5.49,108
2026-05-30,9,Jaipur,C-Scheme,7,7,6.48,84
2026-05-30,10,Jaipur,C-Scheme,8,8,6.06,96
2026-05-30,11,Jaipur,C-Scheme,6,6,5.79,72
2026-05-30,12,Jaipur,C-Scheme,9,9,5.34,108
2026-05-30,13,Jaipur,C-Scheme,7,7,6.12,84
2026-05-30,14,Jaipur,C-Scheme,9,9,5.64,108
2026-05-30,15,Jaipur,C-Scheme,8,8,6.32,96
2026-05-30,16,Jaipur,C-Scheme,6,6,5.28,72
2026-05-30,17,Jaipur,C-Scheme,9,9,5.61,108
2026-05-30,18,Jaipur,C-Scheme,6,6,6.63,72
2026-05-30,19,Jaipur,C-Scheme,9,9,6.65,108
2026-05-30,20,Jaipur,C-Scheme,7,7,6.0,84
2026-05-30,7,Jaipur,Malviya Nagar,8,8,5.5,96
2026-05-30,8,Jaipur,Malviya Nagar,8,8,6.14,96
2026-05-30,9,Jaipur,Malviya Nagar,6,6,5.91,72
2026-05-30,10,Jaipur,Malviya Nagar,8,8,6.65,96
2026-05-30,11,Jaipur,Malviya Nagar,7,7,6.53,84
2026-05-30,12,Jaipur,Malviya Nagar,6,6,5.36,72
2026-05-30,13,Jaipur,Malviya Nagar,6,6,5.85,72
2026-05-30,14,Jaipur,Malviya Nagar,6,6,6.28,72
2026-05-30,15,Jaipur,Malviya Nagar,7,7,5.8,84
2026-05-30,16,Jaipur,Malviya Nagar,8,8,6.33,96
2026-05-30,17,Jaipur,Malviya Nagar,7,7,5.71,84
2026-05-30,18,Jaipur,Malviya Nagar,6,6,5.72,72
2026-05-30,19,Jaipur,Malviya Nagar,9,9,5.95,108
2026-05-30,20,Jaipur,Malviya Nagar,6,6,6.56,72
2026-05-30,7,Delhi,Connaught Place,7,7,5.97,84
2026-05-30,8,Delhi,Connaught Place,8,8,6.24,96
2026-05-30,9,Delhi,Connaught Place,9,9,5.75,108
2026-05-30,10,Delhi,Connaught Place,6,6,6.12,72
2026-05-30,11,Delhi,Connaught Place,6,6,6.08,72
2026-05-30,12,Delhi,Connaught Place,9,9,6.58,108
2026-05-30,13,Delhi,Connaught Place,9,9,5.8,108
2026-05-30,14,Delhi,Connaught Place,8,8,5.94,96
2026-05-30,15,Delhi,Connaught Place,7,7,5.82,84
2026-05-30,16,Delhi,Connaught Place,8,8,6.61,96
2026-05-30,17,Delhi,Connaught Place,9,9,6.13,108
2026-05-30,18,Delhi,Connaught Place,7,7,6.29,84
2026-05-30,19,Delhi,Connaught Place,6,6,5.78,72
2026-05-30,20,Delhi,Connaught Place,8,8,5.97,96
2026-05-30,7,Delhi,Saket,8,8,5.8,96
2026-05-30,8,Delhi,Saket,6,6,5.57,72
2026-05-30,9,Delhi,Saket,7,7,6.16,84
2026-05-30,10,Delhi,Saket,7,7,6.4,84
2026-05-30,11,Delhi,Saket,9,9,6.87,108
2026-05-30,12,Delhi,Saket,6,6,6.45,72
2026-05-30,13,Delhi,Saket,8,8,6.19,96
2026-05-30,14,Delhi,Saket,6,6,5.78,72
2026-05-30,15,Delhi,Saket,8,8,5.43,96
2026-05-30,16,Delhi,Saket,8,8,5.89,96
2026-05-30,17,Delhi,Saket,9,9,5.97,108
2026-05-30,18,Delhi,Saket,7,7,5.56,84
2026-05-30,19,Delhi,Saket,6,6,6.84,72
2026-05-30,20,Delhi,Saket,8,8,6.13,96
2026-05-30,7,Mumbai,Bandra,8,8,6.18,96
2026-05-30,11,Mumbai,Bandra,9,9,5.92,108
2026-05-30,12,Mumbai,Bandra,6,6,5.55,72
2026-05-30,15,Mumbai,Bandra,9,9,6.46,108
2026-05-30,16,Mumbai,Bandra,8,8,5.66,96
2026-05-30,17,Mumbai,Bandra,7,7,5.94,84
2026-05-30,18,Mumbai,Bandra,8,8,5.86,96
2026-05-30,19,Mumbai,Bandra,7,7,5.52,84
2026-05-30,20,Mumbai,Bandra,8,8,6.21,96
2026-05-30,7,Mumbai,Andheri,9,9,5.57,108
2026-05-30,8,Mumbai,Andheri,7,7,5.63,84
2026-05-30,9,Mumbai,Andheri,9,9,5.61,108
2026-05-30,10,Mumbai,Andheri,9,9,6.07,108
2026-05-30,11,Mumbai,Andheri,8,8,5.98,96
2026-05-30,12,Mumbai,Andheri,7,7,5.51,84
2026-05-30,13,Mumbai,Andheri,8,8,5.93,96
2026-05-30,14,Mumbai,Andheri,9,9,5.94,108
2026-05-30,15,Mumbai,Andheri,8,8,6.28,96
2026-05-30,16,Mumbai,Andheri,6,6,6.01,72
2026-05-30,17,Mumbai,Andheri,9,9,6.13,108
2026-05-30,18,Mumbai,Andheri,8,8,6.83,96
2026-05-30,19,Mumbai,Andheri,8,8,6.33,96
2026-05-30,20,Mumbai,Andheri,6,6,6.05,72
2026-05-30,7,Bengaluru,Indiranagar,8,8,6.45,96
2026-05-30,8,Bengaluru,Indiranagar,6,6,6.06,72
2026-05-30,9,Bengaluru,Indiranagar,9,9,5.9,108
2026-05-30,10,Bengaluru,Indiranagar,8,8,5.61,96
2026-05-30,11,Bengaluru,Indiranagar,9,9,6.27,108
2026-05-30,12,Bengaluru,Indiranagar,9,9,6.07,108
2026-05-30,13,Bengaluru,Indiranagar,7,7,5.62,84
2026-05-30,14,Bengaluru,Indiranagar,6,6,5.98,72
2026-05-30,15,Bengaluru,Indiranagar,9,9,5.15,108
2026-05-30,16,Bengaluru,Indiranagar,8,8,5.43,96
2026-05-30,17,Bengaluru,Indiranagar,8,8,5.64,96
2026-05-30,18,Bengaluru,Indiranagar,9,9,6.12,108
2026-05-30,19,Bengaluru,Indiranagar,7,7,5.95,84
2026-05-30,20,Bengaluru,Indiranagar,9,9,6.56,108
2026-05-30,7,Bengaluru,Koramangala,7,7,5.95,84
2026-05-30,8,Bengaluru,Koramangala,8,8,5.98,96
2026-05-30,9,Bengaluru,Koramangala,9,9,6.04,108
2026-05-30,10,Bengaluru,Koramangala,9,9,6.05,108
2026-05-30,11,Bengaluru,Koramangala,9,9,5.64,108
2026-05-30,12,Bengaluru,Koramangala,7,7,6.44,84
2026-05-30,13,Bengaluru,Koramangala,9,9,6.54,108
2026-05-30,14,Bengaluru,Koramangala,8,8,6.2,96
2026-05-30,15,Bengaluru,Koramangala,8,8,5.67,96
2026-05-30,16,Bengaluru,Koramangala,7,7,6.76,84
2026-05-30,17,Bengaluru,Koramangala,7,7,5.95,84
2026-05-30,18,Bengaluru,Koramangala,8,8,6.05,96
2026-05-30,19,Bengaluru,Koramangala,9,9,6.05,108
2026-05-30,20,Bengaluru,Koramangala,8,8,5.73,96
2026-05-30,7,Hyderabad,Banjara Hills,7,7,6.72,84
2026-05-30,8,Hyderabad,Banjara Hills,7,7,5.96,84
2026-05-30,9,Hyderabad,Banjara Hills,6,6,5.45,72
2026-05-30,10,Hyderabad,Banjara Hills,6,6,6.05,72
2026-05-30,11,Hyderabad,Banjara Hills,6,6,6.1,72
2026-05-30,12,Hyderabad,Banjara Hills,9,9,5.35,108
2026-05-30,13,Hyderabad,Banjara Hills,9,9,5.58,108
2026-05-30,14,Hyderabad,Banjara Hills,6,6,6.02,72
2026-05-30,15,Hyderabad,Banjara Hills,7,7,6.69,84
2026-05-30,16,Hyderabad,Banjara Hills,9,9,6.07,108
2026-05-30,17,Hyderabad,Banjara Hills,9,9,6.22,108
2026-05-30,18,Hyderabad,Banjara Hills,9,9,6.57,108
2026-05-30,19,Hyderabad,Banjara Hills,6,6,6.14,72
2026-05-30,20,Hyderabad,Banjara Hills,9,9,6.49,108
2026-05-30,7,Hyderabad,Gachibowli,8,8,6.21,96
2026-05-30,8,Hyderabad,Gachibowli,9,9,5.87,108
2026-05-30,9,Hyderabad,Gachibowli,8,8,6.46,96
2026-05-30,10,Hyderabad,Gachibowli,7,7,6.54,84
2026-05-30,11,Hyderabad,Gachibowli,9,9,5.7,108
2026-05-30,12,Hyderabad,Gachibowli,8,8,5.64,96
2026-05-30,13,Hyderabad,Gachibowli,7,7,5.63,84
2026-05-30,14,Hyderabad,Gachibowli,7,7,6.33,84
2026-05-30,15,Hyderabad,Gachibowli,8,8,5.78,96
2026-05-30,16,Hyderabad,Gachibowli,6,6,6.63,72
2026-05-30,17,Hyderabad,Gachibowli,9,9,6.66,108
2026-05-30,18,Hyderabad,Gachibowli,7,7,6.13,84
2026-05-30,19,Hyderabad,Gachibowli,9,9,6.64,108
2026-05-30,20,Hyderabad,Gachibowli,8,8,6.39,96
2026-05-31,7,Ahmedabad,Satellite,9,9,5.61,108
2026-05-31,8,Ahmedabad,Satellite,7,7,5.37,84
2026-05-31,9,Ahmedabad,Satellite,9,9,5.63,108
2026-05-31,10,Ahmedabad,Satellite,8,8,5.49,96
2026-05-31,11,Ahmedabad,Satellite,8,8,5.34,96
2026-05-31,12,Ahmedabad,Satellite,7,7,5.61,84
2026-05-31,13,Ahmedabad,Satellite,6,6,6.19,72
2026-05-31,14,Ahmedabad,Satellite,7,7,5.85,84
2026-05-31,15,Ahmedabad,Satellite,8,8,5.82,96
2026-05-31,16,Ahmedabad,Satellite,6,6,5.98,72
2026-05-31,17,Ahmedabad,Satellite,8,8,5.77,96
2026-05-31,18,Ahmedabad,Satellite,8,8,5.76,96
2026-05-31,19,Ahmedabad,Satellite,8,8,6.42,96
2026-05-31,20,Ahmedabad,Satellite,9,9,6.31,108
2026-05-31,7,Ahmedabad,Navrangpura,6,6,5.52,72
2026-05-31,8,Ahmedabad,Navrangpura,7,7,5.94,84
2026-05-31,9,Ahmedabad,Navrangpura,8,8,5.59,96
2026-05-31,10,Ahmedabad,Navrangpura,7,7,5.94,84
2026-05-31,11,Ahmedabad,Navrangpura,7,7,5.96,84
2026-05-31,12,Ahmedabad,Navrangpura,6,6,5.82,72
2026-05-31,13,Ahmedabad,Navrangpura,6,6,6.18,72
2026-05-31,14,Ahmedabad,Navrangpura,6,6,6.34,72
2026-05-31,15,Ahmedabad,Navrangpura,6,6,6.36,72
2026-05-31,16,Ahmedabad,Navrangpura,8,8,6.63,96
2026-05-31,17,Ahmedabad,Navrangpura,8,8,6.93,96
2026-05-31,18,Ahmedabad,Navrangpura,7,7,6.49,84
2026-05-31,19,Ahmedabad,Navrangpura,8,8,6.34,96
2026-05-31,20,Ahmedabad,Navrangpura,6,6,6.28,72
2026-05-31,7,Jaipur,C-Scheme,7,7,5.81,84
2026-05-31,8,Jaipur,C-Scheme,9,9,5.61,108
2026-05-31,9,Jaipur,C-Scheme,9,9,5.73,108
2026-05-31,10,Jaipur,C-Scheme,6,6,6.21,72
2026-05-31,11,Jaipur,C-Scheme,9,9,6.19,108
2026-05-31,12,Jaipur,C-Scheme,7,7,5.44,84
2026-05-31,13,Jaipur,C-Scheme,9,9,6.08,108
2026-05-31,14,Jaipur,C-Scheme,7,7,6.06,84
2026-05-31,15,Jaipur,C-Scheme,7,7,5.85,84
2026-05-31,16,Jaipur,C-Scheme,6,6,6.14,72
2026-05-31,17,Jaipur,C-Scheme,8,8,6.08,96
2026-05-31,18,Jaipur,C-Scheme,7,7,6.89,84
2026-05-31,19,Jaipur,C-Scheme,7,7,5.77,84
2026-05-31,20,Jaipur,C-Scheme,7,7,6.75,84
2026-05-31,7,Jaipur,Malviya Nagar,8,8,5.36,96
2026-05-31,8,Jaipur,Malviya Nagar,9,9,5.7,108
2026-05-31,9,Jaipur,Malviya Nagar,8,8,5.28,96
2026-05-31,10,Jaipur,Malviya Nagar,7,7,5.85,84
2026-05-31,11,Jaipur,Malviya Nagar,6,6,6.47,72
2026-05-31,12,Jaipur,Malviya Nagar,7,7,6.25,84
2026-05-31,13,Jaipur,Malviya Nagar,6,6,5.64,72
2026-05-31,14,Jaipur,Malviya Nagar,8,8,6.35,96
2026-05-31,15,Jaipur,Malviya Nagar,8,8,6.16,96
2026-05-31,16,Jaipur,Malviya Nagar,7,7,6.17,84
2026-05-31,17,Jaipur,Malviya Nagar,6,6,6.42,72
2026-05-31,18,Jaipur,Malviya Nagar,6,6,6.71,72
2026-05-31,19,Jaipur,Malviya Nagar,8,8,5.76,96
2026-05-31,20,Jaipur,Malviya Nagar,9,9,5.94,108
2026-05-31,7,Delhi,Connaught Place,9,9,5.86,108
2026-05-31,8,Delhi,Connaught Place,6,6,6.26,72
2026-05-31,9,Delhi,Connaught Place,6,6,6.4,72
2026-05-31,10,Delhi,Connaught Place,8,8,6.15,96
2026-05-31,11,Delhi,Connaught Place,9,9,5.8,108
2026-05-31,12,Delhi,Connaught Place,6,6,5.77,72
2026-05-31,13,Delhi,Connaught Place,7,7,6.72,84
2026-05-31,14,Delhi,Connaught Place,6,6,6.78,72
2026-05-31,15,Delhi,Connaught Place,6,6,6.05,72
2026-05-31,16,Delhi,Connaught Place,7,7,5.46,84
2026-05-31,17,Delhi,Connaught Place,6,6,5.68,72
2026-05-31,18,Delhi,Connaught Place,7,7,6.65,84
2026-05-31,19,Delhi,Connaught Place,6,6,6.15,72
2026-05-31,20,Delhi,Connaught Place,7,7,5.65,84
2026-05-31,7,Delhi,Saket,7,7,6.27,84
2026-05-31,8,Delhi,Saket,9,9,6.41,108
2026-05-31,9,Delhi,Saket,7,7,6.3,84
2026-05-31,10,Delhi,Saket,6,6,5.74,72
2026-05-31,11,Delhi,Saket,7,7,6.4,84
2026-05-31,12,Delhi,Saket,8,8,6.13,96
2026-05-31,13,Delhi,Saket,6,6,5.89,72
2026-05-31,14,Delhi,Saket,7,7,6.41,84
2026-05-31,15,Delhi,Saket,6,6,5.62,72
2026-05-31,16,Delhi,Saket,8,8,6.24,96
2026-05-31,17,Delhi,Saket,9,9,5.42,108
2026-05-31,18,Delhi,Saket,9,9,6.54,108
2026-05-31,19,Delhi,Saket,8,8,5.92,96
2026-05-31,20,Delhi,Saket,8,8,5.75,96
2026-05-31,8,Mumbai,Bandra,6,6,6.29,72
2026-05-31,11,Mumbai,Bandra,8,8,5.24,96
2026-05-31,12,Mumbai,Bandra,9,9,5.37,108
2026-05-31,13,Mumbai,Bandra,6,6,6.19,72
2026-05-31,14,Mumbai,Bandra,9,9,6.14,108
2026-05-31,15,Mumbai,Bandra,8,8,6.23,96
2026-05-31,7,Mumbai,Andheri,9,9,6.13,108
2026-05-31,8,Mumbai,Andheri,6,6,5.51,72
2026-05-31,9,Mumbai,Andheri,8,8,5.59,96
2026-05-31,10,Mumbai,Andheri,7,7,6.14,84
2026-05-31,11,Mumbai,Andheri,7,7,5.83,84
2026-05-31,12,Mumbai,Andheri,9,9,6.31,108
2026-05-31,13,Mumbai,Andheri,9,9,6.21,108
2026-05-31,14,Mumbai,Andheri,6,6,5.67,72
2026-05-31,15,Mumbai,Andheri,6,6,5.69,72
2026-05-31,16,Mumbai,Andheri,9,9,5.92,108
2026-05-31,17,Mumbai,Andheri,9,9,6.74,108
2026-05-31,18,Mumbai,Andheri,7,7,5.9,84
2026-05-31,19,Mumbai,Andheri,8,8,6.56,96
2026-05-31,20,Mumbai,Andheri,7,7,6.18,84
2026-05-31,7,Bengaluru,Indiranagar,9,9,5.83,108
2026-05-31,8,Bengaluru,Indiranagar,9,9,5.62,108
2026-05-31,9,Bengaluru,Indiranagar,7,7,6.02,84
2026-05-31,10,Bengaluru,Indiranagar,8,8,5.3,96
2026-05-31,11,Bengaluru,Indiranagar,6,6,6.48,72
2026-05-31,12,Bengaluru,Indiranagar,8,8,6.06,96
2026-05-31,13,Bengaluru,Indiranagar,9,9,5.6,108
2026-05-31,14,Bengaluru,Indiranagar,7,7,5.63,84
2026-05-31,15,Bengaluru,Indiranagar,9,9,5.97,108
2026-05-31,16,Bengaluru,Indiranagar,9,9,5.33,108
2026-05-31,17,Bengaluru,Indiranagar,8,8,6.06,96
2026-05-31,18,Bengaluru,Indiranagar,6,6,5.82,72
2026-05-31,19,Bengaluru,Indiranagar,9,9,5.57,108
2026-05-31,20,Bengaluru,Indiranagar,7,7,6.43,84
2026-05-31,7,Bengaluru,Koramangala,6,6,6.19,72
2026-05-31,8,Bengaluru,Koramangala,8,8,6.1,96
2026-05-31,9,Bengaluru,Koramangala,7,7,5.81,84
2026-05-31,10,Bengaluru,Koramangala,6,6,5.92,72
2026-05-31,11,Bengaluru,Koramangala,9,9,6.57,108
2026-05-31,12,Bengaluru,Koramangala,9,9,5.51,108
2026-05-31,13,Bengaluru,Koramangala,9,9,6.34,108
2026-05-31,14,Bengaluru,Koramangala,8,8,6.75,96
2026-05-31,15,Bengaluru,Koramangala,8,8,5.68,96
2026-05-31,16,Bengaluru,Koramangala,9,9,6.51,108
2026-05-31,17,Bengaluru,Koramangala,9,9,6.42,108
2026-05-31,18,Bengaluru,Koramangala,9,9,6.32,108
2026-05-31,19,Bengaluru,Koramangala,8,8,6.22,96
2026-05-31,20,Bengaluru,Koramangala,9,9,6.4,108
2026-05-31,7,Hyderabad,Banjara Hills,8,8,5.9,96
2026-05-31,8,Hyderabad,Banjara Hills,8,8,5.37,96
2026-05-31,9,Hyderabad,Banjara Hills,9,9,6.08,108
2026-05-31,10,Hyderabad,Banjara Hills,9,9,5.63,108
2026-05-31,11,Hyderabad,Banjara Hills,8,8,6.06,96
2026-05-31,12,Hyderabad,Banjara Hills,6,6,5.78,72
2026-05-31,13,Hyderabad,Banjara Hills,9,9,6.34,108
2026-05-31,14,Hyderabad,Banjara Hills,8,8,6.0,96
2026-05-31,15,Hyderabad,Banjara Hills,6,6,6.54,72
2026-05-31,16,Hyderabad,Banjara Hills,8,8,6.01,96
2026-05-31,17,Hyderabad,Banjara Hills,8,8,5.02,96
2026-05-31,18,Hyderabad,Banjara Hills,6,6,6.41,72
2026-05-31,19,Hyderabad,Banjara Hills,9,9,6.08,108
2026-05-31,20,Hyderabad,Banjara Hills,7,7,6.35,84
2026-05-31,7,Hyderabad,Gachibowli,7,7,6.08,84
2026-05-31,8,Hyderabad,Gachibowli,9,9,5.9,108
2026-05-31,9,Hyderabad,Gachibowli,6,6,6.17,72
2026-05-31,10,Hyderabad,Gachibowli,6,6,6.56,72
2026-05-31,11,Hyderabad,Gachibowli,6,6,6.59,72
2026-05-31,12,Hyderabad,Gachibowli,8,8,6.15,96
2026-05-31,13,Hyderabad,Gachibowli,8,8,6.96,96
2026-05-31,14,Hyderabad,Gachibowli,8,8,6.66,96
2026-05-31,15,Hyderabad,Gachibowli,9,9,5.68,108
2026-05-31,16,Hyderabad,Gachibowli,8,8,6.88,96
2026-05-31,17,Hyderabad,Gachibowli,6,6,5.91,72
2026-05-31,18,Hyderabad,Gachibowli,8,8,5.14,96
2026-05-31,19,Hyderabad,Gachibowli,8,8,5.57,96
2026-05-31,20,Hyderabad,Gachibowli,6,6,6.16,72
2026-06-01,7,Ahmedabad,Satellite,7,7,6.72,84
2026-06-01,8,Ahmedabad,Satellite,7,7,6.22,84
2026-06-01,9,Ahmedabad,Satellite,9,9,5.59,108
2026-06-01,10,Ahmedabad,Satellite,9,9,6.62,108
2026-06-01,11,Ahmedabad,Satellite,9,9,6.08,108
2026-06-01,12,Ahmedabad,Satellite,9,9,5.75,108
2026-06-01,13,Ahmedabad,Satellite,9,9,5.79,108
2026-06-01,14,Ahmedabad,Satellite,8,8,5.63,96
2026-06-01,15,Ahmedabad,Satellite,8,8,5.82,96
2026-06-01,16,Ahmedabad,Satellite,7,7,6.05,84
2026-06-01,17,Ahmedabad,Satellite,6,6,6.12,72
2026-06-01,18,Ahmedabad,Satellite,8,8,6.47,96
2026-06-01,19,Ahmedabad,Satellite,8,8,5.83,96
2026-06-01,20,Ahmedabad,Satellite,7,7,6.28,84
2026-06-01,7,Ahmedabad,Navrangpura,8,8,5.66,96
2026-06-01,8,Ahmedabad,Navrangpura,6,6,6.37,72
2026-06-01,9,Ahmedabad,Navrangpura,7,7,5.69,84
2026-06-01,10,Ahmedabad,Navrangpura,9,9,6.19,108
2026-06-01,11,Ahmedabad,Navrangpura,8,8,5.79,96
2026-06-01,12,Ahmedabad,Navrangpura,8,8,5.78,96
2026-06-01,13,Ahmedabad,Navrangpura,8,8,5.84,96
2026-06-01,14,Ahmedabad,Navrangpura,6,6,6.44,72
2026-06-01,15,Ahmedabad,Navrangpura,8,8,6.38,96
2026-06-01,16,Ahmedabad,Navrangpura,9,9,6.21,108
2026-06-01,17,Ahmedabad,Navrangpura,7,7,5.34,84
2026-06-01,18,Ahmedabad,Navrangpura,7,7,5.63,84
2026-06-01,19,Ahmedabad,Navrangpura,7,7,5.7,84
2026-06-01,20,Ahmedabad,Navrangpura,9,9,6.39,108
2026-06-01,7,Jaipur,C-Scheme,8,8,6.88,96
2026-06-01,8,Jaipur,C-Scheme,6,6,5.69,72
2026-06-01,9,Jaipur,C-Scheme,9,9,6.64,108
2026-06-01,10,Jaipur,C-Scheme,6,6,5.91,72
2026-06-01,11,Jaipur,C-Scheme,6,6,6.5,72
2026-06-01,12,Jaipur,C-Scheme,7,7,5.98,84
2026-06-01,13,Jaipur,C-Scheme,6,6,5.75,72
2026-06-01,14,Jaipur,C-Scheme,6,6,5.06,72
2026-06-01,15,Jaipur,C-Scheme,7,7,5.72,84
2026-06-01,16,Jaipur,C-Scheme,8,8,5.57,96
2026-06-01,17,Jaipur,C-Scheme,6,6,5.42,72
2026-06-01,18,Jaipur,C-Scheme,8,8,6.32,96
2026-06-01,19,Jaipur,C-Scheme,7,7,5.84,84
2026-06-01,20,Jaipur,C-Scheme,7,7,5.97,84
2026-06-01,7,Jaipur,Malviya Nagar,7,7,6.3,84
2026-06-01,8,Jaipur,Malviya Nagar,9,9,6.07,108
2026-06-01,9,Jaipur,Malviya Nagar,9,9,6.2,108
2026-06-01,10,Jaipur,Malviya Nagar,7,7,5.74,84
2026-06-01,11,Jaipur,Malviya Nagar,6,6,6.38,72
2026-06-01,12,Jaipur,Malviya Nagar,6,6,6.28,72
2026-06-01,13,Jaipur,Malviya Nagar,8,8,6.16,96
2026-06-01,14,Jaipur,Malviya Nagar,9,9,6.5,108
2026-06-01,15,Jaipur,Malviya Nagar,8,8,5.77,96
2026-06-01,16,Jaipur,Malviya Nagar,7,7,5.4,84
2026-06-01,17,Jaipur,Malviya Nagar,8,8,5.88,96
2026-06-01,18,Jaipur,Malviya Nagar,6,6,6.58,72
2026-06-01,19,Jaipur,Malviya Nagar,7,7,5.76,84
2026-06-01,20,Jaipur,Malviya Nagar,7,7,5.75,84
2026-06-01,7,Delhi,Connaught Place,8,8,6.0,96
2026-06-01,8,Delhi,Connaught Place,8,8,5.49,96
2026-06-01,9,Delhi,Connaught Place,6,6,5.94,72
2026-06-01,10,Delhi,Connaught Place,6,6,6.99,72
2026-06-01,11,Delhi,Connaught Place,7,7,6.64,84
2026-06-01,12,Delhi,Connaught Place,6,6,6.56,72
2026-06-01,13,Delhi,Connaught Place,9,9,5.84,108
2026-06-01,14,Delhi,Connaught Place,8,8,5.63,96
2026-06-01,15,Delhi,Connaught Place,8,8,6.0,96
2026-06-01,16,Delhi,Connaught Place,7,7,6.01,84
2026-06-01,17,Delhi,Connaught Place,6,6,6.92,72
2026-06-01,18,Delhi,Connaught Place,6,6,5.9,72
2026-06-01,19,Delhi,Connaught Place,7,7,5.75,84
2026-06-01,20,Delhi,Connaught Place,7,7,5.89,84
2026-06-01,7,Delhi,Saket,7,7,6.0,84
2026-06-01,8,Delhi,Saket,9,9,5.99,108
2026-06-01,9,Delhi,Saket,8,8,6.09,96
2026-06-01,10,Delhi,Saket,6,6,6.28,72
2026-06-01,11,Delhi,Saket,9,9,6.09,108
2026-06-01,12,Delhi,Saket,8,8,5.9,96
2026-06-01,13,Delhi,Saket,8,8,6.13,96
2026-06-01,14,Delhi,Saket,7,7,5.94,84
2026-06-01,15,Delhi,Saket,7,7,5.96,84
2026-06-01,16,Delhi,Saket,8,8,6.01,96
2026-06-01,17,Delhi,Saket,7,7,5.78,84
2026-06-01,18,Delhi,Saket,8,8,6.31,96
2026-06-01,19,Delhi,Saket,8,8,6.71,96
2026-06-01,20,Delhi,Saket,8,8,5.76,96
2026-06-01,10,Mumbai,Bandra,6,6,6.13,72
2026-06-01,13,Mumbai,Bandra,7,7,5.63,84
2026-06-01,15,Mumbai,Bandra,9,9,6.33,108
2026-06-01,17,Mumbai,Bandra,7,7,6.42,84
2026-06-01,19,Mumbai,Bandra,9,9,5.62,108
2026-06-01,20,Mumbai,Bandra,6,6,6.15,72
2026-06-01,7,Mumbai,Andheri,6,6,6.05,72
2026-06-01,8,Mumbai,Andheri,7,7,5.82,84
2026-06-01,9,Mumbai,Andheri,7,7,5.41,84
2026-06-01,10,Mumbai,Andheri,6,6,6.58,72
2026-06-01,11,Mumbai,Andheri,9,9,5.58,108
2026-06-01,12,Mumbai,Andheri,6,6,5.59,72
2026-06-01,13,Mumbai,Andheri,7,7,6.37,84
2026-06-01,14,Mumbai,Andheri,9,9,5.54,108
2026-06-01,15,Mumbai,Andheri,9,9,5.96,108
2026-06-01,16,Mumbai,Andheri,8,8,5.63,96
2026-06-01,17,Mumbai,Andheri,6,6,6.7,72
2026-06-01,18,Mumbai,Andheri,9,9,5.44,108
2026-06-01,19,Mumbai,Andheri,9,9,6.38,108
2026-06-01,20,Mumbai,Andheri,9,9,6.09,108
2026-06-01,7,Bengaluru,Indiranagar,7,7,6.39,84
2026-06-01,8,Bengaluru,Indiranagar,9,9,6.4,108
2026-06-01,9,Bengaluru,Indiranagar,7,7,5.76,84
2026-06-01,10,Bengaluru,Indiranagar,9,9,5.82,108
2026-06-01,11,Bengaluru,Indiranagar,7,7,5.48,84
2026-06-01,12,Bengaluru,Indiranagar,7,7,6.53,84
2026-06-01,13,Bengaluru,Indiranagar,8,8,5.91,96
2026-06-01,14,Bengaluru,Indiranagar,8,8,6.14,96
2026-06-01,15,Bengaluru,Indiranagar,8,8,6.78,96
2026-06-01,16,Bengaluru,Indiranagar,6,6,6.62,72
2026-06-01,17,Bengaluru,Indiranagar,8,8,5.87,96
2026-06-01,18,Bengaluru,Indiranagar,6,6,6.2,72
2026-06-01,19,Bengaluru,Indiranagar,8,8,6.71,96
2026-06-01,20,Bengaluru,Indiranagar,9,9,6.65,108
2026-06-01,7,Bengaluru,Koramangala,8,8,5.94,96
2026-06-01,8,Bengaluru,Koramangala,8,8,5.7,96
2026-06-01,9,Bengaluru,Koramangala,8,8,5.91,96
2026-06-01,10,Bengaluru,Koramangala,8,8,6.38,96
2026-06-01,11,Bengaluru,Koramangala,9,9,4.95,108
2026-06-01,12,Bengaluru,Koramangala,9,9,5.36,108
2026-06-01,13,Bengaluru,Koramangala,7,7,5.74,84
2026-06-01,14,Bengaluru,Koramangala,7,7,6.07,84
2026-06-01,15,Bengaluru,Koramangala,9,9,5.52,108
2026-06-01,16,Bengaluru,Koramangala,7,7,5.63,84
2026-06-01,17,Bengaluru,Koramangala,7,7,5.78,84
2026-06-01,18,Bengaluru,Koramangala,8,8,5.76,96
2026-06-01,19,Bengaluru,Koramangala,9,9,5.6,108
2026-06-01,20,Bengaluru,Koramangala,9,9,5.86,108
2026-06-01,7,Hyderabad,Banjara Hills,9,9,6.32,108
2026-06-01,8,Hyderabad,Banjara Hills,6,6,5.94,72
2026-06-01,9,Hyderabad,Banjara Hills,7,7,5.54,84
2026-06-01,10,Hyderabad,Banjara Hills,9,9,5.98,108
2026-06-01,11,Hyderabad,Banjara Hills,7,7,5.51,84
2026-06-01,12,Hyderabad,Banjara Hills,8,8,5.97,96
2026-06-01,13,Hyderabad,Banjara Hills,6,6,5.66,72
2026-06-01,14,Hyderabad,Banjara Hills,8,8,5.95,96
2026-06-01,15,Hyderabad,Banjara Hills,8,8,5.42,96
2026-06-01,16,Hyderabad,Banjara Hills,8,8,5.69,96
2026-06-01,17,Hyderabad,Banjara Hills,9,9,5.84,108
2026-06-01,18,Hyderabad,Banjara Hills,8,8,5.91,96
2026-06-01,19,Hyderabad,Banjara Hills,8,8,5.75,96
2026-06-01,20,Hyderabad,Banjara Hills,9,9,6.2,108
2026-06-01,7,Hyderabad,Gachibowli,7,7,5.86,84
2026-06-01,8,Hyderabad,Gachibowli,7,7,6.12,84
2026-06-01,9,Hyderabad,Gachibowli,8,8,6.14,96
2026-06-01,10,Hyderabad,Gachibowli,8,8,5.39,96
2026-06-01,11,Hyderabad,Gachibowli,6,6,6.15,72
2026-06-01,12,Hyderabad,Gachibowli,6,6,6.02,72
2026-06-01,13,Hyderabad,Gachibowli,8,8,5.87,96
2026-06-01,14,Hyderabad,Gachibowli,7,7,5.75,84
2026-06-01,15,Hyderabad,Gachibowli,9,9,6.74,108
2026-06-01,16,Hyderabad,Gachibowli,9,9,5.72,108
2026-06-01,17,Hyderabad,Gachibowli,6,6,6.42,72
2026-06-01,18,Hyderabad,Gachibowli,9,9,5.97,108
2026-06-01,19,Hyderabad,Gachibowli,8,8,6.31,96
2026-06-01,20,Hyderabad,Gachibowli,9,9,5.78,108
2026-06-02,7,Ahmedabad,Satellite,8,8,6.0,96
2026-06-02,8,Ahmedabad,Satellite,7,7,5.51,84
2026-06-02,9,Ahmedabad,Satellite,9,9,5.74,108
2026-06-02,10,Ahmedabad,Satellite,9,9,6.37,108
2026-06-02,11,Ahmedabad,Satellite,7,7,6.3,84
2026-06-02,12,Ahmedabad,Satellite,7,7,6.18,84
2026-06-02,13,Ahmedabad,Satellite,6,6,6.74,72
2026-06-02,14,Ahmedabad,Satellite,7,7,6.17,84
2026-06-02,15,Ahmedabad,Satellite,6,6,6.16,72
2026-06-02,16,Ahmedabad,Satellite,7,7,6.19,84
2026-06-02,17,Ahmedabad,Satellite,8,8,5.68,96
2026-06-02,18,Ahmedabad,Satellite,6,6,5.59,72
2026-06-02,19,Ahmedabad,Satellite,7,7,6.66,84
2026-06-02,20,Ahmedabad,Satellite,6,6,5.13,72
2026-06-02,7,Ahmedabad,Navrangpura,8,8,6.03,96
2026-06-02,8,Ahmedabad,Navrangpura,7,7,6.41,84
2026-06-02,9,Ahmedabad,Navrangpura,9,9,6.58,108
2026-06-02,10,Ahmedabad,Navrangpura,8,8,6.08,96
2026-06-02,11,Ahmedabad,Navrangpura,6,6,5.96,72
2026-06-02,12,Ahmedabad,Navrangpura,9,9,6.21,108
2026-06-02,13,Ahmedabad,Navrangpura,9,9,6.26,108
2026-06-02,14,Ahmedabad,Navrangpura,7,7,5.97,84
2026-06-02,15,Ahmedabad,Navrangpura,6,6,5.57,72
2026-06-02,16,Ahmedabad,Navrangpura,6,6,5.84,72
2026-06-02,17,Ahmedabad,Navrangpura,9,9,5.22,108
2026-06-02,18,Ahmedabad,Navrangpura,9,9,5.69,108
2026-06-02,19,Ahmedabad,Navrangpura,6,6,5.75,72
2026-06-02,20,Ahmedabad,Navrangpura,7,7,6.48,84
2026-06-02,7,Jaipur,C-Scheme,8,8,6.28,96
2026-06-02,8,Jaipur,C-Scheme,8,8,7.14,96
2026-06-02,9,Jaipur,C-Scheme,7,7,6.05,84
2026-06-02,10,Jaipur,C-Scheme,6,6,6.34,72
2026-06-02,11,Jaipur,C-Scheme,9,9,5.37,108
2026-06-02,12,Jaipur,C-Scheme,9,9,6.01,108
2026-06-02,13,Jaipur,C-Scheme,9,9,6.44,108
2026-06-02,14,Jaipur,C-Scheme,8,8,5.77,96
2026-06-02,15,Jaipur,C-Scheme,6,6,6.06,72
2026-06-02,16,Jaipur,C-Scheme,6,6,5.95,72
2026-06-02,17,Jaipur,C-Scheme,6,6,5.66,72
2026-06-02,18,Jaipur,C-Scheme,9,9,6.11,108
2026-06-02,19,Jaipur,C-Scheme,6,6,5.82,72
2026-06-02,20,Jaipur,C-Scheme,9,9,6.27,108
2026-06-02,7,Jaipur,Malviya Nagar,9,9,6.27,108
2026-06-02,8,Jaipur,Malviya Nagar,9,9,5.58,108
2026-06-02,9,Jaipur,Malviya Nagar,6,6,5.64,72
2026-06-02,10,Jaipur,Malviya Nagar,7,7,6.04,84
2026-06-02,11,Jaipur,Malviya Nagar,7,7,6.51,84
2026-06-02,12,Jaipur,Malviya Nagar,9,9,6.31,108
2026-06-02,13,Jaipur,Malviya Nagar,9,9,6.42,108
2026-06-02,14,Jaipur,Malviya Nagar,9,9,5.89,108
2026-06-02,15,Jaipur,Malviya Nagar,7,7,6.7,84
2026-06-02,16,Jaipur,Malviya Nagar,9,9,5.93,108
2026-06-02,17,Jaipur,Malviya Nagar,8,8,6.4,96
2026-06-02,18,Jaipur,Malviya Nagar,7,7,6.06,84
2026-06-02,19,Jaipur,Malviya Nagar,7,7,6.1,84
2026-06-02,20,Jaipur,Malviya Nagar,7,7,5.99,84
2026-06-02,7,Delhi,Connaught Place,8,8,5.38,96
2026-06-02,8,Delhi,Connaught Place,6,6,5.77,72
2026-06-02,9,Delhi,Connaught Place,7,7,5.12,84
2026-06-02,10,Delhi,Connaught Place,7,7,6.35,84
2026-06-02,11,Delhi,Connaught Place,7,7,6.36,84
2026-06-02,12,Delhi,Connaught Place,8,8,6.16,96
2026-06-02,13,Delhi,Connaught Place,6,6,5.82,72
2026-06-02,14,Delhi,Connaught Place,6,6,5.69,72
2026-06-02,15,Delhi,Connaught Place,8,8,6.37,96
2026-06-02,16,Delhi,Connaught Place,9,9,5.98,108
2026-06-02,17,Delhi,Connaught Place,6,6,5.52,72
2026-06-02,18,Delhi,Connaught Place,6,6,6.08,72
2026-06-02,19,Delhi,Connaught Place,8,8,5.97,96
2026-06-02,20,Delhi,Connaught Place,8,8,5.9,96
2026-06-02,7,Delhi,Saket,7,7,6.12,84
2026-06-02,8,Delhi,Saket,8,8,6.22,96
2026-06-02,9,Delhi,Saket,7,7,6.3,84
2026-06-02,10,Delhi,Saket,6,6,6.64,72
2026-06-02,11,Delhi,Saket,7,7,5.36,84
2026-06-02,12,Delhi,Saket,6,6,5.99,72
2026-06-02,13,Delhi,Saket,6,6,6.28,72
2026-06-02,14,Delhi,Saket,6,6,6.48,72
2026-06-02,15,Delhi,Saket,6,6,6.5,72
2026-06-02,16,Delhi,Saket,8,8,6.13,96
2026-06-02,17,Delhi,Saket,7,7,6.29,84
2026-06-02,18,Delhi,Saket,8,8,6.07,96
2026-06-02,19,Delhi,Saket,9,9,6.4,108
2026-06-02,20,Delhi,Saket,7,7,6.17,84
2026-06-02,8,Mumbai,Bandra,8,8,5.35,96
2026-06-02,9,Mumbai,Bandra,8,8,6.56,96
2026-06-02,10,Mumbai,Bandra,6,6,5.5,72
2026-06-02,11,Mumbai,Bandra,7,7,5.65,84
2026-06-02,12,Mumbai,Bandra,7,7,5.82,84
2026-06-02,13,Mumbai,Bandra,9,9,5.82,108
2026-06-02,7,Mumbai,Andheri,7,7,6.0,84
2026-06-02,8,Mumbai,Andheri,6,6,6.34,72
2026-06-02,9,Mumbai,Andheri,8,8,5.81,96
2026-06-02,10,Mumbai,Andheri,8,8,5.98,96
2026-06-02,11,Mumbai,Andheri,7,7,5.75,84
2026-06-02,12,Mumbai,Andheri,8,8,6.29,96
2026-06-02,13,Mumbai,Andheri,6,6,6.06,72
2026-06-02,14,Mumbai,Andheri,9,9,6.14,108
2026-06-02,15,Mumbai,Andheri,6,6,6.24,72
2026-06-02,16,Mumbai,Andheri,9,9,5.66,108
2026-06-02,17,Mumbai,Andheri,9,9,6.1,108
2026-06-02,18,Mumbai,Andheri,9,9,5.83,108
2026-06-02,19,Mumbai,Andheri,8,8,6.14,96
2026-06-02,20,Mumbai,Andheri,8,8,6.43,96
2026-06-02,7,Bengaluru,Indiranagar,9,9,6.53,108
2026-06-02,8,Bengaluru,Indiranagar,9,9,6.01,108
2026-06-02,9,Bengaluru,Indiranagar,8,8,5.79,96
2026-06-02,10,Bengaluru,Indiranagar,6,6,5.6,72
2026-06-02,11,Bengaluru,Indiranagar,9,9,6.27,108
2026-06-02,12,Bengaluru,Indiranagar,6,6,6.79,72
2026-06-02,13,Bengaluru,Indiranagar,9,9,5.62,108
2026-06-02,14,Bengaluru,Indiranagar,8,8,6.3,96
2026-06-02,15,Bengaluru,Indiranagar,8,8,6.33,96
2026-06-02,16,Bengaluru,Indiranagar,7,7,5.96,84
2026-06-02,17,Bengaluru,Indiranagar,9,9,5.91,108
2026-06-02,18,Bengaluru,Indiranagar,8,8,5.05,96
2026-06-02,19,Bengaluru,Indiranagar,7,7,6.38,84
2026-06-02,20,Bengaluru,Indiranagar,6,6,6.48,72
2026-06-02,7,Bengaluru,Koramangala,8,8,6.18,96
2026-06-02,8,Bengaluru,Koramangala,6,6,5.1,72
2026-06-02,9,Bengaluru,Koramangala,7,7,6.53,84
2026-06-02,10,Bengaluru,Koramangala,9,9,6.65,108
2026-06-02,11,Bengaluru,Koramangala,8,8,5.91,96
2026-06-02,12,Bengaluru,Koramangala,8,8,5.48,96
2026-06-02,13,Bengaluru,Koramangala,7,7,6.01,84
2026-06-02,14,Bengaluru,Koramangala,6,6,6.63,72
2026-06-02,15,Bengaluru,Koramangala,9,9,6.01,108
2026-06-02,16,Bengaluru,Koramangala,7,7,6.03,84
2026-06-02,17,Bengaluru,Koramangala,7,7,6.25,84
2026-06-02,18,Bengaluru,Koramangala,7,7,5.71,84
2026-06-02,19,Bengaluru,Koramangala,6,6,6.55,72
2026-06-02,20,Bengaluru,Koramangala,8,8,5.34,96
2026-06-02,7,Hyderabad,Banjara Hills,6,6,5.24,72
2026-06-02,8,Hyderabad,Banjara Hills,6,6,5.77,72
2026-06-02,9,Hyderabad,Banjara Hills,6,6,6.0,72
2026-06-02,10,Hyderabad,Banjara Hills,9,9,5.47,108
2026-06-02,11,Hyderabad,Banjara Hills,8,8,6.03,96
2026-06-02,12,Hyderabad,Banjara Hills,7,7,5.91,84
2026-06-02,13,Hyderabad,Banjara Hills,6,6,5.99,72
2026-06-02,14,Hyderabad,Banjara Hills,8,8,5.77,96
2026-06-02,15,Hyderabad,Banjara Hills,7,7,5.9,84
2026-06-02,16,Hyderabad,Banjara Hills,7,7,5.85,84
2026-06-02,17,Hyderabad,Banjara Hills,9,9,6.71,108
2026-06-02,18,Hyderabad,Banjara Hills,6,6,5.34,72
2026-06-02,19,Hyderabad,Banjara Hills,8,8,5.9,96
2026-06-02,20,Hyderabad,Banjara Hills,8,8,5.43,96
2026-06-02,7,Hyderabad,Gachibowli,9,9,6.13,108
2026-06-02,8,Hyderabad,Gachibowli,8,8,5.65,96
2026-06-02,9,Hyderabad,Gachibowli,9,9,6.69,108
2026-06-02,10,Hyderabad,Gachibowli,7,7,6.07,84
2026-06-02,11,Hyderabad,Gachibowli,9,9,5.66,108
2026-06-02,12,Hyderabad,Gachibowli,6,6,5.89,72
2026-06-02,13,Hyderabad,Gachibowli,8,8,6.06,96
2026-06-02,14,Hyderabad,Gachibowli,7,7,6.12,84
2026-06-02,15,Hyderabad,Gachibowli,9,9,6.0,108
2026-06-02,16,Hyderabad,Gachibowli,8,8,5.54,96
2026-06-02,17,Hyderabad,Gachibowli,9,9,6.51,108
2026-06-02,18,Hyderabad,Gachibowli,6,6,6.09,72
2026-06-02,19,Hyderabad,Gachibowli,7,7,6.25,84
2026-06-02,20,Hyderabad,Gachibowli,9,9,5.92,108
2026-06-03,7,Ahmedabad,Satellite,8,8,6.23,96
2026-06-03,8,Ahmedabad,Satellite,8,8,6.36,96
2026-06-03,9,Ahmedabad,Satellite,8,8,5.71,96
2026-06-03,10,Ahmedabad,Satellite,7,7,6.09,84
2026-06-03,11,Ahmedabad,Satellite,8,8,6.03,96
2026-06-03,12,Ahmedabad,Satellite,8,8,6.05,96
2026-06-03,13,Ahmedabad,Satellite,8,8,6.08,96
2026-06-03,14,Ahmedabad,Satellite,9,9,6.3,108
2026-06-03,15,Ahmedabad,Satellite,6,6,5.7,72
2026-06-03,16,Ahmedabad,Satellite,6,6,5.93,72
2026-06-03,17,Ahmedabad,Satellite,6,6,5.77,72
2026-06-03,18,Ahmedabad,Satellite,6,6,5.35,72
2026-06-03,19,Ahmedabad,Satellite,7,7,6.19,84
2026-06-03,20,Ahmedabad,Satellite,6,6,5.94,72
2026-06-03,7,Ahmedabad,Navrangpura,9,9,6.17,108
2026-06-03,8,Ahmedabad,Navrangpura,8,8,6.56,96
2026-06-03,9,Ahmedabad,Navrangpura,8,8,5.53,96
2026-06-03,10,Ahmedabad,Navrangpura,6,6,5.96,72
2026-06-03,11,Ahmedabad,Navrangpura,8,8,5.54,96
2026-06-03,12,Ahmedabad,Navrangpura,9,9,6.26,108
2026-06-03,13,Ahmedabad,Navrangpura,7,7,5.05,84
2026-06-03,14,Ahmedabad,Navrangpura,8,8,6.16,96
2026-06-03,15,Ahmedabad,Navrangpura,9,9,5.89,108
2026-06-03,16,Ahmedabad,Navrangpura,8,8,5.74,96
2026-06-03,17,Ahmedabad,Navrangpura,6,6,5.87,72
2026-06-03,18,Ahmedabad,Navrangpura,8,8,5.88,96
2026-06-03,19,Ahmedabad,Navrangpura,6,6,5.86,72
2026-06-03,20,Ahmedabad,Navrangpura,6,6,6.48,72
2026-06-03,7,Jaipur,C-Scheme,8,8,5.3,96
2026-06-03,8,Jaipur,C-Scheme,9,9,6.48,108
2026-06-03,9,Jaipur,C-Scheme,6,6,5.84,72
2026-06-03,10,Jaipur,C-Scheme,9,9,5.96,108
2026-06-03,11,Jaipur,C-Scheme,7,7,5.79,84
2026-06-03,12,Jaipur,C-Scheme,8,8,6.2,96
2026-06-03,13,Jaipur,C-Scheme,8,8,5.88,96
2026-06-03,14,Jaipur,C-Scheme,9,9,5.11,108
2026-06-03,15,Jaipur,C-Scheme,9,9,5.93,108
2026-06-03,16,Jaipur,C-Scheme,8,8,6.27,96
2026-06-03,17,Jaipur,C-Scheme,8,8,6.22,96
2026-06-03,18,Jaipur,C-Scheme,6,6,6.0,72
2026-06-03,19,Jaipur,C-Scheme,8,8,5.62,96
2026-06-03,20,Jaipur,C-Scheme,7,7,5.53,84
2026-06-03,7,Jaipur,Malviya Nagar,9,9,5.73,108
2026-06-03,8,Jaipur,Malviya Nagar,7,7,6.57,84
2026-06-03,9,Jaipur,Malviya Nagar,9,9,5.71,108
2026-06-03,10,Jaipur,Malviya Nagar,6,6,5.89,72
2026-06-03,11,Jaipur,Malviya Nagar,8,8,5.97,96
2026-06-03,12,Jaipur,Malviya Nagar,9,9,6.11,108
2026-06-03,13,Jaipur,Malviya Nagar,8,8,5.44,96
2026-06-03,14,Jaipur,Malviya Nagar,6,6,5.14,72
2026-06-03,15,Jaipur,Malviya Nagar,7,7,6.22,84
2026-06-03,16,Jaipur,Malviya Nagar,9,9,5.86,108
2026-06-03,17,Jaipur,Malviya Nagar,6,6,5.98,72
2026-06-03,18,Jaipur,Malviya Nagar,9,9,6.54,108
2026-06-03,19,Jaipur,Malviya Nagar,7,7,6.42,84
2026-06-03,20,Jaipur,Malviya Nagar,8,8,5.52,96
2026-06-03,7,Delhi,Connaught Place,6,6,6.49,72
2026-06-03,8,Delhi,Connaught Place,6,6,6.11,72
2026-06-03,9,Delhi,Connaught Place,8,8,5.44,96
2026-06-03,10,Delhi,Connaught Place,7,7,6.77,84
2026-06-03,11,Delhi,Connaught Place,8,8,5.2,96
2026-06-03,12,Delhi,Connaught Place,7,7,5.86,84
2026-06-03,13,Delhi,Connaught Place,6,6,5.57,72
2026-06-03,14,Delhi,Connaught Place,7,7,7.02,84
2026-06-03,15,Delhi,Connaught Place,7,7,5.43,84
2026-06-03,16,Delhi,Connaught Place,6,6,6.01,72
2026-06-03,17,Delhi,Connaught Place,7,7,6.35,84
2026-06-03,18,Delhi,Connaught Place,9,9,5.64,108
2026-06-03,19,Delhi,Connaught Place,8,8,5.54,96
2026-06-03,20,Delhi,Connaught Place,8,8,7.04,96
2026-06-03,7,Delhi,Saket,7,7,5.94,84
2026-06-03,8,Delhi,Saket,7,7,5.88,84
2026-06-03,9,Delhi,Saket,8,8,5.7,96
2026-06-03,10,Delhi,Saket,8,8,5.68,96
2026-06-03,11,Delhi,Saket,9,9,5.78,108
2026-06-03,12,Delhi,Saket,7,7,5.15,84
2026-06-03,13,Delhi,Saket,6,6,6.37,72
2026-06-03,14,Delhi,Saket,7,7,5.9,84
2026-06-03,15,Delhi,Saket,8,8,6.47,96
2026-06-03,16,Delhi,Saket,9,9,5.69,108
2026-06-03,17,Delhi,Saket,8,8,5.73,96
2026-06-03,18,Delhi,Saket,6,6,6.23,72
2026-06-03,19,Delhi,Saket,7,7,5.9,84
2026-06-03,20,Delhi,Saket,8,8,6.33,96
2026-06-03,8,Mumbai,Bandra,7,7,6.3,84
2026-06-03,10,Mumbai,Bandra,7,7,6.64,84
2026-06-03,12,Mumbai,Bandra,8,8,5.74,96
2026-06-03,14,Mumbai,Bandra,9,9,5.93,108
2026-06-03,17,Mumbai,Bandra,7,7,6.5,84
2026-06-03,18,Mumbai,Bandra,9,9,6.21,108
2026-06-03,20,Mumbai,Bandra,9,9,6.28,108
2026-06-03,7,Mumbai,Andheri,9,9,6.41,108
2026-06-03,8,Mumbai,Andheri,6,6,6.37,72
2026-06-03,9,Mumbai,Andheri,6,6,6.78,72
2026-06-03,10,Mumbai,Andheri,6,6,5.78,72
2026-06-03,11,Mumbai,Andheri,6,6,5.91,72
2026-06-03,12,Mumbai,Andheri,7,7,5.85,84
2026-06-03,13,Mumbai,Andheri,6,6,6.55,72
2026-06-03,14,Mumbai,Andheri,7,7,5.59,84
2026-06-03,15,Mumbai,Andheri,8,8,5.43,96
2026-06-03,16,Mumbai,Andheri,6,6,6.25,72
2026-06-03,17,Mumbai,Andheri,7,7,5.55,84
2026-06-03,18,Mumbai,Andheri,9,9,6.08,108
2026-06-03,19,Mumbai,Andheri,8,8,5.77,96
2026-06-03,20,Mumbai,Andheri,9,9,6.07,108
2026-06-03,7,Bengaluru,Indiranagar,9,9,5.67,108
2026-06-03,8,Bengaluru,Indiranagar,8,8,5.6,96
2026-06-03,9,Bengaluru,Indiranagar,6,6,6.22,72
2026-06-03,10,Bengaluru,Indiranagar,6,6,6.59,72
2026-06-03,11,Bengaluru,Indiranagar,8,8,5.87,96
2026-06-03,12,Bengaluru,Indiranagar,8,8,6.47,96
2026-06-03,13,Bengaluru,Indiranagar,9,9,5.6,108
2026-06-03,14,Bengaluru,Indiranagar,8,8,5.7,96
2026-06-03,15,Bengaluru,Indiranagar,6,6,5.77,72
2026-06-03,16,Bengaluru,Indiranagar,6,6,5.7,72
2026-06-03,17,Bengaluru,Indiranagar,9,9,6.62,108
2026-06-03,18,Bengaluru,Indiranagar,8,8,5.48,96
2026-06-03,19,Bengaluru,Indiranagar,9,9,5.77,108
2026-06-03,20,Bengaluru,Indiranagar,9,9,6.14,108
2026-06-03,7,Bengaluru,Koramangala,7,7,6.13,84
2026-06-03,8,Bengaluru,Koramangala,7,7,5.88,84
2026-06-03,9,Bengaluru,Koramangala,9,9,5.93,108
2026-06-03,10,Bengaluru,Koramangala,8,8,6.21,96
2026-06-03,11,Bengaluru,Koramangala,7,7,6.34,84
2026-06-03,12,Bengaluru,Koramangala,8,8,5.44,96
2026-06-03,13,Bengaluru,Koramangala,7,7,5.44,84
2026-06-03,14,Bengaluru,Koramangala,8,8,5.98,96
2026-06-03,15,Bengaluru,Koramangala,7,7,5.72,84
2026-06-03,16,Bengaluru,Koramangala,8,8,5.56,96
2026-06-03,17,Bengaluru,Koramangala,6,6,5.6,72
2026-06-03,18,Bengaluru,Koramangala,7,7,5.49,84
2026-06-03,19,Bengaluru,Koramangala,6,6,6.67,72
2026-06-03,20,Bengaluru,Koramangala,6,6,5.95,72
2026-06-03,7,Hyderabad,Banjara Hills,6,6,6.52,72
2026-06-03,8,Hyderabad,Banjara Hills,9,9,6.35,108
2026-06-03,9,Hyderabad,Banjara Hills,9,9,5.77,108
2026-06-03,10,Hyderabad,Banjara Hills,8,8,6.18,96
2026-06-03,11,Hyderabad,Banjara Hills,7,7,5.75,84
2026-06-03,12,Hyderabad,Banjara Hills,6,6,6.57,72
2026-06-03,13,Hyderabad,Banjara Hills,8,8,6.17,96
2026-06-03,14,Hyderabad,Banjara Hills,7,7,5.23,84
2026-06-03,15,Hyderabad,Banjara Hills,7,7,5.73,84
2026-06-03,16,Hyderabad,Banjara Hills,9,9,5.93,108
2026-06-03,17,Hyderabad,Banjara Hills,6,6,5.9,72
2026-06-03,18,Hyderabad,Banjara Hills,9,9,6.71,108
2026-06-03,19,Hyderabad,Banjara Hills,7,7,6.09,84
2026-06-03,20,Hyderabad,Banjara Hills,9,9,5.59,108
2026-06-03,7,Hyderabad,Gachibowli,6,6,5.51,72
2026-06-03,8,Hyderabad,Gachibowli,8,8,5.33,96
2026-06-03,9,Hyderabad,Gachibowli,7,7,6.15,84
2026-06-03,10,Hyderabad,Gachibowli,9,9,5.61,108
2026-06-03,11,Hyderabad,Gachibowli,9,9,6.59,108
2026-06-03,12,Hyderabad,Gachibowli,8,8,6.78,96
2026-06-03,13,Hyderabad,Gachibowli,8,8,5.93,96
2026-06-03,14,Hyderabad,Gachibowli,6,6,6.3,72
2026-06-03,15,Hyderabad,Gachibowli,7,7,5.2,84
2026-06-03,16,Hyderabad,Gachibowli,6,6,6.59,72
2026-06-03,17,Hyderabad,Gachibowli,8,8,5.79,96
2026-06-03,18,Hyderabad,Gachibowli,8,8,5.86,96
2026-06-03,19,Hyderabad,Gachibowli,7,7,5.56,84
2026-06-03,20,Hyderabad,Gachibowli,9,9,5.89,108
2026-06-04,7,Ahmedabad,Satellite,9,9,6.09,108
2026-06-04,8,Ahmedabad,Satellite,9,9,6.15,108
2026-06-04,9,Ahmedabad,Satellite,9,9,6.28,108
2026-06-04,10,Ahmedabad,Satellite,7,7,6.42,84
2026-06-04,11,Ahmedabad,Satellite,7,7,6.17,84
2026-06-04,12,Ahmedabad,Satellite,8,8,6.38,96
2026-06-04,13,Ahmedabad,Satellite,8,8,7.07,96
2026-06-04,14,Ahmedabad,Satellite,9,9,6.49,108
2026-06-04,15,Ahmedabad,Satellite,9,9,5.64,108
2026-06-04,16,Ahmedabad,Satellite,8,8,5.9,96
2026-06-04,17,Ahmedabad,Satellite,6,6,6.2,72
2026-06-04,18,Ahmedabad,Satellite,9,9,5.72,108
2026-06-04,19,Ahmedabad,Satellite,7,7,5.44,84
2026-06-04,20,Ahmedabad,Satellite,6,6,5.35,72
2026-06-04,7,Ahmedabad,Navrangpura,6,6,5.66,72
2026-06-04,8,Ahmedabad,Navrangpura,6,6,5.5,72
2026-06-04,9,Ahmedabad,Navrangpura,6,6,5.7,72
2026-06-04,10,Ahmedabad,Navrangpura,9,9,6.0,108
2026-06-04,11,Ahmedabad,Navrangpura,9,9,5.78,108
2026-06-04,12,Ahmedabad,Navrangpura,8,8,6.0,96
2026-06-04,13,Ahmedabad,Navrangpura,7,7,6.59,84
2026-06-04,14,Ahmedabad,Navrangpura,7,7,6.06,84
2026-06-04,15,Ahmedabad,Navrangpura,9,9,5.93,108
2026-06-04,16,Ahmedabad,Navrangpura,7,7,6.19,84
2026-06-04,17,Ahmedabad,Navrangpura,6,6,6.53,72
2026-06-04,18,Ahmedabad,Navrangpura,6,6,5.24,72
2026-06-04,19,Ahmedabad,Navrangpura,9,9,6.14,108
2026-06-04,20,Ahmedabad,Navrangpura,6,6,5.99,72
2026-06-04,7,Jaipur,C-Scheme,7,7,5.48,84
2026-06-04,8,Jaipur,C-Scheme,8,8,6.32,96
2026-06-04,9,Jaipur,C-Scheme,8,8,5.3,96
2026-06-04,10,Jaipur,C-Scheme,8,8,6.34,96
2026-06-04,11,Jaipur,C-Scheme,9,9,5.95,108
2026-06-04,12,Jaipur,C-Scheme,8,8,5.63,96
2026-06-04,13,Jaipur,C-Scheme,6,6,6.49,72
2026-06-04,14,Jaipur,C-Scheme,8,8,5.35,96
2026-06-04,15,Jaipur,C-Scheme,9,9,5.75,108
2026-06-04,16,Jaipur,C-Scheme,9,9,5.99,108
2026-06-04,17,Jaipur,C-Scheme,6,6,6.26,72
2026-06-04,18,Jaipur,C-Scheme,9,9,6.44,108
2026-06-04,19,Jaipur,C-Scheme,7,7,6.22,84
2026-06-04,20,Jaipur,C-Scheme,6,6,6.11,72
2026-06-04,7,Jaipur,Malviya Nagar,6,6,5.48,72
2026-06-04,8,Jaipur,Malviya Nagar,7,7,5.59,84
2026-06-04,9,Jaipur,Malviya Nagar,6,6,5.94,72
2026-06-04,10,Jaipur,Malviya Nagar,6,6,6.09,72
2026-06-04,11,Jaipur,Malviya Nagar,7,7,6.03,84
2026-06-04,12,Jaipur,Malviya Nagar,6,6,5.65,72
2026-06-04,13,Jaipur,Malviya Nagar,6,6,5.75,72
2026-06-04,14,Jaipur,Malviya Nagar,6,6,5.55,72
2026-06-04,15,Jaipur,Malviya Nagar,6,6,5.93,72
2026-06-04,16,Jaipur,Malviya Nagar,7,7,6.33,84
2026-06-04,17,Jaipur,Malviya Nagar,6,6,5.84,72
2026-06-04,18,Jaipur,Malviya Nagar,8,8,6.75,96
2026-06-04,19,Jaipur,Malviya Nagar,8,8,6.51,96
2026-06-04,20,Jaipur,Malviya Nagar,8,8,6.66,96
2026-06-04,7,Delhi,Connaught Place,7,7,5.87,84
2026-06-04,8,Delhi,Connaught Place,9,9,6.57,108
2026-06-04,9,Delhi,Connaught Place,6,6,5.72,72
2026-06-04,10,Delhi,Connaught Place,6,6,5.84,72
2026-06-04,11,Delhi,Connaught Place,6,6,5.62,72
2026-06-04,12,Delhi,Connaught Place,8,8,6.44,96
2026-06-04,13,Delhi,Connaught Place,7,7,5.99,84
2026-06-04,14,Delhi,Connaught Place,8,8,5.42,96
2026-06-04,15,Delhi,Connaught Place,6,6,5.54,72
2026-06-04,16,Delhi,Connaught Place,9,9,5.53,108
2026-06-04,17,Delhi,Connaught Place,8,8,6.42,96
2026-06-04,18,Delhi,Connaught Place,6,6,6.18,72
2026-06-04,19,Delhi,Connaught Place,7,7,5.95,84
2026-06-04,20,Delhi,Connaught Place,6,6,5.87,72
2026-06-04,7,Delhi,Saket,9,9,5.77,108
2026-06-04,8,Delhi,Saket,8,8,6.33,96
2026-06-04,9,Delhi,Saket,9,9,5.66,108
2026-06-04,10,Delhi,Saket,7,7,5.72,84
2026-06-04,11,Delhi,Saket,7,7,5.41,84
2026-06-04,12,Delhi,Saket,6,6,5.81,72
2026-06-04,13,Delhi,Saket,9,9,5.58,108
2026-06-04,14,Delhi,Saket,8,8,6.53,96
2026-06-04,15,Delhi,Saket,7,7,5.72,84
2026-06-04,16,Delhi,Saket,8,8,5.83,96
2026-06-04,17,Delhi,Saket,9,9,5.73,108
2026-06-04,18,Delhi,Saket,7,7,5.94,84
2026-06-04,19,Delhi,Saket,9,9,5.72,108
2026-06-04,20,Delhi,Saket,9,9,6.54,108
2026-06-04,13,Mumbai,Bandra,9,9,6.35,108
2026-06-04,18,Mumbai,Bandra,8,8,5.45,96
2026-06-04,20,Mumbai,Bandra,9,9,6.01,108
2026-06-04,7,Mumbai,Andheri,6,6,5.8,72
2026-06-04,8,Mumbai,Andheri,7,7,5.73,84
2026-06-04,9,Mumbai,Andheri,9,9,6.35,108
2026-06-04,10,Mumbai,Andheri,6,6,5.96,72
2026-06-04,11,Mumbai,Andheri,8,8,6.25,96
2026-06-04,12,Mumbai,Andheri,9,9,6.33,108
2026-06-04,13,Mumbai,Andheri,8,8,5.56,96
2026-06-04,14,Mumbai,Andheri,8,8,5.65,96
2026-06-04,15,Mumbai,Andheri,8,8,6.36,96
2026-06-04,16,Mumbai,Andheri,7,7,5.85,84
2026-06-04,17,Mumbai,Andheri,6,6,6.05,72
2026-06-04,18,Mumbai,Andheri,9,9,5.88,108
2026-06-04,19,Mumbai,Andheri,6,6,6.12,72
2026-06-04,20,Mumbai,Andheri,7,7,5.91,84
2026-06-04,7,Bengaluru,Indiranagar,7,7,5.71,84
2026-06-04,8,Bengaluru,Indiranagar,8,8,6.25,96
2026-06-04,9,Bengaluru,Indiranagar,8,8,6.11,96
2026-06-04,10,Bengaluru,Indiranagar,8,8,6.31,96
2026-06-04,11,Bengaluru,Indiranagar,7,7,6.76,84
2026-06-04,12,Bengaluru,Indiranagar,9,9,6.15,108
2026-06-04,13,Bengaluru,Indiranagar,9,9,5.99,108
2026-06-04,14,Bengaluru,Indiranagar,7,7,5.69,84
2026-06-04,15,Bengaluru,Indiranagar,8,8,6.51,96
2026-06-04,16,Bengaluru,Indiranagar,8,8,5.6,96
2026-06-04,17,Bengaluru,Indiranagar,6,6,6.17,72
2026-06-04,18,Bengaluru,Indiranagar,9,9,6.37,108
2026-06-04,19,Bengaluru,Indiranagar,7,7,5.68,84
2026-06-04,20,Bengaluru,Indiranagar,7,7,6.15,84
2026-06-04,7,Bengaluru,Koramangala,9,9,5.51,108
2026-06-04,8,Bengaluru,Koramangala,7,7,6.78,84
2026-06-04,9,Bengaluru,Koramangala,6,6,5.6,72
2026-06-04,10,Bengaluru,Koramangala,8,8,5.9,96
2026-06-04,11,Bengaluru,Koramangala,9,9,5.13,108
2026-06-04,12,Bengaluru,Koramangala,7,7,6.47,84
2026-06-04,13,Bengaluru,Koramangala,9,9,6.11,108
2026-06-04,14,Bengaluru,Koramangala,6,6,5.73,72
2026-06-04,15,Bengaluru,Koramangala,6,6,6.05,72
2026-06-04,16,Bengaluru,Koramangala,9,9,5.72,108
2026-06-04,17,Bengaluru,Koramangala,7,7,6.04,84
2026-06-04,18,Bengaluru,Koramangala,7,7,6.07,84
2026-06-04,19,Bengaluru,Koramangala,6,6,6.0,72
2026-06-04,20,Bengaluru,Koramangala,7,7,5.45,84
2026-06-04,7,Hyderabad,Banjara Hills,6,6,6.24,72
2026-06-04,8,Hyderabad,Banjara Hills,6,6,5.73,72
2026-06-04,9,Hyderabad,Banjara Hills,8,8,6.01,96
2026-06-04,10,Hyderabad,Banjara Hills,7,7,5.91,84
2026-06-04,11,Hyderabad,Banjara Hills,7,7,5.3,84
2026-06-04,12,Hyderabad,Banjara Hills,9,9,5.73,108
2026-06-04,13,Hyderabad,Banjara Hills,6,6,6.73,72
2026-06-04,14,Hyderabad,Banjara Hills,7,7,6.91,84
2026-06-04,15,Hyderabad,Banjara Hills,7,7,6.18,84
2026-06-04,16,Hyderabad,Banjara Hills,7,7,6.33,84
2026-06-04,17,Hyderabad,Banjara Hills,8,8,6.13,96
2026-06-04,18,Hyderabad,Banjara Hills,9,9,6.37,108
2026-06-04,19,Hyderabad,Banjara Hills,6,6,6.21,72
2026-06-04,20,Hyderabad,Banjara Hills,8,8,5.63,96
2026-06-04,7,Hyderabad,Gachibowli,7,7,5.79,84
2026-06-04,8,Hyderabad,Gachibowli,6,6,5.52,72
2026-06-04,9,Hyderabad,Gachibowli,6,6,5.83,72
2026-06-04,10,Hyderabad,Gachibowli,9,9,5.89,108
2026-06-04,11,Hyderabad,Gachibowli,8,8,6.22,96
2026-06-04,12,Hyderabad,Gachibowli,7,7,6.08,84
2026-06-04,13,Hyderabad,Gachibowli,9,9,5.63,108
2026-06-04,14,Hyderabad,Gachibowli,6,6,6.35,72
2026-06-04,15,Hyderabad,Gachibowli,9,9,5.83,108
2026-06-04,16,Hyderabad,Gachibowli,9,9,5.93,108
2026-06-04,17,Hyderabad,Gachibowli,8,8,5.79,96
2026-06-04,18,Hyderabad,Gachibowli,7,7,5.78,84
2026-06-04,19,Hyderabad,Gachibowli,9,9,6.26,108
2026-06-04,20,Hyderabad,Gachibowli,7,7,6.16,84
2026-06-05,7,Ahmedabad,Satellite,9,9,6.48,108
2026-06-05,8,Ahmedabad,Satellite,8,8,6.78,96
2026-06-05,9,Ahmedabad,Satellite,7,7,6.22,84
2026-06-05,10,Ahmedabad,Satellite,6,6,5.81,72
2026-06-05,11,Ahmedabad,Satellite,7,7,5.74,84
2026-06-05,12,Ahmedabad,Satellite,7,7,5.41,84
2026-06-05,13,Ahmedabad,Satellite,9,9,5.5,108
2026-06-05,14,Ahmedabad,Satellite,8,8,6.18,96
2026-06-05,15,Ahmedabad,Satellite,6,6,6.45,72
2026-06-05,16,Ahmedabad,Satellite,6,6,6.51,72
2026-06-05,17,Ahmedabad,Satellite,8,8,6.5,96
2026-06-05,18,Ahmedabad,Satellite,6,6,6.0,72
2026-06-05,19,Ahmedabad,Satellite,8,8,6.3,96
2026-06-05,20,Ahmedabad,Satellite,7,7,5.64,84
2026-06-05,7,Ahmedabad,Navrangpura,8,8,5.94,96
2026-06-05,8,Ahmedabad,Navrangpura,7,7,5.9,84
2026-06-05,9,Ahmedabad,Navrangpura,9,9,6.15,108
2026-06-05,10,Ahmedabad,Navrangpura,9,9,5.45,108
2026-06-05,11,Ahmedabad,Navrangpura,7,7,5.86,84
2026-06-05,12,Ahmedabad,Navrangpura,8,8,5.7,96
2026-06-05,13,Ahmedabad,Navrangpura,7,7,4.76,84
2026-06-05,14,Ahmedabad,Navrangpura,6,6,5.66,72
2026-06-05,15,Ahmedabad,Navrangpura,8,8,5.75,96
2026-06-05,16,Ahmedabad,Navrangpura,7,7,6.15,84
2026-06-05,17,Ahmedabad,Navrangpura,9,9,6.21,108
2026-06-05,18,Ahmedabad,Navrangpura,6,6,6.41,72
2026-06-05,19,Ahmedabad,Navrangpura,6,6,5.59,72
2026-06-05,20,Ahmedabad,Navrangpura,9,9,6.18,108
2026-06-05,7,Jaipur,C-Scheme,6,6,5.83,72
2026-06-05,8,Jaipur,C-Scheme,8,8,5.68,96
2026-06-05,9,Jaipur,C-Scheme,8,8,5.41,96
2026-06-05,10,Jaipur,C-Scheme,9,9,5.56,108
2026-06-05,11,Jaipur,C-Scheme,9,9,6.18,108
2026-06-05,12,Jaipur,C-Scheme,6,6,6.09,72
2026-06-05,13,Jaipur,C-Scheme,8,8,5.63,96
2026-06-05,14,Jaipur,C-Scheme,8,8,5.61,96
2026-06-05,15,Jaipur,C-Scheme,7,7,5.68,84
2026-06-05,16,Jaipur,C-Scheme,6,6,5.76,72
2026-06-05,17,Jaipur,C-Scheme,9,9,6.12,108
2026-06-05,18,Jaipur,C-Scheme,9,9,6.62,108
2026-06-05,19,Jaipur,C-Scheme,8,8,6.41,96
2026-06-05,20,Jaipur,C-Scheme,8,8,5.98,96
2026-06-05,7,Jaipur,Malviya Nagar,9,9,5.64,108
2026-06-05,8,Jaipur,Malviya Nagar,6,6,5.62,72
2026-06-05,9,Jaipur,Malviya Nagar,8,8,6.17,96
2026-06-05,10,Jaipur,Malviya Nagar,8,8,6.74,96
2026-06-05,11,Jaipur,Malviya Nagar,8,8,5.81,96
2026-06-05,12,Jaipur,Malviya Nagar,8,8,5.64,96
2026-06-05,13,Jaipur,Malviya Nagar,7,7,6.04,84
2026-06-05,14,Jaipur,Malviya Nagar,7,7,6.0,84
2026-06-05,15,Jaipur,Malviya Nagar,8,8,6.01,96
2026-06-05,16,Jaipur,Malviya Nagar,8,8,5.52,96
2026-06-05,17,Jaipur,Malviya Nagar,7,7,6.51,84
2026-06-05,18,Jaipur,Malviya Nagar,6,6,6.19,72
2026-06-05,19,Jaipur,Malviya Nagar,9,9,5.79,108
2026-06-05,20,Jaipur,Malviya Nagar,8,8,6.03,96
2026-06-05,7,Delhi,Connaught Place,8,8,6.19,96
2026-06-05,8,Delhi,Connaught Place,8,8,5.96,96
2026-06-05,9,Delhi,Connaught Place,8,8,5.47,96
2026-06-05,10,Delhi,Connaught Place,8,8,5.71,96
2026-06-05,11,Delhi,Connaught Place,9,9,6.34,108
2026-06-05,12,Delhi,Connaught Place,7,7,6.04,84
2026-06-05,13,Delhi,Connaught Place,8,8,6.2,96
2026-06-05,14,Delhi,Connaught Place,6,6,5.91,72
2026-06-05,15,Delhi,Connaught Place,9,9,6.58,108
2026-06-05,16,Delhi,Connaught Place,9,9,6.31,108
2026-06-05,17,Delhi,Connaught Place,6,6,6.87,72
2026-06-05,18,Delhi,Connaught Place,9,9,5.49,108
2026-06-05,19,Delhi,Connaught Place,7,7,4.85,84
2026-06-05,20,Delhi,Connaught Place,7,7,6.37,84
2026-06-05,7,Delhi,Saket,6,6,6.04,72
2026-06-05,8,Delhi,Saket,8,8,5.51,96
2026-06-05,9,Delhi,Saket,6,6,6.07,72
2026-06-05,10,Delhi,Saket,6,6,6.31,72
2026-06-05,11,Delhi,Saket,7,7,6.27,84
2026-06-05,12,Delhi,Saket,8,8,5.95,96
2026-06-05,13,Delhi,Saket,6,6,6.25,72
2026-06-05,14,Delhi,Saket,9,9,5.53,108
2026-06-05,15,Delhi,Saket,8,8,6.49,96
2026-06-05,16,Delhi,Saket,7,7,6.19,84
2026-06-05,17,Delhi,Saket,8,8,6.66,96
2026-06-05,18,Delhi,Saket,6,6,5.35,72
2026-06-05,19,Delhi,Saket,8,8,5.81,96
2026-06-05,20,Delhi,Saket,9,9,6.44,108
2026-06-05,11,Mumbai,Bandra,9,9,6.26,108
2026-06-05,12,Mumbai,Bandra,6,6,6.7,72
2026-06-05,13,Mumbai,Bandra,8,8,7.12,96
2026-06-05,14,Mumbai,Bandra,9,9,6.08,108
2026-06-05,17,Mumbai,Bandra,6,6,5.58,72
2026-06-05,18,Mumbai,Bandra,6,6,5.68,72
2026-06-05,7,Mumbai,Andheri,7,7,5.62,84
2026-06-05,8,Mumbai,Andheri,7,7,6.79,84
2026-06-05,9,Mumbai,Andheri,8,8,5.55,96
2026-06-05,10,Mumbai,Andheri,8,8,5.93,96
2026-06-05,11,Mumbai,Andheri,7,7,6.0,84
2026-06-05,12,Mumbai,Andheri,6,6,6.06,72
2026-06-05,13,Mumbai,Andheri,8,8,5.95,96
2026-06-05,14,Mumbai,Andheri,7,7,5.72,84
2026-06-05,15,Mumbai,Andheri,9,9,5.96,108
2026-06-05,16,Mumbai,Andheri,7,7,5.8,84
2026-06-05,17,Mumbai,Andheri,6,6,5.95,72
2026-06-05,18,Mumbai,Andheri,6,6,6.44,72
2026-06-05,19,Mumbai,Andheri,7,7,6.52,84
2026-06-05,20,Mumbai,Andheri,8,8,6.28,96
2026-06-05,7,Bengaluru,Indiranagar,8,8,5.97,96
2026-06-05,8,Bengaluru,Indiranagar,9,9,5.9,108
2026-06-05,9,Bengaluru,Indiranagar,8,8,6.29,96
2026-06-05,10,Bengaluru,Indiranagar,7,7,6.1,84
2026-06-05,11,Bengaluru,Indiranagar,9,9,5.95,108
2026-06-05,12,Bengaluru,Indiranagar,8,8,6.27,96
2026-06-05,13,Bengaluru,Indiranagar,8,8,5.53,96
2026-06-05,14,Bengaluru,Indiranagar,9,9,5.01,108
2026-06-05,15,Bengaluru,Indiranagar,8,8,6.64,96
2026-06-05,16,Bengaluru,Indiranagar,8,8,5.69,96
2026-06-05,17,Bengaluru,Indiranagar,6,6,6.13,72
2026-06-05,18,Bengaluru,Indiranagar,7,7,5.83,84
2026-06-05,19,Bengaluru,Indiranagar,6,6,7.02,72
2026-06-05,20,Bengaluru,Indiranagar,6,6,5.99,72
2026-06-05,7,Bengaluru,Koramangala,6,6,5.73,72
2026-06-05,8,Bengaluru,Koramangala,7,7,5.93,84
2026-06-05,9,Bengaluru,Koramangala,6,6,6.52,72
2026-06-05,10,Bengaluru,Koramangala,6,6,5.97,72
2026-06-05,11,Bengaluru,Koramangala,9,9,5.83,108
2026-06-05,12,Bengaluru,Koramangala,8,8,6.17,96
2026-06-05,13,Bengaluru,Koramangala,9,9,6.48,108
2026-06-05,14,Bengaluru,Koramangala,8,8,6.52,96
2026-06-05,15,Bengaluru,Koramangala,7,7,6.0,84
2026-06-05,16,Bengaluru,Koramangala,9,9,5.01,108
2026-06-05,17,Bengaluru,Koramangala,6,6,6.44,72
2026-06-05,18,Bengaluru,Koramangala,8,8,6.36,96
2026-06-05,19,Bengaluru,Koramangala,6,6,6.68,72
2026-06-05,20,Bengaluru,Koramangala,6,6,5.85,72
2026-06-05,7,Hyderabad,Banjara Hills,6,6,5.81,72
2026-06-05,8,Hyderabad,Banjara Hills,7,7,5.55,84
2026-06-05,9,Hyderabad,Banjara Hills,6,6,6.12,72
2026-06-05,10,Hyderabad,Banjara Hills,7,7,6.24,84
2026-06-05,11,Hyderabad,Banjara Hills,8,8,5.98,96
2026-06-05,12,Hyderabad,Banjara Hills,7,7,5.13,84
2026-06-05,13,Hyderabad,Banjara Hills,8,8,6.04,96
2026-06-05,14,Hyderabad,Banjara Hills,7,7,5.56,84
2026-06-05,15,Hyderabad,Banjara Hills,7,7,5.9,84
2026-06-05,16,Hyderabad,Banjara Hills,8,8,6.71,96
2026-06-05,17,Hyderabad,Banjara Hills,9,9,6.13,108
2026-06-05,18,Hyderabad,Banjara Hills,7,7,5.56,84
2026-06-05,19,Hyderabad,Banjara Hills,9,9,6.11,108
2026-06-05,20,Hyderabad,Banjara Hills,7,7,5.92,84
2026-06-05,7,Hyderabad,Gachibowli,8,8,6.13,96
2026-06-05,8,Hyderabad,Gachibowli,8,8,5.8,96
2026-06-05,9,Hyderabad,Gachibowli,7,7,5.88,84
2026-06-05,10,Hyderabad,Gachibowli,7,7,5.96,84
2026-06-05,11,Hyderabad,Gachibowli,9,9,6.09,108
2026-06-05,12,Hyderabad,Gachibowli,8,8,6.26,96
2026-06-05,13,Hyderabad,Gachibowli,8,8,6.19,96
2026-06-05,14,Hyderabad,Gachibowli,6,6,5.87,72
2026-06-05,15,Hyderabad,Gachibowli,6,6,5.43,72
2026-06-05,16,Hyderabad,Gachibowli,7,7,5.33,84
2026-06-05,17,Hyderabad,Gachibowli,9,9,5.11,108
2026-06-05,18,Hyderabad,Gachibowli,9,9,6.48,108
2026-06-05,19,Hyderabad,Gachibowli,8,8,6.47,96
2026-06-05,20,Hyderabad,Gachibowli,7,7,5.12,84
2026-06-06,7,Ahmedabad,Satellite,6,6,6.58,72
2026-06-06,8,Ahmedabad,Satellite,8,8,6.29,96
2026-06-06,9,Ahmedabad,Satellite,6,6,5.22,72
2026-06-06,10,Ahmedabad,Satellite,9,9,5.47,108
2026-06-06,11,Ahmedabad,Satellite,6,6,5.86,72
2026-06-06,12,Ahmedabad,Satellite,6,6,5.97,72
2026-06-06,13,Ahmedabad,Satellite,9,9,5.48,108
2026-06-06,14,Ahmedabad,Satellite,8,8,6.16,96
2026-06-06,15,Ahmedabad,Satellite,9,9,6.12,108
2026-06-06,16,Ahmedabad,Satellite,7,7,5.77,84
2026-06-06,17,Ahmedabad,Satellite,6,6,5.83,72
2026-06-06,18,Ahmedabad,Satellite,7,7,6.26,84
2026-06-06,19,Ahmedabad,Satellite,6,6,6.01,72
2026-06-06,20,Ahmedabad,Satellite,7,7,6.36,84
2026-06-06,7,Ahmedabad,Navrangpura,6,6,6.02,72
2026-06-06,8,Ahmedabad,Navrangpura,6,6,5.81,72
2026-06-06,9,Ahmedabad,Navrangpura,7,7,6.12,84
2026-06-06,10,Ahmedabad,Navrangpura,9,9,5.78,108
2026-06-06,11,Ahmedabad,Navrangpura,7,7,6.44,84
2026-06-06,12,Ahmedabad,Navrangpura,7,7,5.7,84
2026-06-06,13,Ahmedabad,Navrangpura,8,8,6.94,96
2026-06-06,14,Ahmedabad,Navrangpura,6,6,6.32,72
2026-06-06,15,Ahmedabad,Navrangpura,9,9,5.78,108
2026-06-06,16,Ahmedabad,Navrangpura,8,8,6.43,96
2026-06-06,17,Ahmedabad,Navrangpura,8,8,6.15,96
2026-06-06,18,Ahmedabad,Navrangpura,6,6,6.81,72
2026-06-06,19,Ahmedabad,Navrangpura,6,6,6.01,72
2026-06-06,20,Ahmedabad,Navrangpura,6,6,5.64,72
2026-06-06,7,Jaipur,C-Scheme,7,7,5.78,84
2026-06-06,8,Jaipur,C-Scheme,9,9,6.41,108
2026-06-06,9,Jaipur,C-Scheme,6,6,6.22,72
2026-06-06,10,Jaipur,C-Scheme,8,8,5.74,96
2026-06-06,11,Jaipur,C-Scheme,9,9,5.99,108
2026-06-06,12,Jaipur,C-Scheme,7,7,5.79,84
2026-06-06,13,Jaipur,C-Scheme,8,8,5.66,96
2026-06-06,14,Jaipur,C-Scheme,9,9,6.34,108
2026-06-06,15,Jaipur,C-Scheme,8,8,5.89,96
2026-06-06,16,Jaipur,C-Scheme,6,6,6.14,72
2026-06-06,17,Jaipur,C-Scheme,6,6,6.0,72
2026-06-06,18,Jaipur,C-Scheme,6,6,5.9,72
2026-06-06,19,Jaipur,C-Scheme,7,7,5.17,84
2026-06-06,20,Jaipur,C-Scheme,9,9,5.52,108
2026-06-06,7,Jaipur,Malviya Nagar,9,9,5.71,108
2026-06-06,8,Jaipur,Malviya Nagar,7,7,5.36,84
2026-06-06,9,Jaipur,Malviya Nagar,6,6,6.1,72
2026-06-06,10,Jaipur,Malviya Nagar,9,9,6.06,108
2026-06-06,11,Jaipur,Malviya Nagar,9,9,6.03,108
2026-06-06,12,Jaipur,Malviya Nagar,7,7,6.21,84
2026-06-06,13,Jaipur,Malviya Nagar,9,9,6.18,108
2026-06-06,14,Jaipur,Malviya Nagar,6,6,5.68,72
2026-06-06,15,Jaipur,Malviya Nagar,9,9,6.46,108
2026-06-06,16,Jaipur,Malviya Nagar,9,9,6.49,108
2026-06-06,17,Jaipur,Malviya Nagar,8,8,6.11,96
2026-06-06,18,Jaipur,Malviya Nagar,7,7,6.01,84
2026-06-06,19,Jaipur,Malviya Nagar,9,9,5.28,108
2026-06-06,20,Jaipur,Malviya Nagar,9,9,5.46,108
2026-06-06,7,Delhi,Connaught Place,9,9,5.96,108
2026-06-06,8,Delhi,Connaught Place,8,8,6.56,96
2026-06-06,9,Delhi,Connaught Place,9,9,5.73,108
2026-06-06,10,Delhi,Connaught Place,7,7,6.33,84
2026-06-06,11,Delhi,Connaught Place,8,8,6.27,96
2026-06-06,12,Delhi,Connaught Place,9,9,6.32,108
2026-06-06,13,Delhi,Connaught Place,9,9,5.8,108
2026-06-06,14,Delhi,Connaught Place,6,6,6.41,72
2026-06-06,15,Delhi,Connaught Place,7,7,6.52,84
2026-06-06,16,Delhi,Connaught Place,8,8,5.99,96
2026-06-06,17,Delhi,Connaught Place,7,7,5.19,84
2026-06-06,18,Delhi,Connaught Place,7,7,5.84,84
2026-06-06,19,Delhi,Connaught Place,8,8,5.83,96
2026-06-06,20,Delhi,Connaught Place,8,8,6.29,96
2026-06-06,7,Delhi,Saket,7,7,6.43,84
2026-06-06,8,Delhi,Saket,7,7,6.08,84
2026-06-06,9,Delhi,Saket,6,6,6.02,72
2026-06-06,10,Delhi,Saket,9,9,6.64,108
2026-06-06,11,Delhi,Saket,8,8,5.95,96
2026-06-06,12,Delhi,Saket,6,6,6.9,72
2026-06-06,13,Delhi,Saket,8,8,6.33,96
2026-06-06,14,Delhi,Saket,7,7,6.13,84
2026-06-06,15,Delhi,Saket,9,9,6.31,108
2026-06-06,16,Delhi,Saket,6,6,5.13,72
2026-06-06,17,Delhi,Saket,9,9,5.94,108
2026-06-06,18,Delhi,Saket,7,7,5.8,84
2026-06-06,19,Delhi,Saket,9,9,5.38,108
2026-06-06,20,Delhi,Saket,9,9,5.28,108
2026-06-06,9,Mumbai,Bandra,6,6,6.35,72
2026-06-06,11,Mumbai,Bandra,6,6,6.42,72
2026-06-06,12,Mumbai,Bandra,9,9,5.46,108
2026-06-06,14,Mumbai,Bandra,8,8,5.44,96
2026-06-06,15,Mumbai,Bandra,8,8,5.68,96
2026-06-06,16,Mumbai,Bandra,6,6,5.74,72
2026-06-06,17,Mumbai,Bandra,8,8,6.42,96
2026-06-06,18,Mumbai,Bandra,6,6,6.21,72
2026-06-06,7,Mumbai,Andheri,8,8,5.82,96
2026-06-06,8,Mumbai,Andheri,9,9,6.76,108
2026-06-06,9,Mumbai,Andheri,9,9,5.25,108
2026-06-06,10,Mumbai,Andheri,9,9,6.15,108
2026-06-06,11,Mumbai,Andheri,7,7,5.43,84
2026-06-06,12,Mumbai,Andheri,9,9,5.58,108
2026-06-06,13,Mumbai,Andheri,9,9,6.36,108
2026-06-06,14,Mumbai,Andheri,7,7,6.48,84
2026-06-06,15,Mumbai,Andheri,8,8,5.36,96
2026-06-06,16,Mumbai,Andheri,6,6,5.45,72
2026-06-06,17,Mumbai,Andheri,7,7,6.52,84
2026-06-06,18,Mumbai,Andheri,6,6,6.17,72
2026-06-06,19,Mumbai,Andheri,9,9,6.09,108
2026-06-06,20,Mumbai,Andheri,7,7,5.98,84
2026-06-06,7,Bengaluru,Indiranagar,6,6,6.21,72
2026-06-06,8,Bengaluru,Indiranagar,7,7,5.93,84
2026-06-06,9,Bengaluru,Indiranagar,7,7,6.23,84
2026-06-06,10,Bengaluru,Indiranagar,9,9,5.83,108
2026-06-06,11,Bengaluru,Indiranagar,6,6,5.95,72
2026-06-06,12,Bengaluru,Indiranagar,8,8,6.36,96
2026-06-06,13,Bengaluru,Indiranagar,8,8,5.65,96
2026-06-06,14,Bengaluru,Indiranagar,8,8,6.13,96
2026-06-06,15,Bengaluru,Indiranagar,7,7,6.2,84
2026-06-06,16,Bengaluru,Indiranagar,6,6,6.41,72
2026-06-06,17,Bengaluru,Indiranagar,7,7,6.27,84
2026-06-06,18,Bengaluru,Indiranagar,6,6,5.31,72
2026-06-06,19,Bengaluru,Indiranagar,7,7,5.89,84
2026-06-06,20,Bengaluru,Indiranagar,6,6,6.58,72
2026-06-06,7,Bengaluru,Koramangala,7,7,6.24,84
2026-06-06,8,Bengaluru,Koramangala,6,6,5.3,72
2026-06-06,9,Bengaluru,Koramangala,9,9,5.66,108
2026-06-06,10,Bengaluru,Koramangala,6,6,6.99,72
2026-06-06,11,Bengaluru,Koramangala,6,6,6.03,72
2026-06-06,12,Bengaluru,Koramangala,9,9,6.05,108
2026-06-06,13,Bengaluru,Koramangala,8,8,5.79,96
2026-06-06,14,Bengaluru,Koramangala,8,8,6.16,96
2026-06-06,15,Bengaluru,Koramangala,7,7,5.08,84
2026-06-06,16,Bengaluru,Koramangala,8,8,5.77,96
2026-06-06,17,Bengaluru,Koramangala,9,9,6.24,108
2026-06-06,18,Bengaluru,Koramangala,6,6,6.49,72
2026-06-06,19,Bengaluru,Koramangala,8,8,6.51,96
2026-06-06,20,Bengaluru,Koramangala,7,7,5.98,84
2026-06-06,7,Hyderabad,Banjara Hills,8,8,6.0,96
2026-06-06,8,Hyderabad,Banjara Hills,6,6,5.18,72
2026-06-06,9,Hyderabad,Banjara Hills,6,6,5.82,72
2026-06-06,10,Hyderabad,Banjara Hills,9,9,5.85,108
2026-06-06,11,Hyderabad,Banjara Hills,6,6,6.65,72
2026-06-06,12,Hyderabad,Banjara Hills,9,9,5.79,108
2026-06-06,13,Hyderabad,Banjara Hills,7,7,5.83,84
2026-06-06,14,Hyderabad,Banjara Hills,6,6,5.63,72
2026-06-06,15,Hyderabad,Banjara Hills,7,7,5.97,84
2026-06-06,16,Hyderabad,Banjara Hills,9,9,5.97,108
2026-06-06,17,Hyderabad,Banjara Hills,7,7,5.82,84
2026-06-06,18,Hyderabad,Banjara Hills,8,8,6.17,96
2026-06-06,19,Hyderabad,Banjara Hills,6,6,5.78,72
2026-06-06,20,Hyderabad,Banjara Hills,7,7,5.83,84
2026-06-06,7,Hyderabad,Gachibowli,7,7,6.59,84
2026-06-06,8,Hyderabad,Gachibowli,6,6,5.88,72
2026-06-06,9,Hyderabad,Gachibowli,8,8,7.1,96
2026-06-06,10,Hyderabad,Gachibowli,8,8,5.83,96
2026-06-06,11,Hyderabad,Gachibowli,8,8,5.86,96
2026-06-06,12,Hyderabad,Gachibowli,6,6,5.89,72
2026-06-06,13,Hyderabad,Gachibowli,8,8,6.37,96
2026-06-06,14,Hyderabad,Gachibowli,6,6,6.16,72
2026-06-06,15,Hyderabad,Gachibowli,6,6,6.42,72
2026-06-06,16,Hyderabad,Gachibowli,9,9,6.08,108
2026-06-06,17,Hyderabad,Gachibowli,6,6,6.44,72
2026-06-06,18,Hyderabad,Gachibowli,7,7,5.56,84
2026-06-06,19,Hyderabad,Gachibowli,6,6,5.79,72
2026-06-06,20,Hyderabad,Gachibowli,7,7,5.86,84
2026-06-07,7,Ahmedabad,Satellite,7,7,5.53,84
2026-06-07,8,Ahmedabad,Satellite,7,7,6.39,84
2026-06-07,9,Ahmedabad,Satellite,9,9,5.77,108
2026-06-07,10,Ahmedabad,Satellite,9,9,6.14,108
2026-06-07,11,Ahmedabad,Satellite,8,8,6.4,96
2026-06-07,12,Ahmedabad,Satellite,9,9,6.89,108
2026-06-07,13,Ahmedabad,Satellite,9,9,5.9,108
2026-06-07,14,Ahmedabad,Satellite,6,6,6.21,72
2026-06-07,15,Ahmedabad,Satellite,8,8,5.99,96
2026-06-07,16,Ahmedabad,Satellite,6,6,5.56,72
2026-06-07,17,Ahmedabad,Satellite,6,6,6.46,72
2026-06-07,18,Ahmedabad,Satellite,6,6,6.5,72
2026-06-07,19,Ahmedabad,Satellite,8,8,6.1,96
2026-06-07,20,Ahmedabad,Satellite,8,8,6.48,96
2026-06-07,7,Ahmedabad,Navrangpura,7,7,5.82,84
2026-06-07,8,Ahmedabad,Navrangpura,8,8,6.81,96
2026-06-07,9,Ahmedabad,Navrangpura,8,8,5.55,96
2026-06-07,10,Ahmedabad,Navrangpura,8,8,6.05,96
2026-06-07,11,Ahmedabad,Navrangpura,8,8,4.98,96
2026-06-07,12,Ahmedabad,Navrangpura,6,6,6.07,72
2026-06-07,13,Ahmedabad,Navrangpura,7,7,5.34,84
2026-06-07,14,Ahmedabad,Navrangpura,9,9,6.03,108
2026-06-07,15,Ahmedabad,Navrangpura,6,6,5.99,72
2026-06-07,16,Ahmedabad,Navrangpura,9,9,5.86,108
2026-06-07,17,Ahmedabad,Navrangpura,6,6,5.42,72
2026-06-07,18,Ahmedabad,Navrangpura,8,8,5.72,96
2026-06-07,19,Ahmedabad,Navrangpura,9,9,6.09,108
2026-06-07,20,Ahmedabad,Navrangpura,9,9,5.97,108
2026-06-07,7,Jaipur,C-Scheme,9,9,5.85,108
2026-06-07,8,Jaipur,C-Scheme,8,8,6.29,96
2026-06-07,9,Jaipur,C-Scheme,9,9,5.81,108
2026-06-07,10,Jaipur,C-Scheme,8,8,4.96,96
2026-06-07,11,Jaipur,C-Scheme,9,9,5.81,108
2026-06-07,12,Jaipur,C-Scheme,7,7,5.64,84
2026-06-07,13,Jaipur,C-Scheme,9,9,6.33,108
2026-06-07,14,Jaipur,C-Scheme,9,9,5.99,108
2026-06-07,15,Jaipur,C-Scheme,7,7,5.4,84
2026-06-07,16,Jaipur,C-Scheme,6,6,5.88,72
2026-06-07,17,Jaipur,C-Scheme,9,9,5.83,108
2026-06-07,18,Jaipur,C-Scheme,7,7,5.58,84
2026-06-07,19,Jaipur,C-Scheme,9,9,6.16,108
2026-06-07,20,Jaipur,C-Scheme,7,7,6.41,84
2026-06-07,7,Jaipur,Malviya Nagar,7,7,5.59,84
2026-06-07,8,Jaipur,Malviya Nagar,6,6,5.58,72
2026-06-07,9,Jaipur,Malviya Nagar,8,8,6.72,96
2026-06-07,10,Jaipur,Malviya Nagar,8,8,6.16,96
2026-06-07,11,Jaipur,Malviya Nagar,9,9,5.92,108
2026-06-07,12,Jaipur,Malviya Nagar,8,8,5.99,96
2026-06-07,13,Jaipur,Malviya Nagar,6,6,6.49,72
2026-06-07,14,Jaipur,Malviya Nagar,7,7,6.1,84
2026-06-07,15,Jaipur,Malviya Nagar,9,9,6.12,108
2026-06-07,16,Jaipur,Malviya Nagar,7,7,6.2,84
2026-06-07,17,Jaipur,Malviya Nagar,8,8,5.66,96
2026-06-07,18,Jaipur,Malviya Nagar,7,7,6.41,84
2026-06-07,19,Jaipur,Malviya Nagar,7,7,6.38,84
2026-06-07,20,Jaipur,Malviya Nagar,9,9,6.66,108
2026-06-07,7,Delhi,Connaught Place,8,8,6.14,96
2026-06-07,8,Delhi,Connaught Place,8,8,7.28,96
2026-06-07,9,Delhi,Connaught Place,7,7,5.56,84
2026-06-07,10,Delhi,Connaught Place,7,7,5.89,84
2026-06-07,11,Delhi,Connaught Place,7,7,5.48,84
2026-06-07,12,Delhi,Connaught Place,9,9,5.7,108
2026-06-07,13,Delhi,Connaught Place,9,9,5.89,108
2026-06-07,14,Delhi,Connaught Place,8,8,5.96,96
2026-06-07,15,Delhi,Connaught Place,8,8,5.71,96
2026-06-07,16,Delhi,Connaught Place,8,8,5.41,96
2026-06-07,17,Delhi,Connaught Place,9,9,6.23,108
2026-06-07,18,Delhi,Connaught Place,6,6,6.1,72
2026-06-07,19,Delhi,Connaught Place,7,7,5.54,84
2026-06-07,20,Delhi,Connaught Place,8,8,5.89,96
2026-06-07,7,Delhi,Saket,7,7,5.67,84
2026-06-07,8,Delhi,Saket,7,7,5.73,84
2026-06-07,9,Delhi,Saket,6,6,6.02,72
2026-06-07,10,Delhi,Saket,7,7,5.85,84
2026-06-07,11,Delhi,Saket,9,9,6.85,108
2026-06-07,12,Delhi,Saket,7,7,6.09,84
2026-06-07,13,Delhi,Saket,7,7,6.35,84
2026-06-07,14,Delhi,Saket,9,9,6.28,108
2026-06-07,15,Delhi,Saket,9,9,6.92,108
2026-06-07,16,Delhi,Saket,9,9,5.99,108
2026-06-07,17,Delhi,Saket,9,9,6.22,108
2026-06-07,18,Delhi,Saket,8,8,6.14,96
2026-06-07,19,Delhi,Saket,8,8,5.76,96
2026-06-07,20,Delhi,Saket,9,9,6.31,108
2026-06-07,7,Mumbai,Bandra,8,8,6.39,96
2026-06-07,12,Mumbai,Bandra,6,6,6.29,72
2026-06-07,13,Mumbai,Bandra,8,8,5.81,96
2026-06-07,14,Mumbai,Bandra,6,6,6.15,72
2026-06-07,18,Mumbai,Bandra,8,8,6.08,96
2026-06-07,19,Mumbai,Bandra,8,8,6.23,96
2026-06-07,20,Mumbai,Bandra,8,8,6.32,96
2026-06-07,7,Mumbai,Andheri,9,9,5.58,108
2026-06-07,8,Mumbai,Andheri,8,8,5.28,96
2026-06-07,9,Mumbai,Andheri,7,7,6.28,84
2026-06-07,10,Mumbai,Andheri,7,7,6.47,84
2026-06-07,11,Mumbai,Andheri,9,9,6.32,108
2026-06-07,12,Mumbai,Andheri,7,7,5.4,84
2026-06-07,13,Mumbai,Andheri,9,9,6.05,108
2026-06-07,14,Mumbai,Andheri,8,8,6.27,96
2026-06-07,15,Mumbai,Andheri,7,7,6.24,84
2026-06-07,16,Mumbai,Andheri,8,8,5.9,96
2026-06-07,17,Mumbai,Andheri,6,6,5.63,72
2026-06-07,18,Mumbai,Andheri,7,7,5.72,84
2026-06-07,19,Mumbai,Andheri,9,9,6.3,108
2026-06-07,20,Mumbai,Andheri,9,9,6.45,108
2026-06-07,7,Bengaluru,Indiranagar,8,8,6.0,96
2026-06-07,8,Bengaluru,Indiranagar,8,8,6.28,96
2026-06-07,9,Bengaluru,Indiranagar,9,9,5.88,108
2026-06-07,10,Bengaluru,Indiranagar,9,9,5.73,108
2026-06-07,11,Bengaluru,Indiranagar,8,8,5.67,96
2026-06-07,12,Bengaluru,Indiranagar,9,9,5.82,108
2026-06-07,13,Bengaluru,Indiranagar,9,9,5.67,108
2026-06-07,14,Bengaluru,Indiranagar,6,6,6.11,72
2026-06-07,15,Bengaluru,Indiranagar,8,8,5.93,96
2026-06-07,16,Bengaluru,Indiranagar,6,6,5.67,72
2026-06-07,17,Bengaluru,Indiranagar,7,7,5.8,84
2026-06-07,18,Bengaluru,Indiranagar,7,7,6.02,84
2026-06-07,19,Bengaluru,Indiranagar,7,7,5.5,84
2026-06-07,20,Bengaluru,Indiranagar,9,9,6.87,108
2026-06-07,7,Bengaluru,Koramangala,9,9,6.16,108
2026-06-07,8,Bengaluru,Koramangala,8,8,5.7,96
2026-06-07,9,Bengaluru,Koramangala,7,7,5.95,84
2026-06-07,10,Bengaluru,Koramangala,9,9,5.84,108
2026-06-07,11,Bengaluru,Koramangala,9,9,5.89,108
2026-06-07,12,Bengaluru,Koramangala,7,7,6.17,84
2026-06-07,13,Bengaluru,Koramangala,7,7,5.98,84
2026-06-07,14,Bengaluru,Koramangala,6,6,5.72,72
2026-06-07,15,Bengaluru,Koramangala,9,9,5.82,108
2026-06-07,16,Bengaluru,Koramangala,6,6,6.18,72
2026-06-07,17,Bengaluru,Koramangala,8,8,6.32,96
2026-06-07,18,Bengaluru,Koramangala,8,8,6.0,96
2026-06-07,19,Bengaluru,Koramangala,8,8,5.93,96
2026-06-07,20,Bengaluru,Koramangala,9,9,5.3,108
2026-06-07,7,Hyderabad,Banjara Hills,9,9,5.85,108
2026-06-07,8,Hyderabad,Banjara Hills,9,9,5.58,108
2026-06-07,9,Hyderabad,Banjara Hills,6,6,6.05,72
2026-06-07,10,Hyderabad,Banjara Hills,9,9,5.55,108
2026-06-07,11,Hyderabad,Banjara Hills,8,8,6.62,96
2026-06-07,12,Hyderabad,Banjara Hills,6,6,5.36,72
2026-06-07,13,Hyderabad,Banjara Hills,7,7,5.53,84
2026-06-07,14,Hyderabad,Banjara Hills,7,7,5.7,84
2026-06-07,15,Hyderabad,Banjara Hills,8,8,5.6,96
2026-06-07,16,Hyderabad,Banjara Hills,8,8,6.23,96
2026-06-07,17,Hyderabad,Banjara Hills,6,6,6.34,72
2026-06-07,18,Hyderabad,Banjara Hills,7,7,6.41,84
2026-06-07,19,Hyderabad,Banjara Hills,8,8,5.9,96
2026-06-07,20,Hyderabad,Banjara Hills,6,6,6.19,72
2026-06-07,7,Hyderabad,Gachibowli,9,9,6.7,108
2026-06-07,8,Hyderabad,Gachibowli,7,7,6.43,84
2026-06-07,9,Hyderabad,Gachibowli,9,9,7.05,108
2026-06-07,10,Hyderabad,Gachibowli,6,6,6.04,72
2026-06-07,11,Hyderabad,Gachibowli,7,7,6.07,84
2026-06-07,12,Hyderabad,Gachibowli,8,8,5.63,96
2026-06-07,13,Hyderabad,Gachibowli,6,6,5.31,72
2026-06-07,14,Hyderabad,Gachibowli,9,9,5.79,108
2026-06-07,15,Hyderabad,Gachibowli,9,9,6.38,108
2026-06-07,16,Hyderabad,Gachibowli,6,6,6.44,72
2026-06-07,17,Hyderabad,Gachibowli,8,8,6.83,96
2026-06-07,18,Hyderabad,Gachibowli,6,6,6.06,72
2026-06-07,19,Hyderabad,Gachibowli,7,7,5.35,84
2026-06-07,20,Hyderabad,Gachibowli,9,9,5.75,108
2026-06-08,7,Ahmedabad,Satellite,9,9,6.07,108
2026-06-08,8,Ahmedabad,Satellite,7,7,6.04,84
2026-06-08,9,Ahmedabad,Satellite,6,6,5.42,72
2026-06-08,10,Ahmedabad,Satellite,8,8,5.96,96
2026-06-08,11,Ahmedabad,Satellite,7,7,6.43,84
2026-06-08,12,Ahmedabad,Satellite,6,6,5.95,72
2026-06-08,13,Ahmedabad,Satellite,9,9,5.5,108
2026-06-08,14,Ahmedabad,Satellite,7,7,5.61,84
2026-06-08,15,Ahmedabad,Satellite,8,8,6.23,96
2026-06-08,16,Ahmedabad,Satellite,7,7,5.88,84
2026-06-08,17,Ahmedabad,Satellite,9,9,5.68,108
2026-06-08,18,Ahmedabad,Satellite,9,9,6.11,108
2026-06-08,19,Ahmedabad,Satellite,9,9,6.01,108
2026-06-08,20,Ahmedabad,Satellite,6,6,5.54,72
2026-06-08,7,Ahmedabad,Navrangpura,6,6,5.79,72
2026-06-08,8,Ahmedabad,Navrangpura,6,6,5.61,72
2026-06-08,9,Ahmedabad,Navrangpura,7,7,6.87,84
2026-06-08,10,Ahmedabad,Navrangpura,8,8,6.78,96
2026-06-08,11,Ahmedabad,Navrangpura,8,8,5.89,96
2026-06-08,12,Ahmedabad,Navrangpura,9,9,5.97,108
2026-06-08,13,Ahmedabad,Navrangpura,7,7,5.83,84
2026-06-08,14,Ahmedabad,Navrangpura,6,6,6.53,72
2026-06-08,15,Ahmedabad,Navrangpura,7,7,5.88,84
2026-06-08,16,Ahmedabad,Navrangpura,7,7,6.32,84
2026-06-08,17,Ahmedabad,Navrangpura,8,8,5.9,96
2026-06-08,18,Ahmedabad,Navrangpura,8,8,6.24,96
2026-06-08,19,Ahmedabad,Navrangpura,9,9,5.48,108
2026-06-08,20,Ahmedabad,Navrangpura,9,9,5.45,108
2026-06-08,7,Jaipur,C-Scheme,6,6,5.38,72
2026-06-08,8,Jaipur,C-Scheme,8,8,5.41,96
2026-06-08,9,Jaipur,C-Scheme,8,8,6.49,96
2026-06-08,10,Jaipur,C-Scheme,9,9,5.88,108
2026-06-08,11,Jaipur,C-Scheme,7,7,5.62,84
2026-06-08,12,Jaipur,C-Scheme,7,7,6.25,84
2026-06-08,13,Jaipur,C-Scheme,7,7,5.64,84
2026-06-08,14,Jaipur,C-Scheme,9,9,6.69,108
2026-06-08,15,Jaipur,C-Scheme,8,8,6.01,96
2026-06-08,16,Jaipur,C-Scheme,9,9,6.16,108
2026-06-08,17,Jaipur,C-Scheme,6,6,6.74,72
2026-06-08,18,Jaipur,C-Scheme,6,6,6.21,72
2026-06-08,19,Jaipur,C-Scheme,6,6,5.83,72
2026-06-08,20,Jaipur,C-Scheme,6,6,6.34,72
2026-06-08,7,Jaipur,Malviya Nagar,8,8,6.04,96
2026-06-08,8,Jaipur,Malviya Nagar,7,7,7.15,84
2026-06-08,9,Jaipur,Malviya Nagar,6,6,6.09,72
2026-06-08,10,Jaipur,Malviya Nagar,8,8,6.11,96
2026-06-08,11,Jaipur,Malviya Nagar,8,8,5.92,96
2026-06-08,12,Jaipur,Malviya Nagar,6,6,6.04,72
2026-06-08,13,Jaipur,Malviya Nagar,7,7,6.09,84
2026-06-08,14,Jaipur,Malviya Nagar,9,9,5.8,108
2026-06-08,15,Jaipur,Malviya Nagar,6,6,5.9,72
2026-06-08,16,Jaipur,Malviya Nagar,9,9,6.23,108
2026-06-08,17,Jaipur,Malviya Nagar,7,7,5.86,84
2026-06-08,18,Jaipur,Malviya Nagar,8,8,5.73,96
2026-06-08,19,Jaipur,Malviya Nagar,9,9,6.29,108
2026-06-08,20,Jaipur,Malviya Nagar,9,9,6.17,108
2026-06-08,7,Delhi,Connaught Place,8,8,5.7,96
2026-06-08,8,Delhi,Connaught Place,6,6,6.67,72
2026-06-08,9,Delhi,Connaught Place,6,6,6.26,72
2026-06-08,10,Delhi,Connaught Place,6,6,5.62,72
2026-06-08,11,Delhi,Connaught Place,7,7,5.73,84
2026-06-08,12,Delhi,Connaught Place,8,8,5.61,96
2026-06-08,13,Delhi,Connaught Place,8,8,5.78,96
2026-06-08,14,Delhi,Connaught Place,8,8,6.16,96
2026-06-08,15,Delhi,Connaught Place,9,9,5.56,108
2026-06-08,16,Delhi,Connaught Place,6,6,5.99,72
2026-06-08,17,Delhi,Connaught Place,8,8,6.26,96
2026-06-08,18,Delhi,Connaught Place,6,6,6.33,72
2026-06-08,19,Delhi,Connaught Place,6,6,6.11,72
2026-06-08,20,Delhi,Connaught Place,6,6,6.7,72
2026-06-08,7,Delhi,Saket,9,9,5.62,108
2026-06-08,8,Delhi,Saket,8,8,6.23,96
2026-06-08,9,Delhi,Saket,9,9,5.92,108
2026-06-08,10,Delhi,Saket,7,7,5.76,84
2026-06-08,11,Delhi,Saket,7,7,5.9,84
2026-06-08,12,Delhi,Saket,6,6,6.36,72
2026-06-08,13,Delhi,Saket,6,6,6.37,72
2026-06-08,14,Delhi,Saket,8,8,6.13,96
2026-06-08,15,Delhi,Saket,9,9,5.06,108
2026-06-08,16,Delhi,Saket,9,9,6.15,108
2026-06-08,17,Delhi,Saket,8,8,5.23,96
2026-06-08,18,Delhi,Saket,7,7,5.94,84
2026-06-08,19,Delhi,Saket,7,7,5.82,84
2026-06-08,20,Delhi,Saket,6,6,6.61,72
2026-06-08,8,Mumbai,Bandra,9,9,6.55,108
2026-06-08,9,Mumbai,Bandra,8,8,6.21,96
2026-06-08,14,Mumbai,Bandra,9,9,6.1,108
2026-06-08,15,Mumbai,Bandra,9,9,5.49,108
2026-06-08,19,Mumbai,Bandra,7,7,5.42,84
2026-06-08,20,Mumbai,Bandra,9,9,5.79,108
2026-06-08,7,Mumbai,Andheri,6,6,5.88,72
2026-06-08,8,Mumbai,Andheri,7,7,6.04,84
2026-06-08,9,Mumbai,Andheri,9,9,6.27,108
2026-06-08,10,Mumbai,Andheri,7,7,5.75,84
2026-06-08,11,Mumbai,Andheri,8,8,6.51,96
2026-06-08,12,Mumbai,Andheri,7,7,6.15,84
2026-06-08,13,Mumbai,Andheri,7,7,6.11,84
2026-06-08,14,Mumbai,Andheri,9,9,6.43,108
2026-06-08,15,Mumbai,Andheri,9,9,6.1,108
2026-06-08,16,Mumbai,Andheri,9,9,6.42,108
2026-06-08,17,Mumbai,Andheri,9,9,5.99,108
2026-06-08,18,Mumbai,Andheri,8,8,5.87,96
2026-06-08,19,Mumbai,Andheri,7,7,6.64,84
2026-06-08,20,Mumbai,Andheri,7,7,6.1,84
2026-06-08,7,Bengaluru,Indiranagar,7,7,5.49,84
2026-06-08,8,Bengaluru,Indiranagar,6,6,6.66,72
2026-06-08,9,Bengaluru,Indiranagar,8,8,6.18,96
2026-06-08,10,Bengaluru,Indiranagar,6,6,5.86,72
2026-06-08,11,Bengaluru,Indiranagar,8,8,5.61,96
2026-06-08,12,Bengaluru,Indiranagar,8,8,6.15,96
2026-06-08,13,Bengaluru,Indiranagar,8,8,5.86,96
2026-06-08,14,Bengaluru,Indiranagar,9,9,5.74,108
2026-06-08,15,Bengaluru,Indiranagar,7,7,5.86,84
2026-06-08,16,Bengaluru,Indiranagar,7,7,5.64,84
2026-06-08,17,Bengaluru,Indiranagar,7,7,6.0,84
2026-06-08,18,Bengaluru,Indiranagar,9,9,6.71,108
2026-06-08,19,Bengaluru,Indiranagar,6,6,6.13,72
2026-06-08,20,Bengaluru,Indiranagar,7,7,6.2,84
2026-06-08,7,Bengaluru,Koramangala,6,6,6.18,72
2026-06-08,8,Bengaluru,Koramangala,6,6,6.11,72
2026-06-08,9,Bengaluru,Koramangala,9,9,5.03,108
2026-06-08,10,Bengaluru,Koramangala,6,6,6.84,72
2026-06-08,11,Bengaluru,Koramangala,9,9,6.09,108
2026-06-08,12,Bengaluru,Koramangala,7,7,5.43,84
2026-06-08,13,Bengaluru,Koramangala,8,8,5.72,96
2026-06-08,14,Bengaluru,Koramangala,9,9,6.21,108
2026-06-08,15,Bengaluru,Koramangala,6,6,6.89,72
2026-06-08,16,Bengaluru,Koramangala,9,9,5.42,108
2026-06-08,17,Bengaluru,Koramangala,8,8,5.15,96
2026-06-08,18,Bengaluru,Koramangala,8,8,5.98,96
2026-06-08,19,Bengaluru,Koramangala,9,9,6.45,108
2026-06-08,20,Bengaluru,Koramangala,7,7,5.83,84
2026-06-08,7,Hyderabad,Banjara Hills,6,6,5.59,72
2026-06-08,8,Hyderabad,Banjara Hills,8,8,5.89,96
2026-06-08,9,Hyderabad,Banjara Hills,9,9,6.2,108
2026-06-08,10,Hyderabad,Banjara Hills,7,7,6.15,84
2026-06-08,11,Hyderabad,Banjara Hills,6,6,6.11,72
2026-06-08,12,Hyderabad,Banjara Hills,6,6,6.26,72
2026-06-08,13,Hyderabad,Banjara Hills,8,8,6.16,96
2026-06-08,14,Hyderabad,Banjara Hills,7,7,6.64,84
2026-06-08,15,Hyderabad,Banjara Hills,8,8,6.2,96
2026-06-08,16,Hyderabad,Banjara Hills,9,9,6.27,108
2026-06-08,17,Hyderabad,Banjara Hills,9,9,6.29,108
2026-06-08,18,Hyderabad,Banjara Hills,7,7,6.04,84
2026-06-08,19,Hyderabad,Banjara Hills,8,8,5.71,96
2026-06-08,20,Hyderabad,Banjara Hills,6,6,5.84,72
2026-06-08,7,Hyderabad,Gachibowli,9,9,6.59,108
2026-06-08,8,Hyderabad,Gachibowli,9,9,6.18,108
2026-06-08,9,Hyderabad,Gachibowli,6,6,6.11,72
2026-06-08,10,Hyderabad,Gachibowli,9,9,6.46,108
2026-06-08,11,Hyderabad,Gachibowli,9,9,5.63,108
2026-06-08,12,Hyderabad,Gachibowli,8,8,4.75,96
2026-06-08,13,Hyderabad,Gachibowli,6,6,5.65,72
2026-06-08,14,Hyderabad,Gachibowli,8,8,6.25,96
2026-06-08,15,Hyderabad,Gachibowli,9,9,6.45,108
2026-06-08,16,Hyderabad,Gachibowli,9,9,6.7,108
2026-06-08,17,Hyderabad,Gachibowli,7,7,6.7,84
2026-06-08,18,Hyderabad,Gachibowli,6,6,6.55,72
2026-06-08,19,Hyderabad,Gachibowli,8,8,5.98,96
2026-06-08,20,Hyderabad,Gachibowli,6,6,5.48,72
2026-06-09,7,Ahmedabad,Satellite,7,7,6.03,84
2026-06-09,8,Ahmedabad,Satellite,9,9,6.49,108
2026-06-09,9,Ahmedabad,Satellite,6,6,6.39,72
2026-06-09,10,Ahmedabad,Satellite,9,9,5.02,108
2026-06-09,11,Ahmedabad,Satellite,8,8,5.96,96
2026-06-09,12,Ahmedabad,Satellite,9,9,6.19,108
2026-06-09,13,Ahmedabad,Satellite,6,6,5.56,72
2026-06-09,14,Ahmedabad,Satellite,6,6,6.26,72
2026-06-09,15,Ahmedabad,Satellite,8,8,6.94,96
2026-06-09,16,Ahmedabad,Satellite,6,6,6.28,72
2026-06-09,17,Ahmedabad,Satellite,8,8,5.49,96
2026-06-09,18,Ahmedabad,Satellite,6,6,6.73,72
2026-06-09,19,Ahmedabad,Satellite,8,8,5.99,96
2026-06-09,20,Ahmedabad,Satellite,7,7,5.35,84
2026-06-09,7,Ahmedabad,Navrangpura,8,8,6.25,96
2026-06-09,8,Ahmedabad,Navrangpura,7,7,6.14,84
2026-06-09,9,Ahmedabad,Navrangpura,9,9,6.25,108
2026-06-09,10,Ahmedabad,Navrangpura,8,8,5.37,96
2026-06-09,11,Ahmedabad,Navrangpura,9,9,6.08,108
2026-06-09,12,Ahmedabad,Navrangpura,6,6,5.81,72
2026-06-09,13,Ahmedabad,Navrangpura,9,9,6.14,108
2026-06-09,14,Ahmedabad,Navrangpura,7,7,6.53,84
2026-06-09,15,Ahmedabad,Navrangpura,7,7,6.06,84
2026-06-09,16,Ahmedabad,Navrangpura,6,6,5.89,72
2026-06-09,17,Ahmedabad,Navrangpura,9,9,6.68,108
2026-06-09,18,Ahmedabad,Navrangpura,7,7,5.8,84
2026-06-09,19,Ahmedabad,Navrangpura,7,7,5.65,84
2026-06-09,20,Ahmedabad,Navrangpura,9,9,5.17,108
2026-06-09,7,Jaipur,C-Scheme,9,9,6.15,108
2026-06-09,8,Jaipur,C-Scheme,7,7,5.96,84
2026-06-09,9,Jaipur,C-Scheme,7,7,6.12,84
2026-06-09,10,Jaipur,C-Scheme,6,6,6.11,72
2026-06-09,11,Jaipur,C-Scheme,7,7,5.46,84
2026-06-09,12,Jaipur,C-Scheme,6,6,5.9,72
2026-06-09,13,Jaipur,C-Scheme,7,7,6.17,84
2026-06-09,14,Jaipur,C-Scheme,6,6,5.65,72
2026-06-09,15,Jaipur,C-Scheme,8,8,6.35,96
2026-06-09,16,Jaipur,C-Scheme,8,8,5.53,96
2026-06-09,17,Jaipur,C-Scheme,7,7,6.54,84
2026-06-09,18,Jaipur,C-Scheme,8,8,5.49,96
2026-06-09,19,Jaipur,C-Scheme,9,9,6.65,108
2026-06-09,20,Jaipur,C-Scheme,6,6,5.91,72
2026-06-09,7,Jaipur,Malviya Nagar,7,7,6.41,84
2026-06-09,8,Jaipur,Malviya Nagar,7,7,5.93,84
2026-06-09,9,Jaipur,Malviya Nagar,6,6,5.96,72
2026-06-09,10,Jaipur,Malviya Nagar,8,8,6.19,96
2026-06-09,11,Jaipur,Malviya Nagar,6,6,5.65,72
2026-06-09,12,Jaipur,Malviya Nagar,8,8,5.89,96
2026-06-09,13,Jaipur,Malviya Nagar,7,7,5.98,84
2026-06-09,14,Jaipur,Malviya Nagar,6,6,5.39,72
2026-06-09,15,Jaipur,Malviya Nagar,8,8,5.91,96
2026-06-09,16,Jaipur,Malviya Nagar,8,8,6.44,96
2026-06-09,17,Jaipur,Malviya Nagar,8,8,5.95,96
2026-06-09,18,Jaipur,Malviya Nagar,8,8,6.2,96
2026-06-09,19,Jaipur,Malviya Nagar,6,6,5.53,72
2026-06-09,20,Jaipur,Malviya Nagar,6,6,5.05,72
2026-06-09,7,Delhi,Connaught Place,7,7,6.1,84
2026-06-09,8,Delhi,Connaught Place,6,6,6.47,72
2026-06-09,9,Delhi,Connaught Place,9,9,6.24,108
2026-06-09,10,Delhi,Connaught Place,7,7,5.87,84
2026-06-09,11,Delhi,Connaught Place,6,6,6.57,72
2026-06-09,12,Delhi,Connaught Place,7,7,6.03,84
2026-06-09,13,Delhi,Connaught Place,6,6,5.4,72
2026-06-09,14,Delhi,Connaught Place,9,9,5.36,108
2026-06-09,15,Delhi,Connaught Place,6,6,5.67,72
2026-06-09,16,Delhi,Connaught Place,8,8,6.82,96
2026-06-09,17,Delhi,Connaught Place,7,7,6.64,84
2026-06-09,18,Delhi,Connaught Place,7,7,6.35,84
2026-06-09,19,Delhi,Connaught Place,8,8,5.34,96
2026-06-09,20,Delhi,Connaught Place,8,8,6.6,96
2026-06-09,7,Delhi,Saket,6,6,6.63,72
2026-06-09,8,Delhi,Saket,8,8,6.27,96
2026-06-09,9,Delhi,Saket,6,6,6.18,72
2026-06-09,10,Delhi,Saket,6,6,6.19,72
2026-06-09,11,Delhi,Saket,7,7,5.95,84
2026-06-09,12,Delhi,Saket,8,8,6.57,96
2026-06-09,13,Delhi,Saket,7,7,6.06,84
2026-06-09,14,Delhi,Saket,7,7,5.76,84
2026-06-09,15,Delhi,Saket,7,7,5.19,84
2026-06-09,16,Delhi,Saket,7,7,6.18,84
2026-06-09,17,Delhi,Saket,6,6,5.67,72
2026-06-09,18,Delhi,Saket,6,6,6.39,72
2026-06-09,19,Delhi,Saket,9,9,5.78,108
2026-06-09,20,Delhi,Saket,6,6,6.39,72
2026-06-09,7,Mumbai,Bandra,9,9,6.35,108
2026-06-09,8,Mumbai,Bandra,8,8,5.21,96
2026-06-09,9,Mumbai,Bandra,6,6,6.02,72
2026-06-09,11,Mumbai,Bandra,8,8,5.6,96
2026-06-09,12,Mumbai,Bandra,9,9,5.97,108
2026-06-09,13,Mumbai,Bandra,6,6,6.22,72
2026-06-09,15,Mumbai,Bandra,7,7,5.81,84
2026-06-09,17,Mumbai,Bandra,9,9,5.93,108
2026-06-09,19,Mumbai,Bandra,6,6,6.15,72
2026-06-09,7,Mumbai,Andheri,7,7,5.77,84
2026-06-09,8,Mumbai,Andheri,9,9,5.58,108
2026-06-09,9,Mumbai,Andheri,6,6,6.28,72
2026-06-09,10,Mumbai,Andheri,8,8,6.39,96
2026-06-09,11,Mumbai,Andheri,9,9,5.96,108
2026-06-09,12,Mumbai,Andheri,9,9,5.89,108
2026-06-09,13,Mumbai,Andheri,7,7,6.45,84
2026-06-09,14,Mumbai,Andheri,8,8,5.97,96
2026-06-09,15,Mumbai,Andheri,9,9,5.92,108
2026-06-09,16,Mumbai,Andheri,9,9,5.44,108
2026-06-09,17,Mumbai,Andheri,9,9,5.32,108
2026-06-09,18,Mumbai,Andheri,9,9,5.83,108
2026-06-09,19,Mumbai,Andheri,9,9,6.27,108
2026-06-09,20,Mumbai,Andheri,8,8,5.99,96
2026-06-09,7,Bengaluru,Indiranagar,9,9,6.02,108
2026-06-09,8,Bengaluru,Indiranagar,6,6,6.01,72
2026-06-09,9,Bengaluru,Indiranagar,7,7,6.57,84
2026-06-09,10,Bengaluru,Indiranagar,7,7,5.39,84
2026-06-09,11,Bengaluru,Indiranagar,8,8,5.93,96
2026-06-09,12,Bengaluru,Indiranagar,6,6,6.31,72
2026-06-09,13,Bengaluru,Indiranagar,7,7,6.0,84
2026-06-09,14,Bengaluru,Indiranagar,8,8,5.89,96
2026-06-09,15,Bengaluru,Indiranagar,7,7,6.0,84
2026-06-09,16,Bengaluru,Indiranagar,8,8,6.79,96
2026-06-09,17,Bengaluru,Indiranagar,6,6,6.01,72
2026-06-09,18,Bengaluru,Indiranagar,8,8,5.94,96
2026-06-09,19,Bengaluru,Indiranagar,6,6,5.76,72
2026-06-09,20,Bengaluru,Indiranagar,8,8,6.06,96
2026-06-09,7,Bengaluru,Koramangala,9,9,6.13,108
2026-06-09,8,Bengaluru,Koramangala,6,6,6.14,72
2026-06-09,9,Bengaluru,Koramangala,7,7,6.04,84
2026-06-09,10,Bengaluru,Koramangala,8,8,6.63,96
2026-06-09,11,Bengaluru,Koramangala,9,9,7.04,108
2026-06-09,12,Bengaluru,Koramangala,8,8,6.02,96
2026-06-09,13,Bengaluru,Koramangala,8,8,5.71,96
2026-06-09,14,Bengaluru,Koramangala,9,9,6.56,108
2026-06-09,15,Bengaluru,Koramangala,9,9,6.18,108
2026-06-09,16,Bengaluru,Koramangala,6,6,5.89,72
2026-06-09,17,Bengaluru,Koramangala,8,8,5.91,96
2026-06-09,18,Bengaluru,Koramangala,9,9,5.68,108
2026-06-09,19,Bengaluru,Koramangala,8,8,6.62,96
2026-06-09,20,Bengaluru,Koramangala,7,7,6.19,84
2026-06-09,7,Hyderabad,Banjara Hills,9,9,6.44,108
2026-06-09,8,Hyderabad,Banjara Hills,8,8,5.64,96
2026-06-09,9,Hyderabad,Banjara Hills,8,8,6.22,96
2026-06-09,10,Hyderabad,Banjara Hills,8,8,6.25,96
2026-06-09,11,Hyderabad,Banjara Hills,8,8,5.67,96
2026-06-09,12,Hyderabad,Banjara Hills,8,8,6.24,96
2026-06-09,13,Hyderabad,Banjara Hills,6,6,5.74,72
2026-06-09,14,Hyderabad,Banjara Hills,7,7,5.7,84
2026-06-09,15,Hyderabad,Banjara Hills,9,9,6.13,108
2026-06-09,16,Hyderabad,Banjara Hills,6,6,5.44,72
2026-06-09,17,Hyderabad,Banjara Hills,7,7,5.44,84
2026-06-09,18,Hyderabad,Banjara Hills,8,8,6.52,96
2026-06-09,19,Hyderabad,Banjara Hills,7,7,6.77,84
2026-06-09,20,Hyderabad,Banjara Hills,8,8,6.27,96
2026-06-09,7,Hyderabad,Gachibowli,9,9,5.68,108
2026-06-09,8,Hyderabad,Gachibowli,6,6,6.1,72
2026-06-09,9,Hyderabad,Gachibowli,8,8,6.47,96
2026-06-09,10,Hyderabad,Gachibowli,6,6,5.63,72
2026-06-09,11,Hyderabad,Gachibowli,7,7,6.51,84
2026-06-09,12,Hyderabad,Gachibowli,6,6,5.92,72
2026-06-09,13,Hyderabad,Gachibowli,6,6,5.69,72
2026-06-09,14,Hyderabad,Gachibowli,7,7,6.08,84
2026-06-09,15,Hyderabad,Gachibowli,6,6,6.74,72
2026-06-09,16,Hyderabad,Gachibowli,8,8,5.34,96
2026-06-09,17,Hyderabad,Gachibowli,8,8,5.75,96
2026-06-09,18,Hyderabad,Gachibowli,9,9,6.53,108
2026-06-09,19,Hyderabad,Gachibowli,6,6,6.05,72
2026-06-09,20,Hyderabad,Gachibowli,9,9,6.41,108
2026-06-10,7,Ahmedabad,Satellite,8,8,6.17,96
2026-06-10,8,Ahmedabad,Satellite,8,8,6.66,96
2026-06-10,9,Ahmedabad,Satellite,6,6,5.69,72
2026-06-10,10,Ahmedabad,Satellite,9,9,6.19,108
2026-06-10,11,Ahmedabad,Satellite,6,6,6.04,72
2026-06-10,12,Ahmedabad,Satellite,8,8,6.4,96
2026-06-10,13,Ahmedabad,Satellite,8,8,6.05,96
2026-06-10,14,Ahmedabad,Satellite,6,6,6.15,72
2026-06-10,15,Ahmedabad,Satellite,6,6,5.88,72
2026-06-10,16,Ahmedabad,Satellite,7,7,6.65,84
2026-06-10,17,Ahmedabad,Satellite,8,8,5.88,96
2026-06-10,18,Ahmedabad,Satellite,7,7,6.21,84
2026-06-10,19,Ahmedabad,Satellite,9,9,6.31,108
2026-06-10,20,Ahmedabad,Satellite,6,6,6.29,72
2026-06-10,7,Ahmedabad,Navrangpura,9,9,5.0,108
2026-06-10,8,Ahmedabad,Navrangpura,9,9,6.51,108
2026-06-10,9,Ahmedabad,Navrangpura,7,7,5.99,84
2026-06-10,10,Ahmedabad,Navrangpura,6,6,6.28,72
2026-06-10,11,Ahmedabad,Navrangpura,8,8,6.57,96
2026-06-10,12,Ahmedabad,Navrangpura,6,6,6.38,72
2026-06-10,13,Ahmedabad,Navrangpura,9,9,5.7,108
2026-06-10,14,Ahmedabad,Navrangpura,9,9,5.05,108
2026-06-10,15,Ahmedabad,Navrangpura,7,7,6.44,84
2026-06-10,16,Ahmedabad,Navrangpura,7,7,6.48,84
2026-06-10,17,Ahmedabad,Navrangpura,8,8,5.94,96
2026-06-10,18,Ahmedabad,Navrangpura,7,7,5.77,84
2026-06-10,19,Ahmedabad,Navrangpura,8,8,5.93,96
2026-06-10,20,Ahmedabad,Navrangpura,6,6,5.61,72
2026-06-10,7,Jaipur,C-Scheme,9,9,5.48,108
2026-06-10,8,Jaipur,C-Scheme,8,8,5.92,96
2026-06-10,9,Jaipur,C-Scheme,8,8,6.12,96
2026-06-10,10,Jaipur,C-Scheme,6,6,6.0,72
2026-06-10,11,Jaipur,C-Scheme,9,9,5.63,108
2026-06-10,12,Jaipur,C-Scheme,9,9,6.0,108
2026-06-10,13,Jaipur,C-Scheme,9,9,5.95,108
2026-06-10,14,Jaipur,C-Scheme,8,8,6.78,96
2026-06-10,15,Jaipur,C-Scheme,6,6,6.21,72
2026-06-10,16,Jaipur,C-Scheme,9,9,5.81,108
2026-06-10,17,Jaipur,C-Scheme,7,7,5.99,84
2026-06-10,18,Jaipur,C-Scheme,7,7,7.0,84
2026-06-10,19,Jaipur,C-Scheme,9,9,6.14,108
2026-06-10,20,Jaipur,C-Scheme,7,7,5.67,84
2026-06-10,7,Jaipur,Malviya Nagar,6,6,5.68,72
2026-06-10,8,Jaipur,Malviya Nagar,8,8,6.95,96
2026-06-10,9,Jaipur,Malviya Nagar,8,8,6.66,96
2026-06-10,10,Jaipur,Malviya Nagar,7,7,5.86,84
2026-06-10,11,Jaipur,Malviya Nagar,6,6,5.56,72
2026-06-10,12,Jaipur,Malviya Nagar,8,8,6.16,96
2026-06-10,13,Jaipur,Malviya Nagar,7,7,6.0,84
2026-06-10,14,Jaipur,Malviya Nagar,8,8,5.79,96
2026-06-10,15,Jaipur,Malviya Nagar,8,8,5.17,96
2026-06-10,16,Jaipur,Malviya Nagar,8,8,6.38,96
2026-06-10,17,Jaipur,Malviya Nagar,7,7,6.12,84
2026-06-10,18,Jaipur,Malviya Nagar,9,9,6.08,108
2026-06-10,19,Jaipur,Malviya Nagar,7,7,5.65,84
2026-06-10,20,Jaipur,Malviya Nagar,7,7,5.83,84
2026-06-10,7,Delhi,Connaught Place,7,7,6.44,84
2026-06-10,8,Delhi,Connaught Place,6,6,6.41,72
2026-06-10,9,Delhi,Connaught Place,8,8,5.42,96
2026-06-10,10,Delhi,Connaught Place,9,9,6.44,108
2026-06-10,11,Delhi,Connaught Place,8,8,6.05,96
2026-06-10,12,Delhi,Connaught Place,7,7,5.85,84
2026-06-10,13,Delhi,Connaught Place,6,6,6.35,72
2026-06-10,14,Delhi,Connaught Place,6,6,6.47,72
2026-06-10,15,Delhi,Connaught Place,9,9,5.69,108
2026-06-10,16,Delhi,Connaught Place,9,9,6.5,108
2026-06-10,17,Delhi,Connaught Place,8,8,6.71,96
2026-06-10,18,Delhi,Connaught Place,7,7,5.96,84
2026-06-10,19,Delhi,Connaught Place,8,8,6.02,96
2026-06-10,20,Delhi,Connaught Place,8,8,5.85,96
2026-06-10,7,Delhi,Saket,7,7,5.31,84
2026-06-10,8,Delhi,Saket,7,7,6.35,84
2026-06-10,9,Delhi,Saket,8,8,6.07,96
2026-06-10,10,Delhi,Saket,9,9,5.82,108
2026-06-10,11,Delhi,Saket,9,9,5.83,108
2026-06-10,12,Delhi,Saket,9,9,6.59,108
2026-06-10,13,Delhi,Saket,8,8,5.96,96
2026-06-10,14,Delhi,Saket,8,8,5.63,96
2026-06-10,15,Delhi,Saket,8,8,6.05,96
2026-06-10,16,Delhi,Saket,6,6,5.95,72
2026-06-10,17,Delhi,Saket,7,7,5.8,84
2026-06-10,18,Delhi,Saket,8,8,5.87,96
2026-06-10,19,Delhi,Saket,6,6,5.47,72
2026-06-10,20,Delhi,Saket,9,9,6.13,108
2026-06-10,7,Mumbai,Bandra,9,9,5.77,108
2026-06-10,17,Mumbai,Bandra,6,6,5.77,72
2026-06-10,18,Mumbai,Bandra,8,8,5.8,96
2026-06-10,19,Mumbai,Bandra,6,6,5.21,72
2026-06-10,20,Mumbai,Bandra,9,9,6.6,108
2026-06-10,7,Mumbai,Andheri,7,7,6.07,84
2026-06-10,8,Mumbai,Andheri,7,7,6.27,84
2026-06-10,9,Mumbai,Andheri,9,9,5.47,108
2026-06-10,10,Mumbai,Andheri,7,7,6.37,84
2026-06-10,11,Mumbai,Andheri,8,8,6.92,96
2026-06-10,12,Mumbai,Andheri,9,9,5.92,108
2026-06-10,13,Mumbai,Andheri,9,9,5.93,108
2026-06-10,14,Mumbai,Andheri,9,9,6.88,108
2026-06-10,15,Mumbai,Andheri,6,6,6.47,72
2026-06-10,16,Mumbai,Andheri,7,7,6.25,84
2026-06-10,17,Mumbai,Andheri,9,9,6.09,108
2026-06-10,18,Mumbai,Andheri,7,7,5.73,84
2026-06-10,19,Mumbai,Andheri,8,8,6.43,96
2026-06-10,20,Mumbai,Andheri,9,9,5.8,108
2026-06-10,7,Bengaluru,Indiranagar,8,8,6.14,96
2026-06-10,8,Bengaluru,Indiranagar,8,8,6.48,96
2026-06-10,9,Bengaluru,Indiranagar,6,6,5.01,72
2026-06-10,10,Bengaluru,Indiranagar,7,7,6.25,84
2026-06-10,11,Bengaluru,Indiranagar,9,9,6.47,108
2026-06-10,12,Bengaluru,Indiranagar,9,9,6.24,108
2026-06-10,13,Bengaluru,Indiranagar,9,9,5.89,108
2026-06-10,14,Bengaluru,Indiranagar,9,9,5.63,108
2026-06-10,15,Bengaluru,Indiranagar,9,9,5.28,108
2026-06-10,16,Bengaluru,Indiranagar,8,8,5.76,96
2026-06-10,17,Bengaluru,Indiranagar,6,6,5.42,72
2026-06-10,18,Bengaluru,Indiranagar,6,6,6.05,72
2026-06-10,19,Bengaluru,Indiranagar,6,6,5.99,72
2026-06-10,20,Bengaluru,Indiranagar,9,9,5.8,108
2026-06-10,7,Bengaluru,Koramangala,8,8,5.87,96
2026-06-10,8,Bengaluru,Koramangala,7,7,5.67,84
2026-06-10,9,Bengaluru,Koramangala,7,7,5.39,84
2026-06-10,10,Bengaluru,Koramangala,7,7,6.28,84
2026-06-10,11,Bengaluru,Koramangala,7,7,6.15,84
2026-06-10,12,Bengaluru,Koramangala,8,8,6.35,96
2026-06-10,13,Bengaluru,Koramangala,9,9,6.32,108
2026-06-10,14,Bengaluru,Koramangala,9,9,5.17,108
2026-06-10,15,Bengaluru,Koramangala,8,8,6.44,96
2026-06-10,16,Bengaluru,Koramangala,6,6,6.2,72
2026-06-10,17,Bengaluru,Koramangala,6,6,6.68,72
2026-06-10,18,Bengaluru,Koramangala,9,9,6.12,108
2026-06-10,19,Bengaluru,Koramangala,9,9,5.62,108
2026-06-10,20,Bengaluru,Koramangala,9,9,5.81,108
2026-06-10,7,Hyderabad,Banjara Hills,9,9,5.76,108
2026-06-10,8,Hyderabad,Banjara Hills,8,8,5.63,96
2026-06-10,9,Hyderabad,Banjara Hills,7,7,6.68,84
2026-06-10,10,Hyderabad,Banjara Hills,9,9,6.37,108
2026-06-10,11,Hyderabad,Banjara Hills,7,7,6.41,84
2026-06-10,12,Hyderabad,Banjara Hills,6,6,6.14,72
2026-06-10,13,Hyderabad,Banjara Hills,7,7,5.96,84
2026-06-10,14,Hyderabad,Banjara Hills,8,8,5.92,96
2026-06-10,15,Hyderabad,Banjara Hills,8,8,6.06,96
2026-06-10,16,Hyderabad,Banjara Hills,6,6,5.71,72
2026-06-10,17,Hyderabad,Banjara Hills,6,6,6.12,72
2026-06-10,18,Hyderabad,Banjara Hills,7,7,6.17,84
2026-06-10,19,Hyderabad,Banjara Hills,9,9,5.55,108
2026-06-10,20,Hyderabad,Banjara Hills,8,8,6.5,96
2026-06-10,7,Hyderabad,Gachibowli,6,6,5.21,72
2026-06-10,8,Hyderabad,Gachibowli,6,6,6.54,72
2026-06-10,9,Hyderabad,Gachibowli,7,7,6.08,84
2026-06-10,10,Hyderabad,Gachibowli,7,7,6.46,84
2026-06-10,11,Hyderabad,Gachibowli,8,8,6.4,96
2026-06-10,12,Hyderabad,Gachibowli,7,7,6.1,84
2026-06-10,13,Hyderabad,Gachibowli,8,8,5.19,96
2026-06-10,14,Hyderabad,Gachibowli,8,8,6.35,96
2026-06-10,15,Hyderabad,Gachibowli,6,6,5.67,72
2026-06-10,16,Hyderabad,Gachibowli,7,7,5.89,84
2026-06-10,17,Hyderabad,Gachibowli,7,7,5.77,84
2026-06-10,18,Hyderabad,Gachibowli,8,8,6.43,96
2026-06-10,19,Hyderabad,Gachibowli,7,7,5.91,84
2026-06-10,20,Hyderabad,Gachibowli,7,7,7.06,84
2026-06-11,7,Ahmedabad,Satellite,8,8,6.22,96
2026-06-11,8,Ahmedabad,Satellite,7,7,5.58,84
2026-06-11,9,Ahmedabad,Satellite,9,9,6.06,108
2026-06-11,10,Ahmedabad,Satellite,8,8,6.34,96
2026-06-11,11,Ahmedabad,Satellite,7,7,5.85,84
2026-06-11,12,Ahmedabad,Satellite,7,7,5.89,84
2026-06-11,13,Ahmedabad,Satellite,8,8,6.25,96
2026-06-11,14,Ahmedabad,Satellite,8,8,6.11,96
2026-06-11,15,Ahmedabad,Satellite,8,8,5.68,96
2026-06-11,16,Ahmedabad,Satellite,6,6,6.17,72
2026-06-11,17,Ahmedabad,Satellite,6,6,5.92,72
2026-06-11,18,Ahmedabad,Satellite,6,6,6.47,72
2026-06-11,19,Ahmedabad,Satellite,9,9,6.57,108
2026-06-11,20,Ahmedabad,Satellite,8,8,6.15,96
2026-06-11,7,Ahmedabad,Navrangpura,9,9,5.83,108
2026-06-11,8,Ahmedabad,Navrangpura,8,8,5.92,96
2026-06-11,9,Ahmedabad,Navrangpura,9,9,6.34,108
2026-06-11,10,Ahmedabad,Navrangpura,9,9,5.88,108
2026-06-11,11,Ahmedabad,Navrangpura,6,6,5.92,72
2026-06-11,12,Ahmedabad,Navrangpura,9,9,5.73,108
2026-06-11,13,Ahmedabad,Navrangpura,6,6,6.3,72
2026-06-11,14,Ahmedabad,Navrangpura,6,6,5.69,72
2026-06-11,15,Ahmedabad,Navrangpura,6,6,5.69,72
2026-06-11,16,Ahmedabad,Navrangpura,9,9,5.78,108
2026-06-11,17,Ahmedabad,Navrangpura,9,9,6.45,108
2026-06-11,18,Ahmedabad,Navrangpura,8,8,5.61,96
2026-06-11,19,Ahmedabad,Navrangpura,9,9,5.62,108
2026-06-11,20,Ahmedabad,Navrangpura,7,7,5.44,84
2026-06-11,7,Jaipur,C-Scheme,9,9,6.53,108
2026-06-11,8,Jaipur,C-Scheme,7,7,5.93,84
2026-06-11,9,Jaipur,C-Scheme,9,9,6.16,108
2026-06-11,10,Jaipur,C-Scheme,8,8,6.05,96
2026-06-11,11,Jaipur,C-Scheme,8,8,5.01,96
2026-06-11,12,Jaipur,C-Scheme,8,8,5.66,96
2026-06-11,13,Jaipur,C-Scheme,8,8,6.74,96
2026-06-11,14,Jaipur,C-Scheme,9,9,5.9,108
2026-06-11,15,Jaipur,C-Scheme,7,7,6.11,84
2026-06-11,16,Jaipur,C-Scheme,6,6,6.18,72
2026-06-11,17,Jaipur,C-Scheme,7,7,4.99,84
2026-06-11,18,Jaipur,C-Scheme,9,9,7.26,108
2026-06-11,19,Jaipur,C-Scheme,9,9,5.92,108
2026-06-11,20,Jaipur,C-Scheme,7,7,5.71,84
2026-06-11,7,Jaipur,Malviya Nagar,6,6,6.2,72
2026-06-11,8,Jaipur,Malviya Nagar,8,8,6.04,96
2026-06-11,9,Jaipur,Malviya Nagar,9,9,5.95,108
2026-06-11,10,Jaipur,Malviya Nagar,7,7,6.16,84
2026-06-11,11,Jaipur,Malviya Nagar,8,8,6.14,96
2026-06-11,12,Jaipur,Malviya Nagar,8,8,6.12,96
2026-06-11,13,Jaipur,Malviya Nagar,7,7,5.36,84
2026-06-11,14,Jaipur,Malviya Nagar,7,7,5.68,84
2026-06-11,15,Jaipur,Malviya Nagar,6,6,5.71,72
2026-06-11,16,Jaipur,Malviya Nagar,7,7,5.84,84
2026-06-11,17,Jaipur,Malviya Nagar,7,7,5.94,84
2026-06-11,18,Jaipur,Malviya Nagar,7,7,5.27,84
2026-06-11,19,Jaipur,Malviya Nagar,6,6,6.02,72
2026-06-11,20,Jaipur,Malviya Nagar,6,6,6.02,72
2026-06-11,7,Delhi,Connaught Place,7,7,6.19,84
2026-06-11,8,Delhi,Connaught Place,9,9,5.94,108
2026-06-11,9,Delhi,Connaught Place,7,7,5.82,84
2026-06-11,10,Delhi,Connaught Place,7,7,5.75,84
2026-06-11,11,Delhi,Connaught Place,9,9,6.28,108
2026-06-11,12,Delhi,Connaught Place,7,7,6.16,84
2026-06-11,13,Delhi,Connaught Place,8,8,5.85,96
2026-06-11,14,Delhi,Connaught Place,7,7,6.6,84
2026-06-11,15,Delhi,Connaught Place,9,9,6.04,108
2026-06-11,16,Delhi,Connaught Place,9,9,6.24,108
2026-06-11,17,Delhi,Connaught Place,6,6,5.16,72
2026-06-11,18,Delhi,Connaught Place,7,7,5.76,84
2026-06-11,19,Delhi,Connaught Place,8,8,6.03,96
2026-06-11,20,Delhi,Connaught Place,6,6,5.95,72
2026-06-11,7,Delhi,Saket,6,6,5.22,72
2026-06-11,8,Delhi,Saket,9,9,6.57,108
2026-06-11,9,Delhi,Saket,7,7,5.83,84
2026-06-11,10,Delhi,Saket,7,7,5.73,84
2026-06-11,11,Delhi,Saket,6,6,6.35,72
2026-06-11,12,Delhi,Saket,6,6,5.61,72
2026-06-11,13,Delhi,Saket,8,8,5.94,96
2026-06-11,14,Delhi,Saket,7,7,5.76,84
2026-06-11,15,Delhi,Saket,8,8,5.69,96
2026-06-11,16,Delhi,Saket,8,8,5.47,96
2026-06-11,17,Delhi,Saket,9,9,5.91,108
2026-06-11,18,Delhi,Saket,6,6,6.25,72
2026-06-11,19,Delhi,Saket,8,8,6.22,96
2026-06-11,20,Delhi,Saket,9,9,5.18,108
2026-06-11,7,Mumbai,Bandra,7,7,6.23,84
2026-06-11,9,Mumbai,Bandra,8,8,5.44,96
2026-06-11,14,Mumbai,Bandra,8,8,7.12,96
2026-06-11,19,Mumbai,Bandra,6,6,6.15,72
2026-06-11,20,Mumbai,Bandra,8,8,5.0,96
2026-06-11,7,Mumbai,Andheri,6,6,6.0,72
2026-06-11,8,Mumbai,Andheri,7,7,5.85,84
2026-06-11,9,Mumbai,Andheri,8,8,5.8,96
2026-06-11,10,Mumbai,Andheri,8,8,6.13,96
2026-06-11,11,Mumbai,Andheri,9,9,6.02,108
2026-06-11,12,Mumbai,Andheri,6,6,6.29,72
2026-06-11,13,Mumbai,Andheri,8,8,6.54,96
2026-06-11,14,Mumbai,Andheri,6,6,5.6,72
2026-06-11,15,Mumbai,Andheri,8,8,6.45,96
2026-06-11,16,Mumbai,Andheri,8,8,5.86,96
2026-06-11,17,Mumbai,Andheri,8,8,6.08,96
2026-06-11,18,Mumbai,Andheri,9,9,6.24,108
2026-06-11,19,Mumbai,Andheri,8,8,5.46,96
2026-06-11,20,Mumbai,Andheri,6,6,6.17,72
2026-06-11,7,Bengaluru,Indiranagar,9,9,5.93,108
2026-06-11,8,Bengaluru,Indiranagar,7,7,6.58,84
2026-06-11,9,Bengaluru,Indiranagar,8,8,5.36,96
2026-06-11,10,Bengaluru,Indiranagar,6,6,6.09,72
2026-06-11,11,Bengaluru,Indiranagar,6,6,6.13,72
2026-06-11,12,Bengaluru,Indiranagar,8,8,5.24,96
2026-06-11,13,Bengaluru,Indiranagar,9,9,6.04,108
2026-06-11,14,Bengaluru,Indiranagar,8,8,5.53,96
2026-06-11,15,Bengaluru,Indiranagar,6,6,6.08,72
2026-06-11,16,Bengaluru,Indiranagar,6,6,5.8,72
2026-06-11,17,Bengaluru,Indiranagar,9,9,6.24,108
2026-06-11,18,Bengaluru,Indiranagar,8,8,6.48,96
2026-06-11,19,Bengaluru,Indiranagar,6,6,5.94,72
2026-06-11,20,Bengaluru,Indiranagar,8,8,5.92,96
2026-06-11,7,Bengaluru,Koramangala,8,8,6.27,96
2026-06-11,8,Bengaluru,Koramangala,9,9,5.74,108
2026-06-11,9,Bengaluru,Koramangala,6,6,5.7,72
2026-06-11,10,Bengaluru,Koramangala,6,6,6.09,72
2026-06-11,11,Bengaluru,Koramangala,8,8,5.82,96
2026-06-11,12,Bengaluru,Koramangala,9,9,6.87,108
2026-06-11,13,Bengaluru,Koramangala,8,8,5.88,96
2026-06-11,14,Bengaluru,Koramangala,7,7,5.73,84
2026-06-11,15,Bengaluru,Koramangala,7,7,5.96,84
2026-06-11,16,Bengaluru,Koramangala,6,6,5.55,72
2026-06-11,17,Bengaluru,Koramangala,7,7,6.24,84
2026-06-11,18,Bengaluru,Koramangala,9,9,6.41,108
2026-06-11,19,Bengaluru,Koramangala,6,6,6.02,72
2026-06-11,20,Bengaluru,Koramangala,7,7,5.86,84
2026-06-11,7,Hyderabad,Banjara Hills,9,9,5.63,108
2026-06-11,8,Hyderabad,Banjara Hills,9,9,5.38,108
2026-06-11,9,Hyderabad,Banjara Hills,7,7,6.36,84
2026-06-11,10,Hyderabad,Banjara Hills,9,9,5.83,108
2026-06-11,11,Hyderabad,Banjara Hills,6,6,5.85,72
2026-06-11,12,Hyderabad,Banjara Hills,9,9,6.5,108
2026-06-11,13,Hyderabad,Banjara Hills,9,9,6.16,108
2026-06-11,14,Hyderabad,Banjara Hills,7,7,5.63,84
2026-06-11,15,Hyderabad,Banjara Hills,8,8,5.97,96
2026-06-11,16,Hyderabad,Banjara Hills,9,9,6.03,108
2026-06-11,17,Hyderabad,Banjara Hills,8,8,6.02,96
2026-06-11,18,Hyderabad,Banjara Hills,8,8,6.32,96
2026-06-11,19,Hyderabad,Banjara Hills,7,7,6.7,84
2026-06-11,20,Hyderabad,Banjara Hills,9,9,6.02,108
2026-06-11,7,Hyderabad,Gachibowli,6,6,6.26,72
2026-06-11,8,Hyderabad,Gachibowli,9,9,6.16,108
2026-06-11,9,Hyderabad,Gachibowli,9,9,5.9,108
2026-06-11,10,Hyderabad,Gachibowli,8,8,5.15,96
2026-06-11,11,Hyderabad,Gachibowli,6,6,6.66,72
2026-06-11,12,Hyderabad,Gachibowli,7,7,5.77,84
2026-06-11,13,Hyderabad,Gachibowli,9,9,5.36,108
2026-06-11,14,Hyderabad,Gachibowli,9,9,5.58,108
2026-06-11,15,Hyderabad,Gachibowli,9,9,5.96,108
2026-06-11,16,Hyderabad,Gachibowli,7,7,6.22,84
2026-06-11,17,Hyderabad,Gachibowli,6,6,6.06,72
2026-06-11,18,Hyderabad,Gachibowli,8,8,5.92,96
2026-06-11,19,Hyderabad,Gachibowli,7,7,5.52,84
2026-06-11,20,Hyderabad,Gachibowli,7,7,6.56,84
2026-06-12,7,Ahmedabad,Satellite,7,7,5.58,84
2026-06-12,8,Ahmedabad,Satellite,6,6,5.56,72
2026-06-12,9,Ahmedabad,Satellite,7,7,6.14,84
2026-06-12,10,Ahmedabad,Satellite,8,8,5.93,96
2026-06-12,11,Ahmedabad,Satellite,9,9,5.98,108
2026-06-12,12,Ahmedabad,Satellite,8,8,5.95,96
2026-06-12,13,Ahmedabad,Satellite,8,8,5.79,96
2026-06-12,14,Ahmedabad,Satellite,6,6,6.66,72
2026-06-12,15,Ahmedabad,Satellite,6,6,6.2,72
2026-06-12,16,Ahmedabad,Satellite,7,7,5.23,84
2026-06-12,17,Ahmedabad,Satellite,8,8,5.79,96
2026-06-12,18,Ahmedabad,Satellite,9,9,6.01,108
2026-06-12,19,Ahmedabad,Satellite,9,9,6.3,108
2026-06-12,20,Ahmedabad,Satellite,6,6,6.39,72
2026-06-12,7,Ahmedabad,Navrangpura,6,6,5.85,72
2026-06-12,8,Ahmedabad,Navrangpura,6,6,5.58,72
2026-06-12,9,Ahmedabad,Navrangpura,8,8,6.7,96
2026-06-12,10,Ahmedabad,Navrangpura,9,9,6.03,108
2026-06-12,11,Ahmedabad,Navrangpura,7,7,5.91,84
2026-06-12,12,Ahmedabad,Navrangpura,9,9,5.8,108
2026-06-12,13,Ahmedabad,Navrangpura,9,9,5.96,108
2026-06-12,14,Ahmedabad,Navrangpura,7,7,6.16,84
2026-06-12,15,Ahmedabad,Navrangpura,7,7,6.14,84
2026-06-12,16,Ahmedabad,Navrangpura,8,8,6.22,96
2026-06-12,17,Ahmedabad,Navrangpura,6,6,5.63,72
2026-06-12,18,Ahmedabad,Navrangpura,9,9,5.98,108
2026-06-12,19,Ahmedabad,Navrangpura,7,7,5.79,84
2026-06-12,20,Ahmedabad,Navrangpura,9,9,6.1,108
2026-06-12,7,Jaipur,C-Scheme,7,7,6.48,84
2026-06-12,8,Jaipur,C-Scheme,8,8,6.56,96
2026-06-12,9,Jaipur,C-Scheme,8,8,5.53,96
2026-06-12,10,Jaipur,C-Scheme,9,9,5.88,108
2026-06-12,11,Jaipur,C-Scheme,7,7,5.9,84
2026-06-12,12,Jaipur,C-Scheme,9,9,5.78,108
2026-06-12,13,Jaipur,C-Scheme,7,7,6.19,84
2026-06-12,14,Jaipur,C-Scheme,6,6,5.47,72
2026-06-12,15,Jaipur,C-Scheme,8,8,6.01,96
2026-06-12,16,Jaipur,C-Scheme,9,9,6.42,108
2026-06-12,17,Jaipur,C-Scheme,8,8,6.23,96
2026-06-12,18,Jaipur,C-Scheme,8,8,6.04,96
2026-06-12,19,Jaipur,C-Scheme,6,6,5.92,72
2026-06-12,20,Jaipur,C-Scheme,6,6,6.62,72
2026-06-12,7,Jaipur,Malviya Nagar,7,7,6.38,84
2026-06-12,8,Jaipur,Malviya Nagar,9,9,6.05,108
2026-06-12,9,Jaipur,Malviya Nagar,7,7,6.78,84
2026-06-12,10,Jaipur,Malviya Nagar,9,9,6.74,108
2026-06-12,11,Jaipur,Malviya Nagar,9,9,6.07,108
2026-06-12,12,Jaipur,Malviya Nagar,9,9,6.28,108
2026-06-12,13,Jaipur,Malviya Nagar,6,6,6.61,72
2026-06-12,14,Jaipur,Malviya Nagar,7,7,6.52,84
2026-06-12,15,Jaipur,Malviya Nagar,6,6,6.91,72
2026-06-12,16,Jaipur,Malviya Nagar,9,9,6.37,108
2026-06-12,17,Jaipur,Malviya Nagar,6,6,5.78,72
2026-06-12,18,Jaipur,Malviya Nagar,6,6,6.5,72
2026-06-12,19,Jaipur,Malviya Nagar,7,7,5.84,84
2026-06-12,20,Jaipur,Malviya Nagar,9,9,5.9,108
2026-06-12,7,Delhi,Connaught Place,9,9,5.92,108
2026-06-12,8,Delhi,Connaught Place,8,8,5.47,96
2026-06-12,9,Delhi,Connaught Place,7,7,5.84,84
2026-06-12,10,Delhi,Connaught Place,6,6,6.81,72
2026-06-12,11,Delhi,Connaught Place,6,6,6.51,72
2026-06-12,12,Delhi,Connaught Place,9,9,6.25,108
2026-06-12,13,Delhi,Connaught Place,8,8,6.23,96
2026-06-12,14,Delhi,Connaught Place,8,8,6.09,96
2026-06-12,15,Delhi,Connaught Place,8,8,6.99,96
2026-06-12,16,Delhi,Connaught Place,9,9,5.89,108
2026-06-12,17,Delhi,Connaught Place,7,7,6.0,84
2026-06-12,18,Delhi,Connaught Place,7,7,6.2,84
2026-06-12,19,Delhi,Connaught Place,8,8,5.14,96
2026-06-12,20,Delhi,Connaught Place,8,8,5.92,96
2026-06-12,7,Delhi,Saket,9,9,5.69,108
2026-06-12,8,Delhi,Saket,6,6,6.37,72
2026-06-12,9,Delhi,Saket,7,7,5.92,84
2026-06-12,10,Delhi,Saket,7,7,6.36,84
2026-06-12,11,Delhi,Saket,7,7,6.17,84
2026-06-12,12,Delhi,Saket,6,6,6.41,72
2026-06-12,13,Delhi,Saket,9,9,5.34,108
2026-06-12,14,Delhi,Saket,7,7,5.85,84
2026-06-12,15,Delhi,Saket,8,8,6.26,96
2026-06-12,16,Delhi,Saket,6,6,6.36,72
2026-06-12,17,Delhi,Saket,9,9,6.2,108
2026-06-12,18,Delhi,Saket,7,7,6.39,84
2026-06-12,19,Delhi,Saket,6,6,5.96,72
2026-06-12,20,Delhi,Saket,8,8,5.43,96
2026-06-12,9,Mumbai,Bandra,7,7,5.93,84
2026-06-12,10,Mumbai,Bandra,6,6,5.6,72
2026-06-12,12,Mumbai,Bandra,7,7,6.16,84
2026-06-12,14,Mumbai,Bandra,7,7,5.23,84
2026-06-12,15,Mumbai,Bandra,6,6,5.72,72
2026-06-12,16,Mumbai,Bandra,9,9,5.51,108
2026-06-12,17,Mumbai,Bandra,9,9,6.22,108
2026-06-12,7,Mumbai,Andheri,6,6,5.89,72
2026-06-12,8,Mumbai,Andheri,9,9,6.51,108
2026-06-12,9,Mumbai,Andheri,7,7,6.15,84
2026-06-12,10,Mumbai,Andheri,9,9,5.42,108
2026-06-12,11,Mumbai,Andheri,9,9,5.98,108
2026-06-12,12,Mumbai,Andheri,9,9,5.59,108
2026-06-12,13,Mumbai,Andheri,9,9,6.17,108
2026-06-12,14,Mumbai,Andheri,7,7,6.0,84
2026-06-12,15,Mumbai,Andheri,8,8,5.89,96
2026-06-12,16,Mumbai,Andheri,6,6,5.81,72
2026-06-12,17,Mumbai,Andheri,6,6,6.03,72
2026-06-12,18,Mumbai,Andheri,7,7,5.84,84
2026-06-12,19,Mumbai,Andheri,8,8,6.03,96
2026-06-12,20,Mumbai,Andheri,6,6,6.39,72
2026-06-12,7,Bengaluru,Indiranagar,9,9,6.57,108
2026-06-12,8,Bengaluru,Indiranagar,8,8,6.45,96
2026-06-12,9,Bengaluru,Indiranagar,8,8,6.55,96
2026-06-12,10,Bengaluru,Indiranagar,8,8,6.63,96
2026-06-12,11,Bengaluru,Indiranagar,7,7,6.26,84
2026-06-12,12,Bengaluru,Indiranagar,9,9,6.49,108
2026-06-12,13,Bengaluru,Indiranagar,6,6,5.69,72
2026-06-12,14,Bengaluru,Indiranagar,6,6,6.26,72
2026-06-12,15,Bengaluru,Indiranagar,6,6,6.74,72
2026-06-12,16,Bengaluru,Indiranagar,6,6,5.45,72
2026-06-12,17,Bengaluru,Indiranagar,8,8,5.28,96
2026-06-12,18,Bengaluru,Indiranagar,8,8,6.06,96
2026-06-12,19,Bengaluru,Indiranagar,6,6,5.98,72
2026-06-12,20,Bengaluru,Indiranagar,6,6,6.04,72
2026-06-12,7,Bengaluru,Koramangala,8,8,5.95,96
2026-06-12,8,Bengaluru,Koramangala,7,7,6.15,84
2026-06-12,9,Bengaluru,Koramangala,6,6,5.66,72
2026-06-12,10,Bengaluru,Koramangala,8,8,5.96,96
2026-06-12,11,Bengaluru,Koramangala,6,6,6.37,72
2026-06-12,12,Bengaluru,Koramangala,6,6,6.52,72
2026-06-12,13,Bengaluru,Koramangala,8,8,6.14,96
2026-06-12,14,Bengaluru,Koramangala,6,6,6.3,72
2026-06-12,15,Bengaluru,Koramangala,8,8,5.75,96
2026-06-12,16,Bengaluru,Koramangala,7,7,5.95,84
2026-06-12,17,Bengaluru,Koramangala,9,9,6.16,108
2026-06-12,18,Bengaluru,Koramangala,7,7,6.42,84
2026-06-12,19,Bengaluru,Koramangala,8,8,6.17,96
2026-06-12,20,Bengaluru,Koramangala,9,9,5.75,108
2026-06-12,7,Hyderabad,Banjara Hills,9,9,6.82,108
2026-06-12,8,Hyderabad,Banjara Hills,9,9,5.6,108
2026-06-12,9,Hyderabad,Banjara Hills,9,9,6.09,108
2026-06-12,10,Hyderabad,Banjara Hills,8,8,6.11,96
2026-06-12,11,Hyderabad,Banjara Hills,8,8,6.8,96
2026-06-12,12,Hyderabad,Banjara Hills,7,7,5.69,84
2026-06-12,13,Hyderabad,Banjara Hills,6,6,6.64,72
2026-06-12,14,Hyderabad,Banjara Hills,8,8,6.38,96
2026-06-12,15,Hyderabad,Banjara Hills,7,7,5.76,84
2026-06-12,16,Hyderabad,Banjara Hills,7,7,6.45,84
2026-06-12,17,Hyderabad,Banjara Hills,7,7,6.08,84
2026-06-12,18,Hyderabad,Banjara Hills,9,9,5.77,108
2026-06-12,19,Hyderabad,Banjara Hills,9,9,6.66,108
2026-06-12,20,Hyderabad,Banjara Hills,6,6,5.56,72
2026-06-12,7,Hyderabad,Gachibowli,7,7,5.75,84
2026-06-12,8,Hyderabad,Gachibowli,9,9,5.84,108
2026-06-12,9,Hyderabad,Gachibowli,7,7,6.38,84
2026-06-12,10,Hyderabad,Gachibowli,9,9,6.18,108
2026-06-12,11,Hyderabad,Gachibowli,6,6,6.11,72
2026-06-12,12,Hyderabad,Gachibowli,7,7,6.25,84
2026-06-12,13,Hyderabad,Gachibowli,9,9,6.43,108
2026-06-12,14,Hyderabad,Gachibowli,7,7,5.67,84
2026-06-12,15,Hyderabad,Gachibowli,6,6,6.14,72
2026-06-12,16,Hyderabad,Gachibowli,7,7,5.97,84
2026-06-12,17,Hyderabad,Gachibowli,6,6,6.06,72
2026-06-12,18,Hyderabad,Gachibowli,9,9,5.88,108
2026-06-12,19,Hyderabad,Gachibowli,8,8,6.28,96
2026-06-12,20,Hyderabad,Gachibowli,7,7,6.12,84
2026-06-13,7,Ahmedabad,Satellite,6,6,5.72,72
2026-06-13,8,Ahmedabad,Satellite,9,9,6.87,108
2026-06-13,9,Ahmedabad,Satellite,8,8,6.05,96
2026-06-13,10,Ahmedabad,Satellite,6,6,5.89,72
2026-06-13,11,Ahmedabad,Satellite,6,6,5.82,72
2026-06-13,12,Ahmedabad,Satellite,7,7,5.69,84
2026-06-13,13,Ahmedabad,Satellite,9,9,5.52,108
2026-06-13,14,Ahmedabad,Satellite,9,9,6.39,108
2026-06-13,15,Ahmedabad,Satellite,8,8,5.85,96
2026-06-13,16,Ahmedabad,Satellite,7,7,6.21,84
2026-06-13,17,Ahmedabad,Satellite,8,8,5.56,96
2026-06-13,18,Ahmedabad,Satellite,6,6,5.56,72
2026-06-13,19,Ahmedabad,Satellite,9,9,6.24,108
2026-06-13,20,Ahmedabad,Satellite,9,9,6.1,108
2026-06-13,7,Ahmedabad,Navrangpura,6,6,5.92,72
2026-06-13,8,Ahmedabad,Navrangpura,6,6,5.87,72
2026-06-13,9,Ahmedabad,Navrangpura,8,8,6.02,96
2026-06-13,10,Ahmedabad,Navrangpura,6,6,6.21,72
2026-06-13,11,Ahmedabad,Navrangpura,7,7,6.71,84
2026-06-13,12,Ahmedabad,Navrangpura,7,7,5.6,84
2026-06-13,13,Ahmedabad,Navrangpura,9,9,6.05,108
2026-06-13,14,Ahmedabad,Navrangpura,9,9,6.1,108
2026-06-13,15,Ahmedabad,Navrangpura,6,6,6.24,72
2026-06-13,16,Ahmedabad,Navrangpura,7,7,6.1,84
2026-06-13,17,Ahmedabad,Navrangpura,9,9,5.95,108
2026-06-13,18,Ahmedabad,Navrangpura,7,7,5.68,84
2026-06-13,19,Ahmedabad,Navrangpura,9,9,5.46,108
2026-06-13,20,Ahmedabad,Navrangpura,6,6,6.17,72
2026-06-13,7,Jaipur,C-Scheme,8,8,6.11,96
2026-06-13,8,Jaipur,C-Scheme,8,8,5.14,96
2026-06-13,9,Jaipur,C-Scheme,7,7,5.92,84
2026-06-13,10,Jaipur,C-Scheme,8,8,5.56,96
2026-06-13,11,Jaipur,C-Scheme,9,9,6.35,108
2026-06-13,12,Jaipur,C-Scheme,6,6,5.73,72
2026-06-13,13,Jaipur,C-Scheme,6,6,5.2,72
2026-06-13,14,Jaipur,C-Scheme,7,7,5.73,84
2026-06-13,15,Jaipur,C-Scheme,9,9,5.79,108
2026-06-13,16,Jaipur,C-Scheme,9,9,5.73,108
2026-06-13,17,Jaipur,C-Scheme,8,8,6.19,96
2026-06-13,18,Jaipur,C-Scheme,9,9,6.08,108
2026-06-13,19,Jaipur,C-Scheme,8,8,5.74,96
2026-06-13,20,Jaipur,C-Scheme,6,6,5.56,72
2026-06-13,7,Jaipur,Malviya Nagar,9,9,5.76,108
2026-06-13,8,Jaipur,Malviya Nagar,9,9,5.18,108
2026-06-13,9,Jaipur,Malviya Nagar,7,7,6.44,84
2026-06-13,10,Jaipur,Malviya Nagar,8,8,6.32,96
2026-06-13,11,Jaipur,Malviya Nagar,8,8,6.05,96
2026-06-13,12,Jaipur,Malviya Nagar,8,8,6.58,96
2026-06-13,13,Jaipur,Malviya Nagar,7,7,5.61,84
2026-06-13,14,Jaipur,Malviya Nagar,7,7,6.45,84
2026-06-13,15,Jaipur,Malviya Nagar,9,9,5.73,108
2026-06-13,16,Jaipur,Malviya Nagar,7,7,6.22,84
2026-06-13,17,Jaipur,Malviya Nagar,7,7,5.66,84
2026-06-13,18,Jaipur,Malviya Nagar,8,8,5.65,96
2026-06-13,19,Jaipur,Malviya Nagar,6,6,6.08,72
2026-06-13,20,Jaipur,Malviya Nagar,6,6,6.61,72
2026-06-13,7,Delhi,Connaught Place,7,7,5.88,84
2026-06-13,8,Delhi,Connaught Place,7,7,6.58,84
2026-06-13,9,Delhi,Connaught Place,9,9,6.06,108
2026-06-13,10,Delhi,Connaught Place,6,6,5.38,72
2026-06-13,11,Delhi,Connaught Place,7,7,5.58,84
2026-06-13,12,Delhi,Connaught Place,7,7,6.01,84
2026-06-13,13,Delhi,Connaught Place,9,9,6.64,108
2026-06-13,14,Delhi,Connaught Place,9,9,5.37,108
2026-06-13,15,Delhi,Connaught Place,7,7,6.1,84
2026-06-13,16,Delhi,Connaught Place,9,9,6.21,108
2026-06-13,17,Delhi,Connaught Place,7,7,5.31,84
2026-06-13,18,Delhi,Connaught Place,7,7,5.89,84
2026-06-13,19,Delhi,Connaught Place,6,6,6.76,72
2026-06-13,20,Delhi,Connaught Place,7,7,5.83,84
2026-06-13,7,Delhi,Saket,7,7,5.67,84
2026-06-13,8,Delhi,Saket,7,7,6.25,84
2026-06-13,9,Delhi,Saket,6,6,6.5,72
2026-06-13,10,Delhi,Saket,6,6,5.99,72
2026-06-13,11,Delhi,Saket,7,7,6.0,84
2026-06-13,12,Delhi,Saket,6,6,6.55,72
2026-06-13,13,Delhi,Saket,9,9,5.27,108
2026-06-13,14,Delhi,Saket,8,8,5.86,96
2026-06-13,15,Delhi,Saket,9,9,5.27,108
2026-06-13,16,Delhi,Saket,7,7,6.09,84
2026-06-13,17,Delhi,Saket,6,6,6.74,72
2026-06-13,18,Delhi,Saket,7,7,5.47,84
2026-06-13,19,Delhi,Saket,8,8,6.39,96
2026-06-13,20,Delhi,Saket,6,6,6.21,72
2026-06-13,7,Mumbai,Bandra,6,6,5.57,72
2026-06-13,10,Mumbai,Bandra,9,9,6.52,108
2026-06-13,11,Mumbai,Bandra,8,8,5.24,96
2026-06-13,12,Mumbai,Bandra,7,7,5.91,84
2026-06-13,13,Mumbai,Bandra,9,9,6.14,108
2026-06-13,14,Mumbai,Bandra,7,7,6.13,84
2026-06-13,17,Mumbai,Bandra,6,6,5.21,72
2026-06-13,18,Mumbai,Bandra,7,7,5.98,84
2026-06-13,19,Mumbai,Bandra,8,8,6.49,96
2026-06-13,20,Mumbai,Bandra,7,7,6.26,84
2026-06-13,7,Mumbai,Andheri,9,9,5.58,108
2026-06-13,8,Mumbai,Andheri,9,9,6.55,108
2026-06-13,9,Mumbai,Andheri,6,6,5.54,72
2026-06-13,10,Mumbai,Andheri,8,8,6.16,96
2026-06-13,11,Mumbai,Andheri,7,7,6.08,84
2026-06-13,12,Mumbai,Andheri,8,8,6.17,96
2026-06-13,13,Mumbai,Andheri,7,7,6.17,84
2026-06-13,14,Mumbai,Andheri,8,8,5.75,96
2026-06-13,15,Mumbai,Andheri,6,6,5.67,72
2026-06-13,16,Mumbai,Andheri,8,8,6.37,96
2026-06-13,17,Mumbai,Andheri,7,7,6.16,84
2026-06-13,18,Mumbai,Andheri,6,6,5.29,72
2026-06-13,19,Mumbai,Andheri,9,9,5.4,108
2026-06-13,20,Mumbai,Andheri,6,6,6.7,72
2026-06-13,7,Bengaluru,Indiranagar,7,7,6.29,84
2026-06-13,8,Bengaluru,Indiranagar,8,8,5.74,96
2026-06-13,9,Bengaluru,Indiranagar,8,8,5.98,96
2026-06-13,10,Bengaluru,Indiranagar,6,6,6.66,72
2026-06-13,11,Bengaluru,Indiranagar,7,7,6.15,84
2026-06-13,12,Bengaluru,Indiranagar,8,8,6.52,96
2026-06-13,13,Bengaluru,Indiranagar,6,6,6.43,72
2026-06-13,14,Bengaluru,Indiranagar,8,8,6.36,96
2026-06-13,15,Bengaluru,Indiranagar,8,8,5.94,96
2026-06-13,16,Bengaluru,Indiranagar,7,7,5.83,84
2026-06-13,17,Bengaluru,Indiranagar,7,7,5.68,84
2026-06-13,18,Bengaluru,Indiranagar,8,8,5.63,96
2026-06-13,19,Bengaluru,Indiranagar,7,7,5.91,84
2026-06-13,20,Bengaluru,Indiranagar,9,9,6.17,108
2026-06-13,7,Bengaluru,Koramangala,6,6,5.58,72
2026-06-13,8,Bengaluru,Koramangala,7,7,5.56,84
2026-06-13,9,Bengaluru,Koramangala,8,8,5.69,96
2026-06-13,10,Bengaluru,Koramangala,7,7,5.65,84
2026-06-13,11,Bengaluru,Koramangala,8,8,5.39,96
2026-06-13,12,Bengaluru,Koramangala,9,9,6.81,108
2026-06-13,13,Bengaluru,Koramangala,7,7,6.28,84
2026-06-13,14,Bengaluru,Koramangala,6,6,6.39,72
2026-06-13,15,Bengaluru,Koramangala,9,9,6.25,108
2026-06-13,16,Bengaluru,Koramangala,7,7,6.66,84
2026-06-13,17,Bengaluru,Koramangala,9,9,5.94,108
2026-06-13,18,Bengaluru,Koramangala,7,7,5.66,84
2026-06-13,19,Bengaluru,Koramangala,9,9,5.74,108
2026-06-13,20,Bengaluru,Koramangala,8,8,6.75,96
2026-06-13,7,Hyderabad,Banjara Hills,9,9,6.79,108
2026-06-13,8,Hyderabad,Banjara Hills,6,6,6.83,72
2026-06-13,9,Hyderabad,Banjara Hills,9,9,5.8,108
2026-06-13,10,Hyderabad,Banjara Hills,7,7,6.76,84
2026-06-13,11,Hyderabad,Banjara Hills,7,7,6.13,84
2026-06-13,12,Hyderabad,Banjara Hills,8,8,6.09,96
2026-06-13,13,Hyderabad,Banjara Hills,8,8,6.0,96
2026-06-13,14,Hyderabad,Banjara Hills,6,6,6.06,72
2026-06-13,15,Hyderabad,Banjara Hills,7,7,5.81,84
2026-06-13,16,Hyderabad,Banjara Hills,8,8,5.45,96
2026-06-13,17,Hyderabad,Banjara Hills,6,6,5.72,72
2026-06-13,18,Hyderabad,Banjara Hills,9,9,5.76,108
2026-06-13,19,Hyderabad,Banjara Hills,7,7,5.85,84
2026-06-13,20,Hyderabad,Banjara Hills,7,7,6.44,84
2026-06-13,7,Hyderabad,Gachibowli,8,8,6.46,96
2026-06-13,8,Hyderabad,Gachibowli,9,9,6.08,108
2026-06-13,9,Hyderabad,Gachibowli,7,7,6.06,84
2026-06-13,10,Hyderabad,Gachibowli,8,8,5.48,96
2026-06-13,11,Hyderabad,Gachibowli,7,7,6.34,84
2026-06-13,12,Hyderabad,Gachibowli,8,8,6.4,96
2026-06-13,13,Hyderabad,Gachibowli,9,9,5.39,108
2026-06-13,14,Hyderabad,Gachibowli,8,8,5.79,96
2026-06-13,15,Hyderabad,Gachibowli,6,6,6.09,72
2026-06-13,16,Hyderabad,Gachibowli,6,6,5.69,72
2026-06-13,17,Hyderabad,Gachibowli,6,6,5.73,72
2026-06-13,18,Hyderabad,Gachibowli,6,6,5.7,72
2026-06-13,19,Hyderabad,Gachibowli,8,8,6.41,96
2026-06-13,20,Hyderabad,Gachibowli,9,9,5.58,108
2026-06-14,7,Ahmedabad,Satellite,9,9,6.26,108
2026-06-14,8,Ahmedabad,Satellite,6,6,5.53,72
2026-06-14,9,Ahmedabad,Satellite,6,6,6.14,72
2026-06-14,10,Ahmedabad,Satellite,6,6,6.07,72
2026-06-14,11,Ahmedabad,Satellite,8,8,6.05,96
2026-06-14,12,Ahmedabad,Satellite,9,9,6.25,108
2026-06-14,13,Ahmedabad,Satellite,9,9,5.73,108
2026-06-14,14,Ahmedabad,Satellite,8,8,5.78,96
2026-06-14,15,Ahmedabad,Satellite,9,9,6.12,108
2026-06-14,16,Ahmedabad,Satellite,8,8,6.04,96
2026-06-14,17,Ahmedabad,Satellite,7,7,5.55,84
2026-06-14,18,Ahmedabad,Satellite,7,7,6.16,84
2026-06-14,19,Ahmedabad,Satellite,6,6,5.94,72
2026-06-14,20,Ahmedabad,Satellite,7,7,6.68,84
2026-06-14,7,Ahmedabad,Navrangpura,8,8,5.89,96
2026-06-14,8,Ahmedabad,Navrangpura,9,9,5.49,108
2026-06-14,9,Ahmedabad,Navrangpura,7,7,6.42,84
2026-06-14,10,Ahmedabad,Navrangpura,9,9,6.07,108
2026-06-14,11,Ahmedabad,Navrangpura,7,7,6.53,84
2026-06-14,12,Ahmedabad,Navrangpura,8,8,6.13,96
2026-06-14,13,Ahmedabad,Navrangpura,6,6,6.29,72
2026-06-14,14,Ahmedabad,Navrangpura,8,8,4.85,96
2026-06-14,15,Ahmedabad,Navrangpura,8,8,5.57,96
2026-06-14,16,Ahmedabad,Navrangpura,8,8,5.67,96
2026-06-14,17,Ahmedabad,Navrangpura,7,7,5.85,84
2026-06-14,18,Ahmedabad,Navrangpura,8,8,6.76,96
2026-06-14,19,Ahmedabad,Navrangpura,6,6,5.57,72
2026-06-14,20,Ahmedabad,Navrangpura,9,9,6.3,108
2026-06-14,7,Jaipur,C-Scheme,6,6,6.12,72
2026-06-14,8,Jaipur,C-Scheme,6,6,5.96,72
2026-06-14,9,Jaipur,C-Scheme,7,7,5.88,84
2026-06-14,10,Jaipur,C-Scheme,6,6,6.07,72
2026-06-14,11,Jaipur,C-Scheme,6,6,6.65,72
2026-06-14,12,Jaipur,C-Scheme,8,8,5.92,96
2026-06-14,13,Jaipur,C-Scheme,8,8,5.79,96
2026-06-14,14,Jaipur,C-Scheme,9,9,6.59,108
2026-06-14,15,Jaipur,C-Scheme,6,6,5.24,72
2026-06-14,16,Jaipur,C-Scheme,9,9,5.22,108
2026-06-14,17,Jaipur,C-Scheme,9,9,6.09,108
2026-06-14,18,Jaipur,C-Scheme,8,8,5.99,96
2026-06-14,19,Jaipur,C-Scheme,7,7,5.93,84
2026-06-14,20,Jaipur,C-Scheme,7,7,6.56,84
2026-06-14,7,Jaipur,Malviya Nagar,7,7,6.03,84
2026-06-14,8,Jaipur,Malviya Nagar,8,8,6.46,96
2026-06-14,9,Jaipur,Malviya Nagar,8,8,5.97,96
2026-06-14,10,Jaipur,Malviya Nagar,6,6,6.06,72
2026-06-14,11,Jaipur,Malviya Nagar,7,7,5.31,84
2026-06-14,12,Jaipur,Malviya Nagar,8,8,5.9,96
2026-06-14,13,Jaipur,Malviya Nagar,8,8,6.19,96
2026-06-14,14,Jaipur,Malviya Nagar,7,7,6.47,84
2026-06-14,15,Jaipur,Malviya Nagar,6,6,5.98,72
2026-06-14,16,Jaipur,Malviya Nagar,9,9,6.27,108
2026-06-14,17,Jaipur,Malviya Nagar,6,6,6.06,72
2026-06-14,18,Jaipur,Malviya Nagar,7,7,6.32,84
2026-06-14,19,Jaipur,Malviya Nagar,6,6,6.14,72
2026-06-14,20,Jaipur,Malviya Nagar,8,8,6.38,96
2026-06-14,7,Delhi,Connaught Place,6,6,6.49,72
2026-06-14,8,Delhi,Connaught Place,9,9,6.93,108
2026-06-14,9,Delhi,Connaught Place,6,6,5.82,72
2026-06-14,10,Delhi,Connaught Place,7,7,6.2,84
2026-06-14,11,Delhi,Connaught Place,9,9,6.25,108
2026-06-14,12,Delhi,Connaught Place,9,9,6.6,108
2026-06-14,13,Delhi,Connaught Place,9,9,6.61,108
2026-06-14,14,Delhi,Connaught Place,8,8,6.74,96
2026-06-14,15,Delhi,Connaught Place,9,9,6.24,108
2026-06-14,16,Delhi,Connaught Place,8,8,5.9,96
2026-06-14,17,Delhi,Connaught Place,9,9,6.28,108
2026-06-14,18,Delhi,Connaught Place,6,6,6.25,72
2026-06-14,19,Delhi,Connaught Place,6,6,6.25,72
2026-06-14,20,Delhi,Connaught Place,8,8,6.36,96
2026-06-14,7,Delhi,Saket,8,8,5.59,96
2026-06-14,8,Delhi,Saket,6,6,6.33,72
2026-06-14,9,Delhi,Saket,8,8,5.99,96
2026-06-14,10,Delhi,Saket,9,9,6.6,108
2026-06-14,11,Delhi,Saket,6,6,5.99,72
2026-06-14,12,Delhi,Saket,7,7,5.74,84
2026-06-14,13,Delhi,Saket,8,8,6.66,96
2026-06-14,14,Delhi,Saket,8,8,5.96,96
2026-06-14,15,Delhi,Saket,6,6,6.66,72
2026-06-14,16,Delhi,Saket,8,8,5.99,96
2026-06-14,17,Delhi,Saket,9,9,6.29,108
2026-06-14,18,Delhi,Saket,7,7,5.66,84
2026-06-14,19,Delhi,Saket,9,9,6.86,108
2026-06-14,20,Delhi,Saket,9,9,5.8,108
2026-06-14,8,Mumbai,Bandra,8,8,5.93,96
2026-06-14,9,Mumbai,Bandra,7,7,6.7,84
2026-06-14,12,Mumbai,Bandra,7,7,5.88,84
2026-06-14,17,Mumbai,Bandra,8,8,6.03,96
2026-06-14,7,Mumbai,Andheri,7,7,6.31,84
2026-06-14,8,Mumbai,Andheri,6,6,6.14,72
2026-06-14,9,Mumbai,Andheri,6,6,6.22,72
2026-06-14,10,Mumbai,Andheri,7,7,5.65,84
2026-06-14,11,Mumbai,Andheri,7,7,5.95,84
2026-06-14,12,Mumbai,Andheri,9,9,5.87,108
2026-06-14,13,Mumbai,Andheri,9,9,7.02,108
2026-06-14,14,Mumbai,Andheri,8,8,5.7,96
2026-06-14,15,Mumbai,Andheri,9,9,6.31,108
2026-06-14,16,Mumbai,Andheri,9,9,5.62,108
2026-06-14,17,Mumbai,Andheri,8,8,5.76,96
2026-06-14,18,Mumbai,Andheri,9,9,6.3,108
2026-06-14,19,Mumbai,Andheri,8,8,5.91,96
2026-06-14,20,Mumbai,Andheri,7,7,6.36,84
2026-06-14,7,Bengaluru,Indiranagar,9,9,5.96,108
2026-06-14,8,Bengaluru,Indiranagar,7,7,5.39,84
2026-06-14,9,Bengaluru,Indiranagar,9,9,6.09,108
2026-06-14,10,Bengaluru,Indiranagar,8,8,6.32,96
2026-06-14,11,Bengaluru,Indiranagar,8,8,5.92,96
2026-06-14,12,Bengaluru,Indiranagar,9,9,5.49,108
2026-06-14,13,Bengaluru,Indiranagar,8,8,6.59,96
2026-06-14,14,Bengaluru,Indiranagar,7,7,5.87,84
2026-06-14,15,Bengaluru,Indiranagar,9,9,5.73,108
2026-06-14,16,Bengaluru,Indiranagar,6,6,5.36,72
2026-06-14,17,Bengaluru,Indiranagar,9,9,6.27,108
2026-06-14,18,Bengaluru,Indiranagar,6,6,5.42,72
2026-06-14,19,Bengaluru,Indiranagar,6,6,6.01,72
2026-06-14,20,Bengaluru,Indiranagar,6,6,5.79,72
2026-06-14,7,Bengaluru,Koramangala,8,8,5.62,96
2026-06-14,8,Bengaluru,Koramangala,9,9,6.34,108
2026-06-14,9,Bengaluru,Koramangala,9,9,5.85,108
2026-06-14,10,Bengaluru,Koramangala,9,9,5.8,108
2026-06-14,11,Bengaluru,Koramangala,9,9,6.22,108
2026-06-14,12,Bengaluru,Koramangala,8,8,4.95,96
2026-06-14,13,Bengaluru,Koramangala,7,7,5.3,84
2026-06-14,14,Bengaluru,Koramangala,7,7,5.86,84
2026-06-14,15,Bengaluru,Koramangala,7,7,5.86,84
2026-06-14,16,Bengaluru,Koramangala,6,6,6.2,72
2026-06-14,17,Bengaluru,Koramangala,8,8,5.69,96
2026-06-14,18,Bengaluru,Koramangala,9,9,5.68,108
2026-06-14,19,Bengaluru,Koramangala,9,9,5.38,108
2026-06-14,20,Bengaluru,Koramangala,9,9,5.81,108
2026-06-14,7,Hyderabad,Banjara Hills,6,6,5.4,72
2026-06-14,8,Hyderabad,Banjara Hills,6,6,5.86,72
2026-06-14,9,Hyderabad,Banjara Hills,6,6,6.8,72
2026-06-14,10,Hyderabad,Banjara Hills,8,8,5.78,96
2026-06-14,11,Hyderabad,Banjara Hills,6,6,5.59,72
2026-06-14,12,Hyderabad,Banjara Hills,8,8,6.0,96
2026-06-14,13,Hyderabad,Banjara Hills,9,9,5.65,108
2026-06-14,14,Hyderabad,Banjara Hills,7,7,6.4,84
2026-06-14,15,Hyderabad,Banjara Hills,6,6,6.34,72
2026-06-14,16,Hyderabad,Banjara Hills,8,8,5.87,96
2026-06-14,17,Hyderabad,Banjara Hills,6,6,5.91,72
2026-06-14,18,Hyderabad,Banjara Hills,7,7,6.58,84
2026-06-14,19,Hyderabad,Banjara Hills,9,9,6.0,108
2026-06-14,20,Hyderabad,Banjara Hills,6,6,5.82,72
2026-06-14,7,Hyderabad,Gachibowli,8,8,6.1,96
2026-06-14,8,Hyderabad,Gachibowli,9,9,6.33,108
2026-06-14,9,Hyderabad,Gachibowli,9,9,6.05,108
2026-06-14,10,Hyderabad,Gachibowli,8,8,6.07,96
2026-06-14,11,Hyderabad,Gachibowli,8,8,5.32,96
2026-06-14,12,Hyderabad,Gachibowli,9,9,5.63,108
2026-06-14,13,Hyderabad,Gachibowli,6,6,6.01,72
2026-06-14,14,Hyderabad,Gachibowli,8,8,5.64,96
2026-06-14,15,Hyderabad,Gachibowli,9,9,5.52,108
2026-06-14,16,Hyderabad,Gachibowli,7,7,5.84,84
2026-06-14,17,Hyderabad,Gachibowli,8,8,6.3,96
2026-06-14,18,Hyderabad,Gachibowli,7,7,6.19,84
2026-06-14,19,Hyderabad,Gachibowli,8,8,5.88,96
2026-06-14,20,Hyderabad,Gachibowli,7,7,5.18,84
2026-06-15,7,Ahmedabad,Satellite,9,9,5.7,108
2026-06-15,8,Ahmedabad,Satellite,7,7,6.1,84
2026-06-15,9,Ahmedabad,Satellite,9,9,6.13,108
2026-06-15,10,Ahmedabad,Satellite,9,9,6.51,108
2026-06-15,11,Ahmedabad,Satellite,8,8,5.76,96
2026-06-15,12,Ahmedabad,Satellite,7,7,6.42,84
2026-06-15,13,Ahmedabad,Satellite,7,7,5.9,84
2026-06-15,14,Ahmedabad,Satellite,9,9,6.74,108
2026-06-15,15,Ahmedabad,Satellite,7,7,5.92,84
2026-06-15,16,Ahmedabad,Satellite,7,7,5.73,84
2026-06-15,17,Ahmedabad,Satellite,8,8,6.08,96
2026-06-15,18,Ahmedabad,Satellite,8,8,6.01,96
2026-06-15,19,Ahmedabad,Satellite,8,8,6.35,96
2026-06-15,20,Ahmedabad,Satellite,6,6,6.22,72
2026-06-15,7,Ahmedabad,Navrangpura,6,6,6.18,72
2026-06-15,8,Ahmedabad,Navrangpura,9,9,6.22,108
2026-06-15,9,Ahmedabad,Navrangpura,9,9,6.72,108
2026-06-15,10,Ahmedabad,Navrangpura,9,9,5.51,108
2026-06-15,11,Ahmedabad,Navrangpura,8,8,5.47,96
2026-06-15,12,Ahmedabad,Navrangpura,8,8,5.96,96
2026-06-15,13,Ahmedabad,Navrangpura,6,6,6.05,72
2026-06-15,14,Ahmedabad,Navrangpura,6,6,6.14,72
2026-06-15,15,Ahmedabad,Navrangpura,9,9,5.99,108
2026-06-15,16,Ahmedabad,Navrangpura,9,9,6.56,108
2026-06-15,17,Ahmedabad,Navrangpura,6,6,5.66,72
2026-06-15,18,Ahmedabad,Navrangpura,8,8,6.34,96
2026-06-15,19,Ahmedabad,Navrangpura,8,8,6.06,96
2026-06-15,20,Ahmedabad,Navrangpura,9,9,6.41,108
2026-06-15,7,Jaipur,C-Scheme,7,7,5.79,84
2026-06-15,8,Jaipur,C-Scheme,9,9,5.74,108
2026-06-15,9,Jaipur,C-Scheme,6,6,6.54,72
2026-06-15,10,Jaipur,C-Scheme,7,7,5.32,84
2026-06-15,11,Jaipur,C-Scheme,7,7,5.45,84
2026-06-15,12,Jaipur,C-Scheme,7,7,6.56,84
2026-06-15,13,Jaipur,C-Scheme,7,7,5.87,84
2026-06-15,14,Jaipur,C-Scheme,9,9,5.35,108
2026-06-15,15,Jaipur,C-Scheme,6,6,6.35,72
2026-06-15,16,Jaipur,C-Scheme,8,8,6.1,96
2026-06-15,17,Jaipur,C-Scheme,7,7,5.37,84
2026-06-15,18,Jaipur,C-Scheme,7,7,5.87,84
2026-06-15,19,Jaipur,C-Scheme,8,8,5.6,96
2026-06-15,20,Jaipur,C-Scheme,6,6,6.26,72
2026-06-15,7,Jaipur,Malviya Nagar,9,9,5.79,108
2026-06-15,8,Jaipur,Malviya Nagar,7,7,6.29,84
2026-06-15,9,Jaipur,Malviya Nagar,6,6,6.46,72
2026-06-15,10,Jaipur,Malviya Nagar,9,9,6.81,108
2026-06-15,11,Jaipur,Malviya Nagar,7,7,6.31,84
2026-06-15,12,Jaipur,Malviya Nagar,7,7,6.52,84
2026-06-15,13,Jaipur,Malviya Nagar,9,9,5.77,108
2026-06-15,14,Jaipur,Malviya Nagar,8,8,5.77,96
2026-06-15,15,Jaipur,Malviya Nagar,9,9,5.86,108
2026-06-15,16,Jaipur,Malviya Nagar,6,6,5.92,72
2026-06-15,17,Jaipur,Malviya Nagar,8,8,5.24,96
2026-06-15,18,Jaipur,Malviya Nagar,7,7,5.61,84
2026-06-15,19,Jaipur,Malviya Nagar,8,8,6.22,96
2026-06-15,20,Jaipur,Malviya Nagar,6,6,5.58,72
2026-06-15,7,Delhi,Connaught Place,8,8,6.53,96
2026-06-15,8,Delhi,Connaught Place,6,6,5.98,72
2026-06-15,9,Delhi,Connaught Place,6,6,6.35,72
2026-06-15,10,Delhi,Connaught Place,9,9,6.69,108
2026-06-15,11,Delhi,Connaught Place,8,8,6.02,96
2026-06-15,12,Delhi,Connaught Place,9,9,6.44,108
2026-06-15,13,Delhi,Connaught Place,7,7,5.3,84
2026-06-15,14,Delhi,Connaught Place,7,7,6.18,84
2026-06-15,15,Delhi,Connaught Place,9,9,5.49,108
2026-06-15,16,Delhi,Connaught Place,7,7,5.31,84
2026-06-15,17,Delhi,Connaught Place,6,6,5.67,72
2026-06-15,18,Delhi,Connaught Place,6,6,6.13,72
2026-06-15,19,Delhi,Connaught Place,9,9,6.06,108
2026-06-15,20,Delhi,Connaught Place,7,7,6.12,84
2026-06-15,7,Delhi,Saket,9,9,6.06,108
2026-06-15,8,Delhi,Saket,9,9,5.7,108
2026-06-15,9,Delhi,Saket,9,9,5.96,108
2026-06-15,10,Delhi,Saket,8,8,5.95,96
2026-06-15,11,Delhi,Saket,7,7,6.44,84
2026-06-15,12,Delhi,Saket,9,9,6.14,108
2026-06-15,13,Delhi,Saket,8,8,5.13,96
2026-06-15,14,Delhi,Saket,9,9,5.69,108
2026-06-15,15,Delhi,Saket,6,6,5.71,72
2026-06-15,16,Delhi,Saket,8,8,6.1,96
2026-06-15,17,Delhi,Saket,7,7,6.74,84
2026-06-15,18,Delhi,Saket,8,8,6.19,96
2026-06-15,19,Delhi,Saket,9,9,6.29,108
2026-06-15,20,Delhi,Saket,6,6,6.43,72
2026-06-15,7,Mumbai,Bandra,9,9,5.57,108
2026-06-15,15,Mumbai,Bandra,9,9,6.24,108
2026-06-15,19,Mumbai,Bandra,7,7,6.36,84
2026-06-15,7,Mumbai,Andheri,6,6,6.69,72
2026-06-15,8,Mumbai,Andheri,9,9,5.81,108
2026-06-15,9,Mumbai,Andheri,9,9,5.9,108
2026-06-15,10,Mumbai,Andheri,7,7,6.41,84
2026-06-15,11,Mumbai,Andheri,8,8,5.21,96
2026-06-15,12,Mumbai,Andheri,9,9,5.61,108
2026-06-15,13,Mumbai,Andheri,9,9,5.29,108
2026-06-15,14,Mumbai,Andheri,9,9,6.35,108
2026-06-15,15,Mumbai,Andheri,7,7,5.9,84
2026-06-15,16,Mumbai,Andheri,8,8,6.34,96
2026-06-15,17,Mumbai,Andheri,9,9,6.08,108
2026-06-15,18,Mumbai,Andheri,9,9,5.99,108
2026-06-15,19,Mumbai,Andheri,7,7,6.22,84
2026-06-15,20,Mumbai,Andheri,6,6,6.35,72
2026-06-15,7,Bengaluru,Indiranagar,7,7,6.17,84
2026-06-15,8,Bengaluru,Indiranagar,6,6,5.98,72
2026-06-15,9,Bengaluru,Indiranagar,8,8,6.36,96
2026-06-15,10,Bengaluru,Indiranagar,8,8,5.49,96
2026-06-15,11,Bengaluru,Indiranagar,7,7,6.3,84
2026-06-15,12,Bengaluru,Indiranagar,8,8,5.54,96
2026-06-15,13,Bengaluru,Indiranagar,6,6,6.85,72
2026-06-15,14,Bengaluru,Indiranagar,7,7,5.97,84
2026-06-15,15,Bengaluru,Indiranagar,9,9,6.32,108
2026-06-15,16,Bengaluru,Indiranagar,8,8,5.69,96
2026-06-15,17,Bengaluru,Indiranagar,8,8,6.21,96
2026-06-15,18,Bengaluru,Indiranagar,8,8,5.63,96
2026-06-15,19,Bengaluru,Indiranagar,7,7,5.67,84
2026-06-15,20,Bengaluru,Indiranagar,9,9,6.28,108
2026-06-15,7,Bengaluru,Koramangala,7,7,4.96,84
2026-06-15,8,Bengaluru,Koramangala,9,9,6.15,108
2026-06-15,9,Bengaluru,Koramangala,7,7,6.57,84
2026-06-15,10,Bengaluru,Koramangala,7,7,6.16,84
2026-06-15,11,Bengaluru,Koramangala,9,9,5.72,108
2026-06-15,12,Bengaluru,Koramangala,9,9,5.68,108
2026-06-15,13,Bengaluru,Koramangala,8,8,5.86,96
2026-06-15,14,Bengaluru,Koramangala,7,7,6.54,84
2026-06-15,15,Bengaluru,Koramangala,6,6,5.51,72
2026-06-15,16,Bengaluru,Koramangala,7,7,5.67,84
2026-06-15,17,Bengaluru,Koramangala,9,9,5.93,108
2026-06-15,18,Bengaluru,Koramangala,6,6,5.91,72
2026-06-15,19,Bengaluru,Koramangala,6,6,5.63,72
2026-06-15,20,Bengaluru,Koramangala,6,6,5.11,72
2026-06-15,7,Hyderabad,Banjara Hills,6,6,6.1,72
2026-06-15,8,Hyderabad,Banjara Hills,9,9,5.9,108
2026-06-15,9,Hyderabad,Banjara Hills,6,6,6.41,72
2026-06-15,10,Hyderabad,Banjara Hills,7,7,6.07,84
2026-06-15,11,Hyderabad,Banjara Hills,9,9,6.17,108
2026-06-15,12,Hyderabad,Banjara Hills,7,7,5.48,84
2026-06-15,13,Hyderabad,Banjara Hills,7,7,6.36,84
2026-06-15,14,Hyderabad,Banjara Hills,9,9,6.46,108
2026-06-15,15,Hyderabad,Banjara Hills,7,7,6.21,84
2026-06-15,16,Hyderabad,Banjara Hills,6,6,5.31,72
2026-06-15,17,Hyderabad,Banjara Hills,6,6,5.62,72
2026-06-15,18,Hyderabad,Banjara Hills,9,9,6.51,108
2026-06-15,19,Hyderabad,Banjara Hills,6,6,5.62,72
2026-06-15,20,Hyderabad,Banjara Hills,8,8,5.98,96
2026-06-15,7,Hyderabad,Gachibowli,6,6,6.36,72
2026-06-15,8,Hyderabad,Gachibowli,9,9,5.33,108
2026-06-15,9,Hyderabad,Gachibowli,7,7,6.02,84
2026-06-15,10,Hyderabad,Gachibowli,9,9,4.99,108
2026-06-15,11,Hyderabad,Gachibowli,7,7,6.24,84
2026-06-15,12,Hyderabad,Gachibowli,7,7,6.49,84
2026-06-15,13,Hyderabad,Gachibowli,7,7,6.06,84
2026-06-15,14,Hyderabad,Gachibowli,8,8,6.26,96
2026-06-15,15,Hyderabad,Gachibowli,9,9,6.37,108
2026-06-15,16,Hyderabad,Gachibowli,8,8,6.11,96
2026-06-15,17,Hyderabad,Gachibowli,7,7,6.06,84
2026-06-15,18,Hyderabad,Gachibowli,9,9,5.94,108
2026-06-15,19,Hyderabad,Gachibowli,7,7,5.86,84
2026-06-15,20,Hyderabad,Gachibowli,9,9,6.09,108
2026-06-16,7,Ahmedabad,Satellite,6,6,5.62,72
2026-06-16,8,Ahmedabad,Satellite,9,9,6.07,108
2026-06-16,9,Ahmedabad,Satellite,8,8,6.32,96
2026-06-16,10,Ahmedabad,Satellite,8,8,6.24,96
2026-06-16,11,Ahmedabad,Satellite,6,6,6.09,72
2026-06-16,12,Ahmedabad,Satellite,6,6,5.69,72
2026-06-16,13,Ahmedabad,Satellite,8,8,5.76,96
2026-06-16,14,Ahmedabad,Satellite,7,7,5.98,84
2026-06-16,15,Ahmedabad,Satellite,9,9,6.06,108
2026-06-16,16,Ahmedabad,Satellite,8,8,6.36,96
2026-06-16,17,Ahmedabad,Satellite,9,9,5.85,108
2026-06-16,18,Ahmedabad,Satellite,7,7,6.66,84
2026-06-16,19,Ahmedabad,Satellite,6,6,5.82,72
2026-06-16,20,Ahmedabad,Satellite,6,6,5.57,72
2026-06-16,7,Ahmedabad,Navrangpura,8,8,5.83,96
2026-06-16,8,Ahmedabad,Navrangpura,6,6,6.24,72
2026-06-16,9,Ahmedabad,Navrangpura,7,7,5.48,84
2026-06-16,10,Ahmedabad,Navrangpura,7,7,5.76,84
2026-06-16,11,Ahmedabad,Navrangpura,6,6,6.3,72
2026-06-16,12,Ahmedabad,Navrangpura,6,6,6.97,72
2026-06-16,13,Ahmedabad,Navrangpura,6,6,5.6,72
2026-06-16,14,Ahmedabad,Navrangpura,6,6,5.96,72
2026-06-16,15,Ahmedabad,Navrangpura,9,9,5.79,108
2026-06-16,16,Ahmedabad,Navrangpura,6,6,6.19,72
2026-06-16,17,Ahmedabad,Navrangpura,7,7,6.22,84
2026-06-16,18,Ahmedabad,Navrangpura,8,8,5.81,96
2026-06-16,19,Ahmedabad,Navrangpura,9,9,6.59,108
2026-06-16,20,Ahmedabad,Navrangpura,9,9,5.5,108
2026-06-16,7,Jaipur,C-Scheme,6,6,6.32,72
2026-06-16,8,Jaipur,C-Scheme,8,8,6.07,96
2026-06-16,9,Jaipur,C-Scheme,8,8,6.54,96
2026-06-16,10,Jaipur,C-Scheme,9,9,5.92,108
2026-06-16,11,Jaipur,C-Scheme,6,6,5.88,72
2026-06-16,12,Jaipur,C-Scheme,8,8,5.85,96
2026-06-16,13,Jaipur,C-Scheme,9,9,6.07,108
2026-06-16,14,Jaipur,C-Scheme,8,8,5.76,96
2026-06-16,15,Jaipur,C-Scheme,9,9,6.21,108
2026-06-16,16,Jaipur,C-Scheme,6,6,6.65,72
2026-06-16,17,Jaipur,C-Scheme,7,7,5.68,84
2026-06-16,18,Jaipur,C-Scheme,8,8,5.41,96
2026-06-16,19,Jaipur,C-Scheme,8,8,6.26,96
2026-06-16,20,Jaipur,C-Scheme,8,8,5.72,96
2026-06-16,7,Jaipur,Malviya Nagar,9,9,6.54,108
2026-06-16,8,Jaipur,Malviya Nagar,6,6,5.46,72
2026-06-16,9,Jaipur,Malviya Nagar,7,7,5.95,84
2026-06-16,10,Jaipur,Malviya Nagar,8,8,5.57,96
2026-06-16,11,Jaipur,Malviya Nagar,8,8,6.28,96
2026-06-16,12,Jaipur,Malviya Nagar,8,8,5.45,96
2026-06-16,13,Jaipur,Malviya Nagar,7,7,6.47,84
2026-06-16,14,Jaipur,Malviya Nagar,6,6,6.16,72
2026-06-16,15,Jaipur,Malviya Nagar,7,7,5.73,84
2026-06-16,16,Jaipur,Malviya Nagar,9,9,6.33,108
2026-06-16,17,Jaipur,Malviya Nagar,6,6,6.1,72
2026-06-16,18,Jaipur,Malviya Nagar,9,9,6.01,108
2026-06-16,19,Jaipur,Malviya Nagar,7,7,5.77,84
2026-06-16,20,Jaipur,Malviya Nagar,6,6,5.8,72
2026-06-16,7,Delhi,Connaught Place,8,8,6.17,96
2026-06-16,8,Delhi,Connaught Place,8,8,5.83,96
2026-06-16,9,Delhi,Connaught Place,6,6,5.69,72
2026-06-16,10,Delhi,Connaught Place,9,9,6.21,108
2026-06-16,11,Delhi,Connaught Place,6,6,5.59,72
2026-06-16,12,Delhi,Connaught Place,7,7,6.36,84
2026-06-16,13,Delhi,Connaught Place,9,9,6.38,108
2026-06-16,14,Delhi,Connaught Place,6,6,5.86,72
2026-06-16,15,Delhi,Connaught Place,7,7,6.06,84
2026-06-16,16,Delhi,Connaught Place,6,6,6.55,72
2026-06-16,17,Delhi,Connaught Place,6,6,6.46,72
2026-06-16,18,Delhi,Connaught Place,7,7,5.75,84
2026-06-16,19,Delhi,Connaught Place,7,7,6.3,84
2026-06-16,20,Delhi,Connaught Place,7,7,6.55,84
2026-06-16,7,Delhi,Saket,9,9,6.01,108
2026-06-16,8,Delhi,Saket,9,9,6.29,108
2026-06-16,9,Delhi,Saket,7,7,6.06,84
2026-06-16,10,Delhi,Saket,8,8,6.08,96
2026-06-16,11,Delhi,Saket,9,9,5.68,108
2026-06-16,12,Delhi,Saket,8,8,5.73,96
2026-06-16,13,Delhi,Saket,6,6,5.36,72
2026-06-16,14,Delhi,Saket,9,9,6.06,108
2026-06-16,15,Delhi,Saket,7,7,6.3,84
2026-06-16,16,Delhi,Saket,6,6,6.5,72
2026-06-16,17,Delhi,Saket,9,9,6.57,108
2026-06-16,18,Delhi,Saket,6,6,5.7,72
2026-06-16,19,Delhi,Saket,7,7,6.37,84
2026-06-16,20,Delhi,Saket,6,6,6.55,72
2026-06-16,8,Mumbai,Bandra,9,9,5.2,108
2026-06-16,11,Mumbai,Bandra,9,9,6.36,108
2026-06-16,12,Mumbai,Bandra,9,9,5.77,108
2026-06-16,14,Mumbai,Bandra,8,8,5.68,96
2026-06-16,17,Mumbai,Bandra,9,9,5.92,108
2026-06-16,18,Mumbai,Bandra,7,7,5.63,84
2026-06-16,20,Mumbai,Bandra,8,8,5.79,96
2026-06-16,7,Mumbai,Andheri,8,8,5.69,96
2026-06-16,8,Mumbai,Andheri,6,6,6.18,72
2026-06-16,9,Mumbai,Andheri,7,7,6.19,84
2026-06-16,10,Mumbai,Andheri,9,9,5.1,108
2026-06-16,11,Mumbai,Andheri,6,6,5.94,72
2026-06-16,12,Mumbai,Andheri,7,7,4.88,84
2026-06-16,13,Mumbai,Andheri,7,7,5.65,84
2026-06-16,14,Mumbai,Andheri,6,6,5.74,72
2026-06-16,15,Mumbai,Andheri,9,9,5.73,108
2026-06-16,16,Mumbai,Andheri,7,7,5.67,84
2026-06-16,17,Mumbai,Andheri,9,9,6.33,108
2026-06-16,18,Mumbai,Andheri,7,7,6.48,84
2026-06-16,19,Mumbai,Andheri,7,7,5.99,84
2026-06-16,20,Mumbai,Andheri,6,6,5.55,72
2026-06-16,7,Bengaluru,Indiranagar,7,7,6.09,84
2026-06-16,8,Bengaluru,Indiranagar,6,6,5.91,72
2026-06-16,9,Bengaluru,Indiranagar,8,8,6.12,96
2026-06-16,10,Bengaluru,Indiranagar,8,8,5.58,96
2026-06-16,11,Bengaluru,Indiranagar,9,9,5.92,108
2026-06-16,12,Bengaluru,Indiranagar,8,8,6.67,96
2026-06-16,13,Bengaluru,Indiranagar,8,8,6.79,96
2026-06-16,14,Bengaluru,Indiranagar,9,9,6.47,108
2026-06-16,15,Bengaluru,Indiranagar,8,8,5.71,96
2026-06-16,16,Bengaluru,Indiranagar,6,6,5.72,72
2026-06-16,17,Bengaluru,Indiranagar,8,8,6.06,96
2026-06-16,18,Bengaluru,Indiranagar,9,9,5.76,108
2026-06-16,19,Bengaluru,Indiranagar,9,9,6.02,108
2026-06-16,20,Bengaluru,Indiranagar,8,8,6.34,96
2026-06-16,7,Bengaluru,Koramangala,8,8,6.4,96
2026-06-16,8,Bengaluru,Koramangala,9,9,6.2,108
2026-06-16,9,Bengaluru,Koramangala,8,8,6.39,96
2026-06-16,10,Bengaluru,Koramangala,7,7,5.97,84
2026-06-16,11,Bengaluru,Koramangala,8,8,6.71,96
2026-06-16,12,Bengaluru,Koramangala,8,8,5.88,96
2026-06-16,13,Bengaluru,Koramangala,9,9,5.85,108
2026-06-16,14,Bengaluru,Koramangala,8,8,5.26,96
2026-06-16,15,Bengaluru,Koramangala,6,6,6.16,72
2026-06-16,16,Bengaluru,Koramangala,7,7,6.28,84
2026-06-16,17,Bengaluru,Koramangala,9,9,6.46,108
2026-06-16,18,Bengaluru,Koramangala,7,7,6.16,84
2026-06-16,19,Bengaluru,Koramangala,6,6,6.24,72
2026-06-16,20,Bengaluru,Koramangala,7,7,6.07,84
2026-06-16,7,Hyderabad,Banjara Hills,7,7,6.19,84
2026-06-16,8,Hyderabad,Banjara Hills,9,9,6.03,108
2026-06-16,9,Hyderabad,Banjara Hills,8,8,5.93,96
2026-06-16,10,Hyderabad,Banjara Hills,7,7,6.57,84
2026-06-16,11,Hyderabad,Banjara Hills,6,6,6.08,72
2026-06-16,12,Hyderabad,Banjara Hills,8,8,6.02,96
2026-06-16,13,Hyderabad,Banjara Hills,7,7,6.69,84
2026-06-16,14,Hyderabad,Banjara Hills,6,6,6.41,72
2026-06-16,15,Hyderabad,Banjara Hills,6,6,5.09,72
2026-06-16,16,Hyderabad,Banjara Hills,6,6,6.02,72
2026-06-16,17,Hyderabad,Banjara Hills,7,7,6.27,84
2026-06-16,18,Hyderabad,Banjara Hills,8,8,5.82,96
2026-06-16,19,Hyderabad,Banjara Hills,9,9,6.25,108
2026-06-16,20,Hyderabad,Banjara Hills,8,8,5.69,96
2026-06-16,7,Hyderabad,Gachibowli,9,9,6.08,108
2026-06-16,8,Hyderabad,Gachibowli,8,8,6.54,96
2026-06-16,9,Hyderabad,Gachibowli,8,8,6.43,96
2026-06-16,10,Hyderabad,Gachibowli,9,9,6.03,108
2026-06-16,11,Hyderabad,Gachibowli,9,9,5.3,108
2026-06-16,12,Hyderabad,Gachibowli,8,8,6.81,96
2026-06-16,13,Hyderabad,Gachibowli,8,8,6.18,96
2026-06-16,14,Hyderabad,Gachibowli,8,8,6.33,96
2026-06-16,15,Hyderabad,Gachibowli,7,7,5.92,84
2026-06-16,16,Hyderabad,Gachibowli,8,8,5.76,96
2026-06-16,17,Hyderabad,Gachibowli,6,6,6.22,72
2026-06-16,18,Hyderabad,Gachibowli,6,6,6.17,72
2026-06-16,19,Hyderabad,Gachibowli,8,8,6.04,96
2026-06-16,20,Hyderabad,Gachibowli,9,9,5.4,108
2026-06-17,7,Ahmedabad,Satellite,6,6,5.51,72
2026-06-17,8,Ahmedabad,Satellite,9,9,5.78,108
2026-06-17,9,Ahmedabad,Satellite,7,7,6.17,84
2026-06-17,10,Ahmedabad,Satellite,9,9,5.42,108
2026-06-17,11,Ahmedabad,Satellite,7,7,5.41,84
2026-06-17,12,Ahmedabad,Satellite,7,7,6.25,84
2026-06-17,13,Ahmedabad,Satellite,9,9,5.51,108
2026-06-17,14,Ahmedabad,Satellite,7,7,6.4,84
2026-06-17,15,Ahmedabad,Satellite,7,7,5.74,84
2026-06-17,16,Ahmedabad,Satellite,8,8,5.21,96
2026-06-17,17,Ahmedabad,Satellite,8,8,5.76,96
2026-06-17,18,Ahmedabad,Satellite,8,8,6.62,96
2026-06-17,19,Ahmedabad,Satellite,6,6,5.6,72
2026-06-17,20,Ahmedabad,Satellite,9,9,6.06,108
2026-06-17,7,Ahmedabad,Navrangpura,9,9,6.21,108
2026-06-17,8,Ahmedabad,Navrangpura,9,9,5.61,108
2026-06-17,9,Ahmedabad,Navrangpura,8,8,6.15,96
2026-06-17,10,Ahmedabad,Navrangpura,6,6,6.7,72
2026-06-17,11,Ahmedabad,Navrangpura,9,9,5.58,108
2026-06-17,12,Ahmedabad,Navrangpura,8,8,5.76,96
2026-06-17,13,Ahmedabad,Navrangpura,8,8,6.47,96
2026-06-17,14,Ahmedabad,Navrangpura,9,9,5.13,108
2026-06-17,15,Ahmedabad,Navrangpura,8,8,5.81,96
2026-06-17,16,Ahmedabad,Navrangpura,6,6,5.23,72
2026-06-17,17,Ahmedabad,Navrangpura,6,6,5.77,72
2026-06-17,18,Ahmedabad,Navrangpura,6,6,6.02,72
2026-06-17,19,Ahmedabad,Navrangpura,6,6,6.14,72
2026-06-17,20,Ahmedabad,Navrangpura,8,8,6.38,96
2026-06-17,7,Jaipur,C-Scheme,9,9,5.72,108
2026-06-17,8,Jaipur,C-Scheme,6,6,5.93,72
2026-06-17,9,Jaipur,C-Scheme,8,8,6.41,96
2026-06-17,10,Jaipur,C-Scheme,9,9,5.94,108
2026-06-17,11,Jaipur,C-Scheme,9,9,6.13,108
2026-06-17,12,Jaipur,C-Scheme,8,8,6.19,96
2026-06-17,13,Jaipur,C-Scheme,7,7,5.73,84
2026-06-17,14,Jaipur,C-Scheme,6,6,5.73,72
2026-06-17,15,Jaipur,C-Scheme,9,9,5.84,108
2026-06-17,16,Jaipur,C-Scheme,7,7,5.82,84
2026-06-17,17,Jaipur,C-Scheme,7,7,5.45,84
2026-06-17,18,Jaipur,C-Scheme,6,6,6.82,72
2026-06-17,19,Jaipur,C-Scheme,9,9,6.35,108
2026-06-17,20,Jaipur,C-Scheme,6,6,5.96,72
2026-06-17,7,Jaipur,Malviya Nagar,9,9,5.89,108
2026-06-17,8,Jaipur,Malviya Nagar,6,6,6.34,72
2026-06-17,9,Jaipur,Malviya Nagar,6,6,5.77,72
2026-06-17,10,Jaipur,Malviya Nagar,8,8,6.73,96
2026-06-17,11,Jaipur,Malviya Nagar,9,9,5.73,108
2026-06-17,12,Jaipur,Malviya Nagar,9,9,5.4,108
2026-06-17,13,Jaipur,Malviya Nagar,9,9,5.78,108
2026-06-17,14,Jaipur,Malviya Nagar,9,9,6.82,108
2026-06-17,15,Jaipur,Malviya Nagar,9,9,6.06,108
2026-06-17,16,Jaipur,Malviya Nagar,7,7,6.07,84
2026-06-17,17,Jaipur,Malviya Nagar,9,9,5.12,108
2026-06-17,18,Jaipur,Malviya Nagar,9,9,6.09,108
2026-06-17,19,Jaipur,Malviya Nagar,8,8,5.91,96
2026-06-17,20,Jaipur,Malviya Nagar,6,6,6.06,72
2026-06-17,7,Delhi,Connaught Place,6,6,6.08,72
2026-06-17,8,Delhi,Connaught Place,8,8,5.99,96
2026-06-17,9,Delhi,Connaught Place,8,8,6.15,96
2026-06-17,10,Delhi,Connaught Place,8,8,6.29,96
2026-06-17,11,Delhi,Connaught Place,9,9,6.75,108
2026-06-17,12,Delhi,Connaught Place,9,9,6.53,108
2026-06-17,13,Delhi,Connaught Place,6,6,6.33,72
2026-06-17,14,Delhi,Connaught Place,6,6,6.01,72
2026-06-17,15,Delhi,Connaught Place,7,7,6.63,84
2026-06-17,16,Delhi,Connaught Place,8,8,6.32,96
2026-06-17,17,Delhi,Connaught Place,6,6,5.98,72
2026-06-17,18,Delhi,Connaught Place,9,9,6.23,108
2026-06-17,19,Delhi,Connaught Place,7,7,5.97,84
2026-06-17,20,Delhi,Connaught Place,6,6,5.77,72
2026-06-17,7,Delhi,Saket,8,8,5.57,96
2026-06-17,8,Delhi,Saket,8,8,5.62,96
2026-06-17,9,Delhi,Saket,9,9,5.62,108
2026-06-17,10,Delhi,Saket,7,7,6.5,84
2026-06-17,11,Delhi,Saket,6,6,5.97,72
2026-06-17,12,Delhi,Saket,9,9,6.2,108
2026-06-17,13,Delhi,Saket,6,6,5.52,72
2026-06-17,14,Delhi,Saket,6,6,6.89,72
2026-06-17,15,Delhi,Saket,6,6,6.14,72
2026-06-17,16,Delhi,Saket,8,8,5.66,96
2026-06-17,17,Delhi,Saket,7,7,5.72,84
2026-06-17,18,Delhi,Saket,7,7,6.04,84
2026-06-17,19,Delhi,Saket,7,7,5.86,84
2026-06-17,20,Delhi,Saket,9,9,5.42,108
2026-06-17,7,Mumbai,Bandra,8,8,6.1,96
2026-06-17,9,Mumbai,Bandra,6,6,5.38,72
2026-06-17,10,Mumbai,Bandra,7,7,5.97,84
2026-06-17,11,Mumbai,Bandra,7,7,6.28,84
2026-06-17,14,Mumbai,Bandra,9,9,6.72,108
2026-06-17,15,Mumbai,Bandra,8,8,6.44,96
2026-06-17,18,Mumbai,Bandra,9,9,5.65,108
2026-06-17,20,Mumbai,Bandra,6,6,6.24,72
2026-06-17,7,Mumbai,Andheri,8,8,6.48,96
2026-06-17,8,Mumbai,Andheri,9,9,6.65,108
2026-06-17,9,Mumbai,Andheri,9,9,5.52,108
2026-06-17,10,Mumbai,Andheri,6,6,7.17,72
2026-06-17,11,Mumbai,Andheri,6,6,6.09,72
2026-06-17,12,Mumbai,Andheri,6,6,6.01,72
2026-06-17,13,Mumbai,Andheri,9,9,5.23,108
2026-06-17,14,Mumbai,Andheri,8,8,5.69,96
2026-06-17,15,Mumbai,Andheri,7,7,5.71,84
2026-06-17,16,Mumbai,Andheri,9,9,5.77,108
2026-06-17,17,Mumbai,Andheri,9,9,5.9,108
2026-06-17,18,Mumbai,Andheri,7,7,6.11,84
2026-06-17,19,Mumbai,Andheri,8,8,6.24,96
2026-06-17,20,Mumbai,Andheri,8,8,5.81,96
2026-06-17,7,Bengaluru,Indiranagar,9,9,6.18,108
2026-06-17,8,Bengaluru,Indiranagar,9,9,5.49,108
2026-06-17,9,Bengaluru,Indiranagar,6,6,5.93,72
2026-06-17,10,Bengaluru,Indiranagar,6,6,5.91,72
2026-06-17,11,Bengaluru,Indiranagar,8,8,6.25,96
2026-06-17,12,Bengaluru,Indiranagar,7,7,6.21,84
2026-06-17,13,Bengaluru,Indiranagar,7,7,6.03,84
2026-06-17,14,Bengaluru,Indiranagar,7,7,5.14,84
2026-06-17,15,Bengaluru,Indiranagar,6,6,6.2,72
2026-06-17,16,Bengaluru,Indiranagar,7,7,5.61,84
2026-06-17,17,Bengaluru,Indiranagar,8,8,6.26,96
2026-06-17,18,Bengaluru,Indiranagar,7,7,6.47,84
2026-06-17,19,Bengaluru,Indiranagar,7,7,6.13,84
2026-06-17,20,Bengaluru,Indiranagar,7,7,6.38,84
2026-06-17,7,Bengaluru,Koramangala,7,7,6.16,84
2026-06-17,8,Bengaluru,Koramangala,9,9,5.75,108
2026-06-17,9,Bengaluru,Koramangala,6,6,5.36,72
2026-06-17,10,Bengaluru,Koramangala,9,9,6.33,108
2026-06-17,11,Bengaluru,Koramangala,6,6,6.39,72
2026-06-17,12,Bengaluru,Koramangala,8,8,5.69,96
2026-06-17,13,Bengaluru,Koramangala,7,7,6.54,84
2026-06-17,14,Bengaluru,Koramangala,6,6,6.04,72
2026-06-17,15,Bengaluru,Koramangala,7,7,6.17,84
2026-06-17,16,Bengaluru,Koramangala,7,7,5.58,84
2026-06-17,17,Bengaluru,Koramangala,9,9,5.26,108
2026-06-17,18,Bengaluru,Koramangala,7,7,5.73,84
2026-06-17,19,Bengaluru,Koramangala,7,7,6.33,84
2026-06-17,20,Bengaluru,Koramangala,9,9,6.16,108
2026-06-17,7,Hyderabad,Banjara Hills,8,8,6.59,96
2026-06-17,8,Hyderabad,Banjara Hills,9,9,5.87,108
2026-06-17,9,Hyderabad,Banjara Hills,9,9,6.03,108
2026-06-17,10,Hyderabad,Banjara Hills,9,9,5.97,108
2026-06-17,11,Hyderabad,Banjara Hills,8,8,6.83,96
2026-06-17,12,Hyderabad,Banjara Hills,9,9,5.83,108
2026-06-17,13,Hyderabad,Banjara Hills,8,8,6.13,96
2026-06-17,14,Hyderabad,Banjara Hills,8,8,6.13,96
2026-06-17,15,Hyderabad,Banjara Hills,7,7,5.87,84
2026-06-17,16,Hyderabad,Banjara Hills,9,9,4.57,108
2026-06-17,17,Hyderabad,Banjara Hills,6,6,5.72,72
2026-06-17,18,Hyderabad,Banjara Hills,6,6,5.9,72
2026-06-17,19,Hyderabad,Banjara Hills,9,9,5.69,108
2026-06-17,20,Hyderabad,Banjara Hills,6,6,6.1,72
2026-06-17,7,Hyderabad,Gachibowli,7,7,5.71,84
2026-06-17,8,Hyderabad,Gachibowli,6,6,6.06,72
2026-06-17,9,Hyderabad,Gachibowli,6,6,6.37,72
2026-06-17,10,Hyderabad,Gachibowli,7,7,5.46,84
2026-06-17,11,Hyderabad,Gachibowli,6,6,6.29,72
2026-06-17,12,Hyderabad,Gachibowli,9,9,5.74,108
2026-06-17,13,Hyderabad,Gachibowli,9,9,5.76,108
2026-06-17,14,Hyderabad,Gachibowli,6,6,5.96,72
2026-06-17,15,Hyderabad,Gachibowli,7,7,5.92,84
2026-06-17,16,Hyderabad,Gachibowli,7,7,5.59,84
2026-06-17,17,Hyderabad,Gachibowli,6,6,6.53,72
2026-06-17,18,Hyderabad,Gachibowli,7,7,5.24,84
2026-06-17,19,Hyderabad,Gachibowli,6,6,6.4,72
2026-06-17,20,Hyderabad,Gachibowli,7,7,6.63,84
2026-06-18,7,Ahmedabad,Satellite,8,8,6.33,96
2026-06-18,8,Ahmedabad,Satellite,9,9,6.66,108
2026-06-18,9,Ahmedabad,Satellite,6,6,6.63,72
2026-06-18,10,Ahmedabad,Satellite,8,8,5.93,96
2026-06-18,11,Ahmedabad,Satellite,6,6,5.71,72
2026-06-18,12,Ahmedabad,Satellite,9,9,6.4,108
2026-06-18,13,Ahmedabad,Satellite,8,8,6.69,96
2026-06-18,14,Ahmedabad,Satellite,6,6,6.58,72
2026-06-18,15,Ahmedabad,Satellite,7,7,7.24,84
2026-06-18,16,Ahmedabad,Satellite,8,8,6.54,96
2026-06-18,17,Ahmedabad,Satellite,8,8,5.6,96
2026-06-18,18,Ahmedabad,Satellite,9,9,5.39,108
2026-06-18,19,Ahmedabad,Satellite,6,6,5.63,72
2026-06-18,20,Ahmedabad,Satellite,9,9,6.55,108
2026-06-18,7,Ahmedabad,Navrangpura,6,6,5.75,72
2026-06-18,8,Ahmedabad,Navrangpura,8,8,5.95,96
2026-06-18,9,Ahmedabad,Navrangpura,7,7,6.32,84
2026-06-18,10,Ahmedabad,Navrangpura,9,9,5.65,108
2026-06-18,11,Ahmedabad,Navrangpura,9,9,6.12,108
2026-06-18,12,Ahmedabad,Navrangpura,7,7,5.66,84
2026-06-18,13,Ahmedabad,Navrangpura,8,8,5.88,96
2026-06-18,14,Ahmedabad,Navrangpura,7,7,5.6,84
2026-06-18,15,Ahmedabad,Navrangpura,8,8,6.02,96
2026-06-18,16,Ahmedabad,Navrangpura,6,6,6.16,72
2026-06-18,17,Ahmedabad,Navrangpura,6,6,6.32,72
2026-06-18,18,Ahmedabad,Navrangpura,6,6,6.87,72
2026-06-18,19,Ahmedabad,Navrangpura,6,6,6.14,72
2026-06-18,20,Ahmedabad,Navrangpura,9,9,5.69,108
2026-06-18,7,Jaipur,C-Scheme,6,6,6.5,72
2026-06-18,8,Jaipur,C-Scheme,8,8,6.11,96
2026-06-18,9,Jaipur,C-Scheme,6,6,5.61,72
2026-06-18,10,Jaipur,C-Scheme,7,7,6.3,84
2026-06-18,11,Jaipur,C-Scheme,7,7,5.47,84
2026-06-18,12,Jaipur,C-Scheme,9,9,6.0,108
2026-06-18,13,Jaipur,C-Scheme,9,9,6.15,108
2026-06-18,14,Jaipur,C-Scheme,6,6,5.82,72
2026-06-18,15,Jaipur,C-Scheme,8,8,5.66,96
2026-06-18,16,Jaipur,C-Scheme,7,7,6.25,84
2026-06-18,17,Jaipur,C-Scheme,7,7,6.24,84
2026-06-18,18,Jaipur,C-Scheme,6,6,6.47,72
2026-06-18,19,Jaipur,C-Scheme,7,7,5.74,84
2026-06-18,20,Jaipur,C-Scheme,9,9,5.32,108
2026-06-18,7,Jaipur,Malviya Nagar,9,9,5.93,108
2026-06-18,8,Jaipur,Malviya Nagar,8,8,5.96,96
2026-06-18,9,Jaipur,Malviya Nagar,7,7,5.65,84
2026-06-18,10,Jaipur,Malviya Nagar,9,9,6.61,108
2026-06-18,11,Jaipur,Malviya Nagar,6,6,5.5,72
2026-06-18,12,Jaipur,Malviya Nagar,9,9,5.82,108
2026-06-18,13,Jaipur,Malviya Nagar,6,6,5.75,72
2026-06-18,14,Jaipur,Malviya Nagar,7,7,5.68,84
2026-06-18,15,Jaipur,Malviya Nagar,9,9,6.44,108
2026-06-18,16,Jaipur,Malviya Nagar,6,6,6.47,72
2026-06-18,17,Jaipur,Malviya Nagar,8,8,6.18,96
2026-06-18,18,Jaipur,Malviya Nagar,8,8,6.0,96
2026-06-18,19,Jaipur,Malviya Nagar,7,7,5.88,84
2026-06-18,20,Jaipur,Malviya Nagar,8,8,5.49,96
2026-06-18,7,Delhi,Connaught Place,6,6,6.62,72
2026-06-18,8,Delhi,Connaught Place,6,6,5.84,72
2026-06-18,9,Delhi,Connaught Place,6,6,6.42,72
2026-06-18,10,Delhi,Connaught Place,8,8,6.49,96
2026-06-18,11,Delhi,Connaught Place,7,7,5.94,84
2026-06-18,12,Delhi,Connaught Place,6,6,5.98,72
2026-06-18,13,Delhi,Connaught Place,7,7,6.15,84
2026-06-18,14,Delhi,Connaught Place,9,9,5.72,108
2026-06-18,15,Delhi,Connaught Place,8,8,5.96,96
2026-06-18,16,Delhi,Connaught Place,9,9,5.4,108
2026-06-18,17,Delhi,Connaught Place,6,6,6.37,72
2026-06-18,18,Delhi,Connaught Place,6,6,5.7,72
2026-06-18,19,Delhi,Connaught Place,8,8,6.79,96
2026-06-18,20,Delhi,Connaught Place,9,9,5.8,108
2026-06-18,7,Delhi,Saket,9,9,6.38,108
2026-06-18,8,Delhi,Saket,9,9,5.74,108
2026-06-18,9,Delhi,Saket,6,6,6.28,72
2026-06-18,10,Delhi,Saket,6,6,6.01,72
2026-06-18,11,Delhi,Saket,6,6,5.91,72
2026-06-18,12,Delhi,Saket,6,6,5.54,72
2026-06-18,13,Delhi,Saket,7,7,6.28,84
2026-06-18,14,Delhi,Saket,7,7,5.86,84
2026-06-18,15,Delhi,Saket,7,7,5.39,84
2026-06-18,16,Delhi,Saket,7,7,6.04,84
2026-06-18,17,Delhi,Saket,6,6,6.37,72
2026-06-18,18,Delhi,Saket,6,6,5.71,72
2026-06-18,19,Delhi,Saket,7,7,6.87,84
2026-06-18,20,Delhi,Saket,6,6,5.88,72
2026-06-18,11,Mumbai,Bandra,6,6,5.9,72
2026-06-18,16,Mumbai,Bandra,8,8,5.9,96
2026-06-18,17,Mumbai,Bandra,8,8,6.11,96
2026-06-18,7,Mumbai,Andheri,8,8,6.07,96
2026-06-18,8,Mumbai,Andheri,7,7,5.98,84
2026-06-18,9,Mumbai,Andheri,6,6,6.58,72
2026-06-18,10,Mumbai,Andheri,7,7,6.41,84
2026-06-18,11,Mumbai,Andheri,9,9,5.26,108
2026-06-18,12,Mumbai,Andheri,8,8,6.32,96
2026-06-18,13,Mumbai,Andheri,7,7,6.01,84
2026-06-18,14,Mumbai,Andheri,6,6,5.95,72
2026-06-18,15,Mumbai,Andheri,6,6,6.15,72
2026-06-18,16,Mumbai,Andheri,8,8,6.86,96
2026-06-18,17,Mumbai,Andheri,7,7,6.31,84
2026-06-18,18,Mumbai,Andheri,9,9,6.94,108
2026-06-18,19,Mumbai,Andheri,6,6,5.74,72
2026-06-18,20,Mumbai,Andheri,7,7,6.09,84
2026-06-18,7,Bengaluru,Indiranagar,7,7,6.57,84
2026-06-18,8,Bengaluru,Indiranagar,9,9,6.49,108
2026-06-18,9,Bengaluru,Indiranagar,6,6,5.66,72
2026-06-18,10,Bengaluru,Indiranagar,7,7,5.97,84
2026-06-18,11,Bengaluru,Indiranagar,7,7,4.52,84
2026-06-18,12,Bengaluru,Indiranagar,7,7,5.71,84
2026-06-18,13,Bengaluru,Indiranagar,6,6,5.79,72
2026-06-18,14,Bengaluru,Indiranagar,9,9,5.6,108
2026-06-18,15,Bengaluru,Indiranagar,9,9,6.14,108
2026-06-18,16,Bengaluru,Indiranagar,6,6,5.81,72
2026-06-18,17,Bengaluru,Indiranagar,8,8,6.02,96
2026-06-18,18,Bengaluru,Indiranagar,8,8,5.65,96
2026-06-18,19,Bengaluru,Indiranagar,9,9,5.91,108
2026-06-18,20,Bengaluru,Indiranagar,8,8,6.45,96
2026-06-18,7,Bengaluru,Koramangala,7,7,6.24,84
2026-06-18,8,Bengaluru,Koramangala,6,6,6.04,72
2026-06-18,9,Bengaluru,Koramangala,9,9,6.16,108
2026-06-18,10,Bengaluru,Koramangala,7,7,5.72,84
2026-06-18,11,Bengaluru,Koramangala,8,8,6.31,96
2026-06-18,12,Bengaluru,Koramangala,7,7,5.84,84
2026-06-18,13,Bengaluru,Koramangala,8,8,6.21,96
2026-06-18,14,Bengaluru,Koramangala,8,8,6.03,96
2026-06-18,15,Bengaluru,Koramangala,9,9,6.1,108
2026-06-18,16,Bengaluru,Koramangala,7,7,5.75,84
2026-06-18,17,Bengaluru,Koramangala,9,9,5.86,108
2026-06-18,18,Bengaluru,Koramangala,8,8,6.51,96
2026-06-18,19,Bengaluru,Koramangala,7,7,6.38,84
2026-06-18,20,Bengaluru,Koramangala,8,8,6.11,96
2026-06-18,7,Hyderabad,Banjara Hills,7,7,6.04,84
2026-06-18,8,Hyderabad,Banjara Hills,6,6,5.56,72
2026-06-18,9,Hyderabad,Banjara Hills,7,7,5.76,84
2026-06-18,10,Hyderabad,Banjara Hills,6,6,6.56,72
2026-06-18,11,Hyderabad,Banjara Hills,6,6,5.57,72
2026-06-18,12,Hyderabad,Banjara Hills,7,7,6.02,84
2026-06-18,13,Hyderabad,Banjara Hills,9,9,5.94,108
2026-06-18,14,Hyderabad,Banjara Hills,7,7,5.79,84
2026-06-18,15,Hyderabad,Banjara Hills,6,6,5.99,72
2026-06-18,16,Hyderabad,Banjara Hills,8,8,6.09,96
2026-06-18,17,Hyderabad,Banjara Hills,7,7,5.59,84
2026-06-18,18,Hyderabad,Banjara Hills,7,7,6.04,84
2026-06-18,19,Hyderabad,Banjara Hills,8,8,6.59,96
2026-06-18,20,Hyderabad,Banjara Hills,6,6,5.54,72
2026-06-18,7,Hyderabad,Gachibowli,9,9,6.02,108
2026-06-18,8,Hyderabad,Gachibowli,8,8,6.44,96
2026-06-18,9,Hyderabad,Gachibowli,9,9,6.27,108
2026-06-18,10,Hyderabad,Gachibowli,7,7,5.46,84
2026-06-18,11,Hyderabad,Gachibowli,8,8,5.12,96
2026-06-18,12,Hyderabad,Gachibowli,9,9,5.94,108
2026-06-18,13,Hyderabad,Gachibowli,6,6,6.53,72
2026-06-18,14,Hyderabad,Gachibowli,8,8,6.62,96
2026-06-18,15,Hyderabad,Gachibowli,8,8,5.39,96
2026-06-18,16,Hyderabad,Gachibowli,7,7,6.15,84
2026-06-18,17,Hyderabad,Gachibowli,6,6,6.19,72
2026-06-18,18,Hyderabad,Gachibowli,9,9,6.47,108
2026-06-18,19,Hyderabad,Gachibowli,8,8,5.65,96
2026-06-18,20,Hyderabad,Gachibowli,9,9,5.97,108
2026-06-19,7,Ahmedabad,Satellite,7,7,6.91,84
2026-06-19,8,Ahmedabad,Satellite,6,6,6.06,72
2026-06-19,9,Ahmedabad,Satellite,7,7,5.82,84
2026-06-19,10,Ahmedabad,Satellite,7,7,5.38,84
2026-06-19,11,Ahmedabad,Satellite,8,8,5.55,96
2026-06-19,12,Ahmedabad,Satellite,8,8,6.14,96
2026-06-19,13,Ahmedabad,Satellite,7,7,6.03,84
2026-06-19,14,Ahmedabad,Satellite,9,9,5.69,108
2026-06-19,15,Ahmedabad,Satellite,9,9,5.62,108
2026-06-19,16,Ahmedabad,Satellite,8,8,6.32,96
2026-06-19,17,Ahmedabad,Satellite,7,7,5.99,84
2026-06-19,18,Ahmedabad,Satellite,7,7,5.77,84
2026-06-19,19,Ahmedabad,Satellite,8,8,5.48,96
2026-06-19,20,Ahmedabad,Satellite,6,6,5.38,72
2026-06-19,7,Ahmedabad,Navrangpura,6,6,5.9,72
2026-06-19,8,Ahmedabad,Navrangpura,8,8,6.44,96
2026-06-19,9,Ahmedabad,Navrangpura,6,6,6.01,72
2026-06-19,10,Ahmedabad,Navrangpura,7,7,6.2,84
2026-06-19,11,Ahmedabad,Navrangpura,9,9,6.84,108
2026-06-19,12,Ahmedabad,Navrangpura,8,8,6.1,96
2026-06-19,13,Ahmedabad,Navrangpura,9,9,6.08,108
2026-06-19,14,Ahmedabad,Navrangpura,7,7,4.95,84
2026-06-19,15,Ahmedabad,Navrangpura,7,7,6.44,84
2026-06-19,16,Ahmedabad,Navrangpura,7,7,6.24,84
2026-06-19,17,Ahmedabad,Navrangpura,8,8,6.26,96
2026-06-19,18,Ahmedabad,Navrangpura,9,9,6.44,108
2026-06-19,19,Ahmedabad,Navrangpura,6,6,6.18,72
2026-06-19,20,Ahmedabad,Navrangpura,9,9,5.87,108
2026-06-19,7,Jaipur,C-Scheme,7,7,6.39,84
2026-06-19,8,Jaipur,C-Scheme,7,7,6.21,84
2026-06-19,9,Jaipur,C-Scheme,6,6,5.72,72
2026-06-19,10,Jaipur,C-Scheme,6,6,6.39,72
2026-06-19,11,Jaipur,C-Scheme,8,8,5.99,96
2026-06-19,12,Jaipur,C-Scheme,8,8,5.98,96
2026-06-19,13,Jaipur,C-Scheme,7,7,5.54,84
2026-06-19,14,Jaipur,C-Scheme,6,6,6.23,72
2026-06-19,15,Jaipur,C-Scheme,7,7,5.73,84
2026-06-19,16,Jaipur,C-Scheme,6,6,6.35,72
2026-06-19,17,Jaipur,C-Scheme,7,7,6.35,84
2026-06-19,18,Jaipur,C-Scheme,8,8,6.04,96
2026-06-19,19,Jaipur,C-Scheme,7,7,6.55,84
2026-06-19,20,Jaipur,C-Scheme,6,6,6.12,72
2026-06-19,7,Jaipur,Malviya Nagar,9,9,6.4,108
2026-06-19,8,Jaipur,Malviya Nagar,9,9,6.6,108
2026-06-19,9,Jaipur,Malviya Nagar,6,6,6.25,72
2026-06-19,10,Jaipur,Malviya Nagar,6,6,6.15,72
2026-06-19,11,Jaipur,Malviya Nagar,9,9,5.37,108
2026-06-19,12,Jaipur,Malviya Nagar,6,6,6.09,72
2026-06-19,13,Jaipur,Malviya Nagar,6,6,6.23,72
2026-06-19,14,Jaipur,Malviya Nagar,8,8,5.57,96
2026-06-19,15,Jaipur,Malviya Nagar,9,9,5.88,108
2026-06-19,16,Jaipur,Malviya Nagar,6,6,5.16,72
2026-06-19,17,Jaipur,Malviya Nagar,6,6,5.62,72
2026-06-19,18,Jaipur,Malviya Nagar,8,8,6.71,96
2026-06-19,19,Jaipur,Malviya Nagar,9,9,5.91,108
2026-06-19,20,Jaipur,Malviya Nagar,8,8,6.18,96
2026-06-19,7,Delhi,Connaught Place,8,8,6.4,96
2026-06-19,8,Delhi,Connaught Place,6,6,6.1,72
2026-06-19,9,Delhi,Connaught Place,8,8,6.05,96
2026-06-19,10,Delhi,Connaught Place,9,9,6.23,108
2026-06-19,11,Delhi,Connaught Place,6,6,5.33,72
2026-06-19,12,Delhi,Connaught Place,8,8,5.88,96
2026-06-19,13,Delhi,Connaught Place,6,6,6.13,72
2026-06-19,14,Delhi,Connaught Place,7,7,5.43,84
2026-06-19,15,Delhi,Connaught Place,6,6,5.67,72
2026-06-19,16,Delhi,Connaught Place,9,9,6.24,108
2026-06-19,17,Delhi,Connaught Place,7,7,5.84,84
2026-06-19,18,Delhi,Connaught Place,9,9,5.61,108
2026-06-19,19,Delhi,Connaught Place,6,6,6.35,72
2026-06-19,20,Delhi,Connaught Place,9,9,6.06,108
2026-06-19,7,Delhi,Saket,7,7,6.03,84
2026-06-19,8,Delhi,Saket,9,9,5.75,108
2026-06-19,9,Delhi,Saket,7,7,5.96,84
2026-06-19,10,Delhi,Saket,9,9,6.31,108
2026-06-19,11,Delhi,Saket,7,7,6.01,84
2026-06-19,12,Delhi,Saket,7,7,6.49,84
2026-06-19,13,Delhi,Saket,6,6,5.69,72
2026-06-19,14,Delhi,Saket,7,7,5.48,84
2026-06-19,15,Delhi,Saket,6,6,5.49,72
2026-06-19,16,Delhi,Saket,8,8,6.8,96
2026-06-19,17,Delhi,Saket,8,8,5.96,96
2026-06-19,18,Delhi,Saket,9,9,6.69,108
2026-06-19,19,Delhi,Saket,8,8,5.95,96
2026-06-19,20,Delhi,Saket,8,8,6.8,96
2026-06-19,9,Mumbai,Bandra,7,7,6.53,84
2026-06-19,12,Mumbai,Bandra,9,9,5.61,108
2026-06-19,13,Mumbai,Bandra,7,7,6.0,84
2026-06-19,17,Mumbai,Bandra,7,7,5.86,84
2026-06-19,18,Mumbai,Bandra,6,6,6.6,72
2026-06-19,19,Mumbai,Bandra,7,7,5.41,84
2026-06-19,20,Mumbai,Bandra,7,7,5.9,84
2026-06-19,7,Mumbai,Andheri,7,7,5.44,84
2026-06-19,8,Mumbai,Andheri,6,6,6.8,72
2026-06-19,9,Mumbai,Andheri,9,9,6.07,108
2026-06-19,10,Mumbai,Andheri,9,9,5.96,108
2026-06-19,11,Mumbai,Andheri,8,8,5.66,96
2026-06-19,12,Mumbai,Andheri,8,8,5.88,96
2026-06-19,13,Mumbai,Andheri,7,7,6.57,84
2026-06-19,14,Mumbai,Andheri,6,6,6.38,72
2026-06-19,15,Mumbai,Andheri,8,8,6.4,96
2026-06-19,16,Mumbai,Andheri,6,6,6.19,72
2026-06-19,17,Mumbai,Andheri,9,9,6.07,108
2026-06-19,18,Mumbai,Andheri,7,7,6.23,84
2026-06-19,19,Mumbai,Andheri,8,8,6.19,96
2026-06-19,20,Mumbai,Andheri,9,9,5.65,108
2026-06-19,7,Bengaluru,Indiranagar,9,9,5.23,108
2026-06-19,8,Bengaluru,Indiranagar,8,8,6.23,96
2026-06-19,9,Bengaluru,Indiranagar,9,9,6.26,108
2026-06-19,10,Bengaluru,Indiranagar,8,8,5.72,96
2026-06-19,11,Bengaluru,Indiranagar,9,9,5.96,108
2026-06-19,12,Bengaluru,Indiranagar,7,7,5.53,84
2026-06-19,13,Bengaluru,Indiranagar,7,7,6.05,84
2026-06-19,14,Bengaluru,Indiranagar,6,6,5.36,72
2026-06-19,15,Bengaluru,Indiranagar,7,7,6.42,84
2026-06-19,16,Bengaluru,Indiranagar,8,8,6.73,96
2026-06-19,17,Bengaluru,Indiranagar,7,7,5.86,84
2026-06-19,18,Bengaluru,Indiranagar,7,7,5.65,84
2026-06-19,19,Bengaluru,Indiranagar,8,8,5.84,96
2026-06-19,20,Bengaluru,Indiranagar,6,6,6.71,72
2026-06-19,7,Bengaluru,Koramangala,6,6,5.92,72
2026-06-19,8,Bengaluru,Koramangala,9,9,5.78,108
2026-06-19,9,Bengaluru,Koramangala,8,8,6.51,96
2026-06-19,10,Bengaluru,Koramangala,6,6,5.38,72
2026-06-19,11,Bengaluru,Koramangala,6,6,6.59,72
2026-06-19,12,Bengaluru,Koramangala,9,9,6.29,108
2026-06-19,13,Bengaluru,Koramangala,6,6,6.68,72
2026-06-19,14,Bengaluru,Koramangala,6,6,5.45,72
2026-06-19,15,Bengaluru,Koramangala,7,7,5.97,84
2026-06-19,16,Bengaluru,Koramangala,8,8,6.24,96
2026-06-19,17,Bengaluru,Koramangala,8,8,5.9,96
2026-06-19,18,Bengaluru,Koramangala,9,9,6.29,108
2026-06-19,19,Bengaluru,Koramangala,6,6,6.5,72
2026-06-19,20,Bengaluru,Koramangala,6,6,6.49,72
2026-06-19,7,Hyderabad,Banjara Hills,6,6,6.33,72
2026-06-19,8,Hyderabad,Banjara Hills,7,7,5.6,84
2026-06-19,9,Hyderabad,Banjara Hills,9,9,6.26,108
2026-06-19,10,Hyderabad,Banjara Hills,7,7,5.67,84
2026-06-19,11,Hyderabad,Banjara Hills,9,9,5.8,108
2026-06-19,12,Hyderabad,Banjara Hills,6,6,5.77,72
2026-06-19,13,Hyderabad,Banjara Hills,8,8,5.67,96
2026-06-19,14,Hyderabad,Banjara Hills,8,8,5.65,96
2026-06-19,15,Hyderabad,Banjara Hills,6,6,6.04,72
2026-06-19,16,Hyderabad,Banjara Hills,7,7,5.42,84
2026-06-19,17,Hyderabad,Banjara Hills,7,7,5.84,84
2026-06-19,18,Hyderabad,Banjara Hills,8,8,5.44,96
2026-06-19,19,Hyderabad,Banjara Hills,7,7,6.36,84
2026-06-19,20,Hyderabad,Banjara Hills,8,8,5.66,96
2026-06-19,7,Hyderabad,Gachibowli,7,7,6.26,84
2026-06-19,8,Hyderabad,Gachibowli,6,6,6.32,72
2026-06-19,9,Hyderabad,Gachibowli,8,8,6.37,96
2026-06-19,10,Hyderabad,Gachibowli,8,8,6.82,96
2026-06-19,11,Hyderabad,Gachibowli,8,8,6.48,96
2026-06-19,12,Hyderabad,Gachibowli,9,9,6.13,108
2026-06-19,13,Hyderabad,Gachibowli,8,8,5.98,96
2026-06-19,14,Hyderabad,Gachibowli,8,8,6.18,96
2026-06-19,15,Hyderabad,Gachibowli,9,9,5.69,108
2026-06-19,16,Hyderabad,Gachibowli,6,6,5.43,72
2026-06-19,17,Hyderabad,Gachibowli,7,7,6.03,84
2026-06-19,18,Hyderabad,Gachibowli,9,9,5.74,108
2026-06-19,19,Hyderabad,Gachibowli,8,8,5.58,96
2026-06-19,20,Hyderabad,Gachibowli,7,7,5.72,84
2026-06-20,7,Ahmedabad,Satellite,9,9,6.37,108
2026-06-20,8,Ahmedabad,Satellite,8,8,5.68,96
2026-06-20,9,Ahmedabad,Satellite,9,9,5.69,108
2026-06-20,10,Ahmedabad,Satellite,8,8,5.92,96
2026-06-20,11,Ahmedabad,Satellite,8,8,6.22,96
2026-06-20,12,Ahmedabad,Satellite,8,8,6.13,96
2026-06-20,13,Ahmedabad,Satellite,9,9,5.57,108
2026-06-20,14,Ahmedabad,Satellite,8,8,6.16,96
2026-06-20,15,Ahmedabad,Satellite,6,6,6.28,72
2026-06-20,16,Ahmedabad,Satellite,8,8,5.71,96
2026-06-20,17,Ahmedabad,Satellite,6,6,5.47,72
2026-06-20,18,Ahmedabad,Satellite,6,6,5.83,72
2026-06-20,19,Ahmedabad,Satellite,6,6,5.5,72
2026-06-20,20,Ahmedabad,Satellite,8,8,5.88,96
2026-06-20,7,Ahmedabad,Navrangpura,6,6,5.27,72
2026-06-20,8,Ahmedabad,Navrangpura,6,6,5.84,72
2026-06-20,9,Ahmedabad,Navrangpura,6,6,6.82,72
2026-06-20,10,Ahmedabad,Navrangpura,6,6,6.08,72
2026-06-20,11,Ahmedabad,Navrangpura,7,7,6.09,84
2026-06-20,12,Ahmedabad,Navrangpura,8,8,6.24,96
2026-06-20,13,Ahmedabad,Navrangpura,6,6,5.37,72
2026-06-20,14,Ahmedabad,Navrangpura,6,6,6.52,72
2026-06-20,15,Ahmedabad,Navrangpura,8,8,5.97,96
2026-06-20,16,Ahmedabad,Navrangpura,7,7,5.95,84
2026-06-20,17,Ahmedabad,Navrangpura,6,6,5.5,72
2026-06-20,18,Ahmedabad,Navrangpura,6,6,6.21,72
2026-06-20,19,Ahmedabad,Navrangpura,7,7,6.29,84
2026-06-20,20,Ahmedabad,Navrangpura,8,8,5.97,96
2026-06-20,7,Jaipur,C-Scheme,7,7,6.4,84
2026-06-20,8,Jaipur,C-Scheme,9,9,5.84,108
2026-06-20,9,Jaipur,C-Scheme,7,7,5.56,84
2026-06-20,10,Jaipur,C-Scheme,9,9,5.41,108
2026-06-20,11,Jaipur,C-Scheme,6,6,5.7,72
2026-06-20,12,Jaipur,C-Scheme,6,6,5.85,72
2026-06-20,13,Jaipur,C-Scheme,9,9,5.99,108
2026-06-20,14,Jaipur,C-Scheme,6,6,6.0,72
2026-06-20,15,Jaipur,C-Scheme,7,7,5.08,84
2026-06-20,16,Jaipur,C-Scheme,7,7,5.39,84
2026-06-20,17,Jaipur,C-Scheme,7,7,5.66,84
2026-06-20,18,Jaipur,C-Scheme,7,7,5.91,84
2026-06-20,19,Jaipur,C-Scheme,6,6,5.97,72
2026-06-20,20,Jaipur,C-Scheme,7,7,5.47,84
2026-06-20,7,Jaipur,Malviya Nagar,8,8,6.68,96
2026-06-20,8,Jaipur,Malviya Nagar,9,9,6.61,108
2026-06-20,9,Jaipur,Malviya Nagar,9,9,5.38,108
2026-06-20,10,Jaipur,Malviya Nagar,8,8,6.12,96
2026-06-20,11,Jaipur,Malviya Nagar,8,8,6.01,96
2026-06-20,12,Jaipur,Malviya Nagar,6,6,5.77,72
2026-06-20,13,Jaipur,Malviya Nagar,9,9,5.74,108
2026-06-20,14,Jaipur,Malviya Nagar,8,8,5.54,96
2026-06-20,15,Jaipur,Malviya Nagar,7,7,6.35,84
2026-06-20,16,Jaipur,Malviya Nagar,9,9,5.89,108
2026-06-20,17,Jaipur,Malviya Nagar,8,8,6.16,96
2026-06-20,18,Jaipur,Malviya Nagar,9,9,6.94,108
2026-06-20,19,Jaipur,Malviya Nagar,8,8,6.33,96
2026-06-20,20,Jaipur,Malviya Nagar,9,9,6.02,108
2026-06-20,7,Delhi,Connaught Place,9,9,6.55,108
2026-06-20,8,Delhi,Connaught Place,6,6,6.26,72
2026-06-20,9,Delhi,Connaught Place,8,8,6.18,96
2026-06-20,10,Delhi,Connaught Place,8,8,6.33,96
2026-06-20,11,Delhi,Connaught Place,9,9,5.63,108
2026-06-20,12,Delhi,Connaught Place,6,6,6.15,72
2026-06-20,13,Delhi,Connaught Place,9,9,5.29,108
2026-06-20,14,Delhi,Connaught Place,9,9,5.89,108
2026-06-20,15,Delhi,Connaught Place,8,8,6.22,96
2026-06-20,16,Delhi,Connaught Place,6,6,6.63,72
2026-06-20,17,Delhi,Connaught Place,9,9,5.85,108
2026-06-20,18,Delhi,Connaught Place,8,8,5.48,96
2026-06-20,19,Delhi,Connaught Place,6,6,6.28,72
2026-06-20,20,Delhi,Connaught Place,9,9,6.3,108
2026-06-20,7,Delhi,Saket,9,9,6.22,108
2026-06-20,8,Delhi,Saket,6,6,6.51,72
2026-06-20,9,Delhi,Saket,6,6,6.55,72
2026-06-20,10,Delhi,Saket,9,9,5.71,108
2026-06-20,11,Delhi,Saket,6,6,5.81,72
2026-06-20,12,Delhi,Saket,6,6,6.32,72
2026-06-20,13,Delhi,Saket,6,6,5.87,72
2026-06-20,14,Delhi,Saket,9,9,5.26,108
2026-06-20,15,Delhi,Saket,6,6,6.5,72
2026-06-20,16,Delhi,Saket,7,7,6.36,84
2026-06-20,17,Delhi,Saket,7,7,6.34,84
2026-06-20,18,Delhi,Saket,7,7,6.28,84
2026-06-20,19,Delhi,Saket,6,6,6.27,72
2026-06-20,20,Delhi,Saket,8,8,5.74,96
2026-06-20,9,Mumbai,Bandra,9,9,5.51,108
2026-06-20,11,Mumbai,Bandra,7,7,6.0,84
2026-06-20,15,Mumbai,Bandra,7,7,6.26,84
2026-06-20,16,Mumbai,Bandra,7,7,6.43,84
2026-06-20,17,Mumbai,Bandra,9,9,6.67,108
2026-06-20,18,Mumbai,Bandra,9,9,6.51,108
2026-06-20,20,Mumbai,Bandra,8,8,5.38,96
2026-06-20,7,Mumbai,Andheri,7,7,6.09,84
2026-06-20,8,Mumbai,Andheri,7,7,6.54,84
2026-06-20,9,Mumbai,Andheri,6,6,5.26,72
2026-06-20,10,Mumbai,Andheri,7,7,7.05,84
2026-06-20,11,Mumbai,Andheri,6,6,5.6,72
2026-06-20,12,Mumbai,Andheri,6,6,6.46,72
2026-06-20,13,Mumbai,Andheri,9,9,5.92,108
2026-06-20,14,Mumbai,Andheri,7,7,5.96,84
2026-06-20,15,Mumbai,Andheri,9,9,5.56,108
2026-06-20,16,Mumbai,Andheri,8,8,5.72,96
2026-06-20,17,Mumbai,Andheri,9,9,5.95,108
2026-06-20,18,Mumbai,Andheri,8,8,5.66,96
2026-06-20,19,Mumbai,Andheri,8,8,6.43,96
2026-06-20,20,Mumbai,Andheri,6,6,5.21,72
2026-06-20,7,Bengaluru,Indiranagar,6,6,6.98,72
2026-06-20,8,Bengaluru,Indiranagar,7,7,6.81,84
2026-06-20,9,Bengaluru,Indiranagar,9,9,6.53,108
2026-06-20,10,Bengaluru,Indiranagar,8,8,6.52,96
2026-06-20,11,Bengaluru,Indiranagar,6,6,6.37,72
2026-06-20,12,Bengaluru,Indiranagar,9,9,6.72,108
2026-06-20,13,Bengaluru,Indiranagar,7,7,6.23,84
2026-06-20,14,Bengaluru,Indiranagar,7,7,6.14,84
2026-06-20,15,Bengaluru,Indiranagar,6,6,6.01,72
2026-06-20,16,Bengaluru,Indiranagar,9,9,6.09,108
2026-06-20,17,Bengaluru,Indiranagar,7,7,6.45,84
2026-06-20,18,Bengaluru,Indiranagar,6,6,6.19,72
2026-06-20,19,Bengaluru,Indiranagar,7,7,5.66,84
2026-06-20,20,Bengaluru,Indiranagar,7,7,5.81,84
2026-06-20,7,Bengaluru,Koramangala,6,6,5.72,72
2026-06-20,8,Bengaluru,Koramangala,8,8,6.38,96
2026-06-20,9,Bengaluru,Koramangala,9,9,6.46,108
2026-06-20,10,Bengaluru,Koramangala,9,9,5.74,108
2026-06-20,11,Bengaluru,Koramangala,6,6,6.45,72
2026-06-20,12,Bengaluru,Koramangala,7,7,6.05,84
2026-06-20,13,Bengaluru,Koramangala,9,9,5.94,108
2026-06-20,14,Bengaluru,Koramangala,8,8,5.92,96
2026-06-20,15,Bengaluru,Koramangala,7,7,6.26,84
2026-06-20,16,Bengaluru,Koramangala,6,6,5.5,72
2026-06-20,17,Bengaluru,Koramangala,9,9,5.84,108
2026-06-20,18,Bengaluru,Koramangala,7,7,6.68,84
2026-06-20,19,Bengaluru,Koramangala,6,6,6.13,72
2026-06-20,20,Bengaluru,Koramangala,7,7,5.93,84
2026-06-20,7,Hyderabad,Banjara Hills,6,6,6.26,72
2026-06-20,8,Hyderabad,Banjara Hills,8,8,5.23,96
2026-06-20,9,Hyderabad,Banjara Hills,8,8,6.44,96
2026-06-20,10,Hyderabad,Banjara Hills,7,7,5.79,84
2026-06-20,11,Hyderabad,Banjara Hills,9,9,6.32,108
2026-06-20,12,Hyderabad,Banjara Hills,8,8,5.9,96
2026-06-20,13,Hyderabad,Banjara Hills,6,6,6.51,72
2026-06-20,14,Hyderabad,Banjara Hills,9,9,5.53,108
2026-06-20,15,Hyderabad,Banjara Hills,9,9,6.35,108
2026-06-20,16,Hyderabad,Banjara Hills,9,9,5.51,108
2026-06-20,17,Hyderabad,Banjara Hills,8,8,5.91,96
2026-06-20,18,Hyderabad,Banjara Hills,6,6,6.35,72
2026-06-20,19,Hyderabad,Banjara Hills,7,7,5.94,84
2026-06-20,20,Hyderabad,Banjara Hills,8,8,5.81,96
2026-06-20,7,Hyderabad,Gachibowli,6,6,6.29,72
2026-06-20,8,Hyderabad,Gachibowli,9,9,5.61,108
2026-06-20,9,Hyderabad,Gachibowli,8,8,6.59,96
2026-06-20,10,Hyderabad,Gachibowli,8,8,5.71,96
2026-06-20,11,Hyderabad,Gachibowli,8,8,5.92,96
2026-06-20,12,Hyderabad,Gachibowli,6,6,5.94,72
2026-06-20,13,Hyderabad,Gachibowli,6,6,5.97,72
2026-06-20,14,Hyderabad,Gachibowli,9,9,5.86,108
2026-06-20,15,Hyderabad,Gachibowli,7,7,5.8,84
2026-06-20,16,Hyderabad,Gachibowli,9,9,5.73,108
2026-06-20,17,Hyderabad,Gachibowli,6,6,6.67,72
2026-06-20,18,Hyderabad,Gachibowli,7,7,6.28,84
2026-06-20,19,Hyderabad,Gachibowli,8,8,6.39,96
2026-06-20,20,Hyderabad,Gachibowli,8,8,5.37,96
2026-06-21,7,Ahmedabad,Satellite,9,9,6.52,108
2026-06-21,8,Ahmedabad,Satellite,8,8,6.89,96
2026-06-21,9,Ahmedabad,Satellite,8,8,6.17,96
2026-06-21,10,Ahmedabad,Satellite,9,9,6.52,108
2026-06-21,11,Ahmedabad,Satellite,8,8,5.84,96
2026-06-21,12,Ahmedabad,Satellite,6,6,5.97,72
2026-06-21,13,Ahmedabad,Satellite,6,6,5.66,72
2026-06-21,14,Ahmedabad,Satellite,8,8,5.62,96
2026-06-21,15,Ahmedabad,Satellite,6,6,6.29,72
2026-06-21,16,Ahmedabad,Satellite,8,8,5.72,96
2026-06-21,17,Ahmedabad,Satellite,9,9,6.55,108
2026-06-21,18,Ahmedabad,Satellite,7,7,6.48,84
2026-06-21,19,Ahmedabad,Satellite,7,7,5.96,84
2026-06-21,20,Ahmedabad,Satellite,6,6,6.69,72
2026-06-21,7,Ahmedabad,Navrangpura,8,8,6.38,96
2026-06-21,8,Ahmedabad,Navrangpura,9,9,6.78,108
2026-06-21,9,Ahmedabad,Navrangpura,7,7,5.6,84
2026-06-21,10,Ahmedabad,Navrangpura,9,9,5.5,108
2026-06-21,11,Ahmedabad,Navrangpura,7,7,6.28,84
2026-06-21,12,Ahmedabad,Navrangpura,7,7,6.18,84
2026-06-21,13,Ahmedabad,Navrangpura,6,6,6.17,72
2026-06-21,14,Ahmedabad,Navrangpura,9,9,5.87,108
2026-06-21,15,Ahmedabad,Navrangpura,6,6,6.47,72
2026-06-21,16,Ahmedabad,Navrangpura,6,6,6.0,72
2026-06-21,17,Ahmedabad,Navrangpura,8,8,6.01,96
2026-06-21,18,Ahmedabad,Navrangpura,8,8,5.6,96
2026-06-21,19,Ahmedabad,Navrangpura,7,7,6.0,84
2026-06-21,20,Ahmedabad,Navrangpura,9,9,5.64,108
2026-06-21,7,Jaipur,C-Scheme,6,6,5.7,72
2026-06-21,8,Jaipur,C-Scheme,6,6,5.71,72
2026-06-21,9,Jaipur,C-Scheme,6,6,5.81,72
2026-06-21,10,Jaipur,C-Scheme,6,6,5.64,72
2026-06-21,11,Jaipur,C-Scheme,8,8,6.08,96
2026-06-21,12,Jaipur,C-Scheme,6,6,6.48,72
2026-06-21,13,Jaipur,C-Scheme,9,9,6.27,108
2026-06-21,14,Jaipur,C-Scheme,9,9,6.18,108
2026-06-21,15,Jaipur,C-Scheme,8,8,6.19,96
2026-06-21,16,Jaipur,C-Scheme,7,7,6.02,84
2026-06-21,17,Jaipur,C-Scheme,8,8,5.59,96
2026-06-21,18,Jaipur,C-Scheme,7,7,6.34,84
2026-06-21,19,Jaipur,C-Scheme,6,6,6.58,72
2026-06-21,20,Jaipur,C-Scheme,7,7,6.37,84
2026-06-21,7,Jaipur,Malviya Nagar,7,7,6.11,84
2026-06-21,8,Jaipur,Malviya Nagar,9,9,5.75,108
2026-06-21,9,Jaipur,Malviya Nagar,8,8,4.98,96
2026-06-21,10,Jaipur,Malviya Nagar,8,8,6.77,96
2026-06-21,11,Jaipur,Malviya Nagar,7,7,6.2,84
2026-06-21,12,Jaipur,Malviya Nagar,8,8,6.17,96
2026-06-21,13,Jaipur,Malviya Nagar,9,9,5.87,108
2026-06-21,14,Jaipur,Malviya Nagar,6,6,5.14,72
2026-06-21,15,Jaipur,Malviya Nagar,9,9,5.91,108
2026-06-21,16,Jaipur,Malviya Nagar,6,6,5.18,72
2026-06-21,17,Jaipur,Malviya Nagar,8,8,5.57,96
2026-06-21,18,Jaipur,Malviya Nagar,7,7,6.26,84
2026-06-21,19,Jaipur,Malviya Nagar,9,9,6.78,108
2026-06-21,20,Jaipur,Malviya Nagar,9,9,5.9,108
2026-06-21,7,Delhi,Connaught Place,6,6,5.91,72
2026-06-21,8,Delhi,Connaught Place,6,6,5.35,72
2026-06-21,9,Delhi,Connaught Place,8,8,6.3,96
2026-06-21,10,Delhi,Connaught Place,9,9,6.24,108
2026-06-21,11,Delhi,Connaught Place,7,7,5.42,84
2026-06-21,12,Delhi,Connaught Place,9,9,6.26,108
2026-06-21,13,Delhi,Connaught Place,8,8,6.34,96
2026-06-21,14,Delhi,Connaught Place,9,9,5.89,108
2026-06-21,15,Delhi,Connaught Place,7,7,6.21,84
2026-06-21,16,Delhi,Connaught Place,6,6,6.0,72
2026-06-21,17,Delhi,Connaught Place,7,7,6.01,84
2026-06-21,18,Delhi,Connaught Place,6,6,5.98,72
2026-06-21,19,Delhi,Connaught Place,9,9,5.76,108
2026-06-21,20,Delhi,Connaught Place,6,6,5.74,72
2026-06-21,7,Delhi,Saket,8,8,5.63,96
2026-06-21,8,Delhi,Saket,7,7,5.91,84
2026-06-21,9,Delhi,Saket,8,8,6.42,96
2026-06-21,10,Delhi,Saket,6,6,6.12,72
2026-06-21,11,Delhi,Saket,9,9,5.67,108
2026-06-21,12,Delhi,Saket,8,8,7.0,96
2026-06-21,13,Delhi,Saket,6,6,6.8,72
2026-06-21,14,Delhi,Saket,6,6,6.8,72
2026-06-21,15,Delhi,Saket,7,7,6.59,84
2026-06-21,16,Delhi,Saket,7,7,5.89,84
2026-06-21,17,Delhi,Saket,9,9,6.21,108
2026-06-21,18,Delhi,Saket,6,6,5.6,72
2026-06-21,19,Delhi,Saket,6,6,5.62,72
2026-06-21,20,Delhi,Saket,7,7,6.07,84
2026-06-21,7,Mumbai,Bandra,9,9,6.15,108
2026-06-21,8,Mumbai,Bandra,7,7,5.86,84
2026-06-21,9,Mumbai,Bandra,7,7,5.44,84
2026-06-21,11,Mumbai,Bandra,6,6,6.31,72
2026-06-21,13,Mumbai,Bandra,8,8,5.99,96
2026-06-21,14,Mumbai,Bandra,8,8,5.68,96
2026-06-21,15,Mumbai,Bandra,6,6,5.72,72
2026-06-21,17,Mumbai,Bandra,8,8,6.23,96
2026-06-21,18,Mumbai,Bandra,9,9,5.76,108
2026-06-21,7,Mumbai,Andheri,9,9,5.83,108
2026-06-21,8,Mumbai,Andheri,6,6,7.13,72
2026-06-21,9,Mumbai,Andheri,8,8,6.35,96
2026-06-21,10,Mumbai,Andheri,9,9,6.13,108
2026-06-21,11,Mumbai,Andheri,9,9,6.07,108
2026-06-21,12,Mumbai,Andheri,7,7,5.8,84
2026-06-21,13,Mumbai,Andheri,6,6,6.13,72
2026-06-21,14,Mumbai,Andheri,9,9,7.07,108
2026-06-21,15,Mumbai,Andheri,6,6,6.21,72
2026-06-21,16,Mumbai,Andheri,9,9,6.23,108
2026-06-21,17,Mumbai,Andheri,8,8,6.15,96
2026-06-21,18,Mumbai,Andheri,6,6,6.74,72
2026-06-21,19,Mumbai,Andheri,6,6,5.93,72
2026-06-21,20,Mumbai,Andheri,8,8,5.24,96
2026-06-21,7,Bengaluru,Indiranagar,8,8,6.34,96
2026-06-21,8,Bengaluru,Indiranagar,7,7,5.6,84
2026-06-21,9,Bengaluru,Indiranagar,6,6,5.71,72
2026-06-21,10,Bengaluru,Indiranagar,8,8,5.86,96
2026-06-21,11,Bengaluru,Indiranagar,9,9,6.64,108
2026-06-21,12,Bengaluru,Indiranagar,6,6,5.66,72
2026-06-21,13,Bengaluru,Indiranagar,6,6,6.31,72
2026-06-21,14,Bengaluru,Indiranagar,9,9,6.23,108
2026-06-21,15,Bengaluru,Indiranagar,6,6,6.3,72
2026-06-21,16,Bengaluru,Indiranagar,9,9,5.78,108
2026-06-21,17,Bengaluru,Indiranagar,8,8,5.96,96
2026-06-21,18,Bengaluru,Indiranagar,8,8,5.9,96
2026-06-21,19,Bengaluru,Indiranagar,8,8,5.75,96
2026-06-21,20,Bengaluru,Indiranagar,6,6,6.13,72
2026-06-21,7,Bengaluru,Koramangala,9,9,7.01,108
2026-06-21,8,Bengaluru,Koramangala,9,9,6.92,108
2026-06-21,9,Bengaluru,Koramangala,8,8,6.21,96
2026-06-21,10,Bengaluru,Koramangala,6,6,6.0,72
2026-06-21,11,Bengaluru,Koramangala,6,6,6.05,72
2026-06-21,12,Bengaluru,Koramangala,9,9,5.98,108
2026-06-21,13,Bengaluru,Koramangala,9,9,6.11,108
2026-06-21,14,Bengaluru,Koramangala,9,9,5.98,108
2026-06-21,15,Bengaluru,Koramangala,7,7,5.97,84
2026-06-21,16,Bengaluru,Koramangala,6,6,5.86,72
2026-06-21,17,Bengaluru,Koramangala,8,8,6.21,96
2026-06-21,18,Bengaluru,Koramangala,7,7,6.56,84
2026-06-21,19,Bengaluru,Koramangala,7,7,5.92,84
2026-06-21,20,Bengaluru,Koramangala,7,7,6.25,84
2026-06-21,7,Hyderabad,Banjara Hills,6,6,6.84,72
2026-06-21,8,Hyderabad,Banjara Hills,9,9,6.11,108
2026-06-21,9,Hyderabad,Banjara Hills,8,8,5.65,96
2026-06-21,10,Hyderabad,Banjara Hills,7,7,5.55,84
2026-06-21,11,Hyderabad,Banjara Hills,7,7,6.15,84
2026-06-21,12,Hyderabad,Banjara Hills,6,6,6.14,72
2026-06-21,13,Hyderabad,Banjara Hills,6,6,5.75,72
2026-06-21,14,Hyderabad,Banjara Hills,9,9,5.41,108
2026-06-21,15,Hyderabad,Banjara Hills,6,6,5.49,72
2026-06-21,16,Hyderabad,Banjara Hills,9,9,5.45,108
2026-06-21,17,Hyderabad,Banjara Hills,8,8,6.17,96
2026-06-21,18,Hyderabad,Banjara Hills,7,7,6.8,84
2026-06-21,19,Hyderabad,Banjara Hills,8,8,6.57,96
2026-06-21,20,Hyderabad,Banjara Hills,8,8,6.26,96
2026-06-21,7,Hyderabad,Gachibowli,9,9,7.0,108
2026-06-21,8,Hyderabad,Gachibowli,6,6,5.47,72
2026-06-21,9,Hyderabad,Gachibowli,9,9,5.87,108
2026-06-21,10,Hyderabad,Gachibowli,7,7,6.36,84
2026-06-21,11,Hyderabad,Gachibowli,9,9,6.31,108
2026-06-21,12,Hyderabad,Gachibowli,8,8,6.23,96
2026-06-21,13,Hyderabad,Gachibowli,7,7,6.22,84
2026-06-21,14,Hyderabad,Gachibowli,7,7,6.33,84
2026-06-21,15,Hyderabad,Gachibowli,8,8,6.62,96
2026-06-21,16,Hyderabad,Gachibowli,7,7,5.98,84
2026-06-21,17,Hyderabad,Gachibowli,8,8,5.71,96
2026-06-21,18,Hyderabad,Gachibowli,9,9,5.61,108
2026-06-21,19,Hyderabad,Gachibowli,8,8,5.68,96
2026-06-21,20,Hyderabad,Gachibowli,6,6,6.26,72
2026-06-22,7,Ahmedabad,Satellite,7,7,6.47,84
2026-06-22,8,Ahmedabad,Satellite,6,6,5.34,72
2026-06-22,9,Ahmedabad,Satellite,6,6,5.98,72
2026-06-22,10,Ahmedabad,Satellite,9,9,5.76,108
2026-06-22,11,Ahmedabad,Satellite,9,9,6.41,108
2026-06-22,12,Ahmedabad,Satellite,9,9,6.29,108
2026-06-22,13,Ahmedabad,Satellite,8,8,5.54,96
2026-06-22,14,Ahmedabad,Satellite,7,7,5.57,84
2026-06-22,15,Ahmedabad,Satellite,7,7,5.49,84
2026-06-22,16,Ahmedabad,Satellite,6,6,5.95,72
2026-06-22,17,Ahmedabad,Satellite,8,8,6.18,96
2026-06-22,18,Ahmedabad,Satellite,8,8,6.3,96
2026-06-22,19,Ahmedabad,Satellite,7,7,5.51,84
2026-06-22,20,Ahmedabad,Satellite,9,9,6.32,108
2026-06-22,7,Ahmedabad,Navrangpura,9,9,6.47,108
2026-06-22,8,Ahmedabad,Navrangpura,6,6,6.06,72
2026-06-22,9,Ahmedabad,Navrangpura,9,9,5.81,108
2026-06-22,10,Ahmedabad,Navrangpura,9,9,6.16,108
2026-06-22,11,Ahmedabad,Navrangpura,8,8,6.45,96
2026-06-22,12,Ahmedabad,Navrangpura,9,9,6.22,108
2026-06-22,13,Ahmedabad,Navrangpura,8,8,5.91,96
2026-06-22,14,Ahmedabad,Navrangpura,9,9,6.59,108
2026-06-22,15,Ahmedabad,Navrangpura,9,9,5.47,108
2026-06-22,16,Ahmedabad,Navrangpura,6,6,5.85,72
2026-06-22,17,Ahmedabad,Navrangpura,7,7,5.97,84
2026-06-22,18,Ahmedabad,Navrangpura,9,9,6.11,108
2026-06-22,19,Ahmedabad,Navrangpura,6,6,5.51,72
2026-06-22,20,Ahmedabad,Navrangpura,9,9,5.66,108
2026-06-22,7,Jaipur,C-Scheme,6,6,6.52,72
2026-06-22,8,Jaipur,C-Scheme,7,7,6.45,84
2026-06-22,9,Jaipur,C-Scheme,9,9,5.98,108
2026-06-22,10,Jaipur,C-Scheme,7,7,6.49,84
2026-06-22,11,Jaipur,C-Scheme,9,9,6.27,108
2026-06-22,12,Jaipur,C-Scheme,8,8,6.4,96
2026-06-22,13,Jaipur,C-Scheme,6,6,6.02,72
2026-06-22,14,Jaipur,C-Scheme,7,7,5.89,84
2026-06-22,15,Jaipur,C-Scheme,8,8,6.59,96
2026-06-22,16,Jaipur,C-Scheme,6,6,5.82,72
2026-06-22,17,Jaipur,C-Scheme,6,6,6.53,72
2026-06-22,18,Jaipur,C-Scheme,7,7,5.38,84
2026-06-22,19,Jaipur,C-Scheme,9,9,5.93,108
2026-06-22,20,Jaipur,C-Scheme,6,6,6.04,72
2026-06-22,7,Jaipur,Malviya Nagar,6,6,6.09,72
2026-06-22,8,Jaipur,Malviya Nagar,8,8,6.11,96
2026-06-22,9,Jaipur,Malviya Nagar,7,7,6.81,84
2026-06-22,10,Jaipur,Malviya Nagar,6,6,6.17,72
2026-06-22,11,Jaipur,Malviya Nagar,8,8,5.42,96
2026-06-22,12,Jaipur,Malviya Nagar,7,7,5.41,84
2026-06-22,13,Jaipur,Malviya Nagar,8,8,6.74,96
2026-06-22,14,Jaipur,Malviya Nagar,8,8,5.6,96
2026-06-22,15,Jaipur,Malviya Nagar,9,9,5.51,108
2026-06-22,16,Jaipur,Malviya Nagar,6,6,5.71,72
2026-06-22,17,Jaipur,Malviya Nagar,8,8,5.8,96
2026-06-22,18,Jaipur,Malviya Nagar,8,8,5.48,96
2026-06-22,19,Jaipur,Malviya Nagar,9,9,5.25,108
2026-06-22,20,Jaipur,Malviya Nagar,6,6,6.19,72
2026-06-22,7,Delhi,Connaught Place,9,9,6.24,108
2026-06-22,8,Delhi,Connaught Place,7,7,5.64,84
2026-06-22,9,Delhi,Connaught Place,7,7,6.28,84
2026-06-22,10,Delhi,Connaught Place,8,8,6.0,96
2026-06-22,11,Delhi,Connaught Place,7,7,5.74,84
2026-06-22,12,Delhi,Connaught Place,6,6,6.08,72
2026-06-22,13,Delhi,Connaught Place,8,8,6.46,96
2026-06-22,14,Delhi,Connaught Place,6,6,5.9,72
2026-06-22,15,Delhi,Connaught Place,7,7,5.56,84
2026-06-22,16,Delhi,Connaught Place,6,6,6.29,72
2026-06-22,17,Delhi,Connaught Place,8,8,6.28,96
2026-06-22,18,Delhi,Connaught Place,6,6,7.19,72
2026-06-22,19,Delhi,Connaught Place,6,6,7.17,72
2026-06-22,20,Delhi,Connaught Place,8,8,6.2,96
2026-06-22,7,Delhi,Saket,9,9,5.68,108
2026-06-22,8,Delhi,Saket,8,8,6.95,96
2026-06-22,9,Delhi,Saket,8,8,5.77,96
2026-06-22,10,Delhi,Saket,9,9,5.92,108
2026-06-22,11,Delhi,Saket,7,7,6.0,84
2026-06-22,12,Delhi,Saket,9,9,6.14,108
2026-06-22,13,Delhi,Saket,9,9,5.55,108
2026-06-22,14,Delhi,Saket,7,7,6.26,84
2026-06-22,15,Delhi,Saket,9,9,5.8,108
2026-06-22,16,Delhi,Saket,7,7,6.43,84
2026-06-22,17,Delhi,Saket,8,8,5.05,96
2026-06-22,18,Delhi,Saket,8,8,6.09,96
2026-06-22,19,Delhi,Saket,6,6,5.46,72
2026-06-22,20,Delhi,Saket,7,7,5.32,84
2026-06-22,7,Mumbai,Bandra,7,7,6.19,84
2026-06-22,8,Mumbai,Bandra,7,7,6.01,84
2026-06-22,11,Mumbai,Bandra,6,6,5.51,72
2026-06-22,12,Mumbai,Bandra,8,8,6.25,96
2026-06-22,15,Mumbai,Bandra,8,8,6.4,96
2026-06-22,7,Mumbai,Andheri,6,6,5.75,72
2026-06-22,8,Mumbai,Andheri,6,6,5.8,72
2026-06-22,9,Mumbai,Andheri,6,6,5.48,72
2026-06-22,10,Mumbai,Andheri,9,9,6.78,108
2026-06-22,11,Mumbai,Andheri,7,7,6.13,84
2026-06-22,12,Mumbai,Andheri,8,8,5.3,96
2026-06-22,13,Mumbai,Andheri,7,7,6.07,84
2026-06-22,14,Mumbai,Andheri,9,9,5.82,108
2026-06-22,15,Mumbai,Andheri,6,6,6.35,72
2026-06-22,16,Mumbai,Andheri,6,6,4.82,72
2026-06-22,17,Mumbai,Andheri,8,8,5.95,96
2026-06-22,18,Mumbai,Andheri,9,9,5.95,108
2026-06-22,19,Mumbai,Andheri,6,6,5.86,72
2026-06-22,20,Mumbai,Andheri,7,7,6.4,84
2026-06-22,7,Bengaluru,Indiranagar,9,9,6.27,108
2026-06-22,8,Bengaluru,Indiranagar,6,6,5.73,72
2026-06-22,9,Bengaluru,Indiranagar,8,8,6.3,96
2026-06-22,10,Bengaluru,Indiranagar,7,7,6.66,84
2026-06-22,11,Bengaluru,Indiranagar,6,6,6.49,72
2026-06-22,12,Bengaluru,Indiranagar,9,9,7.04,108
2026-06-22,13,Bengaluru,Indiranagar,9,9,5.56,108
2026-06-22,14,Bengaluru,Indiranagar,9,9,6.02,108
2026-06-22,15,Bengaluru,Indiranagar,8,8,5.9,96
2026-06-22,16,Bengaluru,Indiranagar,8,8,6.6,96
2026-06-22,17,Bengaluru,Indiranagar,9,9,6.13,108
2026-06-22,18,Bengaluru,Indiranagar,6,6,5.86,72
2026-06-22,19,Bengaluru,Indiranagar,7,7,6.08,84
2026-06-22,20,Bengaluru,Indiranagar,9,9,5.36,108
2026-06-22,7,Bengaluru,Koramangala,9,9,5.51,108
2026-06-22,8,Bengaluru,Koramangala,7,7,5.84,84
2026-06-22,9,Bengaluru,Koramangala,8,8,6.4,96
2026-06-22,10,Bengaluru,Koramangala,6,6,6.41,72
2026-06-22,11,Bengaluru,Koramangala,6,6,5.49,72
2026-06-22,12,Bengaluru,Koramangala,7,7,5.96,84
2026-06-22,13,Bengaluru,Koramangala,9,9,5.94,108
2026-06-22,14,Bengaluru,Koramangala,9,9,6.26,108
2026-06-22,15,Bengaluru,Koramangala,8,8,6.19,96
2026-06-22,16,Bengaluru,Koramangala,9,9,6.5,108
2026-06-22,17,Bengaluru,Koramangala,9,9,5.91,108
2026-06-22,18,Bengaluru,Koramangala,7,7,6.35,84
2026-06-22,19,Bengaluru,Koramangala,8,8,5.79,96
2026-06-22,20,Bengaluru,Koramangala,8,8,6.15,96
2026-06-22,7,Hyderabad,Banjara Hills,9,9,5.2,108
2026-06-22,8,Hyderabad,Banjara Hills,8,8,6.18,96
2026-06-22,9,Hyderabad,Banjara Hills,6,6,6.13,72
2026-06-22,10,Hyderabad,Banjara Hills,9,9,5.39,108
2026-06-22,11,Hyderabad,Banjara Hills,7,7,5.83,84
2026-06-22,12,Hyderabad,Banjara Hills,9,9,6.48,108
2026-06-22,13,Hyderabad,Banjara Hills,8,8,5.57,96
2026-06-22,14,Hyderabad,Banjara Hills,7,7,6.15,84
2026-06-22,15,Hyderabad,Banjara Hills,9,9,6.32,108
2026-06-22,16,Hyderabad,Banjara Hills,9,9,5.6,108
2026-06-22,17,Hyderabad,Banjara Hills,9,9,6.99,108
2026-06-22,18,Hyderabad,Banjara Hills,9,9,5.9,108
2026-06-22,19,Hyderabad,Banjara Hills,8,8,5.34,96
2026-06-22,20,Hyderabad,Banjara Hills,7,7,5.66,84
2026-06-22,7,Hyderabad,Gachibowli,7,7,5.87,84
2026-06-22,8,Hyderabad,Gachibowli,6,6,6.25,72
2026-06-22,9,Hyderabad,Gachibowli,6,6,5.47,72
2026-06-22,10,Hyderabad,Gachibowli,7,7,6.41,84
2026-06-22,11,Hyderabad,Gachibowli,6,6,5.69,72
2026-06-22,12,Hyderabad,Gachibowli,7,7,6.09,84
2026-06-22,13,Hyderabad,Gachibowli,7,7,5.6,84
2026-06-22,14,Hyderabad,Gachibowli,9,9,6.06,108
2026-06-22,15,Hyderabad,Gachibowli,7,7,6.26,84
2026-06-22,16,Hyderabad,Gachibowli,8,8,6.47,96
2026-06-22,17,Hyderabad,Gachibowli,7,7,6.4,84
2026-06-22,18,Hyderabad,Gachibowli,9,9,6.53,108
2026-06-22,19,Hyderabad,Gachibowli,8,8,6.2,96
2026-06-22,20,Hyderabad,Gachibowli,9,9,6.06,108
2026-06-23,7,Ahmedabad,Satellite,9,9,5.42,108
2026-06-23,8,Ahmedabad,Satellite,6,6,5.89,72
2026-06-23,9,Ahmedabad,Satellite,8,8,6.42,96
2026-06-23,10,Ahmedabad,Satellite,6,6,5.96,72
2026-06-23,11,Ahmedabad,Satellite,9,9,5.42,108
2026-06-23,12,Ahmedabad,Satellite,8,8,5.93,96
2026-06-23,13,Ahmedabad,Satellite,6,6,6.4,72
2026-06-23,14,Ahmedabad,Satellite,8,8,6.25,96
2026-06-23,15,Ahmedabad,Satellite,8,8,5.85,96
2026-06-23,16,Ahmedabad,Satellite,9,9,5.3,108
2026-06-23,17,Ahmedabad,Satellite,7,7,5.02,84
2026-06-23,18,Ahmedabad,Satellite,6,6,5.87,72
2026-06-23,19,Ahmedabad,Satellite,6,6,5.82,72
2026-06-23,20,Ahmedabad,Satellite,7,7,6.87,84
2026-06-23,7,Ahmedabad,Navrangpura,6,6,6.41,72
2026-06-23,8,Ahmedabad,Navrangpura,9,9,5.63,108
2026-06-23,9,Ahmedabad,Navrangpura,6,6,6.25,72
2026-06-23,10,Ahmedabad,Navrangpura,6,6,5.62,72
2026-06-23,11,Ahmedabad,Navrangpura,6,6,6.38,72
2026-06-23,12,Ahmedabad,Navrangpura,7,7,5.76,84
2026-06-23,13,Ahmedabad,Navrangpura,9,9,6.13,108
2026-06-23,14,Ahmedabad,Navrangpura,9,9,5.56,108
2026-06-23,15,Ahmedabad,Navrangpura,8,8,5.59,96
2026-06-23,16,Ahmedabad,Navrangpura,9,9,6.35,108
2026-06-23,17,Ahmedabad,Navrangpura,6,6,6.12,72
2026-06-23,18,Ahmedabad,Navrangpura,8,8,5.44,96
2026-06-23,19,Ahmedabad,Navrangpura,8,8,5.53,96
2026-06-23,20,Ahmedabad,Navrangpura,7,7,5.88,84
2026-06-23,7,Jaipur,C-Scheme,8,8,6.15,96
2026-06-23,8,Jaipur,C-Scheme,7,7,5.29,84
2026-06-23,9,Jaipur,C-Scheme,8,8,5.7,96
2026-06-23,10,Jaipur,C-Scheme,7,7,6.21,84
2026-06-23,11,Jaipur,C-Scheme,6,6,5.97,72
2026-06-23,12,Jaipur,C-Scheme,9,9,5.7,108
2026-06-23,13,Jaipur,C-Scheme,7,7,5.49,84
2026-06-23,14,Jaipur,C-Scheme,7,7,5.84,84
2026-06-23,15,Jaipur,C-Scheme,7,7,5.9,84
2026-06-23,16,Jaipur,C-Scheme,8,8,5.69,96
2026-06-23,17,Jaipur,C-Scheme,8,8,5.72,96
2026-06-23,18,Jaipur,C-Scheme,9,9,5.62,108
2026-06-23,19,Jaipur,C-Scheme,6,6,6.91,72
2026-06-23,20,Jaipur,C-Scheme,6,6,5.98,72
2026-06-23,7,Jaipur,Malviya Nagar,6,6,6.3,72
2026-06-23,8,Jaipur,Malviya Nagar,9,9,5.61,108
2026-06-23,9,Jaipur,Malviya Nagar,7,7,5.75,84
2026-06-23,10,Jaipur,Malviya Nagar,8,8,5.8,96
2026-06-23,11,Jaipur,Malviya Nagar,9,9,5.47,108
2026-06-23,12,Jaipur,Malviya Nagar,7,7,5.72,84
2026-06-23,13,Jaipur,Malviya Nagar,7,7,5.99,84
2026-06-23,14,Jaipur,Malviya Nagar,8,8,6.05,96
2026-06-23,15,Jaipur,Malviya Nagar,8,8,6.38,96
2026-06-23,16,Jaipur,Malviya Nagar,6,6,5.73,72
2026-06-23,17,Jaipur,Malviya Nagar,7,7,6.06,84
2026-06-23,18,Jaipur,Malviya Nagar,7,7,5.78,84
2026-06-23,19,Jaipur,Malviya Nagar,9,9,6.87,108
2026-06-23,20,Jaipur,Malviya Nagar,9,9,6.32,108
2026-06-23,7,Delhi,Connaught Place,7,7,6.73,84
2026-06-23,8,Delhi,Connaught Place,7,7,6.09,84
2026-06-23,9,Delhi,Connaught Place,9,9,5.81,108
2026-06-23,10,Delhi,Connaught Place,7,7,6.3,84
2026-06-23,11,Delhi,Connaught Place,8,8,5.8,96
2026-06-23,12,Delhi,Connaught Place,9,9,6.04,108
2026-06-23,13,Delhi,Connaught Place,8,8,6.13,96
2026-06-23,14,Delhi,Connaught Place,9,9,5.88,108
2026-06-23,15,Delhi,Connaught Place,8,8,5.82,96
2026-06-23,16,Delhi,Connaught Place,6,6,5.86,72
2026-06-23,17,Delhi,Connaught Place,7,7,6.11,84
2026-06-23,18,Delhi,Connaught Place,8,8,6.58,96
2026-06-23,19,Delhi,Connaught Place,6,6,5.78,72
2026-06-23,20,Delhi,Connaught Place,6,6,5.98,72
2026-06-23,7,Delhi,Saket,9,9,6.2,108
2026-06-23,8,Delhi,Saket,9,9,6.02,108
2026-06-23,9,Delhi,Saket,9,9,6.0,108
2026-06-23,10,Delhi,Saket,8,8,6.18,96
2026-06-23,11,Delhi,Saket,7,7,6.13,84
2026-06-23,12,Delhi,Saket,6,6,5.37,72
2026-06-23,13,Delhi,Saket,9,9,6.21,108
2026-06-23,14,Delhi,Saket,7,7,6.65,84
2026-06-23,15,Delhi,Saket,9,9,6.45,108
2026-06-23,16,Delhi,Saket,6,6,6.37,72
2026-06-23,17,Delhi,Saket,8,8,5.85,96
2026-06-23,18,Delhi,Saket,6,6,5.57,72
2026-06-23,19,Delhi,Saket,8,8,5.7,96
2026-06-23,20,Delhi,Saket,7,7,5.5,84
2026-06-23,10,Mumbai,Bandra,9,9,6.18,108
2026-06-23,11,Mumbai,Bandra,9,9,6.51,108
2026-06-23,13,Mumbai,Bandra,9,9,6.04,108
2026-06-23,17,Mumbai,Bandra,9,9,6.23,108
2026-06-23,19,Mumbai,Bandra,8,8,6.3,96
2026-06-23,7,Mumbai,Andheri,6,6,6.59,72
2026-06-23,8,Mumbai,Andheri,7,7,6.35,84
2026-06-23,9,Mumbai,Andheri,9,9,6.0,108
2026-06-23,10,Mumbai,Andheri,8,8,6.12,96
2026-06-23,11,Mumbai,Andheri,6,6,5.98,72
2026-06-23,12,Mumbai,Andheri,8,8,6.63,96
2026-06-23,13,Mumbai,Andheri,8,8,6.32,96
2026-06-23,14,Mumbai,Andheri,8,8,6.13,96
2026-06-23,15,Mumbai,Andheri,6,6,5.57,72
2026-06-23,16,Mumbai,Andheri,9,9,5.32,108
2026-06-23,17,Mumbai,Andheri,9,9,5.97,108
2026-06-23,18,Mumbai,Andheri,8,8,5.67,96
2026-06-23,19,Mumbai,Andheri,6,6,6.17,72
2026-06-23,20,Mumbai,Andheri,7,7,5.93,84
2026-06-23,7,Bengaluru,Indiranagar,6,6,5.61,72
2026-06-23,8,Bengaluru,Indiranagar,7,7,5.9,84
2026-06-23,9,Bengaluru,Indiranagar,8,8,5.87,96
2026-06-23,10,Bengaluru,Indiranagar,6,6,5.52,72
2026-06-23,11,Bengaluru,Indiranagar,8,8,6.42,96
2026-06-23,12,Bengaluru,Indiranagar,6,6,6.02,72
2026-06-23,13,Bengaluru,Indiranagar,6,6,5.87,72
2026-06-23,14,Bengaluru,Indiranagar,8,8,5.64,96
2026-06-23,15,Bengaluru,Indiranagar,6,6,5.34,72
2026-06-23,16,Bengaluru,Indiranagar,8,8,6.47,96
2026-06-23,17,Bengaluru,Indiranagar,7,7,6.03,84
2026-06-23,18,Bengaluru,Indiranagar,9,9,6.12,108
2026-06-23,19,Bengaluru,Indiranagar,8,8,5.71,96
2026-06-23,20,Bengaluru,Indiranagar,9,9,5.87,108
2026-06-23,7,Bengaluru,Koramangala,9,9,7.0,108
2026-06-23,8,Bengaluru,Koramangala,6,6,6.41,72
2026-06-23,9,Bengaluru,Koramangala,9,9,6.55,108
2026-06-23,10,Bengaluru,Koramangala,7,7,6.5,84
2026-06-23,11,Bengaluru,Koramangala,7,7,5.91,84
2026-06-23,12,Bengaluru,Koramangala,9,9,5.99,108
2026-06-23,13,Bengaluru,Koramangala,7,7,5.91,84
2026-06-23,14,Bengaluru,Koramangala,8,8,5.96,96
2026-06-23,15,Bengaluru,Koramangala,7,7,6.42,84
2026-06-23,16,Bengaluru,Koramangala,6,6,5.42,72
2026-06-23,17,Bengaluru,Koramangala,7,7,5.26,84
2026-06-23,18,Bengaluru,Koramangala,9,9,5.59,108
2026-06-23,19,Bengaluru,Koramangala,9,9,6.13,108
2026-06-23,20,Bengaluru,Koramangala,7,7,5.87,84
2026-06-23,7,Hyderabad,Banjara Hills,9,9,6.54,108
2026-06-23,8,Hyderabad,Banjara Hills,7,7,5.97,84
2026-06-23,9,Hyderabad,Banjara Hills,6,6,5.82,72
2026-06-23,10,Hyderabad,Banjara Hills,8,8,6.25,96
2026-06-23,11,Hyderabad,Banjara Hills,8,8,6.72,96
2026-06-23,12,Hyderabad,Banjara Hills,6,6,6.46,72
2026-06-23,13,Hyderabad,Banjara Hills,6,6,5.68,72
2026-06-23,14,Hyderabad,Banjara Hills,8,8,6.17,96
2026-06-23,15,Hyderabad,Banjara Hills,7,7,6.22,84
2026-06-23,16,Hyderabad,Banjara Hills,6,6,5.86,72
2026-06-23,17,Hyderabad,Banjara Hills,9,9,6.0,108
2026-06-23,18,Hyderabad,Banjara Hills,7,7,6.97,84
2026-06-23,19,Hyderabad,Banjara Hills,8,8,5.46,96
2026-06-23,20,Hyderabad,Banjara Hills,9,9,6.83,108
2026-06-23,7,Hyderabad,Gachibowli,7,7,6.15,84
2026-06-23,8,Hyderabad,Gachibowli,7,7,6.26,84
2026-06-23,9,Hyderabad,Gachibowli,6,6,5.28,72
2026-06-23,10,Hyderabad,Gachibowli,8,8,5.98,96
2026-06-23,11,Hyderabad,Gachibowli,7,7,6.16,84
2026-06-23,12,Hyderabad,Gachibowli,7,7,6.68,84
2026-06-23,13,Hyderabad,Gachibowli,9,9,6.01,108
2026-06-23,14,Hyderabad,Gachibowli,6,6,6.47,72
2026-06-23,15,Hyderabad,Gachibowli,7,7,5.97,84
2026-06-23,16,Hyderabad,Gachibowli,6,6,5.91,72
2026-06-23,17,Hyderabad,Gachibowli,6,6,5.04,72
2026-06-23,18,Hyderabad,Gachibowli,9,9,6.11,108
2026-06-23,19,Hyderabad,Gachibowli,9,9,6.06,108
2026-06-23,20,Hyderabad,Gachibowli,9,9,6.14,108
2026-06-24,7,Ahmedabad,Satellite,7,7,5.2,84
2026-06-24,8,Ahmedabad,Satellite,7,7,6.67,84
2026-06-24,9,Ahmedabad,Satellite,9,9,5.75,108
2026-06-24,10,Ahmedabad,Satellite,9,9,6.54,108
2026-06-24,11,Ahmedabad,Satellite,7,7,6.11,84
2026-06-24,12,Ahmedabad,Satellite,6,6,6.31,72
2026-06-24,13,Ahmedabad,Satellite,6,6,5.97,72
2026-06-24,14,Ahmedabad,Satellite,8,8,6.52,96
2026-06-24,15,Ahmedabad,Satellite,7,7,5.6,84
2026-06-24,16,Ahmedabad,Satellite,9,9,6.03,108
2026-06-24,17,Ahmedabad,Satellite,8,8,6.26,96
2026-06-24,18,Ahmedabad,Satellite,9,9,5.45,108
2026-06-24,19,Ahmedabad,Satellite,7,7,6.37,84
2026-06-24,20,Ahmedabad,Satellite,9,9,5.57,108
2026-06-24,7,Ahmedabad,Navrangpura,7,7,5.13,84
2026-06-24,8,Ahmedabad,Navrangpura,8,8,6.41,96
2026-06-24,9,Ahmedabad,Navrangpura,8,8,6.12,96
2026-06-24,10,Ahmedabad,Navrangpura,8,8,6.12,96
2026-06-24,11,Ahmedabad,Navrangpura,8,8,5.61,96
2026-06-24,12,Ahmedabad,Navrangpura,8,8,5.82,96
2026-06-24,13,Ahmedabad,Navrangpura,7,7,5.89,84
2026-06-24,14,Ahmedabad,Navrangpura,6,6,6.1,72
2026-06-24,15,Ahmedabad,Navrangpura,8,8,5.41,96
2026-06-24,16,Ahmedabad,Navrangpura,6,6,6.0,72
2026-06-24,17,Ahmedabad,Navrangpura,7,7,5.63,84
2026-06-24,18,Ahmedabad,Navrangpura,6,6,5.92,72
2026-06-24,19,Ahmedabad,Navrangpura,8,8,6.0,96
2026-06-24,20,Ahmedabad,Navrangpura,7,7,6.27,84
2026-06-24,7,Jaipur,C-Scheme,7,7,5.88,84
2026-06-24,8,Jaipur,C-Scheme,9,9,5.53,108
2026-06-24,9,Jaipur,C-Scheme,6,6,6.04,72
2026-06-24,10,Jaipur,C-Scheme,8,8,5.6,96
2026-06-24,11,Jaipur,C-Scheme,7,7,6.51,84
2026-06-24,12,Jaipur,C-Scheme,8,8,5.74,96
2026-06-24,13,Jaipur,C-Scheme,7,7,5.69,84
2026-06-24,14,Jaipur,C-Scheme,8,8,5.33,96
2026-06-24,15,Jaipur,C-Scheme,7,7,5.82,84
2026-06-24,16,Jaipur,C-Scheme,9,9,5.66,108
2026-06-24,17,Jaipur,C-Scheme,6,6,5.84,72
2026-06-24,18,Jaipur,C-Scheme,6,6,5.72,72
2026-06-24,19,Jaipur,C-Scheme,8,8,5.5,96
2026-06-24,20,Jaipur,C-Scheme,7,7,5.38,84
2026-06-24,7,Jaipur,Malviya Nagar,9,9,5.96,108
2026-06-24,8,Jaipur,Malviya Nagar,8,8,5.91,96
2026-06-24,9,Jaipur,Malviya Nagar,9,9,6.05,108
2026-06-24,10,Jaipur,Malviya Nagar,6,6,5.98,72
2026-06-24,11,Jaipur,Malviya Nagar,7,7,5.33,84
2026-06-24,12,Jaipur,Malviya Nagar,6,6,5.72,72
2026-06-24,13,Jaipur,Malviya Nagar,6,6,6.11,72
2026-06-24,14,Jaipur,Malviya Nagar,6,6,5.28,72
2026-06-24,15,Jaipur,Malviya Nagar,8,8,5.93,96
2026-06-24,16,Jaipur,Malviya Nagar,6,6,5.98,72
2026-06-24,17,Jaipur,Malviya Nagar,9,9,5.87,108
2026-06-24,18,Jaipur,Malviya Nagar,7,7,5.73,84
2026-06-24,19,Jaipur,Malviya Nagar,7,7,5.87,84
2026-06-24,20,Jaipur,Malviya Nagar,9,9,6.57,108
2026-06-24,7,Delhi,Connaught Place,9,9,5.99,108
2026-06-24,8,Delhi,Connaught Place,8,8,5.94,96
2026-06-24,9,Delhi,Connaught Place,8,8,5.83,96
2026-06-24,10,Delhi,Connaught Place,9,9,6.04,108
2026-06-24,11,Delhi,Connaught Place,9,9,6.42,108
2026-06-24,12,Delhi,Connaught Place,8,8,6.42,96
2026-06-24,13,Delhi,Connaught Place,6,6,5.53,72
2026-06-24,14,Delhi,Connaught Place,9,9,6.09,108
2026-06-24,15,Delhi,Connaught Place,9,9,5.79,108
2026-06-24,16,Delhi,Connaught Place,8,8,5.72,96
2026-06-24,17,Delhi,Connaught Place,7,7,6.27,84
2026-06-24,18,Delhi,Connaught Place,6,6,6.42,72
2026-06-24,19,Delhi,Connaught Place,9,9,5.79,108
2026-06-24,20,Delhi,Connaught Place,6,6,6.38,72
2026-06-24,7,Delhi,Saket,6,6,5.7,72
2026-06-24,8,Delhi,Saket,7,7,5.76,84
2026-06-24,9,Delhi,Saket,8,8,5.8,96
2026-06-24,10,Delhi,Saket,8,8,6.35,96
2026-06-24,11,Delhi,Saket,9,9,6.25,108
2026-06-24,12,Delhi,Saket,7,7,5.72,84
2026-06-24,13,Delhi,Saket,9,9,5.94,108
2026-06-24,14,Delhi,Saket,9,9,5.91,108
2026-06-24,15,Delhi,Saket,8,8,5.82,96
2026-06-24,16,Delhi,Saket,8,8,5.77,96
2026-06-24,17,Delhi,Saket,6,6,6.01,72
2026-06-24,18,Delhi,Saket,9,9,5.95,108
2026-06-24,19,Delhi,Saket,8,8,5.84,96
2026-06-24,20,Delhi,Saket,7,7,5.74,84
2026-06-24,10,Mumbai,Bandra,9,9,5.77,108
2026-06-24,15,Mumbai,Bandra,8,8,6.21,96
2026-06-24,19,Mumbai,Bandra,6,6,6.07,72
2026-06-24,20,Mumbai,Bandra,6,6,6.25,72
2026-06-24,7,Mumbai,Andheri,6,6,5.17,72
2026-06-24,8,Mumbai,Andheri,9,9,5.86,108
2026-06-24,9,Mumbai,Andheri,8,8,5.94,96
2026-06-24,10,Mumbai,Andheri,6,6,6.31,72
2026-06-24,11,Mumbai,Andheri,7,7,5.46,84
2026-06-24,12,Mumbai,Andheri,9,9,5.73,108
2026-06-24,13,Mumbai,Andheri,7,7,6.33,84
2026-06-24,14,Mumbai,Andheri,7,7,6.65,84
2026-06-24,15,Mumbai,Andheri,9,9,6.33,108
2026-06-24,16,Mumbai,Andheri,6,6,6.28,72
2026-06-24,17,Mumbai,Andheri,6,6,5.99,72
2026-06-24,18,Mumbai,Andheri,9,9,5.84,108
2026-06-24,19,Mumbai,Andheri,8,8,5.55,96
2026-06-24,20,Mumbai,Andheri,7,7,6.14,84
2026-06-24,7,Bengaluru,Indiranagar,8,8,5.83,96
2026-06-24,8,Bengaluru,Indiranagar,9,9,6.27,108
2026-06-24,9,Bengaluru,Indiranagar,7,7,5.63,84
2026-06-24,10,Bengaluru,Indiranagar,6,6,5.89,72
2026-06-24,11,Bengaluru,Indiranagar,8,8,5.59,96
2026-06-24,12,Bengaluru,Indiranagar,9,9,6.08,108
2026-06-24,13,Bengaluru,Indiranagar,7,7,5.7,84
2026-06-24,14,Bengaluru,Indiranagar,9,9,5.88,108
2026-06-24,15,Bengaluru,Indiranagar,7,7,6.04,84
2026-06-24,16,Bengaluru,Indiranagar,7,7,5.45,84
2026-06-24,17,Bengaluru,Indiranagar,6,6,5.96,72
2026-06-24,18,Bengaluru,Indiranagar,7,7,5.77,84
2026-06-24,19,Bengaluru,Indiranagar,9,9,5.59,108
2026-06-24,20,Bengaluru,Indiranagar,8,8,5.7,96
2026-06-24,7,Bengaluru,Koramangala,6,6,6.52,72
2026-06-24,8,Bengaluru,Koramangala,6,6,6.75,72
2026-06-24,9,Bengaluru,Koramangala,9,9,5.67,108
2026-06-24,10,Bengaluru,Koramangala,9,9,6.03,108
2026-06-24,11,Bengaluru,Koramangala,9,9,5.99,108
2026-06-24,12,Bengaluru,Koramangala,6,6,5.95,72
2026-06-24,13,Bengaluru,Koramangala,9,9,5.62,108
2026-06-24,14,Bengaluru,Koramangala,8,8,6.08,96
2026-06-24,15,Bengaluru,Koramangala,6,6,5.84,72
2026-06-24,16,Bengaluru,Koramangala,6,6,5.31,72
2026-06-24,17,Bengaluru,Koramangala,8,8,5.77,96
2026-06-24,18,Bengaluru,Koramangala,6,6,6.38,72
2026-06-24,19,Bengaluru,Koramangala,9,9,6.05,108
2026-06-24,20,Bengaluru,Koramangala,7,7,5.99,84
2026-06-24,7,Hyderabad,Banjara Hills,7,7,5.2,84
2026-06-24,8,Hyderabad,Banjara Hills,8,8,5.87,96
2026-06-24,9,Hyderabad,Banjara Hills,8,8,5.91,96
2026-06-24,10,Hyderabad,Banjara Hills,9,9,5.65,108
2026-06-24,11,Hyderabad,Banjara Hills,7,7,5.87,84
2026-06-24,12,Hyderabad,Banjara Hills,7,7,6.31,84
2026-06-24,13,Hyderabad,Banjara Hills,6,6,5.78,72
2026-06-24,14,Hyderabad,Banjara Hills,9,9,5.98,108
2026-06-24,15,Hyderabad,Banjara Hills,7,7,6.17,84
2026-06-24,16,Hyderabad,Banjara Hills,7,7,6.66,84
2026-06-24,17,Hyderabad,Banjara Hills,7,7,6.47,84
2026-06-24,18,Hyderabad,Banjara Hills,6,6,5.54,72
2026-06-24,19,Hyderabad,Banjara Hills,6,6,5.15,72
2026-06-24,20,Hyderabad,Banjara Hills,7,7,6.06,84
2026-06-24,7,Hyderabad,Gachibowli,9,9,4.98,108
2026-06-24,8,Hyderabad,Gachibowli,7,7,6.08,84
2026-06-24,9,Hyderabad,Gachibowli,9,9,6.22,108
2026-06-24,10,Hyderabad,Gachibowli,9,9,5.52,108
2026-06-24,11,Hyderabad,Gachibowli,6,6,6.0,72
2026-06-24,12,Hyderabad,Gachibowli,6,6,6.24,72
2026-06-24,13,Hyderabad,Gachibowli,9,9,6.15,108
2026-06-24,14,Hyderabad,Gachibowli,9,9,6.44,108
2026-06-24,15,Hyderabad,Gachibowli,9,9,6.11,108
2026-06-24,16,Hyderabad,Gachibowli,7,7,6.5,84
2026-06-24,17,Hyderabad,Gachibowli,9,9,5.55,108
2026-06-24,18,Hyderabad,Gachibowli,8,8,6.27,96
2026-06-24,19,Hyderabad,Gachibowli,7,7,6.52,84
2026-06-24,20,Hyderabad,Gachibowli,8,8,6.29,96
2026-06-25,7,Ahmedabad,Satellite,7,7,5.75,84
2026-06-25,8,Ahmedabad,Satellite,9,9,5.77,108
2026-06-25,9,Ahmedabad,Satellite,6,6,6.68,72
2026-06-25,10,Ahmedabad,Satellite,8,8,5.57,96
2026-06-25,11,Ahmedabad,Satellite,9,9,5.85,108
2026-06-25,12,Ahmedabad,Satellite,7,7,5.69,84
2026-06-25,13,Ahmedabad,Satellite,8,8,6.37,96
2026-06-25,14,Ahmedabad,Satellite,7,7,6.26,84
2026-06-25,15,Ahmedabad,Satellite,7,7,6.2,84
2026-06-25,16,Ahmedabad,Satellite,7,7,5.59,84
2026-06-25,17,Ahmedabad,Satellite,7,7,5.96,84
2026-06-25,18,Ahmedabad,Satellite,7,7,5.67,84
2026-06-25,19,Ahmedabad,Satellite,7,7,5.77,84
2026-06-25,20,Ahmedabad,Satellite,6,6,5.91,72
2026-06-25,7,Ahmedabad,Navrangpura,7,7,6.42,84
2026-06-25,8,Ahmedabad,Navrangpura,9,9,5.73,108
2026-06-25,9,Ahmedabad,Navrangpura,7,7,6.43,84
2026-06-25,10,Ahmedabad,Navrangpura,9,9,5.82,108
2026-06-25,11,Ahmedabad,Navrangpura,8,8,5.81,96
2026-06-25,12,Ahmedabad,Navrangpura,6,6,6.22,72
2026-06-25,13,Ahmedabad,Navrangpura,7,7,5.83,84
2026-06-25,14,Ahmedabad,Navrangpura,7,7,6.02,84
2026-06-25,15,Ahmedabad,Navrangpura,6,6,5.97,72
2026-06-25,16,Ahmedabad,Navrangpura,7,7,6.26,84
2026-06-25,17,Ahmedabad,Navrangpura,7,7,6.38,84
2026-06-25,18,Ahmedabad,Navrangpura,8,8,5.85,96
2026-06-25,19,Ahmedabad,Navrangpura,9,9,5.55,108
2026-06-25,20,Ahmedabad,Navrangpura,6,6,5.84,72
2026-06-25,7,Jaipur,C-Scheme,8,8,6.11,96
2026-06-25,8,Jaipur,C-Scheme,6,6,5.77,72
2026-06-25,9,Jaipur,C-Scheme,8,8,5.36,96
2026-06-25,10,Jaipur,C-Scheme,9,9,5.67,108
2026-06-25,11,Jaipur,C-Scheme,7,7,5.83,84
2026-06-25,12,Jaipur,C-Scheme,9,9,5.62,108
2026-06-25,13,Jaipur,C-Scheme,7,7,6.26,84
2026-06-25,14,Jaipur,C-Scheme,7,7,5.97,84
2026-06-25,15,Jaipur,C-Scheme,8,8,5.88,96
2026-06-25,16,Jaipur,C-Scheme,9,9,6.88,108
2026-06-25,17,Jaipur,C-Scheme,7,7,6.59,84
2026-06-25,18,Jaipur,C-Scheme,8,8,5.3,96
2026-06-25,19,Jaipur,C-Scheme,9,9,5.74,108
2026-06-25,20,Jaipur,C-Scheme,8,8,6.22,96
2026-06-25,7,Jaipur,Malviya Nagar,7,7,6.13,84
2026-06-25,8,Jaipur,Malviya Nagar,7,7,5.65,84
2026-06-25,9,Jaipur,Malviya Nagar,6,6,6.25,72
2026-06-25,10,Jaipur,Malviya Nagar,7,7,6.29,84
2026-06-25,11,Jaipur,Malviya Nagar,9,9,6.05,108
2026-06-25,12,Jaipur,Malviya Nagar,9,9,6.02,108
2026-06-25,13,Jaipur,Malviya Nagar,9,9,6.71,108
2026-06-25,14,Jaipur,Malviya Nagar,8,8,6.29,96
2026-06-25,15,Jaipur,Malviya Nagar,8,8,6.01,96
2026-06-25,16,Jaipur,Malviya Nagar,9,9,5.98,108
2026-06-25,17,Jaipur,Malviya Nagar,9,9,5.69,108
2026-06-25,18,Jaipur,Malviya Nagar,8,8,5.68,96
2026-06-25,19,Jaipur,Malviya Nagar,7,7,5.71,84
2026-06-25,20,Jaipur,Malviya Nagar,7,7,6.33,84
2026-06-25,7,Delhi,Connaught Place,9,9,6.33,108
2026-06-25,8,Delhi,Connaught Place,9,9,6.25,108
2026-06-25,9,Delhi,Connaught Place,8,8,5.81,96
2026-06-25,10,Delhi,Connaught Place,7,7,6.16,84
2026-06-25,11,Delhi,Connaught Place,7,7,5.38,84
2026-06-25,12,Delhi,Connaught Place,7,7,6.68,84
2026-06-25,13,Delhi,Connaught Place,8,8,6.38,96
2026-06-25,14,Delhi,Connaught Place,8,8,6.32,96
2026-06-25,15,Delhi,Connaught Place,6,6,5.87,72
2026-06-25,16,Delhi,Connaught Place,6,6,5.96,72
2026-06-25,17,Delhi,Connaught Place,7,7,5.61,84
2026-06-25,18,Delhi,Connaught Place,8,8,5.58,96
2026-06-25,19,Delhi,Connaught Place,6,6,6.26,72
2026-06-25,20,Delhi,Connaught Place,6,6,5.65,72
2026-06-25,7,Delhi,Saket,6,6,5.96,72
2026-06-25,8,Delhi,Saket,8,8,5.6,96
2026-06-25,9,Delhi,Saket,9,9,5.59,108
2026-06-25,10,Delhi,Saket,7,7,6.1,84
2026-06-25,11,Delhi,Saket,8,8,6.2,96
2026-06-25,12,Delhi,Saket,9,9,6.24,108
2026-06-25,13,Delhi,Saket,8,8,5.66,96
2026-06-25,14,Delhi,Saket,9,9,6.15,108
2026-06-25,15,Delhi,Saket,7,7,6.36,84
2026-06-25,16,Delhi,Saket,8,8,6.15,96
2026-06-25,17,Delhi,Saket,9,9,5.81,108
2026-06-25,18,Delhi,Saket,7,7,6.43,84
2026-06-25,19,Delhi,Saket,8,8,6.02,96
2026-06-25,20,Delhi,Saket,8,8,6.2,96
2026-06-25,8,Mumbai,Bandra,7,7,6.36,84
2026-06-25,9,Mumbai,Bandra,7,7,5.8,84
2026-06-25,10,Mumbai,Bandra,8,8,6.23,96
2026-06-25,12,Mumbai,Bandra,7,7,6.32,84
2026-06-25,14,Mumbai,Bandra,6,6,6.33,72
2026-06-25,15,Mumbai,Bandra,9,9,5.78,108
2026-06-25,18,Mumbai,Bandra,6,6,6.49,72
2026-06-25,19,Mumbai,Bandra,9,9,6.05,108
2026-06-25,7,Mumbai,Andheri,7,7,6.09,84
2026-06-25,8,Mumbai,Andheri,6,6,5.69,72
2026-06-25,9,Mumbai,Andheri,9,9,5.64,108
2026-06-25,10,Mumbai,Andheri,7,7,6.24,84
2026-06-25,11,Mumbai,Andheri,6,6,5.83,72
2026-06-25,12,Mumbai,Andheri,9,9,6.01,108
2026-06-25,13,Mumbai,Andheri,6,6,6.46,72
2026-06-25,14,Mumbai,Andheri,9,9,5.82,108
2026-06-25,15,Mumbai,Andheri,7,7,5.72,84
2026-06-25,16,Mumbai,Andheri,9,9,6.33,108
2026-06-25,17,Mumbai,Andheri,7,7,6.43,84
2026-06-25,18,Mumbai,Andheri,9,9,6.59,108
2026-06-25,19,Mumbai,Andheri,6,6,6.5,72
2026-06-25,20,Mumbai,Andheri,9,9,6.65,108
2026-06-25,7,Bengaluru,Indiranagar,9,9,5.76,108
2026-06-25,8,Bengaluru,Indiranagar,6,6,5.4,72
2026-06-25,9,Bengaluru,Indiranagar,9,9,5.4,108
2026-06-25,10,Bengaluru,Indiranagar,6,6,5.29,72
2026-06-25,11,Bengaluru,Indiranagar,6,6,5.3,72
2026-06-25,12,Bengaluru,Indiranagar,6,6,6.11,72
2026-06-25,13,Bengaluru,Indiranagar,7,7,5.32,84
2026-06-25,14,Bengaluru,Indiranagar,9,9,5.98,108
2026-06-25,15,Bengaluru,Indiranagar,6,6,5.25,72
2026-06-25,16,Bengaluru,Indiranagar,7,7,5.71,84
2026-06-25,17,Bengaluru,Indiranagar,6,6,5.86,72
2026-06-25,18,Bengaluru,Indiranagar,8,8,5.87,96
2026-06-25,19,Bengaluru,Indiranagar,8,8,6.86,96
2026-06-25,20,Bengaluru,Indiranagar,8,8,5.87,96
2026-06-25,7,Bengaluru,Koramangala,6,6,5.91,72
2026-06-25,8,Bengaluru,Koramangala,8,8,6.08,96
2026-06-25,9,Bengaluru,Koramangala,8,8,6.24,96
2026-06-25,10,Bengaluru,Koramangala,6,6,6.88,72
2026-06-25,11,Bengaluru,Koramangala,9,9,5.8,108
2026-06-25,12,Bengaluru,Koramangala,7,7,6.62,84
2026-06-25,13,Bengaluru,Koramangala,8,8,6.32,96
2026-06-25,14,Bengaluru,Koramangala,8,8,6.25,96
2026-06-25,15,Bengaluru,Koramangala,8,8,6.77,96
2026-06-25,16,Bengaluru,Koramangala,6,6,6.13,72
2026-06-25,17,Bengaluru,Koramangala,6,6,5.72,72
2026-06-25,18,Bengaluru,Koramangala,7,7,6.87,84
2026-06-25,19,Bengaluru,Koramangala,6,6,6.2,72
2026-06-25,20,Bengaluru,Koramangala,6,6,4.99,72
2026-06-25,7,Hyderabad,Banjara Hills,9,9,6.35,108
2026-06-25,8,Hyderabad,Banjara Hills,9,9,6.01,108
2026-06-25,9,Hyderabad,Banjara Hills,6,6,5.67,72
2026-06-25,10,Hyderabad,Banjara Hills,8,8,5.2,96
2026-06-25,11,Hyderabad,Banjara Hills,9,9,5.89,108
2026-06-25,12,Hyderabad,Banjara Hills,8,8,5.39,96
2026-06-25,13,Hyderabad,Banjara Hills,9,9,6.23,108
2026-06-25,14,Hyderabad,Banjara Hills,6,6,5.92,72
2026-06-25,15,Hyderabad,Banjara Hills,8,8,6.02,96
2026-06-25,16,Hyderabad,Banjara Hills,7,7,5.72,84
2026-06-25,17,Hyderabad,Banjara Hills,6,6,6.29,72
2026-06-25,18,Hyderabad,Banjara Hills,8,8,6.41,96
2026-06-25,19,Hyderabad,Banjara Hills,7,7,5.73,84
2026-06-25,20,Hyderabad,Banjara Hills,6,6,6.25,72
2026-06-25,7,Hyderabad,Gachibowli,9,9,5.72,108
2026-06-25,8,Hyderabad,Gachibowli,8,8,5.81,96
2026-06-25,9,Hyderabad,Gachibowli,6,6,6.55,72
2026-06-25,10,Hyderabad,Gachibowli,6,6,5.28,72
2026-06-25,11,Hyderabad,Gachibowli,9,9,6.47,108
2026-06-25,12,Hyderabad,Gachibowli,7,7,6.08,84
2026-06-25,13,Hyderabad,Gachibowli,6,6,6.16,72
2026-06-25,14,Hyderabad,Gachibowli,7,7,5.74,84
2026-06-25,15,Hyderabad,Gachibowli,7,7,5.41,84
2026-06-25,16,Hyderabad,Gachibowli,9,9,5.3,108
2026-06-25,17,Hyderabad,Gachibowli,8,8,6.03,96
2026-06-25,18,Hyderabad,Gachibowli,7,7,6.08,84
2026-06-25,19,Hyderabad,Gachibowli,8,8,5.67,96
2026-06-25,20,Hyderabad,Gachibowli,9,9,5.88,108
2026-06-26,7,Ahmedabad,Satellite,6,6,5.92,72
2026-06-26,8,Ahmedabad,Satellite,9,9,5.7,108
2026-06-26,9,Ahmedabad,Satellite,8,8,6.08,96
2026-06-26,10,Ahmedabad,Satellite,8,8,6.16,96
2026-06-26,11,Ahmedabad,Satellite,6,6,5.93,72
2026-06-26,12,Ahmedabad,Satellite,7,7,5.93,84
2026-06-26,13,Ahmedabad,Satellite,9,9,5.62,108
2026-06-26,14,Ahmedabad,Satellite,9,9,5.25,108
2026-06-26,15,Ahmedabad,Satellite,9,9,5.75,108
2026-06-26,16,Ahmedabad,Satellite,9,9,5.57,108
2026-06-26,17,Ahmedabad,Satellite,8,8,5.94,96
2026-06-26,18,Ahmedabad,Satellite,9,9,5.49,108
2026-06-26,19,Ahmedabad,Satellite,6,6,5.36,72
2026-06-26,20,Ahmedabad,Satellite,9,9,5.97,108
2026-06-26,7,Ahmedabad,Navrangpura,9,9,6.11,108
2026-06-26,8,Ahmedabad,Navrangpura,7,7,5.74,84
2026-06-26,9,Ahmedabad,Navrangpura,7,7,5.99,84
2026-06-26,10,Ahmedabad,Navrangpura,7,7,6.54,84
2026-06-26,11,Ahmedabad,Navrangpura,7,7,5.36,84
2026-06-26,12,Ahmedabad,Navrangpura,6,6,6.1,72
2026-06-26,13,Ahmedabad,Navrangpura,8,8,5.27,96
2026-06-26,14,Ahmedabad,Navrangpura,6,6,5.58,72
2026-06-26,15,Ahmedabad,Navrangpura,9,9,6.62,108
2026-06-26,16,Ahmedabad,Navrangpura,6,6,6.28,72
2026-06-26,17,Ahmedabad,Navrangpura,6,6,6.19,72
2026-06-26,18,Ahmedabad,Navrangpura,7,7,5.18,84
2026-06-26,19,Ahmedabad,Navrangpura,9,9,6.16,108
2026-06-26,20,Ahmedabad,Navrangpura,8,8,6.07,96
2026-06-26,7,Jaipur,C-Scheme,9,9,5.98,108
2026-06-26,8,Jaipur,C-Scheme,6,6,6.14,72
2026-06-26,9,Jaipur,C-Scheme,6,6,6.34,72
2026-06-26,10,Jaipur,C-Scheme,6,6,6.13,72
2026-06-26,11,Jaipur,C-Scheme,9,9,6.69,108
2026-06-26,12,Jaipur,C-Scheme,9,9,6.33,108
2026-06-26,13,Jaipur,C-Scheme,6,6,5.73,72
2026-06-26,14,Jaipur,C-Scheme,8,8,5.36,96
2026-06-26,15,Jaipur,C-Scheme,9,9,5.91,108
2026-06-26,16,Jaipur,C-Scheme,8,8,6.58,96
2026-06-26,17,Jaipur,C-Scheme,9,9,5.97,108
2026-06-26,18,Jaipur,C-Scheme,8,8,6.16,96
2026-06-26,19,Jaipur,C-Scheme,8,8,5.93,96
2026-06-26,20,Jaipur,C-Scheme,7,7,6.14,84
2026-06-26,7,Jaipur,Malviya Nagar,6,6,6.61,72
2026-06-26,8,Jaipur,Malviya Nagar,7,7,6.01,84
2026-06-26,9,Jaipur,Malviya Nagar,6,6,6.61,72
2026-06-26,10,Jaipur,Malviya Nagar,6,6,5.57,72
2026-06-26,11,Jaipur,Malviya Nagar,6,6,6.54,72
2026-06-26,12,Jaipur,Malviya Nagar,9,9,6.6,108
2026-06-26,13,Jaipur,Malviya Nagar,7,7,5.16,84
2026-06-26,14,Jaipur,Malviya Nagar,7,7,5.58,84
2026-06-26,15,Jaipur,Malviya Nagar,7,7,6.14,84
2026-06-26,16,Jaipur,Malviya Nagar,9,9,5.73,108
2026-06-26,17,Jaipur,Malviya Nagar,9,9,6.25,108
2026-06-26,18,Jaipur,Malviya Nagar,7,7,5.93,84
2026-06-26,19,Jaipur,Malviya Nagar,7,7,6.35,84
2026-06-26,20,Jaipur,Malviya Nagar,7,7,6.21,84
2026-06-26,7,Delhi,Connaught Place,8,8,6.28,96
2026-06-26,8,Delhi,Connaught Place,7,7,6.04,84
2026-06-26,9,Delhi,Connaught Place,9,9,6.06,108
2026-06-26,10,Delhi,Connaught Place,7,7,6.53,84
2026-06-26,11,Delhi,Connaught Place,7,7,6.18,84
2026-06-26,12,Delhi,Connaught Place,7,7,5.84,84
2026-06-26,13,Delhi,Connaught Place,7,7,6.46,84
2026-06-26,14,Delhi,Connaught Place,8,8,6.36,96
2026-06-26,15,Delhi,Connaught Place,9,9,6.29,108
2026-06-26,16,Delhi,Connaught Place,7,7,6.24,84
2026-06-26,17,Delhi,Connaught Place,7,7,5.67,84
2026-06-26,18,Delhi,Connaught Place,8,8,5.36,96
2026-06-26,19,Delhi,Connaught Place,6,6,5.93,72
2026-06-26,20,Delhi,Connaught Place,7,7,6.32,84
2026-06-26,7,Delhi,Saket,6,6,5.58,72
2026-06-26,8,Delhi,Saket,8,8,6.1,96
2026-06-26,9,Delhi,Saket,6,6,5.63,72
2026-06-26,10,Delhi,Saket,6,6,5.36,72
2026-06-26,11,Delhi,Saket,8,8,6.18,96
2026-06-26,12,Delhi,Saket,9,9,6.22,108
2026-06-26,13,Delhi,Saket,9,9,6.07,108
2026-06-26,14,Delhi,Saket,9,9,5.45,108
2026-06-26,15,Delhi,Saket,8,8,6.01,96
2026-06-26,16,Delhi,Saket,6,6,6.1,72
2026-06-26,17,Delhi,Saket,7,7,5.58,84
2026-06-26,18,Delhi,Saket,8,8,5.85,96
2026-06-26,19,Delhi,Saket,7,7,5.67,84
2026-06-26,20,Delhi,Saket,6,6,6.06,72
2026-06-26,7,Mumbai,Bandra,7,7,5.9,84
2026-06-26,9,Mumbai,Bandra,7,7,5.74,84
2026-06-26,10,Mumbai,Bandra,8,8,6.57,96
2026-06-26,12,Mumbai,Bandra,7,7,6.44,84
2026-06-26,16,Mumbai,Bandra,7,7,6.3,84
2026-06-26,18,Mumbai,Bandra,6,6,5.99,72
2026-06-26,19,Mumbai,Bandra,8,8,4.92,96
2026-06-26,20,Mumbai,Bandra,9,9,6.51,108
2026-06-26,7,Mumbai,Andheri,6,6,5.25,72
2026-06-26,8,Mumbai,Andheri,8,8,6.18,96
2026-06-26,9,Mumbai,Andheri,8,8,6.31,96
2026-06-26,10,Mumbai,Andheri,6,6,6.45,72
2026-06-26,11,Mumbai,Andheri,8,8,5.65,96
2026-06-26,12,Mumbai,Andheri,6,6,5.87,72
2026-06-26,13,Mumbai,Andheri,6,6,5.16,72
2026-06-26,14,Mumbai,Andheri,7,7,6.05,84
2026-06-26,15,Mumbai,Andheri,6,6,6.36,72
2026-06-26,16,Mumbai,Andheri,7,7,6.28,84
2026-06-26,17,Mumbai,Andheri,9,9,4.9,108
2026-06-26,18,Mumbai,Andheri,6,6,6.65,72
2026-06-26,19,Mumbai,Andheri,8,8,6.53,96
2026-06-26,20,Mumbai,Andheri,7,7,5.53,84
2026-06-26,7,Bengaluru,Indiranagar,7,7,6.71,84
2026-06-26,8,Bengaluru,Indiranagar,9,9,5.63,108
2026-06-26,9,Bengaluru,Indiranagar,9,9,6.21,108
2026-06-26,10,Bengaluru,Indiranagar,9,9,6.31,108
2026-06-26,11,Bengaluru,Indiranagar,7,7,6.09,84
2026-06-26,12,Bengaluru,Indiranagar,7,7,5.58,84
2026-06-26,13,Bengaluru,Indiranagar,6,6,6.29,72
2026-06-26,14,Bengaluru,Indiranagar,9,9,5.27,108
2026-06-26,15,Bengaluru,Indiranagar,7,7,5.01,84
2026-06-26,16,Bengaluru,Indiranagar,8,8,6.41,96
2026-06-26,17,Bengaluru,Indiranagar,7,7,6.28,84
2026-06-26,18,Bengaluru,Indiranagar,8,8,6.2,96
2026-06-26,19,Bengaluru,Indiranagar,6,6,6.18,72
2026-06-26,20,Bengaluru,Indiranagar,9,9,5.97,108
2026-06-26,7,Bengaluru,Koramangala,9,9,6.87,108
2026-06-26,8,Bengaluru,Koramangala,6,6,5.46,72
2026-06-26,9,Bengaluru,Koramangala,8,8,5.83,96
2026-06-26,10,Bengaluru,Koramangala,9,9,5.81,108
2026-06-26,11,Bengaluru,Koramangala,9,9,5.63,108
2026-06-26,12,Bengaluru,Koramangala,9,9,6.35,108
2026-06-26,13,Bengaluru,Koramangala,8,8,6.18,96
2026-06-26,14,Bengaluru,Koramangala,7,7,6.26,84
2026-06-26,15,Bengaluru,Koramangala,9,9,6.19,108
2026-06-26,16,Bengaluru,Koramangala,6,6,6.38,72
2026-06-26,17,Bengaluru,Koramangala,7,7,5.86,84
2026-06-26,18,Bengaluru,Koramangala,8,8,6.19,96
2026-06-26,19,Bengaluru,Koramangala,8,8,6.36,96
2026-06-26,20,Bengaluru,Koramangala,7,7,5.32,84
2026-06-26,7,Hyderabad,Banjara Hills,6,6,5.57,72
2026-06-26,8,Hyderabad,Banjara Hills,6,6,6.22,72
2026-06-26,9,Hyderabad,Banjara Hills,9,9,5.89,108
2026-06-26,10,Hyderabad,Banjara Hills,8,8,5.71,96
2026-06-26,11,Hyderabad,Banjara Hills,6,6,5.95,72
2026-06-26,12,Hyderabad,Banjara Hills,9,9,6.57,108
2026-06-26,13,Hyderabad,Banjara Hills,8,8,6.4,96
2026-06-26,14,Hyderabad,Banjara Hills,9,9,6.09,108
2026-06-26,15,Hyderabad,Banjara Hills,8,8,6.1,96
2026-06-26,16,Hyderabad,Banjara Hills,6,6,5.81,72
2026-06-26,17,Hyderabad,Banjara Hills,6,6,5.72,72
2026-06-26,18,Hyderabad,Banjara Hills,7,7,6.0,84
2026-06-26,19,Hyderabad,Banjara Hills,8,8,5.43,96
2026-06-26,20,Hyderabad,Banjara Hills,9,9,5.82,108
2026-06-26,7,Hyderabad,Gachibowli,8,8,6.26,96
2026-06-26,8,Hyderabad,Gachibowli,8,8,5.99,96
2026-06-26,9,Hyderabad,Gachibowli,7,7,5.5,84
2026-06-26,10,Hyderabad,Gachibowli,8,8,5.64,96
2026-06-26,11,Hyderabad,Gachibowli,9,9,6.2,108
2026-06-26,12,Hyderabad,Gachibowli,9,9,6.09,108
2026-06-26,13,Hyderabad,Gachibowli,9,9,5.91,108
2026-06-26,14,Hyderabad,Gachibowli,9,9,6.6,108
2026-06-26,15,Hyderabad,Gachibowli,7,7,5.93,84
2026-06-26,16,Hyderabad,Gachibowli,7,7,5.59,84
2026-06-26,17,Hyderabad,Gachibowli,6,6,6.0,72
2026-06-26,18,Hyderabad,Gachibowli,9,9,6.11,108
2026-06-26,19,Hyderabad,Gachibowli,7,7,6.16,84
2026-06-26,20,Hyderabad,Gachibowli,9,9,5.85,108
2026-06-27,7,Ahmedabad,Satellite,8,8,6.82,96
2026-06-27,8,Ahmedabad,Satellite,7,7,5.78,84
2026-06-27,9,Ahmedabad,Satellite,7,7,5.34,84
2026-06-27,10,Ahmedabad,Satellite,9,9,5.86,108
2026-06-27,11,Ahmedabad,Satellite,9,9,5.77,108
2026-06-27,12,Ahmedabad,Satellite,6,6,6.59,72
2026-06-27,13,Ahmedabad,Satellite,9,9,6.44,108
2026-06-27,14,Ahmedabad,Satellite,6,6,5.7,72
2026-06-27,15,Ahmedabad,Satellite,6,6,6.04,72
2026-06-27,16,Ahmedabad,Satellite,7,7,6.19,84
2026-06-27,17,Ahmedabad,Satellite,8,8,6.12,96
2026-06-27,18,Ahmedabad,Satellite,8,8,6.24,96
2026-06-27,19,Ahmedabad,Satellite,9,9,5.86,108
2026-06-27,20,Ahmedabad,Satellite,9,9,5.79,108
2026-06-27,7,Ahmedabad,Navrangpura,9,9,6.16,108
2026-06-27,8,Ahmedabad,Navrangpura,9,9,5.8,108
2026-06-27,9,Ahmedabad,Navrangpura,7,7,5.91,84
2026-06-27,10,Ahmedabad,Navrangpura,7,7,5.57,84
2026-06-27,11,Ahmedabad,Navrangpura,6,6,6.32,72
2026-06-27,12,Ahmedabad,Navrangpura,7,7,5.13,84
2026-06-27,13,Ahmedabad,Navrangpura,8,8,6.14,96
2026-06-27,14,Ahmedabad,Navrangpura,8,8,5.44,96
2026-06-27,15,Ahmedabad,Navrangpura,6,6,6.42,72
2026-06-27,16,Ahmedabad,Navrangpura,8,8,5.94,96
2026-06-27,17,Ahmedabad,Navrangpura,7,7,5.08,84
2026-06-27,18,Ahmedabad,Navrangpura,6,6,6.33,72
2026-06-27,19,Ahmedabad,Navrangpura,8,8,6.72,96
2026-06-27,20,Ahmedabad,Navrangpura,6,6,5.92,72
2026-06-27,7,Jaipur,C-Scheme,8,8,6.34,96
2026-06-27,8,Jaipur,C-Scheme,7,7,5.95,84
2026-06-27,9,Jaipur,C-Scheme,8,8,6.12,96
2026-06-27,10,Jaipur,C-Scheme,9,9,6.04,108
2026-06-27,11,Jaipur,C-Scheme,8,8,6.43,96
2026-06-27,12,Jaipur,C-Scheme,9,9,5.79,108
2026-06-27,13,Jaipur,C-Scheme,8,8,5.0,96
2026-06-27,14,Jaipur,C-Scheme,6,6,5.86,72
2026-06-27,15,Jaipur,C-Scheme,7,7,6.17,84
2026-06-27,16,Jaipur,C-Scheme,8,8,5.87,96
2026-06-27,17,Jaipur,C-Scheme,9,9,6.32,108
2026-06-27,18,Jaipur,C-Scheme,6,6,6.16,72
2026-06-27,19,Jaipur,C-Scheme,6,6,6.67,72
2026-06-27,20,Jaipur,C-Scheme,6,6,6.3,72
2026-06-27,7,Jaipur,Malviya Nagar,7,7,5.85,84
2026-06-27,8,Jaipur,Malviya Nagar,6,6,6.32,72
2026-06-27,9,Jaipur,Malviya Nagar,7,7,5.55,84
2026-06-27,10,Jaipur,Malviya Nagar,7,7,6.36,84
2026-06-27,11,Jaipur,Malviya Nagar,8,8,6.47,96
2026-06-27,12,Jaipur,Malviya Nagar,8,8,6.62,96
2026-06-27,13,Jaipur,Malviya Nagar,9,9,6.69,108
2026-06-27,14,Jaipur,Malviya Nagar,9,9,6.14,108
2026-06-27,15,Jaipur,Malviya Nagar,7,7,5.27,84
2026-06-27,16,Jaipur,Malviya Nagar,8,8,6.0,96
2026-06-27,17,Jaipur,Malviya Nagar,9,9,6.02,108
2026-06-27,18,Jaipur,Malviya Nagar,6,6,5.24,72
2026-06-27,19,Jaipur,Malviya Nagar,7,7,6.26,84
2026-06-27,20,Jaipur,Malviya Nagar,7,7,5.59,84
2026-06-27,7,Delhi,Connaught Place,7,7,6.17,84
2026-06-27,8,Delhi,Connaught Place,6,6,6.45,72
2026-06-27,9,Delhi,Connaught Place,6,6,5.85,72
2026-06-27,10,Delhi,Connaught Place,9,9,6.07,108
2026-06-27,11,Delhi,Connaught Place,6,6,6.26,72
2026-06-27,12,Delhi,Connaught Place,7,7,6.21,84
2026-06-27,13,Delhi,Connaught Place,7,7,5.07,84
2026-06-27,14,Delhi,Connaught Place,9,9,6.17,108
2026-06-27,15,Delhi,Connaught Place,8,8,5.91,96
2026-06-27,16,Delhi,Connaught Place,8,8,5.09,96
2026-06-27,17,Delhi,Connaught Place,7,7,5.72,84
2026-06-27,18,Delhi,Connaught Place,9,9,6.67,108
2026-06-27,19,Delhi,Connaught Place,6,6,5.68,72
2026-06-27,20,Delhi,Connaught Place,9,9,5.18,108
2026-06-27,7,Delhi,Saket,6,6,6.28,72
2026-06-27,8,Delhi,Saket,9,9,5.91,108
2026-06-27,9,Delhi,Saket,8,8,5.86,96
2026-06-27,10,Delhi,Saket,8,8,6.43,96
2026-06-27,11,Delhi,Saket,8,8,5.34,96
2026-06-27,12,Delhi,Saket,8,8,5.44,96
2026-06-27,13,Delhi,Saket,6,6,6.37,72
2026-06-27,14,Delhi,Saket,8,8,5.5,96
2026-06-27,15,Delhi,Saket,9,9,6.08,108
2026-06-27,16,Delhi,Saket,6,6,5.54,72
2026-06-27,17,Delhi,Saket,8,8,5.98,96
2026-06-27,18,Delhi,Saket,7,7,5.96,84
2026-06-27,19,Delhi,Saket,9,9,6.73,108
2026-06-27,20,Delhi,Saket,9,9,5.81,108
2026-06-27,7,Mumbai,Bandra,8,8,6.16,96
2026-06-27,9,Mumbai,Bandra,8,8,6.34,96
2026-06-27,10,Mumbai,Bandra,9,9,5.67,108
2026-06-27,13,Mumbai,Bandra,6,6,6.24,72
2026-06-27,14,Mumbai,Bandra,9,9,6.71,108
2026-06-27,18,Mumbai,Bandra,6,6,5.94,72
2026-06-27,19,Mumbai,Bandra,7,7,6.05,84
2026-06-27,20,Mumbai,Bandra,7,7,5.96,84
2026-06-27,7,Mumbai,Andheri,8,8,5.3,96
2026-06-27,8,Mumbai,Andheri,6,6,6.13,72
2026-06-27,9,Mumbai,Andheri,6,6,5.58,72
2026-06-27,10,Mumbai,Andheri,7,7,5.98,84
2026-06-27,11,Mumbai,Andheri,6,6,5.75,72
2026-06-27,12,Mumbai,Andheri,7,7,5.68,84
2026-06-27,13,Mumbai,Andheri,6,6,5.91,72
2026-06-27,14,Mumbai,Andheri,8,8,5.76,96
2026-06-27,15,Mumbai,Andheri,6,6,5.95,72
2026-06-27,16,Mumbai,Andheri,6,6,6.37,72
2026-06-27,17,Mumbai,Andheri,8,8,5.91,96
2026-06-27,18,Mumbai,Andheri,7,7,6.12,84
2026-06-27,19,Mumbai,Andheri,7,7,6.2,84
2026-06-27,20,Mumbai,Andheri,6,6,6.1,72
2026-06-27,7,Bengaluru,Indiranagar,8,8,5.94,96
2026-06-27,8,Bengaluru,Indiranagar,6,6,6.07,72
2026-06-27,9,Bengaluru,Indiranagar,8,8,5.38,96
2026-06-27,10,Bengaluru,Indiranagar,8,8,6.14,96
2026-06-27,11,Bengaluru,Indiranagar,8,8,5.88,96
2026-06-27,12,Bengaluru,Indiranagar,7,7,6.41,84
2026-06-27,13,Bengaluru,Indiranagar,8,8,5.29,96
2026-06-27,14,Bengaluru,Indiranagar,9,9,5.72,108
2026-06-27,15,Bengaluru,Indiranagar,6,6,6.14,72
2026-06-27,16,Bengaluru,Indiranagar,7,7,5.7,84
2026-06-27,17,Bengaluru,Indiranagar,9,9,6.39,108
2026-06-27,18,Bengaluru,Indiranagar,7,7,5.63,84
2026-06-27,19,Bengaluru,Indiranagar,6,6,6.21,72
2026-06-27,20,Bengaluru,Indiranagar,6,6,6.39,72
2026-06-27,7,Bengaluru,Koramangala,8,8,6.11,96
2026-06-27,8,Bengaluru,Koramangala,8,8,5.12,96
2026-06-27,9,Bengaluru,Koramangala,9,9,6.44,108
2026-06-27,10,Bengaluru,Koramangala,6,6,7.2,72
2026-06-27,11,Bengaluru,Koramangala,8,8,5.5,96
2026-06-27,12,Bengaluru,Koramangala,6,6,5.79,72
2026-06-27,13,Bengaluru,Koramangala,9,9,5.73,108
2026-06-27,14,Bengaluru,Koramangala,8,8,5.63,96
2026-06-27,15,Bengaluru,Koramangala,8,8,6.16,96
2026-06-27,16,Bengaluru,Koramangala,6,6,5.93,72
2026-06-27,17,Bengaluru,Koramangala,9,9,5.73,108
2026-06-27,18,Bengaluru,Koramangala,7,7,5.83,84
2026-06-27,19,Bengaluru,Koramangala,6,6,5.72,72
2026-06-27,20,Bengaluru,Koramangala,8,8,6.26,96
2026-06-27,7,Hyderabad,Banjara Hills,9,9,5.3,108
2026-06-27,8,Hyderabad,Banjara Hills,6,6,6.41,72
2026-06-27,9,Hyderabad,Banjara Hills,9,9,5.45,108
2026-06-27,10,Hyderabad,Banjara Hills,7,7,5.85,84
2026-06-27,11,Hyderabad,Banjara Hills,7,7,6.27,84
2026-06-27,12,Hyderabad,Banjara Hills,6,6,5.85,72
2026-06-27,13,Hyderabad,Banjara Hills,9,9,5.92,108
2026-06-27,14,Hyderabad,Banjara Hills,6,6,5.41,72
2026-06-27,15,Hyderabad,Banjara Hills,9,9,6.26,108
2026-06-27,16,Hyderabad,Banjara Hills,6,6,5.7,72
2026-06-27,17,Hyderabad,Banjara Hills,7,7,6.39,84
2026-06-27,18,Hyderabad,Banjara Hills,6,6,6.02,72
2026-06-27,19,Hyderabad,Banjara Hills,9,9,7.17,108
2026-06-27,20,Hyderabad,Banjara Hills,7,7,5.95,84
2026-06-27,7,Hyderabad,Gachibowli,7,7,5.6,84
2026-06-27,8,Hyderabad,Gachibowli,7,7,5.11,84
2026-06-27,9,Hyderabad,Gachibowli,6,6,5.86,72
2026-06-27,10,Hyderabad,Gachibowli,7,7,6.35,84
2026-06-27,11,Hyderabad,Gachibowli,9,9,5.57,108
2026-06-27,12,Hyderabad,Gachibowli,8,8,5.63,96
2026-06-27,13,Hyderabad,Gachibowli,6,6,5.97,72
2026-06-27,14,Hyderabad,Gachibowli,7,7,5.74,84
2026-06-27,15,Hyderabad,Gachibowli,6,6,5.94,72
2026-06-27,16,Hyderabad,Gachibowli,7,7,6.6,84
2026-06-27,17,Hyderabad,Gachibowli,9,9,6.07,108
2026-06-27,18,Hyderabad,Gachibowli,6,6,6.64,72
2026-06-27,19,Hyderabad,Gachibowli,8,8,6.13,96
2026-06-27,20,Hyderabad,Gachibowli,6,6,7.11,72
2026-06-28,7,Ahmedabad,Satellite,9,9,6.44,108
2026-06-28,8,Ahmedabad,Satellite,6,6,5.84,72
2026-06-28,9,Ahmedabad,Satellite,6,6,5.9,72
2026-06-28,10,Ahmedabad,Satellite,9,9,6.18,108
2026-06-28,11,Ahmedabad,Satellite,6,6,6.38,72
2026-06-28,12,Ahmedabad,Satellite,7,7,6.19,84
2026-06-28,13,Ahmedabad,Satellite,8,8,6.08,96
2026-06-28,14,Ahmedabad,Satellite,8,8,5.6,96
2026-06-28,15,Ahmedabad,Satellite,6,6,6.34,72
2026-06-28,16,Ahmedabad,Satellite,9,9,5.93,108
2026-06-28,17,Ahmedabad,Satellite,9,9,6.61,108
2026-06-28,18,Ahmedabad,Satellite,7,7,6.06,84
2026-06-28,19,Ahmedabad,Satellite,7,7,5.76,84
2026-06-28,20,Ahmedabad,Satellite,7,7,5.89,84
2026-06-28,7,Ahmedabad,Navrangpura,6,6,5.81,72
2026-06-28,8,Ahmedabad,Navrangpura,7,7,5.96,84
2026-06-28,9,Ahmedabad,Navrangpura,8,8,6.23,96
2026-06-28,10,Ahmedabad,Navrangpura,9,9,6.41,108
2026-06-28,11,Ahmedabad,Navrangpura,8,8,4.92,96
2026-06-28,12,Ahmedabad,Navrangpura,7,7,5.9,84
2026-06-28,13,Ahmedabad,Navrangpura,7,7,5.76,84
2026-06-28,14,Ahmedabad,Navrangpura,9,9,6.58,108
2026-06-28,15,Ahmedabad,Navrangpura,6,6,5.67,72
2026-06-28,16,Ahmedabad,Navrangpura,6,6,6.33,72
2026-06-28,17,Ahmedabad,Navrangpura,7,7,5.69,84
2026-06-28,18,Ahmedabad,Navrangpura,9,9,6.81,108
2026-06-28,19,Ahmedabad,Navrangpura,8,8,6.37,96
2026-06-28,20,Ahmedabad,Navrangpura,9,9,6.2,108
2026-06-28,7,Jaipur,C-Scheme,8,8,6.51,96
2026-06-28,8,Jaipur,C-Scheme,7,7,6.76,84
2026-06-28,9,Jaipur,C-Scheme,6,6,5.99,72
2026-06-28,10,Jaipur,C-Scheme,7,7,5.98,84
2026-06-28,11,Jaipur,C-Scheme,7,7,6.39,84
2026-06-28,12,Jaipur,C-Scheme,6,6,6.1,72
2026-06-28,13,Jaipur,C-Scheme,7,7,6.44,84
2026-06-28,14,Jaipur,C-Scheme,6,6,6.55,72
2026-06-28,15,Jaipur,C-Scheme,9,9,5.68,108
2026-06-28,16,Jaipur,C-Scheme,8,8,5.71,96
2026-06-28,17,Jaipur,C-Scheme,8,8,5.61,96
2026-06-28,18,Jaipur,C-Scheme,8,8,5.62,96
2026-06-28,19,Jaipur,C-Scheme,6,6,7.1,72
2026-06-28,20,Jaipur,C-Scheme,8,8,5.94,96
2026-06-28,7,Jaipur,Malviya Nagar,6,6,5.54,72
2026-06-28,8,Jaipur,Malviya Nagar,7,7,6.38,84
2026-06-28,9,Jaipur,Malviya Nagar,6,6,5.61,72
2026-06-28,10,Jaipur,Malviya Nagar,6,6,5.71,72
2026-06-28,11,Jaipur,Malviya Nagar,6,6,5.68,72
2026-06-28,12,Jaipur,Malviya Nagar,8,8,6.61,96
2026-06-28,13,Jaipur,Malviya Nagar,8,8,5.72,96
2026-06-28,14,Jaipur,Malviya Nagar,7,7,6.4,84
2026-06-28,15,Jaipur,Malviya Nagar,8,8,5.76,96
2026-06-28,16,Jaipur,Malviya Nagar,7,7,6.36,84
2026-06-28,17,Jaipur,Malviya Nagar,8,8,6.29,96
2026-06-28,18,Jaipur,Malviya Nagar,6,6,5.71,72
2026-06-28,19,Jaipur,Malviya Nagar,6,6,6.78,72
2026-06-28,20,Jaipur,Malviya Nagar,9,9,5.79,108
2026-06-28,7,Delhi,Connaught Place,6,6,6.11,72
2026-06-28,8,Delhi,Connaught Place,9,9,6.15,108
2026-06-28,9,Delhi,Connaught Place,9,9,5.88,108
2026-06-28,10,Delhi,Connaught Place,9,9,6.61,108
2026-06-28,11,Delhi,Connaught Place,7,7,5.8,84
2026-06-28,12,Delhi,Connaught Place,8,8,5.58,96
2026-06-28,13,Delhi,Connaught Place,6,6,6.39,72
2026-06-28,14,Delhi,Connaught Place,8,8,6.47,96
2026-06-28,15,Delhi,Connaught Place,8,8,5.35,96
2026-06-28,16,Delhi,Connaught Place,9,9,6.3,108
2026-06-28,17,Delhi,Connaught Place,6,6,6.07,72
2026-06-28,18,Delhi,Connaught Place,8,8,6.79,96
2026-06-28,19,Delhi,Connaught Place,8,8,6.27,96
2026-06-28,20,Delhi,Connaught Place,6,6,5.59,72
2026-06-28,7,Delhi,Saket,6,6,6.25,72
2026-06-28,8,Delhi,Saket,6,6,6.72,72
2026-06-28,9,Delhi,Saket,9,9,5.84,108
2026-06-28,10,Delhi,Saket,9,9,5.8,108
2026-06-28,11,Delhi,Saket,6,6,5.8,72
2026-06-28,12,Delhi,Saket,7,7,6.54,84
2026-06-28,13,Delhi,Saket,8,8,5.4,96
2026-06-28,14,Delhi,Saket,6,6,6.02,72
2026-06-28,15,Delhi,Saket,6,6,5.69,72
2026-06-28,16,Delhi,Saket,9,9,6.18,108
2026-06-28,17,Delhi,Saket,9,9,6.36,108
2026-06-28,18,Delhi,Saket,9,9,6.54,108
2026-06-28,19,Delhi,Saket,7,7,6.01,84
2026-06-28,20,Delhi,Saket,9,9,5.69,108
2026-06-28,7,Mumbai,Bandra,9,9,6.13,108
2026-06-28,8,Mumbai,Bandra,6,6,6.38,72
2026-06-28,9,Mumbai,Bandra,9,9,6.28,108
2026-06-28,11,Mumbai,Bandra,7,7,6.21,84
2026-06-28,12,Mumbai,Bandra,9,9,6.6,108
2026-06-28,14,Mumbai,Bandra,6,6,6.83,72
2026-06-28,17,Mumbai,Bandra,6,6,6.27,72
2026-06-28,20,Mumbai,Bandra,7,7,5.75,84
2026-06-28,7,Mumbai,Andheri,6,6,6.36,72
2026-06-28,8,Mumbai,Andheri,9,9,5.79,108
2026-06-28,9,Mumbai,Andheri,9,9,6.11,108
2026-06-28,10,Mumbai,Andheri,8,8,5.8,96
2026-06-28,11,Mumbai,Andheri,9,9,5.55,108
2026-06-28,12,Mumbai,Andheri,6,6,5.6,72
2026-06-28,13,Mumbai,Andheri,6,6,5.89,72
2026-06-28,14,Mumbai,Andheri,6,6,7.0,72
2026-06-28,15,Mumbai,Andheri,7,7,5.54,84
2026-06-28,16,Mumbai,Andheri,9,9,5.39,108
2026-06-28,17,Mumbai,Andheri,6,6,5.84,72
2026-06-28,18,Mumbai,Andheri,6,6,6.53,72
2026-06-28,19,Mumbai,Andheri,7,7,5.21,84
2026-06-28,20,Mumbai,Andheri,7,7,5.59,84
2026-06-28,7,Bengaluru,Indiranagar,9,9,6.18,108
2026-06-28,8,Bengaluru,Indiranagar,8,8,5.58,96
2026-06-28,9,Bengaluru,Indiranagar,6,6,5.47,72
2026-06-28,10,Bengaluru,Indiranagar,6,6,6.0,72
2026-06-28,11,Bengaluru,Indiranagar,6,6,6.58,72
2026-06-28,12,Bengaluru,Indiranagar,9,9,6.1,108
2026-06-28,13,Bengaluru,Indiranagar,7,7,6.6,84
2026-06-28,14,Bengaluru,Indiranagar,6,6,5.93,72
2026-06-28,15,Bengaluru,Indiranagar,8,8,5.75,96
2026-06-28,16,Bengaluru,Indiranagar,9,9,6.04,108
2026-06-28,17,Bengaluru,Indiranagar,9,9,6.13,108
2026-06-28,18,Bengaluru,Indiranagar,6,6,6.32,72
2026-06-28,19,Bengaluru,Indiranagar,6,6,5.78,72
2026-06-28,20,Bengaluru,Indiranagar,8,8,6.14,96
2026-06-28,7,Bengaluru,Koramangala,9,9,5.39,108
2026-06-28,8,Bengaluru,Koramangala,6,6,6.14,72
2026-06-28,9,Bengaluru,Koramangala,6,6,5.95,72
2026-06-28,10,Bengaluru,Koramangala,9,9,6.21,108
2026-06-28,11,Bengaluru,Koramangala,9,9,5.94,108
2026-06-28,12,Bengaluru,Koramangala,9,9,5.55,108
2026-06-28,13,Bengaluru,Koramangala,8,8,6.23,96
2026-06-28,14,Bengaluru,Koramangala,7,7,6.05,84
2026-06-28,15,Bengaluru,Koramangala,6,6,5.69,72
2026-06-28,16,Bengaluru,Koramangala,6,6,6.25,72
2026-06-28,17,Bengaluru,Koramangala,7,7,6.3,84
2026-06-28,18,Bengaluru,Koramangala,7,7,6.35,84
2026-06-28,19,Bengaluru,Koramangala,7,7,6.38,84
2026-06-28,20,Bengaluru,Koramangala,6,6,6.06,72
2026-06-28,7,Hyderabad,Banjara Hills,6,6,5.12,72
2026-06-28,8,Hyderabad,Banjara Hills,7,7,5.61,84
2026-06-28,9,Hyderabad,Banjara Hills,7,7,5.87,84
2026-06-28,10,Hyderabad,Banjara Hills,8,8,6.05,96
2026-06-28,11,Hyderabad,Banjara Hills,8,8,6.11,96
2026-06-28,12,Hyderabad,Banjara Hills,6,6,5.73,72
2026-06-28,13,Hyderabad,Banjara Hills,8,8,6.72,96
2026-06-28,14,Hyderabad,Banjara Hills,7,7,5.86,84
2026-06-28,15,Hyderabad,Banjara Hills,8,8,5.73,96
2026-06-28,16,Hyderabad,Banjara Hills,6,6,6.03,72
2026-06-28,17,Hyderabad,Banjara Hills,7,7,5.31,84
2026-06-28,18,Hyderabad,Banjara Hills,6,6,5.42,72
2026-06-28,19,Hyderabad,Banjara Hills,7,7,6.51,84
2026-06-28,20,Hyderabad,Banjara Hills,8,8,6.64,96
2026-06-28,7,Hyderabad,Gachibowli,6,6,5.6,72
2026-06-28,8,Hyderabad,Gachibowli,8,8,5.82,96
2026-06-28,9,Hyderabad,Gachibowli,9,9,5.39,108
2026-06-28,10,Hyderabad,Gachibowli,9,9,6.1,108
2026-06-28,11,Hyderabad,Gachibowli,9,9,6.78,108
2026-06-28,12,Hyderabad,Gachibowli,6,6,5.97,72
2026-06-28,13,Hyderabad,Gachibowli,9,9,5.95,108
2026-06-28,14,Hyderabad,Gachibowli,9,9,5.89,108
2026-06-28,15,Hyderabad,Gachibowli,7,7,6.14,84
2026-06-28,16,Hyderabad,Gachibowli,8,8,5.51,96
2026-06-28,17,Hyderabad,Gachibowli,6,6,6.26,72
2026-06-28,18,Hyderabad,Gachibowli,7,7,6.57,84
2026-06-28,19,Hyderabad,Gachibowli,8,8,6.42,96
2026-06-28,20,Hyderabad,Gachibowli,7,7,5.82,84
2026-06-29,7,Ahmedabad,Satellite,9,9,6.54,108
2026-06-29,8,Ahmedabad,Satellite,9,9,5.45,108
2026-06-29,9,Ahmedabad,Satellite,6,6,6.45,72
2026-06-29,10,Ahmedabad,Satellite,6,6,5.92,72
2026-06-29,11,Ahmedabad,Satellite,9,9,5.89,108
2026-06-29,12,Ahmedabad,Satellite,9,9,6.05,108
2026-06-29,13,Ahmedabad,Satellite,9,9,6.37,108
2026-06-29,14,Ahmedabad,Satellite,7,7,6.0,84
2026-06-29,15,Ahmedabad,Satellite,8,8,6.14,96
2026-06-29,16,Ahmedabad,Satellite,6,6,6.34,72
2026-06-29,17,Ahmedabad,Satellite,8,8,6.7,96
2026-06-29,18,Ahmedabad,Satellite,6,6,6.09,72
2026-06-29,19,Ahmedabad,Satellite,6,6,6.66,72
2026-06-29,20,Ahmedabad,Satellite,7,7,6.0,84
2026-06-29,7,Ahmedabad,Navrangpura,9,9,5.76,108
2026-06-29,8,Ahmedabad,Navrangpura,6,6,6.18,72
2026-06-29,9,Ahmedabad,Navrangpura,9,9,5.77,108
2026-06-29,10,Ahmedabad,Navrangpura,6,6,5.78,72
2026-06-29,11,Ahmedabad,Navrangpura,8,8,5.79,96
2026-06-29,12,Ahmedabad,Navrangpura,9,9,6.34,108
2026-06-29,13,Ahmedabad,Navrangpura,6,6,6.5,72
2026-06-29,14,Ahmedabad,Navrangpura,9,9,6.11,108
2026-06-29,15,Ahmedabad,Navrangpura,6,6,6.24,72
2026-06-29,16,Ahmedabad,Navrangpura,8,8,5.96,96
2026-06-29,17,Ahmedabad,Navrangpura,8,8,6.72,96
2026-06-29,18,Ahmedabad,Navrangpura,9,9,6.37,108
2026-06-29,19,Ahmedabad,Navrangpura,9,9,6.41,108
2026-06-29,20,Ahmedabad,Navrangpura,9,9,5.82,108
2026-06-29,7,Jaipur,C-Scheme,8,8,5.51,96
2026-06-29,8,Jaipur,C-Scheme,8,8,6.25,96
2026-06-29,9,Jaipur,C-Scheme,7,7,5.83,84
2026-06-29,10,Jaipur,C-Scheme,9,9,5.0,108
2026-06-29,11,Jaipur,C-Scheme,6,6,5.57,72
2026-06-29,12,Jaipur,C-Scheme,9,9,5.71,108
2026-06-29,13,Jaipur,C-Scheme,6,6,5.59,72
2026-06-29,14,Jaipur,C-Scheme,8,8,5.63,96
2026-06-29,15,Jaipur,C-Scheme,8,8,6.35,96
2026-06-29,16,Jaipur,C-Scheme,8,8,5.84,96
2026-06-29,17,Jaipur,C-Scheme,7,7,5.49,84
2026-06-29,18,Jaipur,C-Scheme,7,7,5.42,84
2026-06-29,19,Jaipur,C-Scheme,9,9,5.34,108
2026-06-29,20,Jaipur,C-Scheme,7,7,6.13,84
2026-06-29,7,Jaipur,Malviya Nagar,9,9,5.44,108
2026-06-29,8,Jaipur,Malviya Nagar,6,6,6.15,72
2026-06-29,9,Jaipur,Malviya Nagar,9,9,6.42,108
2026-06-29,10,Jaipur,Malviya Nagar,8,8,6.35,96
2026-06-29,11,Jaipur,Malviya Nagar,7,7,6.11,84
2026-06-29,12,Jaipur,Malviya Nagar,8,8,6.2,96
2026-06-29,13,Jaipur,Malviya Nagar,8,8,6.07,96
2026-06-29,14,Jaipur,Malviya Nagar,7,7,5.5,84
2026-06-29,15,Jaipur,Malviya Nagar,9,9,6.15,108
2026-06-29,16,Jaipur,Malviya Nagar,7,7,6.6,84
2026-06-29,17,Jaipur,Malviya Nagar,6,6,6.26,72
2026-06-29,18,Jaipur,Malviya Nagar,8,8,6.03,96
2026-06-29,19,Jaipur,Malviya Nagar,6,6,5.42,72
2026-06-29,20,Jaipur,Malviya Nagar,9,9,5.67,108
2026-06-29,7,Delhi,Connaught Place,8,8,6.23,96
2026-06-29,8,Delhi,Connaught Place,8,8,6.38,96
2026-06-29,9,Delhi,Connaught Place,7,7,6.47,84
2026-06-29,10,Delhi,Connaught Place,6,6,6.03,72
2026-06-29,11,Delhi,Connaught Place,7,7,5.98,84
2026-06-29,12,Delhi,Connaught Place,6,6,5.71,72
2026-06-29,13,Delhi,Connaught Place,8,8,5.86,96
2026-06-29,14,Delhi,Connaught Place,7,7,5.96,84
2026-06-29,15,Delhi,Connaught Place,6,6,5.7,72
2026-06-29,16,Delhi,Connaught Place,7,7,6.39,84
2026-06-29,17,Delhi,Connaught Place,8,8,6.12,96
2026-06-29,18,Delhi,Connaught Place,8,8,5.96,96
2026-06-29,19,Delhi,Connaught Place,9,9,5.45,108
2026-06-29,20,Delhi,Connaught Place,7,7,5.39,84
2026-06-29,7,Delhi,Saket,6,6,5.84,72
2026-06-29,8,Delhi,Saket,6,6,5.96,72
2026-06-29,9,Delhi,Saket,9,9,6.37,108
2026-06-29,10,Delhi,Saket,6,6,6.12,72
2026-06-29,11,Delhi,Saket,9,9,5.76,108
2026-06-29,12,Delhi,Saket,9,9,6.1,108
2026-06-29,13,Delhi,Saket,6,6,6.2,72
2026-06-29,14,Delhi,Saket,8,8,5.6,96
2026-06-29,15,Delhi,Saket,9,9,5.45,108
2026-06-29,16,Delhi,Saket,9,9,5.94,108
2026-06-29,17,Delhi,Saket,6,6,6.09,72
2026-06-29,18,Delhi,Saket,7,7,5.82,84
2026-06-29,19,Delhi,Saket,9,9,6.04,108
2026-06-29,20,Delhi,Saket,8,8,6.03,96
2026-06-29,9,Mumbai,Bandra,7,7,6.23,84
2026-06-29,10,Mumbai,Bandra,7,7,5.56,84
2026-06-29,15,Mumbai,Bandra,7,7,5.89,84
2026-06-29,16,Mumbai,Bandra,6,6,6.36,72
2026-06-29,17,Mumbai,Bandra,6,6,5.84,72
2026-06-29,7,Mumbai,Andheri,9,9,6.43,108
2026-06-29,8,Mumbai,Andheri,9,9,5.49,108
2026-06-29,9,Mumbai,Andheri,6,6,6.48,72
2026-06-29,10,Mumbai,Andheri,7,7,6.12,84
2026-06-29,11,Mumbai,Andheri,7,7,6.18,84
2026-06-29,12,Mumbai,Andheri,8,8,6.18,96
2026-06-29,13,Mumbai,Andheri,8,8,6.04,96
2026-06-29,14,Mumbai,Andheri,7,7,5.6,84
2026-06-29,15,Mumbai,Andheri,9,9,5.77,108
2026-06-29,16,Mumbai,Andheri,7,7,5.96,84
2026-06-29,17,Mumbai,Andheri,7,7,5.67,84
2026-06-29,18,Mumbai,Andheri,8,8,5.8,96
2026-06-29,19,Mumbai,Andheri,9,9,5.78,108
2026-06-29,20,Mumbai,Andheri,6,6,6.39,72
2026-06-29,7,Bengaluru,Indiranagar,8,8,5.6,96
2026-06-29,8,Bengaluru,Indiranagar,6,6,6.76,72
2026-06-29,9,Bengaluru,Indiranagar,6,6,5.99,72
2026-06-29,10,Bengaluru,Indiranagar,7,7,6.74,84
2026-06-29,11,Bengaluru,Indiranagar,9,9,6.54,108
2026-06-29,12,Bengaluru,Indiranagar,6,6,6.26,72
2026-06-29,13,Bengaluru,Indiranagar,9,9,5.95,108
2026-06-29,14,Bengaluru,Indiranagar,7,7,5.15,84
2026-06-29,15,Bengaluru,Indiranagar,9,9,6.09,108
2026-06-29,16,Bengaluru,Indiranagar,8,8,6.09,96
2026-06-29,17,Bengaluru,Indiranagar,6,6,6.11,72
2026-06-29,18,Bengaluru,Indiranagar,9,9,6.25,108
2026-06-29,19,Bengaluru,Indiranagar,6,6,6.22,72
2026-06-29,20,Bengaluru,Indiranagar,9,9,5.97,108
2026-06-29,7,Bengaluru,Koramangala,7,7,6.39,84
2026-06-29,8,Bengaluru,Koramangala,8,8,5.86,96
2026-06-29,9,Bengaluru,Koramangala,8,8,5.93,96
2026-06-29,10,Bengaluru,Koramangala,7,7,6.25,84
2026-06-29,11,Bengaluru,Koramangala,9,9,6.06,108
2026-06-29,12,Bengaluru,Koramangala,7,7,6.62,84
2026-06-29,13,Bengaluru,Koramangala,8,8,6.74,96
2026-06-29,14,Bengaluru,Koramangala,7,7,6.07,84
2026-06-29,15,Bengaluru,Koramangala,7,7,6.05,84
2026-06-29,16,Bengaluru,Koramangala,7,7,5.88,84
2026-06-29,17,Bengaluru,Koramangala,8,8,6.35,96
2026-06-29,18,Bengaluru,Koramangala,8,8,6.88,96
2026-06-29,19,Bengaluru,Koramangala,9,9,6.22,108
2026-06-29,20,Bengaluru,Koramangala,8,8,5.93,96
2026-06-29,7,Hyderabad,Banjara Hills,6,6,5.98,72
2026-06-29,8,Hyderabad,Banjara Hills,8,8,6.11,96
2026-06-29,9,Hyderabad,Banjara Hills,8,8,5.79,96
2026-06-29,10,Hyderabad,Banjara Hills,8,8,6.15,96
2026-06-29,11,Hyderabad,Banjara Hills,6,6,6.37,72
2026-06-29,12,Hyderabad,Banjara Hills,7,7,5.37,84
2026-06-29,13,Hyderabad,Banjara Hills,8,8,6.23,96
2026-06-29,14,Hyderabad,Banjara Hills,7,7,5.7,84
2026-06-29,15,Hyderabad,Banjara Hills,7,7,5.35,84
2026-06-29,16,Hyderabad,Banjara Hills,6,6,5.96,72
2026-06-29,17,Hyderabad,Banjara Hills,8,8,6.19,96
2026-06-29,18,Hyderabad,Banjara Hills,9,9,5.59,108
2026-06-29,19,Hyderabad,Banjara Hills,9,9,6.07,108
2026-06-29,20,Hyderabad,Banjara Hills,8,8,6.21,96
2026-06-29,7,Hyderabad,Gachibowli,6,6,5.86,72
2026-06-29,8,Hyderabad,Gachibowli,9,9,6.31,108
2026-06-29,9,Hyderabad,Gachibowli,8,8,6.53,96
2026-06-29,10,Hyderabad,Gachibowli,7,7,5.98,84
2026-06-29,11,Hyderabad,Gachibowli,7,7,5.97,84
2026-06-29,12,Hyderabad,Gachibowli,7,7,6.04,84
2026-06-29,13,Hyderabad,Gachibowli,8,8,5.39,96
2026-06-29,14,Hyderabad,Gachibowli,6,6,5.88,72
2026-06-29,15,Hyderabad,Gachibowli,8,8,5.96,96
2026-06-29,16,Hyderabad,Gachibowli,6,6,5.88,72
2026-06-29,17,Hyderabad,Gachibowli,8,8,5.57,96
2026-06-29,18,Hyderabad,Gachibowli,8,8,6.49,96
2026-06-29,19,Hyderabad,Gachibowli,8,8,5.91,96
2026-06-29,20,Hyderabad,Gachibowli,6,6,5.99,72
2026-06-30,7,Ahmedabad,Satellite,7,7,6.07,84
2026-06-30,8,Ahmedabad,Satellite,9,9,5.76,108
2026-06-30,9,Ahmedabad,Satellite,7,7,5.86,84
2026-06-30,10,Ahmedabad,Satellite,7,7,5.87,84
2026-06-30,11,Ahmedabad,Satellite,7,7,5.1,84
2026-06-30,12,Ahmedabad,Satellite,9,9,6.04,108
2026-06-30,13,Ahmedabad,Satellite,6,6,5.25,72
2026-06-30,14,Ahmedabad,Satellite,9,9,5.86,108
2026-06-30,15,Ahmedabad,Satellite,8,8,6.51,96
2026-06-30,16,Ahmedabad,Satellite,7,7,5.78,84
2026-06-30,17,Ahmedabad,Satellite,6,6,6.55,72
2026-06-30,18,Ahmedabad,Satellite,6,6,5.75,72
2026-06-30,19,Ahmedabad,Satellite,6,6,6.69,72
2026-06-30,20,Ahmedabad,Satellite,9,9,6.09,108
2026-06-30,7,Ahmedabad,Navrangpura,8,8,5.84,96
2026-06-30,8,Ahmedabad,Navrangpura,9,9,6.27,108
2026-06-30,9,Ahmedabad,Navrangpura,7,7,5.27,84
2026-06-30,10,Ahmedabad,Navrangpura,8,8,5.86,96
2026-06-30,11,Ahmedabad,Navrangpura,6,6,6.04,72
2026-06-30,12,Ahmedabad,Navrangpura,9,9,5.63,108
2026-06-30,13,Ahmedabad,Navrangpura,6,6,6.02,72
2026-06-30,14,Ahmedabad,Navrangpura,7,7,5.5,84
2026-06-30,15,Ahmedabad,Navrangpura,9,9,6.25,108
2026-06-30,16,Ahmedabad,Navrangpura,6,6,6.46,72
2026-06-30,17,Ahmedabad,Navrangpura,9,9,5.56,108
2026-06-30,18,Ahmedabad,Navrangpura,9,9,6.78,108
2026-06-30,19,Ahmedabad,Navrangpura,9,9,6.04,108
2026-06-30,20,Ahmedabad,Navrangpura,7,7,5.7,84
2026-06-30,7,Jaipur,C-Scheme,9,9,6.69,108
2026-06-30,8,Jaipur,C-Scheme,9,9,6.1,108
2026-06-30,9,Jaipur,C-Scheme,7,7,6.01,84
2026-06-30,10,Jaipur,C-Scheme,9,9,5.59,108
2026-06-30,11,Jaipur,C-Scheme,7,7,5.55,84
2026-06-30,12,Jaipur,C-Scheme,6,6,6.09,72
2026-06-30,13,Jaipur,C-Scheme,8,8,6.06,96
2026-06-30,14,Jaipur,C-Scheme,9,9,5.88,108
2026-06-30,15,Jaipur,C-Scheme,7,7,6.14,84
2026-06-30,16,Jaipur,C-Scheme,9,9,5.5,108
2026-06-30,17,Jaipur,C-Scheme,6,6,6.36,72
2026-06-30,18,Jaipur,C-Scheme,7,7,5.89,84
2026-06-30,19,Jaipur,C-Scheme,7,7,5.93,84
2026-06-30,20,Jaipur,C-Scheme,8,8,6.29,96
2026-06-30,7,Jaipur,Malviya Nagar,8,8,5.7,96
2026-06-30,8,Jaipur,Malviya Nagar,6,6,5.72,72
2026-06-30,9,Jaipur,Malviya Nagar,7,7,6.12,84
2026-06-30,10,Jaipur,Malviya Nagar,8,8,5.99,96
2026-06-30,11,Jaipur,Malviya Nagar,9,9,6.02,108
2026-06-30,12,Jaipur,Malviya Nagar,7,7,5.99,84
2026-06-30,13,Jaipur,Malviya Nagar,9,9,6.44,108
2026-06-30,14,Jaipur,Malviya Nagar,8,8,5.81,96
2026-06-30,15,Jaipur,Malviya Nagar,8,8,5.18,96
2026-06-30,16,Jaipur,Malviya Nagar,8,8,5.91,96
2026-06-30,17,Jaipur,Malviya Nagar,6,6,5.61,72
2026-06-30,18,Jaipur,Malviya Nagar,6,6,6.97,72
2026-06-30,19,Jaipur,Malviya Nagar,6,6,6.49,72
2026-06-30,20,Jaipur,Malviya Nagar,9,9,6.34,108
2026-06-30,7,Delhi,Connaught Place,8,8,5.92,96
2026-06-30,8,Delhi,Connaught Place,7,7,6.64,84
2026-06-30,9,Delhi,Connaught Place,7,7,6.02,84
2026-06-30,10,Delhi,Connaught Place,8,8,6.11,96
2026-06-30,11,Delhi,Connaught Place,9,9,6.02,108
2026-06-30,12,Delhi,Connaught Place,6,6,5.98,72
2026-06-30,13,Delhi,Connaught Place,7,7,6.7,84
2026-06-30,14,Delhi,Connaught Place,7,7,5.52,84
2026-06-30,15,Delhi,Connaught Place,7,7,5.85,84
2026-06-30,16,Delhi,Connaught Place,6,6,6.51,72
2026-06-30,17,Delhi,Connaught Place,7,7,6.17,84
2026-06-30,18,Delhi,Connaught Place,7,7,5.94,84
2026-06-30,19,Delhi,Connaught Place,9,9,6.7,108
2026-06-30,20,Delhi,Connaught Place,6,6,5.62,72
2026-06-30,7,Delhi,Saket,6,6,5.58,72
2026-06-30,8,Delhi,Saket,7,7,5.47,84
2026-06-30,9,Delhi,Saket,6,6,5.76,72
2026-06-30,10,Delhi,Saket,7,7,5.53,84
2026-06-30,11,Delhi,Saket,8,8,5.41,96
2026-06-30,12,Delhi,Saket,8,8,6.05,96
2026-06-30,13,Delhi,Saket,6,6,5.01,72
2026-06-30,14,Delhi,Saket,7,7,5.79,84
2026-06-30,15,Delhi,Saket,9,9,5.57,108
2026-06-30,16,Delhi,Saket,9,9,6.2,108
2026-06-30,17,Delhi,Saket,8,8,5.59,96
2026-06-30,18,Delhi,Saket,8,8,6.0,96
2026-06-30,19,Delhi,Saket,7,7,5.65,84
2026-06-30,20,Delhi,Saket,6,6,5.92,72
2026-06-30,8,Mumbai,Bandra,9,9,6.18,108
2026-06-30,9,Mumbai,Bandra,7,7,5.94,84
2026-06-30,10,Mumbai,Bandra,9,9,6.18,108
2026-06-30,11,Mumbai,Bandra,7,7,5.79,84
2026-06-30,12,Mumbai,Bandra,9,9,6.17,108
2026-06-30,14,Mumbai,Bandra,7,7,5.56,84
2026-06-30,15,Mumbai,Bandra,8,8,5.87,96
2026-06-30,17,Mumbai,Bandra,9,9,5.82,108
2026-06-30,19,Mumbai,Bandra,8,8,6.48,96
2026-06-30,20,Mumbai,Bandra,7,7,6.53,84
2026-06-30,7,Mumbai,Andheri,9,9,5.93,108
2026-06-30,8,Mumbai,Andheri,8,8,7.02,96
2026-06-30,9,Mumbai,Andheri,8,8,6.1,96
2026-06-30,10,Mumbai,Andheri,6,6,5.99,72
2026-06-30,11,Mumbai,Andheri,7,7,6.52,84
2026-06-30,12,Mumbai,Andheri,7,7,5.77,84
2026-06-30,13,Mumbai,Andheri,6,6,6.46,72
2026-06-30,14,Mumbai,Andheri,8,8,6.24,96
2026-06-30,15,Mumbai,Andheri,6,6,5.86,72
2026-06-30,16,Mumbai,Andheri,8,8,4.93,96
2026-06-30,17,Mumbai,Andheri,8,8,5.88,96
2026-06-30,18,Mumbai,Andheri,7,7,5.95,84
2026-06-30,19,Mumbai,Andheri,7,7,5.9,84
2026-06-30,20,Mumbai,Andheri,6,6,5.76,72
2026-06-30,7,Bengaluru,Indiranagar,6,6,6.49,72
2026-06-30,8,Bengaluru,Indiranagar,7,7,5.98,84
2026-06-30,9,Bengaluru,Indiranagar,8,8,5.77,96
2026-06-30,10,Bengaluru,Indiranagar,8,8,6.09,96
2026-06-30,11,Bengaluru,Indiranagar,9,9,6.83,108
2026-06-30,12,Bengaluru,Indiranagar,7,7,6.07,84
2026-06-30,13,Bengaluru,Indiranagar,6,6,5.83,72
2026-06-30,14,Bengaluru,Indiranagar,8,8,6.61,96
2026-06-30,15,Bengaluru,Indiranagar,7,7,6.33,84
2026-06-30,16,Bengaluru,Indiranagar,7,7,5.51,84
2026-06-30,17,Bengaluru,Indiranagar,9,9,5.57,108
2026-06-30,18,Bengaluru,Indiranagar,8,8,6.1,96
2026-06-30,19,Bengaluru,Indiranagar,9,9,5.96,108
2026-06-30,20,Bengaluru,Indiranagar,7,7,6.44,84
2026-06-30,7,Bengaluru,Koramangala,7,7,5.51,84
2026-06-30,8,Bengaluru,Koramangala,6,6,5.24,72
2026-06-30,9,Bengaluru,Koramangala,8,8,6.63,96
2026-06-30,10,Bengaluru,Koramangala,8,8,5.61,96
2026-06-30,11,Bengaluru,Koramangala,8,8,6.0,96
2026-06-30,12,Bengaluru,Koramangala,6,6,5.22,72
2026-06-30,13,Bengaluru,Koramangala,7,7,6.31,84
2026-06-30,14,Bengaluru,Koramangala,9,9,6.05,108
2026-06-30,15,Bengaluru,Koramangala,7,7,5.52,84
2026-06-30,16,Bengaluru,Koramangala,9,9,6.05,108
2026-06-30,17,Bengaluru,Koramangala,6,6,5.94,72
2026-06-30,18,Bengaluru,Koramangala,6,6,5.85,72
2026-06-30,19,Bengaluru,Koramangala,8,8,6.07,96
2026-06-30,20,Bengaluru,Koramangala,8,8,6.12,96
2026-06-30,7,Hyderabad,Banjara Hills,8,8,6.48,96
2026-06-30,8,Hyderabad,Banjara Hills,8,8,5.52,96
2026-06-30,9,Hyderabad,Banjara Hills,6,6,6.41,72
2026-06-30,10,Hyderabad,Banjara Hills,7,7,5.62,84
2026-06-30,11,Hyderabad,Banjara Hills,7,7,5.76,84
2026-06-30,12,Hyderabad,Banjara Hills,8,8,5.75,96
2026-06-30,13,Hyderabad,Banjara Hills,7,7,5.77,84
2026-06-30,14,Hyderabad,Banjara Hills,6,6,6.26,72
2026-06-30,15,Hyderabad,Banjara Hills,8,8,6.2,96
2026-06-30,16,Hyderabad,Banjara Hills,9,9,5.8,108
2026-06-30,17,Hyderabad,Banjara Hills,7,7,5.79,84
2026-06-30,18,Hyderabad,Banjara Hills,8,8,6.36,96
2026-06-30,19,Hyderabad,Banjara Hills,6,6,5.16,72
2026-06-30,20,Hyderabad,Banjara Hills,7,7,6.13,84
2026-06-30,7,Hyderabad,Gachibowli,9,9,5.78,108
2026-06-30,8,Hyderabad,Gachibowli,9,9,6.48,108
2026-06-30,9,Hyderabad,Gachibowli,6,6,6.27,72
2026-06-30,10,Hyderabad,Gachibowli,8,8,6.7,96
2026-06-30,11,Hyderabad,Gachibowli,9,9,5.91,108
2026-06-30,12,Hyderabad,Gachibowli,7,7,5.96,84
2026-06-30,13,Hyderabad,Gachibowli,9,9,6.16,108
2026-06-30,14,Hyderabad,Gachibowli,7,7,6.86,84
2026-06-30,15,Hyderabad,Gachibowli,6,6,5.74,72
2026-06-30,16,Hyderabad,Gachibowli,6,6,5.77,72
2026-06-30,17,Hyderabad,Gachibowli,9,9,5.18,108
2026-06-30,18,Hyderabad,Gachibowli,6,6,5.81,72
2026-06-30,19,Hyderabad,Gachibowli,9,9,6.1,108
2026-06-30,20,Hyderabad,Gachibowli,7,7,6.78,84
2026-07-01,7,Ahmedabad,Satellite,8,8,5.23,96
2026-07-01,8,Ahmedabad,Satellite,7,7,5.63,84
2026-07-01,9,Ahmedabad,Satellite,8,8,6.04,96
2026-07-01,10,Ahmedabad,Satellite,8,8,6.65,96
2026-07-01,11,Ahmedabad,Satellite,6,6,6.37,72
2026-07-01,12,Ahmedabad,Satellite,7,7,5.91,84
2026-07-01,13,Ahmedabad,Satellite,8,8,5.64,96
2026-07-01,14,Ahmedabad,Satellite,9,9,6.39,108
2026-07-01,15,Ahmedabad,Satellite,8,8,5.42,96
2026-07-01,16,Ahmedabad,Satellite,7,7,6.24,84
2026-07-01,17,Ahmedabad,Satellite,9,9,5.84,108
2026-07-01,18,Ahmedabad,Satellite,7,7,6.63,84
2026-07-01,19,Ahmedabad,Satellite,9,9,5.52,108
2026-07-01,20,Ahmedabad,Satellite,7,7,5.94,84
2026-07-01,7,Ahmedabad,Navrangpura,6,6,5.73,72
2026-07-01,8,Ahmedabad,Navrangpura,7,7,6.05,84
2026-07-01,9,Ahmedabad,Navrangpura,8,8,5.86,96
2026-07-01,10,Ahmedabad,Navrangpura,8,8,6.11,96
2026-07-01,11,Ahmedabad,Navrangpura,8,8,5.96,96
2026-07-01,12,Ahmedabad,Navrangpura,9,9,5.74,108
2026-07-01,13,Ahmedabad,Navrangpura,9,9,6.31,108
2026-07-01,14,Ahmedabad,Navrangpura,7,7,6.68,84
2026-07-01,15,Ahmedabad,Navrangpura,6,6,6.13,72
2026-07-01,16,Ahmedabad,Navrangpura,7,7,5.74,84
2026-07-01,17,Ahmedabad,Navrangpura,7,7,6.42,84
2026-07-01,18,Ahmedabad,Navrangpura,9,9,5.09,108
2026-07-01,19,Ahmedabad,Navrangpura,8,8,6.29,96
2026-07-01,20,Ahmedabad,Navrangpura,8,8,5.54,96
2026-07-01,7,Jaipur,C-Scheme,9,9,6.15,108
2026-07-01,8,Jaipur,C-Scheme,6,6,5.42,72
2026-07-01,9,Jaipur,C-Scheme,6,6,6.17,72
2026-07-01,10,Jaipur,C-Scheme,6,6,6.27,72
2026-07-01,11,Jaipur,C-Scheme,7,7,6.03,84
2026-07-01,12,Jaipur,C-Scheme,6,6,6.12,72
2026-07-01,13,Jaipur,C-Scheme,7,7,5.99,84
2026-07-01,14,Jaipur,C-Scheme,6,6,5.68,72
2026-07-01,15,Jaipur,C-Scheme,8,8,6.27,96
2026-07-01,16,Jaipur,C-Scheme,8,8,6.27,96
2026-07-01,17,Jaipur,C-Scheme,9,9,5.87,108
2026-07-01,18,Jaipur,C-Scheme,8,8,5.78,96
2026-07-01,19,Jaipur,C-Scheme,8,8,5.36,96
2026-07-01,20,Jaipur,C-Scheme,8,8,5.39,96
2026-07-01,7,Jaipur,Malviya Nagar,6,6,5.44,72
2026-07-01,8,Jaipur,Malviya Nagar,7,7,5.57,84
2026-07-01,9,Jaipur,Malviya Nagar,7,7,5.84,84
2026-07-01,10,Jaipur,Malviya Nagar,7,7,6.35,84
2026-07-01,11,Jaipur,Malviya Nagar,6,6,5.68,72
2026-07-01,12,Jaipur,Malviya Nagar,9,9,6.39,108
2026-07-01,13,Jaipur,Malviya Nagar,6,6,5.44,72
2026-07-01,14,Jaipur,Malviya Nagar,9,9,6.1,108
2026-07-01,15,Jaipur,Malviya Nagar,8,8,5.7,96
2026-07-01,16,Jaipur,Malviya Nagar,7,7,6.75,84
2026-07-01,17,Jaipur,Malviya Nagar,8,8,5.91,96
2026-07-01,18,Jaipur,Malviya Nagar,8,8,6.03,96
2026-07-01,19,Jaipur,Malviya Nagar,6,6,5.72,72
2026-07-01,20,Jaipur,Malviya Nagar,9,9,5.79,108
2026-07-01,7,Delhi,Connaught Place,8,8,5.39,96
2026-07-01,8,Delhi,Connaught Place,9,9,6.4,108
2026-07-01,9,Delhi,Connaught Place,7,7,5.9,84
2026-07-01,10,Delhi,Connaught Place,6,6,5.36,72
2026-07-01,11,Delhi,Connaught Place,7,7,6.52,84
2026-07-01,12,Delhi,Connaught Place,7,7,6.42,84
2026-07-01,13,Delhi,Connaught Place,9,9,5.42,108
2026-07-01,14,Delhi,Connaught Place,7,7,5.58,84
2026-07-01,15,Delhi,Connaught Place,8,8,6.29,96
2026-07-01,16,Delhi,Connaught Place,8,8,5.68,96
2026-07-01,17,Delhi,Connaught Place,8,8,5.55,96
2026-07-01,18,Delhi,Connaught Place,9,9,6.66,108
2026-07-01,19,Delhi,Connaught Place,8,8,6.01,96
2026-07-01,20,Delhi,Connaught Place,6,6,6.03,72
2026-07-01,7,Delhi,Saket,8,8,5.62,96
2026-07-01,8,Delhi,Saket,7,7,6.47,84
2026-07-01,9,Delhi,Saket,7,7,6.47,84
2026-07-01,10,Delhi,Saket,6,6,5.31,72
2026-07-01,11,Delhi,Saket,6,6,6.65,72
2026-07-01,12,Delhi,Saket,6,6,6.28,72
2026-07-01,13,Delhi,Saket,7,7,5.58,84
2026-07-01,14,Delhi,Saket,9,9,5.71,108
2026-07-01,15,Delhi,Saket,9,9,6.19,108
2026-07-01,16,Delhi,Saket,8,8,6.36,96
2026-07-01,17,Delhi,Saket,8,8,5.89,96
2026-07-01,18,Delhi,Saket,7,7,6.31,84
2026-07-01,19,Delhi,Saket,7,7,5.93,84
2026-07-01,20,Delhi,Saket,6,6,5.43,72
2026-07-01,8,Mumbai,Bandra,6,6,5.76,72
2026-07-01,12,Mumbai,Bandra,6,6,6.12,72
2026-07-01,13,Mumbai,Bandra,8,8,6.79,96
2026-07-01,16,Mumbai,Bandra,8,8,6.18,96
2026-07-01,19,Mumbai,Bandra,8,8,5.74,96
2026-07-01,20,Mumbai,Bandra,8,8,6.5,96
2026-07-01,7,Mumbai,Andheri,9,9,5.83,108
2026-07-01,8,Mumbai,Andheri,7,7,6.44,84
2026-07-01,9,Mumbai,Andheri,6,6,5.99,72
2026-07-01,10,Mumbai,Andheri,6,6,5.83,72
2026-07-01,11,Mumbai,Andheri,8,8,5.81,96
2026-07-01,12,Mumbai,Andheri,6,6,6.3,72
2026-07-01,13,Mumbai,Andheri,8,8,5.85,96
2026-07-01,14,Mumbai,Andheri,7,7,6.73,84
2026-07-01,15,Mumbai,Andheri,9,9,5.44,108
2026-07-01,16,Mumbai,Andheri,8,8,6.34,96
2026-07-01,17,Mumbai,Andheri,6,6,6.6,72
2026-07-01,18,Mumbai,Andheri,9,9,6.04,108
2026-07-01,19,Mumbai,Andheri,6,6,5.62,72
2026-07-01,20,Mumbai,Andheri,8,8,5.35,96
2026-07-01,7,Bengaluru,Indiranagar,6,6,5.47,72
2026-07-01,8,Bengaluru,Indiranagar,6,6,6.2,72
2026-07-01,9,Bengaluru,Indiranagar,6,6,5.81,72
2026-07-01,10,Bengaluru,Indiranagar,8,8,6.2,96
2026-07-01,11,Bengaluru,Indiranagar,7,7,6.46,84
2026-07-01,12,Bengaluru,Indiranagar,6,6,5.75,72
2026-07-01,13,Bengaluru,Indiranagar,8,8,5.75,96
2026-07-01,14,Bengaluru,Indiranagar,8,8,6.07,96
2026-07-01,15,Bengaluru,Indiranagar,8,8,5.83,96
2026-07-01,16,Bengaluru,Indiranagar,7,7,5.83,84
2026-07-01,17,Bengaluru,Indiranagar,9,9,6.0,108
2026-07-01,18,Bengaluru,Indiranagar,8,8,6.2,96
2026-07-01,19,Bengaluru,Indiranagar,6,6,5.77,72
2026-07-01,20,Bengaluru,Indiranagar,8,8,6.08,96
2026-07-01,7,Bengaluru,Koramangala,8,8,6.23,96
2026-07-01,8,Bengaluru,Koramangala,6,6,5.89,72
2026-07-01,9,Bengaluru,Koramangala,8,8,6.09,96
2026-07-01,10,Bengaluru,Koramangala,8,8,6.64,96
2026-07-01,11,Bengaluru,Koramangala,6,6,6.03,72
2026-07-01,12,Bengaluru,Koramangala,9,9,5.72,108
2026-07-01,13,Bengaluru,Koramangala,6,6,5.89,72
2026-07-01,14,Bengaluru,Koramangala,6,6,5.39,72
2026-07-01,15,Bengaluru,Koramangala,9,9,6.08,108
2026-07-01,16,Bengaluru,Koramangala,8,8,5.67,96
2026-07-01,17,Bengaluru,Koramangala,8,8,5.97,96
2026-07-01,18,Bengaluru,Koramangala,6,6,5.98,72
2026-07-01,19,Bengaluru,Koramangala,8,8,5.48,96
2026-07-01,20,Bengaluru,Koramangala,9,9,6.81,108
2026-07-01,7,Hyderabad,Banjara Hills,9,9,6.23,108
2026-07-01,8,Hyderabad,Banjara Hills,9,9,6.05,108
2026-07-01,9,Hyderabad,Banjara Hills,6,6,5.58,72
2026-07-01,10,Hyderabad,Banjara Hills,6,6,5.79,72
2026-07-01,11,Hyderabad,Banjara Hills,8,8,5.45,96
2026-07-01,12,Hyderabad,Banjara Hills,9,9,5.66,108
2026-07-01,13,Hyderabad,Banjara Hills,7,7,6.19,84
2026-07-01,14,Hyderabad,Banjara Hills,9,9,6.18,108
2026-07-01,15,Hyderabad,Banjara Hills,9,9,5.36,108
2026-07-01,16,Hyderabad,Banjara Hills,9,9,6.22,108
2026-07-01,17,Hyderabad,Banjara Hills,9,9,5.86,108
2026-07-01,18,Hyderabad,Banjara Hills,7,7,5.54,84
2026-07-01,19,Hyderabad,Banjara Hills,6,6,6.16,72
2026-07-01,20,Hyderabad,Banjara Hills,8,8,5.91,96
2026-07-01,7,Hyderabad,Gachibowli,6,6,6.37,72
2026-07-01,8,Hyderabad,Gachibowli,7,7,6.07,84
2026-07-01,9,Hyderabad,Gachibowli,9,9,5.72,108
2026-07-01,10,Hyderabad,Gachibowli,7,7,5.78,84
2026-07-01,11,Hyderabad,Gachibowli,9,9,6.08,108
2026-07-01,12,Hyderabad,Gachibowli,8,8,6.08,96
2026-07-01,13,Hyderabad,Gachibowli,6,6,6.32,72
2026-07-01,14,Hyderabad,Gachibowli,9,9,6.01,108
2026-07-01,15,Hyderabad,Gachibowli,9,9,6.3,108
2026-07-01,16,Hyderabad,Gachibowli,6,6,5.69,72
2026-07-01,17,Hyderabad,Gachibowli,8,8,5.94,96
2026-07-01,18,Hyderabad,Gachibowli,9,9,6.61,108
2026-07-01,19,Hyderabad,Gachibowli,6,6,6.58,72
2026-07-01,20,Hyderabad,Gachibowli,7,7,5.64,84
2026-07-02,7,Ahmedabad,Satellite,8,8,5.92,96
2026-07-02,8,Ahmedabad,Satellite,6,6,6.72,72
2026-07-02,9,Ahmedabad,Satellite,6,6,6.59,72
2026-07-02,10,Ahmedabad,Satellite,9,9,6.28,108
2026-07-02,11,Ahmedabad,Satellite,7,7,5.18,84
2026-07-02,12,Ahmedabad,Satellite,9,9,7.3,108
2026-07-02,13,Ahmedabad,Satellite,7,7,5.12,84
2026-07-02,14,Ahmedabad,Satellite,9,9,6.42,108
2026-07-02,15,Ahmedabad,Satellite,7,7,6.01,84
2026-07-02,16,Ahmedabad,Satellite,8,8,6.02,96
2026-07-02,17,Ahmedabad,Satellite,8,8,6.78,96
2026-07-02,18,Ahmedabad,Satellite,6,6,6.34,72
2026-07-02,19,Ahmedabad,Satellite,6,6,6.75,72
2026-07-02,20,Ahmedabad,Satellite,8,8,6.21,96
2026-07-02,7,Ahmedabad,Navrangpura,6,6,6.21,72
2026-07-02,8,Ahmedabad,Navrangpura,6,6,6.51,72
2026-07-02,9,Ahmedabad,Navrangpura,7,7,6.55,84
2026-07-02,10,Ahmedabad,Navrangpura,8,8,6.65,96
2026-07-02,11,Ahmedabad,Navrangpura,7,7,6.19,84
2026-07-02,12,Ahmedabad,Navrangpura,7,7,6.51,84
2026-07-02,13,Ahmedabad,Navrangpura,7,7,5.7,84
2026-07-02,14,Ahmedabad,Navrangpura,9,9,6.49,108
2026-07-02,15,Ahmedabad,Navrangpura,7,7,5.83,84
2026-07-02,16,Ahmedabad,Navrangpura,7,7,6.7,84
2026-07-02,17,Ahmedabad,Navrangpura,8,8,5.71,96
2026-07-02,18,Ahmedabad,Navrangpura,7,7,6.58,84
2026-07-02,19,Ahmedabad,Navrangpura,9,9,6.28,108
2026-07-02,20,Ahmedabad,Navrangpura,6,6,6.17,72
2026-07-02,7,Jaipur,C-Scheme,8,8,6.26,96
2026-07-02,8,Jaipur,C-Scheme,8,8,6.11,96
2026-07-02,9,Jaipur,C-Scheme,8,8,6.16,96
2026-07-02,10,Jaipur,C-Scheme,8,8,5.87,96
2026-07-02,11,Jaipur,C-Scheme,8,8,6.35,96
2026-07-02,12,Jaipur,C-Scheme,7,7,6.46,84
2026-07-02,13,Jaipur,C-Scheme,9,9,6.4,108
2026-07-02,14,Jaipur,C-Scheme,9,9,6.11,108
2026-07-02,15,Jaipur,C-Scheme,9,9,6.42,108
2026-07-02,16,Jaipur,C-Scheme,7,7,6.25,84
2026-07-02,17,Jaipur,C-Scheme,7,7,6.41,84
2026-07-02,18,Jaipur,C-Scheme,9,9,6.51,108
2026-07-02,19,Jaipur,C-Scheme,8,8,6.23,96
2026-07-02,20,Jaipur,C-Scheme,8,8,5.98,96
2026-07-02,7,Jaipur,Malviya Nagar,9,9,6.64,108
2026-07-02,8,Jaipur,Malviya Nagar,6,6,6.13,72
2026-07-02,9,Jaipur,Malviya Nagar,6,6,6.76,72
2026-07-02,10,Jaipur,Malviya Nagar,7,7,5.92,84
2026-07-02,11,Jaipur,Malviya Nagar,7,7,6.5,84
2026-07-02,12,Jaipur,Malviya Nagar,6,6,6.3,72
2026-07-02,13,Jaipur,Malviya Nagar,9,9,6.75,108
2026-07-02,14,Jaipur,Malviya Nagar,6,6,6.46,72
2026-07-02,15,Jaipur,Malviya Nagar,6,6,6.61,72
2026-07-02,16,Jaipur,Malviya Nagar,9,9,5.45,108
2026-07-02,17,Jaipur,Malviya Nagar,6,6,5.77,72
2026-07-02,18,Jaipur,Malviya Nagar,8,8,5.87,96
2026-07-02,19,Jaipur,Malviya Nagar,8,8,6.48,96
2026-07-02,20,Jaipur,Malviya Nagar,7,7,6.33,84
2026-07-02,7,Delhi,Connaught Place,9,9,6.83,108
2026-07-02,8,Delhi,Connaught Place,7,7,6.28,84
2026-07-02,9,Delhi,Connaught Place,8,8,6.79,96
2026-07-02,10,Delhi,Connaught Place,8,8,6.39,96
2026-07-02,11,Delhi,Connaught Place,7,7,6.53,84
2026-07-02,12,Delhi,Connaught Place,7,7,7.26,84
2026-07-02,13,Delhi,Connaught Place,7,7,6.31,84
2026-07-02,14,Delhi,Connaught Place,6,6,6.59,72
2026-07-02,15,Delhi,Connaught Place,9,9,6.62,108
2026-07-02,16,Delhi,Connaught Place,7,7,5.12,84
2026-07-02,17,Delhi,Connaught Place,7,7,6.26,84
2026-07-02,18,Delhi,Connaught Place,7,7,6.24,84
2026-07-02,19,Delhi,Connaught Place,8,8,6.66,96
2026-07-02,20,Delhi,Connaught Place,7,7,6.1,84
2026-07-02,7,Delhi,Saket,9,9,6.29,108
2026-07-02,8,Delhi,Saket,7,7,6.5,84
2026-07-02,9,Delhi,Saket,7,7,6.38,84
2026-07-02,10,Delhi,Saket,9,9,6.64,108
2026-07-02,11,Delhi,Saket,8,8,6.1,96
2026-07-02,12,Delhi,Saket,7,7,6.24,84
2026-07-02,13,Delhi,Saket,7,7,6.53,84
2026-07-02,14,Delhi,Saket,7,7,6.34,84
2026-07-02,15,Delhi,Saket,6,6,6.21,72
2026-07-02,16,Delhi,Saket,7,7,5.69,84
2026-07-02,17,Delhi,Saket,7,7,6.3,84
2026-07-02,18,Delhi,Saket,8,8,7.02,96
2026-07-02,19,Delhi,Saket,6,6,5.89,72
2026-07-02,20,Delhi,Saket,7,7,6.38,84
2026-07-02,7,Mumbai,Bandra,8,8,6.21,96
2026-07-02,8,Mumbai,Bandra,8,8,6.23,96
2026-07-02,9,Mumbai,Bandra,6,6,7.05,72
2026-07-02,10,Mumbai,Bandra,6,6,6.13,72
2026-07-02,12,Mumbai,Bandra,9,9,6.63,108
2026-07-02,15,Mumbai,Bandra,7,7,6.31,84
2026-07-02,16,Mumbai,Bandra,7,7,6.49,84
2026-07-02,17,Mumbai,Bandra,8,8,6.04,96
2026-07-02,18,Mumbai,Bandra,5,8,7.99,60
2026-07-02,19,Mumbai,Bandra,6,9,7.83,72
2026-07-02,20,Mumbai,Bandra,4,7,9.18,48
2026-07-02,7,Mumbai,Andheri,9,9,6.63,108
2026-07-02,8,Mumbai,Andheri,7,7,5.88,84
2026-07-02,9,Mumbai,Andheri,6,6,6.54,72
2026-07-02,10,Mumbai,Andheri,6,6,5.45,72
2026-07-02,11,Mumbai,Andheri,8,8,6.44,96
2026-07-02,12,Mumbai,Andheri,7,7,6.25,84
2026-07-02,13,Mumbai,Andheri,8,8,6.73,96
2026-07-02,14,Mumbai,Andheri,8,8,5.95,96
2026-07-02,15,Mumbai,Andheri,7,7,6.04,84
2026-07-02,16,Mumbai,Andheri,7,7,6.5,84
2026-07-02,17,Mumbai,Andheri,9,9,6.1,108
2026-07-02,18,Mumbai,Andheri,9,9,5.61,108
2026-07-02,19,Mumbai,Andheri,9,9,6.59,108
2026-07-02,20,Mumbai,Andheri,8,8,6.6,96
2026-07-02,7,Bengaluru,Indiranagar,7,7,6.51,84
2026-07-02,8,Bengaluru,Indiranagar,9,9,6.23,108
2026-07-02,9,Bengaluru,Indiranagar,7,7,6.25,84
2026-07-02,10,Bengaluru,Indiranagar,9,9,5.11,108
2026-07-02,11,Bengaluru,Indiranagar,9,9,6.12,108
2026-07-02,12,Bengaluru,Indiranagar,9,9,6.19,108
2026-07-02,13,Bengaluru,Indiranagar,8,8,5.73,96
2026-07-02,14,Bengaluru,Indiranagar,6,6,6.33,72
2026-07-02,15,Bengaluru,Indiranagar,9,9,6.45,108
2026-07-02,16,Bengaluru,Indiranagar,7,7,6.06,84
2026-07-02,17,Bengaluru,Indiranagar,6,6,5.9,72
2026-07-02,18,Bengaluru,Indiranagar,6,6,6.05,72
2026-07-02,19,Bengaluru,Indiranagar,7,7,6.42,84
2026-07-02,20,Bengaluru,Indiranagar,7,7,6.17,84
2026-07-02,7,Bengaluru,Koramangala,6,6,6.42,72
2026-07-02,8,Bengaluru,Koramangala,9,9,6.33,108
2026-07-02,9,Bengaluru,Koramangala,7,7,6.59,84
2026-07-02,10,Bengaluru,Koramangala,8,8,6.4,96
2026-07-02,11,Bengaluru,Koramangala,7,7,6.74,84
2026-07-02,12,Bengaluru,Koramangala,8,8,6.35,96
2026-07-02,13,Bengaluru,Koramangala,9,9,6.14,108
2026-07-02,14,Bengaluru,Koramangala,9,9,5.57,108
2026-07-02,15,Bengaluru,Koramangala,7,7,5.92,84
2026-07-02,16,Bengaluru,Koramangala,7,7,6.51,84
2026-07-02,17,Bengaluru,Koramangala,9,9,6.42,108
2026-07-02,18,Bengaluru,Koramangala,9,9,5.88,108
2026-07-02,19,Bengaluru,Koramangala,8,8,6.84,96
2026-07-02,20,Bengaluru,Koramangala,6,6,5.78,72
2026-07-02,7,Hyderabad,Banjara Hills,7,7,7.05,84
2026-07-02,8,Hyderabad,Banjara Hills,9,9,7.15,108
2026-07-02,9,Hyderabad,Banjara Hills,7,7,6.16,84
2026-07-02,10,Hyderabad,Banjara Hills,9,9,6.44,108
2026-07-02,11,Hyderabad,Banjara Hills,8,8,6.04,96
2026-07-02,12,Hyderabad,Banjara Hills,7,7,5.86,84
2026-07-02,13,Hyderabad,Banjara Hills,7,7,5.99,84
2026-07-02,14,Hyderabad,Banjara Hills,8,8,6.8,96
2026-07-02,15,Hyderabad,Banjara Hills,8,8,6.34,96
2026-07-02,16,Hyderabad,Banjara Hills,9,9,6.69,108
2026-07-02,17,Hyderabad,Banjara Hills,9,9,6.38,108
2026-07-02,18,Hyderabad,Banjara Hills,9,9,6.45,108
2026-07-02,19,Hyderabad,Banjara Hills,6,6,6.71,72
2026-07-02,20,Hyderabad,Banjara Hills,6,6,6.81,72
2026-07-02,7,Hyderabad,Gachibowli,6,6,7.01,72
2026-07-02,8,Hyderabad,Gachibowli,9,9,6.02,108
2026-07-02,9,Hyderabad,Gachibowli,9,9,6.33,108
2026-07-02,10,Hyderabad,Gachibowli,7,7,6.28,84
2026-07-02,11,Hyderabad,Gachibowli,7,7,5.9,84
2026-07-02,12,Hyderabad,Gachibowli,6,6,6.51,72
2026-07-02,13,Hyderabad,Gachibowli,6,6,5.78,72
2026-07-02,14,Hyderabad,Gachibowli,6,6,5.89,72
2026-07-02,15,Hyderabad,Gachibowli,9,9,6.09,108
2026-07-02,16,Hyderabad,Gachibowli,7,7,6.49,84
2026-07-02,17,Hyderabad,Gachibowli,7,7,6.69,84
2026-07-02,18,Hyderabad,Gachibowli,7,7,6.25,84
2026-07-02,19,Hyderabad,Gachibowli,7,7,6.31,84
2026-07-02,20,Hyderabad,Gachibowli,7,7,6.86,84
2026-07-03,7,Ahmedabad,Satellite,7,7,6.96,84
2026-07-03,8,Ahmedabad,Satellite,9,9,6.68,108
2026-07-03,9,Ahmedabad,Satellite,6,6,6.77,72
2026-07-03,10,Ahmedabad,Satellite,7,7,6.17,84
2026-07-03,11,Ahmedabad,Satellite,9,9,6.08,108
2026-07-03,12,Ahmedabad,Satellite,9,9,6.69,108
2026-07-03,13,Ahmedabad,Satellite,8,8,6.28,96
2026-07-03,14,Ahmedabad,Satellite,9,9,6.57,108
2026-07-03,15,Ahmedabad,Satellite,7,7,5.97,84
2026-07-03,16,Ahmedabad,Satellite,8,8,6.6,96
2026-07-03,17,Ahmedabad,Satellite,6,6,5.44,72
2026-07-03,18,Ahmedabad,Satellite,9,9,6.0,108
2026-07-03,19,Ahmedabad,Satellite,7,7,6.3,84
2026-07-03,20,Ahmedabad,Satellite,8,8,6.09,96
2026-07-03,7,Ahmedabad,Navrangpura,6,6,6.31,72
2026-07-03,8,Ahmedabad,Navrangpura,8,8,6.55,96
2026-07-03,9,Ahmedabad,Navrangpura,6,6,6.26,72
2026-07-03,10,Ahmedabad,Navrangpura,8,8,6.35,96
2026-07-03,11,Ahmedabad,Navrangpura,8,8,5.75,96
2026-07-03,12,Ahmedabad,Navrangpura,9,9,6.15,108
2026-07-03,13,Ahmedabad,Navrangpura,9,9,6.3,108
2026-07-03,14,Ahmedabad,Navrangpura,9,9,6.08,108
2026-07-03,15,Ahmedabad,Navrangpura,7,7,6.14,84
2026-07-03,16,Ahmedabad,Navrangpura,8,8,6.42,96
2026-07-03,17,Ahmedabad,Navrangpura,7,7,5.41,84
2026-07-03,18,Ahmedabad,Navrangpura,7,7,6.55,84
2026-07-03,19,Ahmedabad,Navrangpura,7,7,6.51,84
2026-07-03,20,Ahmedabad,Navrangpura,9,9,6.77,108
2026-07-03,7,Jaipur,C-Scheme,8,8,6.68,96
2026-07-03,8,Jaipur,C-Scheme,6,6,5.8,72
2026-07-03,9,Jaipur,C-Scheme,7,7,6.2,84
2026-07-03,10,Jaipur,C-Scheme,6,6,6.32,72
2026-07-03,11,Jaipur,C-Scheme,7,7,6.47,84
2026-07-03,12,Jaipur,C-Scheme,9,9,6.93,108
2026-07-03,13,Jaipur,C-Scheme,6,6,6.38,72
2026-07-03,14,Jaipur,C-Scheme,8,8,6.64,96
2026-07-03,15,Jaipur,C-Scheme,6,6,6.84,72
2026-07-03,16,Jaipur,C-Scheme,6,6,6.13,72
2026-07-03,17,Jaipur,C-Scheme,9,9,5.9,108
2026-07-03,18,Jaipur,C-Scheme,8,8,6.35,96
2026-07-03,19,Jaipur,C-Scheme,6,6,6.55,72
2026-07-03,20,Jaipur,C-Scheme,7,7,6.05,84
2026-07-03,7,Jaipur,Malviya Nagar,7,7,6.48,84
2026-07-03,8,Jaipur,Malviya Nagar,9,9,6.86,108
2026-07-03,9,Jaipur,Malviya Nagar,8,8,7.04,96
2026-07-03,10,Jaipur,Malviya Nagar,9,9,6.52,108
2026-07-03,11,Jaipur,Malviya Nagar,6,6,6.57,72
2026-07-03,12,Jaipur,Malviya Nagar,9,9,6.9,108
2026-07-03,13,Jaipur,Malviya Nagar,6,6,5.87,72
2026-07-03,14,Jaipur,Malviya Nagar,7,7,6.62,84
2026-07-03,15,Jaipur,Malviya Nagar,6,6,6.22,72
2026-07-03,16,Jaipur,Malviya Nagar,8,8,5.59,96
2026-07-03,17,Jaipur,Malviya Nagar,8,8,6.15,96
2026-07-03,18,Jaipur,Malviya Nagar,7,7,5.71,84
2026-07-03,19,Jaipur,Malviya Nagar,7,7,6.59,84
2026-07-03,20,Jaipur,Malviya Nagar,8,8,6.07,96
2026-07-03,7,Delhi,Connaught Place,8,8,5.87,96
2026-07-03,8,Delhi,Connaught Place,6,6,6.42,72
2026-07-03,9,Delhi,Connaught Place,8,8,5.73,96
2026-07-03,10,Delhi,Connaught Place,8,8,6.0,96
2026-07-03,11,Delhi,Connaught Place,9,9,6.5,108
2026-07-03,12,Delhi,Connaught Place,9,9,6.37,108
2026-07-03,13,Delhi,Connaught Place,9,9,6.25,108
2026-07-03,14,Delhi,Connaught Place,9,9,6.43,108
2026-07-03,15,Delhi,Connaught Place,9,9,6.1,108
2026-07-03,16,Delhi,Connaught Place,8,8,6.05,96
2026-07-03,17,Delhi,Connaught Place,8,8,6.22,96
2026-07-03,18,Delhi,Connaught Place,7,7,7.12,84
2026-07-03,19,Delhi,Connaught Place,9,9,6.42,108
2026-07-03,20,Delhi,Connaught Place,9,9,6.49,108
2026-07-03,7,Delhi,Saket,8,8,5.98,96
2026-07-03,8,Delhi,Saket,7,7,6.84,84
2026-07-03,9,Delhi,Saket,8,8,7.3,96
2026-07-03,10,Delhi,Saket,7,7,6.45,84
2026-07-03,11,Delhi,Saket,6,6,6.22,72
2026-07-03,12,Delhi,Saket,9,9,6.83,108
2026-07-03,13,Delhi,Saket,6,6,6.28,72
2026-07-03,14,Delhi,Saket,7,7,6.59,84
2026-07-03,15,Delhi,Saket,9,9,6.22,108
2026-07-03,16,Delhi,Saket,6,6,5.92,72
2026-07-03,17,Delhi,Saket,7,7,5.81,84
2026-07-03,18,Delhi,Saket,8,8,6.37,96
2026-07-03,19,Delhi,Saket,9,9,6.29,108
2026-07-03,20,Delhi,Saket,8,8,5.8,96
2026-07-03,7,Mumbai,Bandra,6,6,6.51,72
2026-07-03,11,Mumbai,Bandra,8,8,6.22,96
2026-07-03,13,Mumbai,Bandra,9,9,5.84,108
2026-07-03,16,Mumbai,Bandra,8,8,6.59,96
2026-07-03,17,Mumbai,Bandra,8,8,5.72,96
2026-07-03,18,Mumbai,Bandra,4,7,7.88,48
2026-07-03,19,Mumbai,Bandra,4,7,7.92,48
2026-07-03,20,Mumbai,Bandra,3,6,8.26,36
2026-07-03,7,Mumbai,Andheri,9,9,7.26,108
2026-07-03,8,Mumbai,Andheri,7,7,6.76,84
2026-07-03,9,Mumbai,Andheri,9,9,6.16,108
2026-07-03,10,Mumbai,Andheri,8,8,6.19,96
2026-07-03,11,Mumbai,Andheri,6,6,5.93,72
2026-07-03,12,Mumbai,Andheri,9,9,6.09,108
2026-07-03,13,Mumbai,Andheri,9,9,6.06,108
2026-07-03,14,Mumbai,Andheri,7,7,6.07,84
2026-07-03,15,Mumbai,Andheri,9,9,5.83,108
2026-07-03,16,Mumbai,Andheri,9,9,6.69,108
2026-07-03,17,Mumbai,Andheri,9,9,5.72,108
2026-07-03,18,Mumbai,Andheri,7,7,6.31,84
2026-07-03,19,Mumbai,Andheri,9,9,6.84,108
2026-07-03,20,Mumbai,Andheri,9,9,6.95,108
2026-07-03,7,Bengaluru,Indiranagar,7,7,5.96,84
2026-07-03,8,Bengaluru,Indiranagar,9,9,6.03,108
2026-07-03,9,Bengaluru,Indiranagar,6,6,6.26,72
2026-07-03,10,Bengaluru,Indiranagar,9,9,6.85,108
2026-07-03,11,Bengaluru,Indiranagar,8,8,6.69,96
2026-07-03,12,Bengaluru,Indiranagar,6,6,6.37,72
2026-07-03,13,Bengaluru,Indiranagar,6,6,5.99,72
2026-07-03,14,Bengaluru,Indiranagar,9,9,6.32,108
2026-07-03,15,Bengaluru,Indiranagar,7,7,6.42,84
2026-07-03,16,Bengaluru,Indiranagar,9,9,6.62,108
2026-07-03,17,Bengaluru,Indiranagar,8,8,6.5,96
2026-07-03,18,Bengaluru,Indiranagar,8,8,5.55,96
2026-07-03,19,Bengaluru,Indiranagar,9,9,5.67,108
2026-07-03,20,Bengaluru,Indiranagar,8,8,6.24,96
2026-07-03,7,Bengaluru,Koramangala,8,8,6.44,96
2026-07-03,8,Bengaluru,Koramangala,7,7,5.79,84
2026-07-03,9,Bengaluru,Koramangala,8,8,6.41,96
2026-07-03,10,Bengaluru,Koramangala,6,6,6.5,72
2026-07-03,11,Bengaluru,Koramangala,9,9,6.46,108
2026-07-03,12,Bengaluru,Koramangala,7,7,5.69,84
2026-07-03,13,Bengaluru,Koramangala,9,9,5.95,108
2026-07-03,14,Bengaluru,Koramangala,7,7,6.33,84
2026-07-03,15,Bengaluru,Koramangala,9,9,6.76,108
2026-07-03,16,Bengaluru,Koramangala,7,7,6.4,84
2026-07-03,17,Bengaluru,Koramangala,6,6,6.44,72
2026-07-03,18,Bengaluru,Koramangala,8,8,7.16,96
2026-07-03,19,Bengaluru,Koramangala,6,6,6.28,72
2026-07-03,20,Bengaluru,Koramangala,9,9,5.97,108
2026-07-03,7,Hyderabad,Banjara Hills,8,8,6.57,96
2026-07-03,8,Hyderabad,Banjara Hills,7,7,5.95,84
2026-07-03,9,Hyderabad,Banjara Hills,8,8,6.88,96
2026-07-03,10,Hyderabad,Banjara Hills,6,6,6.36,72
2026-07-03,11,Hyderabad,Banjara Hills,6,6,7.17,72
2026-07-03,12,Hyderabad,Banjara Hills,7,7,7.0,84
2026-07-03,13,Hyderabad,Banjara Hills,6,6,6.81,72
2026-07-03,14,Hyderabad,Banjara Hills,8,8,6.19,96
2026-07-03,15,Hyderabad,Banjara Hills,8,8,6.13,96
2026-07-03,16,Hyderabad,Banjara Hills,9,9,5.76,108
2026-07-03,17,Hyderabad,Banjara Hills,7,7,5.74,84
2026-07-03,18,Hyderabad,Banjara Hills,8,8,6.42,96
2026-07-03,19,Hyderabad,Banjara Hills,7,7,6.51,84
2026-07-03,20,Hyderabad,Banjara Hills,9,9,6.26,108
2026-07-03,7,Hyderabad,Gachibowli,8,8,6.36,96
2026-07-03,8,Hyderabad,Gachibowli,9,9,6.49,108
2026-07-03,9,Hyderabad,Gachibowli,8,8,6.27,96
2026-07-03,10,Hyderabad,Gachibowli,6,6,5.77,72
2026-07-03,11,Hyderabad,Gachibowli,7,7,6.51,84
2026-07-03,12,Hyderabad,Gachibowli,9,9,6.38,108
2026-07-03,13,Hyderabad,Gachibowli,6,6,5.9,72
2026-07-03,14,Hyderabad,Gachibowli,9,9,6.64,108
2026-07-03,15,Hyderabad,Gachibowli,6,6,6.55,72
2026-07-03,16,Hyderabad,Gachibowli,6,6,5.76,72
2026-07-03,17,Hyderabad,Gachibowli,9,9,6.66,108
2026-07-03,18,Hyderabad,Gachibowli,7,7,6.27,84
2026-07-03,19,Hyderabad,Gachibowli,8,8,6.6,96
2026-07-03,20,Hyderabad,Gachibowli,6,6,5.77,72
2026-07-04,7,Ahmedabad,Satellite,7,7,6.49,84
2026-07-04,8,Ahmedabad,Satellite,9,9,6.02,108
2026-07-04,9,Ahmedabad,Satellite,6,6,6.69,72
2026-07-04,10,Ahmedabad,Satellite,6,6,6.38,72
2026-07-04,11,Ahmedabad,Satellite,6,6,6.31,72
2026-07-04,12,Ahmedabad,Satellite,9,9,5.9,108
2026-07-04,13,Ahmedabad,Satellite,8,8,6.22,96
2026-07-04,14,Ahmedabad,Satellite,9,9,6.29,108
2026-07-04,15,Ahmedabad,Satellite,7,7,6.65,84
2026-07-04,16,Ahmedabad,Satellite,7,7,6.67,84
2026-07-04,17,Ahmedabad,Satellite,7,7,6.45,84
2026-07-04,18,Ahmedabad,Satellite,9,9,6.35,108
2026-07-04,19,Ahmedabad,Satellite,9,9,6.12,108
2026-07-04,20,Ahmedabad,Satellite,8,8,5.48,96
2026-07-04,7,Ahmedabad,Navrangpura,6,6,5.79,72
2026-07-04,8,Ahmedabad,Navrangpura,7,7,6.66,84
2026-07-04,9,Ahmedabad,Navrangpura,6,6,6.35,72
2026-07-04,10,Ahmedabad,Navrangpura,8,8,6.28,96
2026-07-04,11,Ahmedabad,Navrangpura,7,7,6.78,84
2026-07-04,12,Ahmedabad,Navrangpura,7,7,6.29,84
2026-07-04,13,Ahmedabad,Navrangpura,7,7,6.67,84
2026-07-04,14,Ahmedabad,Navrangpura,8,8,5.91,96
2026-07-04,15,Ahmedabad,Navrangpura,9,9,6.5,108
2026-07-04,16,Ahmedabad,Navrangpura,6,6,6.79,72
2026-07-04,17,Ahmedabad,Navrangpura,6,6,6.46,72
2026-07-04,18,Ahmedabad,Navrangpura,8,8,6.13,96
2026-07-04,19,Ahmedabad,Navrangpura,7,7,6.74,84
2026-07-04,20,Ahmedabad,Navrangpura,9,9,6.19,108
2026-07-04,7,Jaipur,C-Scheme,7,7,5.72,84
2026-07-04,8,Jaipur,C-Scheme,7,7,6.67,84
2026-07-04,9,Jaipur,C-Scheme,6,6,6.45,72
2026-07-04,10,Jaipur,C-Scheme,9,9,6.61,108
2026-07-04,11,Jaipur,C-Scheme,8,8,6.23,96
2026-07-04,12,Jaipur,C-Scheme,7,7,6.7,84
2026-07-04,13,Jaipur,C-Scheme,6,6,5.94,72
2026-07-04,14,Jaipur,C-Scheme,7,7,6.21,84
2026-07-04,15,Jaipur,C-Scheme,7,7,6.94,84
2026-07-04,16,Jaipur,C-Scheme,9,9,6.26,108
2026-07-04,17,Jaipur,C-Scheme,9,9,6.73,108
2026-07-04,18,Jaipur,C-Scheme,9,9,5.63,108
2026-07-04,19,Jaipur,C-Scheme,8,8,6.28,96
2026-07-04,20,Jaipur,C-Scheme,7,7,6.82,84
2026-07-04,7,Jaipur,Malviya Nagar,6,6,5.92,72
2026-07-04,8,Jaipur,Malviya Nagar,8,8,6.37,96
2026-07-04,9,Jaipur,Malviya Nagar,7,7,6.18,84
2026-07-04,10,Jaipur,Malviya Nagar,7,7,6.55,84
2026-07-04,11,Jaipur,Malviya Nagar,7,7,6.38,84
2026-07-04,12,Jaipur,Malviya Nagar,9,9,6.68,108
2026-07-04,13,Jaipur,Malviya Nagar,9,9,6.42,108
2026-07-04,14,Jaipur,Malviya Nagar,7,7,6.35,84
2026-07-04,15,Jaipur,Malviya Nagar,7,7,6.93,84
2026-07-04,16,Jaipur,Malviya Nagar,8,8,6.5,96
2026-07-04,17,Jaipur,Malviya Nagar,6,6,6.33,72
2026-07-04,18,Jaipur,Malviya Nagar,7,7,6.44,84
2026-07-04,19,Jaipur,Malviya Nagar,7,7,6.66,84
2026-07-04,20,Jaipur,Malviya Nagar,8,8,6.94,96
2026-07-04,7,Delhi,Connaught Place,9,9,7.0,108
2026-07-04,8,Delhi,Connaught Place,6,6,6.72,72
2026-07-04,9,Delhi,Connaught Place,9,9,5.63,108
2026-07-04,10,Delhi,Connaught Place,6,6,6.33,72
2026-07-04,11,Delhi,Connaught Place,8,8,5.99,96
2026-07-04,12,Delhi,Connaught Place,9,9,6.33,108
2026-07-04,13,Delhi,Connaught Place,8,8,6.68,96
2026-07-04,14,Delhi,Connaught Place,6,6,6.14,72
2026-07-04,15,Delhi,Connaught Place,8,8,6.41,96
2026-07-04,16,Delhi,Connaught Place,8,8,5.95,96
2026-07-04,17,Delhi,Connaught Place,6,6,6.0,72
2026-07-04,18,Delhi,Connaught Place,8,8,5.57,96
2026-07-04,19,Delhi,Connaught Place,7,7,6.67,84
2026-07-04,20,Delhi,Connaught Place,8,8,7.05,96
2026-07-04,7,Delhi,Saket,8,8,6.57,96
2026-07-04,8,Delhi,Saket,8,8,6.45,96
2026-07-04,9,Delhi,Saket,8,8,6.5,96
2026-07-04,10,Delhi,Saket,8,8,6.08,96
2026-07-04,11,Delhi,Saket,8,8,6.17,96
2026-07-04,12,Delhi,Saket,8,8,6.82,96
2026-07-04,13,Delhi,Saket,9,9,5.81,108
2026-07-04,14,Delhi,Saket,6,6,6.54,72
2026-07-04,15,Delhi,Saket,6,6,6.49,72
2026-07-04,16,Delhi,Saket,8,8,6.7,96
2026-07-04,17,Delhi,Saket,8,8,6.05,96
2026-07-04,18,Delhi,Saket,6,6,6.81,72
2026-07-04,19,Delhi,Saket,8,8,6.31,96
2026-07-04,20,Delhi,Saket,9,9,6.29,108
2026-07-04,8,Mumbai,Bandra,8,8,5.65,96
2026-07-04,9,Mumbai,Bandra,6,6,6.58,72
2026-07-04,11,Mumbai,Bandra,8,8,7.0,96
2026-07-04,12,Mumbai,Bandra,7,7,5.85,84
2026-07-04,14,Mumbai,Bandra,6,6,6.96,72
2026-07-04,17,Mumbai,Bandra,8,8,6.05,96
2026-07-04,18,Mumbai,Bandra,4,7,8.1,48
2026-07-04,7,Mumbai,Andheri,7,7,5.74,84
2026-07-04,8,Mumbai,Andheri,9,9,6.09,108
2026-07-04,9,Mumbai,Andheri,8,8,5.98,96
2026-07-04,10,Mumbai,Andheri,9,9,6.42,108
2026-07-04,11,Mumbai,Andheri,7,7,5.82,84
2026-07-04,12,Mumbai,Andheri,7,7,6.07,84
2026-07-04,13,Mumbai,Andheri,9,9,6.58,108
2026-07-04,14,Mumbai,Andheri,7,7,6.08,84
2026-07-04,15,Mumbai,Andheri,9,9,6.19,108
2026-07-04,16,Mumbai,Andheri,9,9,6.59,108
2026-07-04,17,Mumbai,Andheri,7,7,6.15,84
2026-07-04,18,Mumbai,Andheri,8,8,6.49,96
2026-07-04,19,Mumbai,Andheri,6,6,6.48,72
2026-07-04,20,Mumbai,Andheri,8,8,6.49,96
2026-07-04,7,Bengaluru,Indiranagar,6,6,6.17,72
2026-07-04,8,Bengaluru,Indiranagar,8,8,6.24,96
2026-07-04,9,Bengaluru,Indiranagar,9,9,5.89,108
2026-07-04,10,Bengaluru,Indiranagar,6,6,6.12,72
2026-07-04,11,Bengaluru,Indiranagar,6,6,6.59,72
2026-07-04,12,Bengaluru,Indiranagar,9,9,6.42,108
2026-07-04,13,Bengaluru,Indiranagar,9,9,6.1,108
2026-07-04,14,Bengaluru,Indiranagar,8,8,5.93,96
2026-07-04,15,Bengaluru,Indiranagar,7,7,5.78,84
2026-07-04,16,Bengaluru,Indiranagar,6,6,6.84,72
2026-07-04,17,Bengaluru,Indiranagar,8,8,5.53,96
2026-07-04,18,Bengaluru,Indiranagar,9,9,6.42,108
2026-07-04,19,Bengaluru,Indiranagar,6,6,6.38,72
2026-07-04,20,Bengaluru,Indiranagar,8,8,6.06,96
2026-07-04,7,Bengaluru,Koramangala,6,6,6.46,72
2026-07-04,8,Bengaluru,Koramangala,6,6,6.71,72
2026-07-04,9,Bengaluru,Koramangala,9,9,5.75,108
2026-07-04,10,Bengaluru,Koramangala,9,9,6.47,108
2026-07-04,11,Bengaluru,Koramangala,8,8,6.72,96
2026-07-04,12,Bengaluru,Koramangala,7,7,5.45,84
2026-07-04,13,Bengaluru,Koramangala,9,9,6.05,108
2026-07-04,14,Bengaluru,Koramangala,8,8,6.17,96
2026-07-04,15,Bengaluru,Koramangala,6,6,6.46,72
2026-07-04,16,Bengaluru,Koramangala,9,9,6.56,108
2026-07-04,17,Bengaluru,Koramangala,9,9,6.23,108
2026-07-04,18,Bengaluru,Koramangala,8,8,7.14,96
2026-07-04,19,Bengaluru,Koramangala,8,8,6.18,96
2026-07-04,20,Bengaluru,Koramangala,9,9,6.25,108
2026-07-04,7,Hyderabad,Banjara Hills,6,6,6.45,72
2026-07-04,8,Hyderabad,Banjara Hills,7,7,5.91,84
2026-07-04,9,Hyderabad,Banjara Hills,7,7,5.43,84
2026-07-04,10,Hyderabad,Banjara Hills,6,6,6.14,72
2026-07-04,11,Hyderabad,Banjara Hills,8,8,6.24,96
2026-07-04,12,Hyderabad,Banjara Hills,6,6,6.26,72
2026-07-04,13,Hyderabad,Banjara Hills,8,8,5.9,96
2026-07-04,14,Hyderabad,Banjara Hills,8,8,6.31,96
2026-07-04,15,Hyderabad,Banjara Hills,9,9,6.42,108
2026-07-04,16,Hyderabad,Banjara Hills,8,8,6.69,96
2026-07-04,17,Hyderabad,Banjara Hills,7,7,6.57,84
2026-07-04,18,Hyderabad,Banjara Hills,9,9,6.01,108
2026-07-04,19,Hyderabad,Banjara Hills,8,8,7.07,96
2026-07-04,20,Hyderabad,Banjara Hills,8,8,6.43,96
2026-07-04,7,Hyderabad,Gachibowli,6,6,5.96,72
2026-07-04,8,Hyderabad,Gachibowli,6,6,6.26,72
2026-07-04,9,Hyderabad,Gachibowli,8,8,6.31,96
2026-07-04,10,Hyderabad,Gachibowli,8,8,6.09,96
2026-07-04,11,Hyderabad,Gachibowli,8,8,6.78,96
2026-07-04,12,Hyderabad,Gachibowli,8,8,6.57,96
2026-07-04,13,Hyderabad,Gachibowli,7,7,6.48,84
2026-07-04,14,Hyderabad,Gachibowli,6,6,5.83,72
2026-07-04,15,Hyderabad,Gachibowli,6,6,6.73,72
2026-07-04,16,Hyderabad,Gachibowli,6,6,6.2,72
2026-07-04,17,Hyderabad,Gachibowli,7,7,6.52,84
2026-07-04,18,Hyderabad,Gachibowli,7,7,6.63,84
2026-07-04,19,Hyderabad,Gachibowli,8,8,6.65,96
2026-07-04,20,Hyderabad,Gachibowli,7,7,5.71,84
2026-07-05,7,Ahmedabad,Satellite,6,6,6.59,72
2026-07-05,8,Ahmedabad,Satellite,6,6,6.42,72
2026-07-05,9,Ahmedabad,Satellite,7,7,6.24,84
2026-07-05,10,Ahmedabad,Satellite,7,7,6.08,84
2026-07-05,11,Ahmedabad,Satellite,6,6,6.19,72
2026-07-05,12,Ahmedabad,Satellite,8,8,6.51,96
2026-07-05,13,Ahmedabad,Satellite,9,9,5.74,108
2026-07-05,14,Ahmedabad,Satellite,9,9,6.77,108
2026-07-05,15,Ahmedabad,Satellite,8,8,6.25,96
2026-07-05,16,Ahmedabad,Satellite,7,7,6.07,84
2026-07-05,17,Ahmedabad,Satellite,6,6,6.34,72
2026-07-05,18,Ahmedabad,Satellite,8,8,6.57,96
2026-07-05,19,Ahmedabad,Satellite,9,9,6.46,108
2026-07-05,20,Ahmedabad,Satellite,7,7,6.07,84
2026-07-05,7,Ahmedabad,Navrangpura,6,6,7.08,72
2026-07-05,8,Ahmedabad,Navrangpura,7,7,6.56,84
2026-07-05,9,Ahmedabad,Navrangpura,8,8,5.66,96
2026-07-05,10,Ahmedabad,Navrangpura,8,8,6.45,96
2026-07-05,11,Ahmedabad,Navrangpura,7,7,6.03,84
2026-07-05,12,Ahmedabad,Navrangpura,9,9,6.29,108
2026-07-05,13,Ahmedabad,Navrangpura,9,9,6.05,108
2026-07-05,14,Ahmedabad,Navrangpura,9,9,6.38,108
2026-07-05,15,Ahmedabad,Navrangpura,9,9,6.58,108
2026-07-05,16,Ahmedabad,Navrangpura,9,9,6.39,108
2026-07-05,17,Ahmedabad,Navrangpura,9,9,6.69,108
2026-07-05,18,Ahmedabad,Navrangpura,6,6,6.52,72
2026-07-05,19,Ahmedabad,Navrangpura,9,9,5.47,108
2026-07-05,20,Ahmedabad,Navrangpura,6,6,6.51,72
2026-07-05,7,Jaipur,C-Scheme,7,7,6.27,84
2026-07-05,8,Jaipur,C-Scheme,7,7,6.45,84
2026-07-05,9,Jaipur,C-Scheme,8,8,7.04,96
2026-07-05,10,Jaipur,C-Scheme,7,7,5.93,84
2026-07-05,11,Jaipur,C-Scheme,8,8,6.43,96
2026-07-05,12,Jaipur,C-Scheme,9,9,6.4,108
2026-07-05,13,Jaipur,C-Scheme,6,6,6.29,72
2026-07-05,14,Jaipur,C-Scheme,9,9,6.54,108
2026-07-05,15,Jaipur,C-Scheme,8,8,5.9,96
2026-07-05,16,Jaipur,C-Scheme,8,8,6.04,96
2026-07-05,17,Jaipur,C-Scheme,7,7,6.58,84
2026-07-05,18,Jaipur,C-Scheme,7,7,6.17,84
2026-07-05,19,Jaipur,C-Scheme,8,8,7.2,96
2026-07-05,20,Jaipur,C-Scheme,9,9,5.92,108
2026-07-05,7,Jaipur,Malviya Nagar,8,8,6.57,96
2026-07-05,8,Jaipur,Malviya Nagar,7,7,6.7,84
2026-07-05,9,Jaipur,Malviya Nagar,8,8,7.02,96
2026-07-05,10,Jaipur,Malviya Nagar,9,9,6.43,108
2026-07-05,11,Jaipur,Malviya Nagar,7,7,6.34,84
2026-07-05,12,Jaipur,Malviya Nagar,6,6,6.07,72
2026-07-05,13,Jaipur,Malviya Nagar,8,8,6.69,96
2026-07-05,14,Jaipur,Malviya Nagar,9,9,5.66,108
2026-07-05,15,Jaipur,Malviya Nagar,9,9,6.68,108
2026-07-05,16,Jaipur,Malviya Nagar,7,7,6.17,84
2026-07-05,17,Jaipur,Malviya Nagar,6,6,6.86,72
2026-07-05,18,Jaipur,Malviya Nagar,8,8,5.51,96
2026-07-05,19,Jaipur,Malviya Nagar,9,9,6.74,108
2026-07-05,20,Jaipur,Malviya Nagar,7,7,6.26,84
2026-07-05,7,Delhi,Connaught Place,6,6,6.34,72
2026-07-05,8,Delhi,Connaught Place,9,9,5.99,108
2026-07-05,9,Delhi,Connaught Place,7,7,6.58,84
2026-07-05,10,Delhi,Connaught Place,6,6,6.05,72
2026-07-05,11,Delhi,Connaught Place,6,6,6.35,72
2026-07-05,12,Delhi,Connaught Place,6,6,6.09,72
2026-07-05,13,Delhi,Connaught Place,8,8,6.33,96
2026-07-05,14,Delhi,Connaught Place,6,6,6.61,72
2026-07-05,15,Delhi,Connaught Place,9,9,5.87,108
2026-07-05,16,Delhi,Connaught Place,7,7,6.49,84
2026-07-05,17,Delhi,Connaught Place,7,7,7.19,84
2026-07-05,18,Delhi,Connaught Place,9,9,6.88,108
2026-07-05,19,Delhi,Connaught Place,7,7,6.64,84
2026-07-05,20,Delhi,Connaught Place,6,6,6.4,72
2026-07-05,7,Delhi,Saket,8,8,6.41,96
2026-07-05,8,Delhi,Saket,7,7,7.07,84
2026-07-05,9,Delhi,Saket,9,9,5.89,108
2026-07-05,10,Delhi,Saket,6,6,6.31,72
2026-07-05,11,Delhi,Saket,7,7,5.61,84
2026-07-05,12,Delhi,Saket,7,7,5.62,84
2026-07-05,13,Delhi,Saket,7,7,6.37,84
2026-07-05,14,Delhi,Saket,9,9,5.56,108
2026-07-05,15,Delhi,Saket,7,7,6.73,84
2026-07-05,16,Delhi,Saket,7,7,6.21,84
2026-07-05,17,Delhi,Saket,7,7,6.53,84
2026-07-05,18,Delhi,Saket,8,8,6.48,96
2026-07-05,19,Delhi,Saket,6,6,5.94,72
2026-07-05,20,Delhi,Saket,7,7,6.14,84
2026-07-05,7,Mumbai,Bandra,9,9,6.89,108
2026-07-05,8,Mumbai,Bandra,8,8,6.55,96
2026-07-05,9,Mumbai,Bandra,9,9,6.21,108
2026-07-05,12,Mumbai,Bandra,8,8,6.85,96
2026-07-05,14,Mumbai,Bandra,8,8,6.8,96
2026-07-05,15,Mumbai,Bandra,9,9,7.29,108
2026-07-05,16,Mumbai,Bandra,6,6,6.4,72
2026-07-05,17,Mumbai,Bandra,6,6,6.16,72
2026-07-05,18,Mumbai,Bandra,6,9,8.3,72
2026-07-05,19,Mumbai,Bandra,6,9,7.73,72
2026-07-05,20,Mumbai,Bandra,4,7,7.72,48
2026-07-05,7,Mumbai,Andheri,9,9,6.74,108
2026-07-05,8,Mumbai,Andheri,7,7,5.57,84
2026-07-05,9,Mumbai,Andheri,8,8,6.82,96
2026-07-05,10,Mumbai,Andheri,8,8,5.81,96
2026-07-05,11,Mumbai,Andheri,8,8,5.85,96
2026-07-05,12,Mumbai,Andheri,8,8,5.93,96
2026-07-05,13,Mumbai,Andheri,6,6,7.05,72
2026-07-05,14,Mumbai,Andheri,8,8,6.04,96
2026-07-05,15,Mumbai,Andheri,8,8,5.74,96
2026-07-05,16,Mumbai,Andheri,7,7,6.67,84
2026-07-05,17,Mumbai,Andheri,6,6,6.78,72
2026-07-05,18,Mumbai,Andheri,9,9,6.33,108
2026-07-05,19,Mumbai,Andheri,9,9,6.42,108
2026-07-05,20,Mumbai,Andheri,6,6,5.98,72
2026-07-05,7,Bengaluru,Indiranagar,8,8,5.82,96
2026-07-05,8,Bengaluru,Indiranagar,7,7,6.84,84
2026-07-05,9,Bengaluru,Indiranagar,7,7,6.48,84
2026-07-05,10,Bengaluru,Indiranagar,9,9,5.89,108
2026-07-05,11,Bengaluru,Indiranagar,9,9,6.15,108
2026-07-05,12,Bengaluru,Indiranagar,9,9,7.49,108
2026-07-05,13,Bengaluru,Indiranagar,9,9,5.97,108
2026-07-05,14,Bengaluru,Indiranagar,9,9,6.12,108
2026-07-05,15,Bengaluru,Indiranagar,7,7,6.23,84
2026-07-05,16,Bengaluru,Indiranagar,9,9,7.04,108
2026-07-05,17,Bengaluru,Indiranagar,8,8,6.66,96
2026-07-05,18,Bengaluru,Indiranagar,9,9,5.94,108
2026-07-05,19,Bengaluru,Indiranagar,6,6,6.38,72
2026-07-05,20,Bengaluru,Indiranagar,9,9,6.01,108
2026-07-05,7,Bengaluru,Koramangala,7,7,6.55,84
2026-07-05,8,Bengaluru,Koramangala,6,6,6.52,72
2026-07-05,9,Bengaluru,Koramangala,8,8,6.74,96
2026-07-05,10,Bengaluru,Koramangala,6,6,6.2,72
2026-07-05,11,Bengaluru,Koramangala,9,9,6.88,108
2026-07-05,12,Bengaluru,Koramangala,9,9,5.86,108
2026-07-05,13,Bengaluru,Koramangala,9,9,5.95,108
2026-07-05,14,Bengaluru,Koramangala,9,9,6.45,108
2026-07-05,15,Bengaluru,Koramangala,6,6,6.04,72
2026-07-05,16,Bengaluru,Koramangala,9,9,7.03,108
2026-07-05,17,Bengaluru,Koramangala,9,9,6.25,108
2026-07-05,18,Bengaluru,Koramangala,7,7,5.96,84
2026-07-05,19,Bengaluru,Koramangala,8,8,6.24,96
2026-07-05,20,Bengaluru,Koramangala,6,6,5.77,72
2026-07-05,7,Hyderabad,Banjara Hills,6,6,6.46,72
2026-07-05,8,Hyderabad,Banjara Hills,7,7,6.62,84
2026-07-05,9,Hyderabad,Banjara Hills,7,7,6.55,84
2026-07-05,10,Hyderabad,Banjara Hills,8,8,6.69,96
2026-07-05,11,Hyderabad,Banjara Hills,6,6,6.59,72
2026-07-05,12,Hyderabad,Banjara Hills,8,8,6.29,96
2026-07-05,13,Hyderabad,Banjara Hills,7,7,6.35,84
2026-07-05,14,Hyderabad,Banjara Hills,8,8,6.14,96
2026-07-05,15,Hyderabad,Banjara Hills,6,6,6.5,72
2026-07-05,16,Hyderabad,Banjara Hills,6,6,6.63,72
2026-07-05,17,Hyderabad,Banjara Hills,9,9,7.1,108
2026-07-05,18,Hyderabad,Banjara Hills,6,6,6.72,72
2026-07-05,19,Hyderabad,Banjara Hills,7,7,6.48,84
2026-07-05,20,Hyderabad,Banjara Hills,8,8,6.87,96
2026-07-05,7,Hyderabad,Gachibowli,9,9,7.11,108
2026-07-05,8,Hyderabad,Gachibowli,6,6,5.99,72
2026-07-05,9,Hyderabad,Gachibowli,6,6,6.3,72
2026-07-05,10,Hyderabad,Gachibowli,7,7,6.28,84
2026-07-05,11,Hyderabad,Gachibowli,7,7,6.66,84
2026-07-05,12,Hyderabad,Gachibowli,9,9,5.78,108
2026-07-05,13,Hyderabad,Gachibowli,6,6,6.76,72
2026-07-05,14,Hyderabad,Gachibowli,9,9,7.02,108
2026-07-05,15,Hyderabad,Gachibowli,6,6,6.7,72
2026-07-05,16,Hyderabad,Gachibowli,6,6,6.62,72
2026-07-05,17,Hyderabad,Gachibowli,7,7,6.83,84
2026-07-05,18,Hyderabad,Gachibowli,6,6,6.23,72
2026-07-05,19,Hyderabad,Gachibowli,6,6,5.8,72
2026-07-05,20,Hyderabad,Gachibowli,6,6,5.82,72
2026-07-06,7,Ahmedabad,Satellite,6,6,6.52,72
2026-07-06,8,Ahmedabad,Satellite,8,8,6.24,96
2026-07-06,9,Ahmedabad,Satellite,9,9,7.06,108
2026-07-06,10,Ahmedabad,Satellite,8,8,6.48,96
2026-07-06,11,Ahmedabad,Satellite,9,9,6.26,108
2026-07-06,12,Ahmedabad,Satellite,6,6,5.97,72
2026-07-06,13,Ahmedabad,Satellite,7,7,5.93,84
2026-07-06,14,Ahmedabad,Satellite,8,8,5.82,96
2026-07-06,15,Ahmedabad,Satellite,9,9,6.37,108
2026-07-06,16,Ahmedabad,Satellite,7,7,5.38,84
2026-07-06,17,Ahmedabad,Satellite,9,9,6.58,108
2026-07-06,18,Ahmedabad,Satellite,9,9,6.01,108
2026-07-06,19,Ahmedabad,Satellite,8,8,6.27,96
2026-07-06,20,Ahmedabad,Satellite,7,7,5.97,84
2026-07-06,7,Ahmedabad,Navrangpura,6,6,5.89,72
2026-07-06,8,Ahmedabad,Navrangpura,9,9,6.26,108
2026-07-06,9,Ahmedabad,Navrangpura,9,9,6.3,108
2026-07-06,10,Ahmedabad,Navrangpura,6,6,6.95,72
2026-07-06,11,Ahmedabad,Navrangpura,8,8,6.5,96
2026-07-06,12,Ahmedabad,Navrangpura,8,8,6.05,96
2026-07-06,13,Ahmedabad,Navrangpura,8,8,6.19,96
2026-07-06,14,Ahmedabad,Navrangpura,9,9,6.31,108
2026-07-06,15,Ahmedabad,Navrangpura,6,6,6.1,72
2026-07-06,16,Ahmedabad,Navrangpura,9,9,6.14,108
2026-07-06,17,Ahmedabad,Navrangpura,7,7,6.1,84
2026-07-06,18,Ahmedabad,Navrangpura,8,8,6.37,96
2026-07-06,19,Ahmedabad,Navrangpura,7,7,6.9,84
2026-07-06,20,Ahmedabad,Navrangpura,8,8,7.37,96
2026-07-06,7,Jaipur,C-Scheme,9,9,6.42,108
2026-07-06,8,Jaipur,C-Scheme,8,8,6.72,96
2026-07-06,9,Jaipur,C-Scheme,9,9,5.9,108
2026-07-06,10,Jaipur,C-Scheme,6,6,7.0,72
2026-07-06,11,Jaipur,C-Scheme,6,6,6.43,72
2026-07-06,12,Jaipur,C-Scheme,6,6,6.88,72
2026-07-06,13,Jaipur,C-Scheme,9,9,6.28,108
2026-07-06,14,Jaipur,C-Scheme,8,8,5.91,96
2026-07-06,15,Jaipur,C-Scheme,6,6,6.78,72
2026-07-06,16,Jaipur,C-Scheme,6,6,6.57,72
2026-07-06,17,Jaipur,C-Scheme,9,9,7.01,108
2026-07-06,18,Jaipur,C-Scheme,9,9,6.24,108
2026-07-06,19,Jaipur,C-Scheme,8,8,6.39,96
2026-07-06,20,Jaipur,C-Scheme,6,6,7.07,72
2026-07-06,7,Jaipur,Malviya Nagar,6,6,6.32,72
2026-07-06,8,Jaipur,Malviya Nagar,6,6,6.23,72
2026-07-06,9,Jaipur,Malviya Nagar,7,7,6.01,84
2026-07-06,10,Jaipur,Malviya Nagar,9,9,5.75,108
2026-07-06,11,Jaipur,Malviya Nagar,9,9,6.09,108
2026-07-06,12,Jaipur,Malviya Nagar,7,7,6.09,84
2026-07-06,13,Jaipur,Malviya Nagar,9,9,6.32,108
2026-07-06,14,Jaipur,Malviya Nagar,7,7,6.3,84
2026-07-06,15,Jaipur,Malviya Nagar,8,8,6.56,96
2026-07-06,16,Jaipur,Malviya Nagar,9,9,7.14,108
2026-07-06,17,Jaipur,Malviya Nagar,8,8,6.61,96
2026-07-06,18,Jaipur,Malviya Nagar,7,7,6.15,84
2026-07-06,19,Jaipur,Malviya Nagar,6,6,7.16,72
2026-07-06,20,Jaipur,Malviya Nagar,8,8,5.99,96
2026-07-06,7,Delhi,Connaught Place,7,7,6.02,84
2026-07-06,8,Delhi,Connaught Place,7,7,5.5,84
2026-07-06,9,Delhi,Connaught Place,7,7,5.96,84
2026-07-06,10,Delhi,Connaught Place,9,9,6.31,108
2026-07-06,11,Delhi,Connaught Place,7,7,6.78,84
2026-07-06,12,Delhi,Connaught Place,8,8,5.55,96
2026-07-06,13,Delhi,Connaught Place,6,6,6.17,72
2026-07-06,14,Delhi,Connaught Place,9,9,6.63,108
2026-07-06,15,Delhi,Connaught Place,9,9,6.77,108
2026-07-06,16,Delhi,Connaught Place,6,6,6.16,72
2026-07-06,17,Delhi,Connaught Place,9,9,6.47,108
2026-07-06,18,Delhi,Connaught Place,6,6,6.71,72
2026-07-06,19,Delhi,Connaught Place,7,7,6.43,84
2026-07-06,20,Delhi,Connaught Place,6,6,6.39,72
2026-07-06,7,Delhi,Saket,6,6,6.46,72
2026-07-06,8,Delhi,Saket,7,7,7.11,84
2026-07-06,9,Delhi,Saket,7,7,6.15,84
2026-07-06,10,Delhi,Saket,6,6,6.12,72
2026-07-06,11,Delhi,Saket,6,6,5.45,72
2026-07-06,12,Delhi,Saket,8,8,6.25,96
2026-07-06,13,Delhi,Saket,9,9,6.09,108
2026-07-06,14,Delhi,Saket,9,9,6.37,108
2026-07-06,15,Delhi,Saket,9,9,6.43,108
2026-07-06,16,Delhi,Saket,9,9,5.4,108
2026-07-06,17,Delhi,Saket,6,6,6.2,72
2026-07-06,18,Delhi,Saket,9,9,5.98,108
2026-07-06,19,Delhi,Saket,9,9,6.18,108
2026-07-06,20,Delhi,Saket,6,6,6.77,72
2026-07-06,7,Mumbai,Bandra,8,8,6.22,96
2026-07-06,8,Mumbai,Bandra,7,7,6.39,84
2026-07-06,9,Mumbai,Bandra,8,8,6.36,96
2026-07-06,11,Mumbai,Bandra,9,9,6.24,108
2026-07-06,13,Mumbai,Bandra,6,6,6.4,72
2026-07-06,14,Mumbai,Bandra,8,8,6.43,96
2026-07-06,15,Mumbai,Bandra,6,6,6.76,72
2026-07-06,17,Mumbai,Bandra,8,8,6.05,96
2026-07-06,7,Mumbai,Andheri,7,7,6.44,84
2026-07-06,8,Mumbai,Andheri,8,8,6.28,96
2026-07-06,9,Mumbai,Andheri,7,7,6.32,84
2026-07-06,10,Mumbai,Andheri,8,8,6.35,96
2026-07-06,11,Mumbai,Andheri,8,8,6.04,96
2026-07-06,12,Mumbai,Andheri,6,6,6.65,72
2026-07-06,13,Mumbai,Andheri,9,9,6.1,108
2026-07-06,14,Mumbai,Andheri,9,9,6.98,108
2026-07-06,15,Mumbai,Andheri,6,6,6.04,72
2026-07-06,16,Mumbai,Andheri,7,7,5.8,84
2026-07-06,17,Mumbai,Andheri,9,9,6.36,108
2026-07-06,18,Mumbai,Andheri,8,8,6.58,96
2026-07-06,19,Mumbai,Andheri,8,8,6.17,96
2026-07-06,20,Mumbai,Andheri,8,8,5.8,96
2026-07-06,7,Bengaluru,Indiranagar,7,7,5.68,84
2026-07-06,8,Bengaluru,Indiranagar,7,7,6.59,84
2026-07-06,9,Bengaluru,Indiranagar,6,6,6.28,72
2026-07-06,10,Bengaluru,Indiranagar,8,8,6.48,96
2026-07-06,11,Bengaluru,Indiranagar,8,8,6.34,96
2026-07-06,12,Bengaluru,Indiranagar,6,6,6.86,72
2026-07-06,13,Bengaluru,Indiranagar,8,8,6.16,96
2026-07-06,14,Bengaluru,Indiranagar,7,7,6.11,84
2026-07-06,15,Bengaluru,Indiranagar,8,8,5.73,96
2026-07-06,16,Bengaluru,Indiranagar,9,9,6.88,108
2026-07-06,17,Bengaluru,Indiranagar,8,8,7.0,96
2026-07-06,18,Bengaluru,Indiranagar,8,8,6.28,96
2026-07-06,19,Bengaluru,Indiranagar,6,6,6.56,72
2026-07-06,20,Bengaluru,Indiranagar,7,7,6.71,84
2026-07-06,7,Bengaluru,Koramangala,8,8,5.5,96
2026-07-06,8,Bengaluru,Koramangala,7,7,5.57,84
2026-07-06,9,Bengaluru,Koramangala,9,9,6.92,108
2026-07-06,10,Bengaluru,Koramangala,6,6,5.78,72
2026-07-06,11,Bengaluru,Koramangala,7,7,6.16,84
2026-07-06,12,Bengaluru,Koramangala,8,8,7.07,96
2026-07-06,13,Bengaluru,Koramangala,9,9,6.47,108
2026-07-06,14,Bengaluru,Koramangala,7,7,6.66,84
2026-07-06,15,Bengaluru,Koramangala,8,8,5.79,96
2026-07-06,16,Bengaluru,Koramangala,7,7,6.58,84
2026-07-06,17,Bengaluru,Koramangala,6,6,6.23,72
2026-07-06,18,Bengaluru,Koramangala,6,6,6.76,72
2026-07-06,19,Bengaluru,Koramangala,6,6,6.74,72
2026-07-06,20,Bengaluru,Koramangala,8,8,6.82,96
2026-07-06,7,Hyderabad,Banjara Hills,7,7,5.43,84
2026-07-06,8,Hyderabad,Banjara Hills,8,8,6.76,96
2026-07-06,9,Hyderabad,Banjara Hills,7,7,6.4,84
2026-07-06,10,Hyderabad,Banjara Hills,6,6,6.46,72
2026-07-06,11,Hyderabad,Banjara Hills,7,7,6.65,84
2026-07-06,12,Hyderabad,Banjara Hills,6,6,6.18,72
2026-07-06,13,Hyderabad,Banjara Hills,7,7,6.16,84
2026-07-06,14,Hyderabad,Banjara Hills,7,7,6.4,84
2026-07-06,15,Hyderabad,Banjara Hills,7,7,5.96,84
2026-07-06,16,Hyderabad,Banjara Hills,6,6,6.0,72
2026-07-06,17,Hyderabad,Banjara Hills,7,7,5.94,84
2026-07-06,18,Hyderabad,Banjara Hills,6,6,6.45,72
2026-07-06,19,Hyderabad,Banjara Hills,9,9,6.28,108
2026-07-06,20,Hyderabad,Banjara Hills,8,8,6.57,96
2026-07-06,7,Hyderabad,Gachibowli,7,7,5.95,84
2026-07-06,8,Hyderabad,Gachibowli,6,6,6.51,72
2026-07-06,9,Hyderabad,Gachibowli,6,6,7.0,72
2026-07-06,10,Hyderabad,Gachibowli,6,6,6.47,72
2026-07-06,11,Hyderabad,Gachibowli,6,6,6.44,72
2026-07-06,12,Hyderabad,Gachibowli,6,6,5.93,72
2026-07-06,13,Hyderabad,Gachibowli,7,7,6.21,84
2026-07-06,14,Hyderabad,Gachibowli,9,9,5.97,108
2026-07-06,15,Hyderabad,Gachibowli,8,8,7.27,96
2026-07-06,16,Hyderabad,Gachibowli,8,8,6.34,96
2026-07-06,17,Hyderabad,Gachibowli,9,9,6.06,108
2026-07-06,18,Hyderabad,Gachibowli,8,8,6.49,96
2026-07-06,19,Hyderabad,Gachibowli,8,8,5.86,96
2026-07-06,20,Hyderabad,Gachibowli,6,6,6.29,72
2026-07-07,7,Ahmedabad,Satellite,7,7,6.13,84
2026-07-07,8,Ahmedabad,Satellite,7,7,5.94,84
2026-07-07,9,Ahmedabad,Satellite,7,7,6.11,84
2026-07-07,10,Ahmedabad,Satellite,6,6,6.06,72
2026-07-07,11,Ahmedabad,Satellite,9,9,7.19,108
2026-07-07,12,Ahmedabad,Satellite,6,6,6.83,72
2026-07-07,13,Ahmedabad,Satellite,7,7,6.07,84
2026-07-07,14,Ahmedabad,Satellite,8,8,6.97,96
2026-07-07,15,Ahmedabad,Satellite,6,6,6.69,72
2026-07-07,16,Ahmedabad,Satellite,9,9,6.48,108
2026-07-07,17,Ahmedabad,Satellite,7,7,6.59,84
2026-07-07,18,Ahmedabad,Satellite,9,9,6.49,108
2026-07-07,19,Ahmedabad,Satellite,8,8,6.25,96
2026-07-07,20,Ahmedabad,Satellite,9,9,6.65,108
2026-07-07,7,Ahmedabad,Navrangpura,9,9,6.49,108
2026-07-07,8,Ahmedabad,Navrangpura,6,6,6.0,72
2026-07-07,9,Ahmedabad,Navrangpura,8,8,6.26,96
2026-07-07,10,Ahmedabad,Navrangpura,6,6,6.22,72
2026-07-07,11,Ahmedabad,Navrangpura,7,7,6.67,84
2026-07-07,12,Ahmedabad,Navrangpura,6,6,6.44,72
2026-07-07,13,Ahmedabad,Navrangpura,6,6,7.12,72
2026-07-07,14,Ahmedabad,Navrangpura,7,7,6.49,84
2026-07-07,15,Ahmedabad,Navrangpura,7,7,6.41,84
2026-07-07,16,Ahmedabad,Navrangpura,9,9,6.16,108
2026-07-07,17,Ahmedabad,Navrangpura,9,9,6.4,108
2026-07-07,18,Ahmedabad,Navrangpura,8,8,5.23,96
2026-07-07,19,Ahmedabad,Navrangpura,9,9,6.43,108
2026-07-07,20,Ahmedabad,Navrangpura,8,8,6.21,96
2026-07-07,7,Jaipur,C-Scheme,7,7,5.8,84
2026-07-07,8,Jaipur,C-Scheme,6,6,6.85,72
2026-07-07,9,Jaipur,C-Scheme,9,9,5.91,108
2026-07-07,10,Jaipur,C-Scheme,6,6,6.52,72
2026-07-07,11,Jaipur,C-Scheme,7,7,6.16,84
2026-07-07,12,Jaipur,C-Scheme,8,8,6.11,96
2026-07-07,13,Jaipur,C-Scheme,8,8,6.84,96
2026-07-07,14,Jaipur,C-Scheme,6,6,6.49,72
2026-07-07,15,Jaipur,C-Scheme,9,9,6.64,108
2026-07-07,16,Jaipur,C-Scheme,6,6,6.31,72
2026-07-07,17,Jaipur,C-Scheme,7,7,6.36,84
2026-07-07,18,Jaipur,C-Scheme,7,7,6.54,84
2026-07-07,19,Jaipur,C-Scheme,9,9,5.84,108
2026-07-07,20,Jaipur,C-Scheme,8,8,6.66,96
2026-07-07,7,Jaipur,Malviya Nagar,7,7,5.86,84
2026-07-07,8,Jaipur,Malviya Nagar,6,6,6.37,72
2026-07-07,9,Jaipur,Malviya Nagar,7,7,6.65,84
2026-07-07,10,Jaipur,Malviya Nagar,6,6,6.4,72
2026-07-07,11,Jaipur,Malviya Nagar,8,8,6.18,96
2026-07-07,12,Jaipur,Malviya Nagar,6,6,6.91,72
2026-07-07,13,Jaipur,Malviya Nagar,7,7,6.51,84
2026-07-07,14,Jaipur,Malviya Nagar,7,7,6.31,84
2026-07-07,15,Jaipur,Malviya Nagar,8,8,6.3,96
2026-07-07,16,Jaipur,Malviya Nagar,6,6,6.75,72
2026-07-07,17,Jaipur,Malviya Nagar,8,8,6.24,96
2026-07-07,18,Jaipur,Malviya Nagar,9,9,6.19,108
2026-07-07,19,Jaipur,Malviya Nagar,8,8,6.64,96
2026-07-07,20,Jaipur,Malviya Nagar,8,8,6.73,96
2026-07-07,7,Delhi,Connaught Place,7,7,6.71,84
2026-07-07,8,Delhi,Connaught Place,7,7,5.67,84
2026-07-07,9,Delhi,Connaught Place,6,6,6.25,72
2026-07-07,10,Delhi,Connaught Place,9,9,6.34,108
2026-07-07,11,Delhi,Connaught Place,9,9,6.27,108
2026-07-07,12,Delhi,Connaught Place,9,9,6.14,108
2026-07-07,13,Delhi,Connaught Place,8,8,6.85,96
2026-07-07,14,Delhi,Connaught Place,8,8,6.07,96
2026-07-07,15,Delhi,Connaught Place,6,6,6.05,72
2026-07-07,16,Delhi,Connaught Place,8,8,6.4,96
2026-07-07,17,Delhi,Connaught Place,8,8,6.18,96
2026-07-07,18,Delhi,Connaught Place,9,9,6.85,108
2026-07-07,19,Delhi,Connaught Place,7,7,6.22,84
2026-07-07,20,Delhi,Connaught Place,7,7,6.85,84
2026-07-07,7,Delhi,Saket,8,8,6.07,96
2026-07-07,8,Delhi,Saket,7,7,6.53,84
2026-07-07,9,Delhi,Saket,8,8,6.43,96
2026-07-07,10,Delhi,Saket,7,7,6.25,84
2026-07-07,11,Delhi,Saket,8,8,6.75,96
2026-07-07,12,Delhi,Saket,6,6,6.4,72
2026-07-07,13,Delhi,Saket,8,8,5.93,96
2026-07-07,14,Delhi,Saket,7,7,6.91,84
2026-07-07,15,Delhi,Saket,7,7,6.41,84
2026-07-07,16,Delhi,Saket,6,6,6.84,72
2026-07-07,17,Delhi,Saket,7,7,6.0,84
2026-07-07,18,Delhi,Saket,6,6,5.89,72
2026-07-07,19,Delhi,Saket,9,9,5.88,108
2026-07-07,20,Delhi,Saket,7,7,6.08,84
2026-07-07,7,Mumbai,Bandra,9,9,6.21,108
2026-07-07,8,Mumbai,Bandra,9,9,6.53,108
2026-07-07,10,Mumbai,Bandra,9,9,6.57,108
2026-07-07,11,Mumbai,Bandra,9,9,6.07,108
2026-07-07,12,Mumbai,Bandra,8,8,5.89,96
2026-07-07,15,Mumbai,Bandra,6,6,6.02,72
2026-07-07,16,Mumbai,Bandra,8,8,5.88,96
2026-07-07,17,Mumbai,Bandra,9,9,5.68,108
2026-07-07,7,Mumbai,Andheri,9,9,6.4,108
2026-07-07,8,Mumbai,Andheri,8,8,6.75,96
2026-07-07,9,Mumbai,Andheri,9,9,6.4,108
2026-07-07,10,Mumbai,Andheri,7,7,6.43,84
2026-07-07,11,Mumbai,Andheri,7,7,5.9,84
2026-07-07,12,Mumbai,Andheri,8,8,6.81,96
2026-07-07,13,Mumbai,Andheri,8,8,6.57,96
2026-07-07,14,Mumbai,Andheri,9,9,6.06,108
2026-07-07,15,Mumbai,Andheri,9,9,6.21,108
2026-07-07,16,Mumbai,Andheri,7,7,5.98,84
2026-07-07,17,Mumbai,Andheri,6,6,6.93,72
2026-07-07,18,Mumbai,Andheri,7,7,5.86,84
2026-07-07,19,Mumbai,Andheri,9,9,7.46,108
2026-07-07,20,Mumbai,Andheri,8,8,6.68,96
2026-07-07,7,Bengaluru,Indiranagar,9,9,5.87,108
2026-07-07,8,Bengaluru,Indiranagar,8,8,5.63,96
2026-07-07,9,Bengaluru,Indiranagar,9,9,6.59,108
2026-07-07,10,Bengaluru,Indiranagar,7,7,6.91,84
2026-07-07,11,Bengaluru,Indiranagar,6,6,5.77,72
2026-07-07,12,Bengaluru,Indiranagar,6,6,6.25,72
2026-07-07,13,Bengaluru,Indiranagar,8,8,6.65,96
2026-07-07,14,Bengaluru,Indiranagar,6,6,6.45,72
2026-07-07,15,Bengaluru,Indiranagar,8,8,5.45,96
2026-07-07,16,Bengaluru,Indiranagar,9,9,6.32,108
2026-07-07,17,Bengaluru,Indiranagar,8,8,6.19,96
2026-07-07,18,Bengaluru,Indiranagar,9,9,6.15,108
2026-07-07,19,Bengaluru,Indiranagar,6,6,5.91,72
2026-07-07,20,Bengaluru,Indiranagar,9,9,6.86,108
2026-07-07,7,Bengaluru,Koramangala,7,7,6.19,84
2026-07-07,8,Bengaluru,Koramangala,8,8,6.28,96
2026-07-07,9,Bengaluru,Koramangala,8,8,5.96,96
2026-07-07,10,Bengaluru,Koramangala,9,9,6.69,108
2026-07-07,11,Bengaluru,Koramangala,6,6,6.24,72
2026-07-07,12,Bengaluru,Koramangala,8,8,6.96,96
2026-07-07,13,Bengaluru,Koramangala,6,6,6.59,72
2026-07-07,14,Bengaluru,Koramangala,6,6,6.7,72
2026-07-07,15,Bengaluru,Koramangala,7,7,6.25,84
2026-07-07,16,Bengaluru,Koramangala,9,9,7.15,108
2026-07-07,17,Bengaluru,Koramangala,7,7,6.38,84
2026-07-07,18,Bengaluru,Koramangala,7,7,6.17,84
2026-07-07,19,Bengaluru,Koramangala,7,7,6.69,84
2026-07-07,20,Bengaluru,Koramangala,9,9,6.19,108
2026-07-07,7,Hyderabad,Banjara Hills,7,7,6.51,84
2026-07-07,8,Hyderabad,Banjara Hills,7,7,5.87,84
2026-07-07,9,Hyderabad,Banjara Hills,9,9,6.3,108
2026-07-07,10,Hyderabad,Banjara Hills,6,6,6.68,72
2026-07-07,11,Hyderabad,Banjara Hills,6,6,6.09,72
2026-07-07,12,Hyderabad,Banjara Hills,7,7,6.16,84
2026-07-07,13,Hyderabad,Banjara Hills,6,6,6.74,72
2026-07-07,14,Hyderabad,Banjara Hills,7,7,5.65,84
2026-07-07,15,Hyderabad,Banjara Hills,8,8,6.47,96
2026-07-07,16,Hyderabad,Banjara Hills,8,8,6.22,96
2026-07-07,17,Hyderabad,Banjara Hills,7,7,6.43,84
2026-07-07,18,Hyderabad,Banjara Hills,7,7,6.14,84
2026-07-07,19,Hyderabad,Banjara Hills,8,8,6.59,96
2026-07-07,20,Hyderabad,Banjara Hills,6,6,5.92,72
2026-07-07,7,Hyderabad,Gachibowli,9,9,5.25,108
2026-07-07,8,Hyderabad,Gachibowli,6,6,5.53,72
2026-07-07,9,Hyderabad,Gachibowli,6,6,6.13,72
2026-07-07,10,Hyderabad,Gachibowli,6,6,5.96,72
2026-07-07,11,Hyderabad,Gachibowli,9,9,6.14,108
2026-07-07,12,Hyderabad,Gachibowli,7,7,5.9,84
2026-07-07,13,Hyderabad,Gachibowli,7,7,5.51,84
2026-07-07,14,Hyderabad,Gachibowli,8,8,6.6,96
2026-07-07,15,Hyderabad,Gachibowli,8,8,6.69,96
2026-07-07,16,Hyderabad,Gachibowli,6,6,6.13,72
2026-07-07,17,Hyderabad,Gachibowli,7,7,6.25,84
2026-07-07,18,Hyderabad,Gachibowli,6,6,6.32,72
2026-07-07,19,Hyderabad,Gachibowli,6,6,6.12,72
2026-07-07,20,Hyderabad,Gachibowli,6,6,5.81,72
2026-07-08,7,Ahmedabad,Satellite,9,9,6.94,108
2026-07-08,8,Ahmedabad,Satellite,6,6,6.96,72
2026-07-08,9,Ahmedabad,Satellite,8,8,6.01,96
2026-07-08,10,Ahmedabad,Satellite,7,7,6.08,84
2026-07-08,11,Ahmedabad,Satellite,8,8,6.28,96
2026-07-08,12,Ahmedabad,Satellite,8,8,5.9,96
2026-07-08,13,Ahmedabad,Satellite,7,7,6.32,84
2026-07-08,14,Ahmedabad,Satellite,8,8,4.89,96
2026-07-08,15,Ahmedabad,Satellite,8,8,6.26,96
2026-07-08,16,Ahmedabad,Satellite,6,6,5.92,72
2026-07-08,17,Ahmedabad,Satellite,6,6,6.72,72
2026-07-08,18,Ahmedabad,Satellite,7,7,6.73,84
2026-07-08,19,Ahmedabad,Satellite,8,8,5.85,96
2026-07-08,20,Ahmedabad,Satellite,9,9,5.97,108
2026-07-08,7,Ahmedabad,Navrangpura,9,9,5.64,108
2026-07-08,8,Ahmedabad,Navrangpura,8,8,6.86,96
2026-07-08,9,Ahmedabad,Navrangpura,6,6,6.5,72
2026-07-08,10,Ahmedabad,Navrangpura,7,7,5.59,84
2026-07-08,11,Ahmedabad,Navrangpura,9,9,5.54,108
2026-07-08,12,Ahmedabad,Navrangpura,8,8,6.71,96
2026-07-08,13,Ahmedabad,Navrangpura,8,8,6.53,96
2026-07-08,14,Ahmedabad,Navrangpura,7,7,6.33,84
2026-07-08,15,Ahmedabad,Navrangpura,8,8,6.17,96
2026-07-08,16,Ahmedabad,Navrangpura,7,7,6.22,84
2026-07-08,17,Ahmedabad,Navrangpura,6,6,6.46,72
2026-07-08,18,Ahmedabad,Navrangpura,9,9,6.47,108
2026-07-08,19,Ahmedabad,Navrangpura,9,9,6.97,108
2026-07-08,20,Ahmedabad,Navrangpura,9,9,5.59,108
2026-07-08,7,Jaipur,C-Scheme,9,9,6.14,108
2026-07-08,8,Jaipur,C-Scheme,8,8,6.81,96
2026-07-08,9,Jaipur,C-Scheme,7,7,6.49,84
2026-07-08,10,Jaipur,C-Scheme,7,7,5.37,84
2026-07-08,11,Jaipur,C-Scheme,8,8,7.14,96
2026-07-08,12,Jaipur,C-Scheme,8,8,6.32,96
2026-07-08,13,Jaipur,C-Scheme,8,8,6.4,96
2026-07-08,14,Jaipur,C-Scheme,8,8,5.88,96
2026-07-08,15,Jaipur,C-Scheme,8,8,5.72,96
2026-07-08,16,Jaipur,C-Scheme,6,6,5.98,72
2026-07-08,17,Jaipur,C-Scheme,8,8,6.75,96
2026-07-08,18,Jaipur,C-Scheme,8,8,6.49,96
2026-07-08,19,Jaipur,C-Scheme,7,7,6.29,84
2026-07-08,20,Jaipur,C-Scheme,6,6,6.63,72
2026-07-08,7,Jaipur,Malviya Nagar,8,8,6.01,96
2026-07-08,8,Jaipur,Malviya Nagar,9,9,6.46,108
2026-07-08,9,Jaipur,Malviya Nagar,7,7,6.29,84
2026-07-08,10,Jaipur,Malviya Nagar,9,9,6.23,108
2026-07-08,11,Jaipur,Malviya Nagar,9,9,6.82,108
2026-07-08,12,Jaipur,Malviya Nagar,7,7,6.05,84
2026-07-08,13,Jaipur,Malviya Nagar,8,8,6.02,96
2026-07-08,14,Jaipur,Malviya Nagar,8,8,5.94,96
2026-07-08,15,Jaipur,Malviya Nagar,8,8,6.67,96
2026-07-08,16,Jaipur,Malviya Nagar,9,9,5.89,108
2026-07-08,17,Jaipur,Malviya Nagar,7,7,5.71,84
2026-07-08,18,Jaipur,Malviya Nagar,7,7,6.35,84
2026-07-08,19,Jaipur,Malviya Nagar,6,6,6.62,72
2026-07-08,20,Jaipur,Malviya Nagar,9,9,6.5,108
2026-07-08,7,Delhi,Connaught Place,9,9,5.68,108
2026-07-08,8,Delhi,Connaught Place,6,6,6.05,72
2026-07-08,9,Delhi,Connaught Place,9,9,6.08,108
2026-07-08,10,Delhi,Connaught Place,7,7,5.65,84
2026-07-08,11,Delhi,Connaught Place,8,8,6.07,96
2026-07-08,12,Delhi,Connaught Place,6,6,6.73,72
2026-07-08,13,Delhi,Connaught Place,7,7,6.19,84
2026-07-08,14,Delhi,Connaught Place,8,8,6.85,96
2026-07-08,15,Delhi,Connaught Place,7,7,6.87,84
2026-07-08,16,Delhi,Connaught Place,9,9,6.04,108
2026-07-08,17,Delhi,Connaught Place,9,9,6.37,108
2026-07-08,18,Delhi,Connaught Place,7,7,6.13,84
2026-07-08,19,Delhi,Connaught Place,6,6,6.15,72
2026-07-08,20,Delhi,Connaught Place,8,8,5.89,96
2026-07-08,7,Delhi,Saket,6,6,6.11,72
2026-07-08,8,Delhi,Saket,8,8,6.76,96
2026-07-08,9,Delhi,Saket,9,9,6.45,108
2026-07-08,10,Delhi,Saket,8,8,6.25,96
2026-07-08,11,Delhi,Saket,6,6,6.53,72
2026-07-08,12,Delhi,Saket,9,9,6.34,108
2026-07-08,13,Delhi,Saket,8,8,5.57,96
2026-07-08,14,Delhi,Saket,8,8,6.9,96
2026-07-08,15,Delhi,Saket,9,9,6.38,108
2026-07-08,16,Delhi,Saket,6,6,6.21,72
2026-07-08,17,Delhi,Saket,9,9,5.84,108
2026-07-08,18,Delhi,Saket,6,6,6.44,72
2026-07-08,19,Delhi,Saket,9,9,7.4,108
2026-07-08,20,Delhi,Saket,6,6,6.35,72
2026-07-08,7,Mumbai,Bandra,7,7,5.7,84
2026-07-08,8,Mumbai,Bandra,7,7,6.71,84
2026-07-08,10,Mumbai,Bandra,9,9,6.41,108
2026-07-08,11,Mumbai,Bandra,7,7,6.4,84
2026-07-08,13,Mumbai,Bandra,8,8,6.63,96
2026-07-08,16,Mumbai,Bandra,9,9,5.87,108
2026-07-08,18,Mumbai,Bandra,6,9,7.99,72
2026-07-08,19,Mumbai,Bandra,4,7,8.71,48
2026-07-08,20,Mumbai,Bandra,4,7,8.26,48
2026-07-08,7,Mumbai,Andheri,6,6,7.46,72
2026-07-08,8,Mumbai,Andheri,6,6,6.32,72
2026-07-08,9,Mumbai,Andheri,9,9,6.02,108
2026-07-08,10,Mumbai,Andheri,6,6,6.8,72
2026-07-08,11,Mumbai,Andheri,9,9,6.29,108
2026-07-08,12,Mumbai,Andheri,8,8,6.51,96
2026-07-08,13,Mumbai,Andheri,7,7,5.79,84
2026-07-08,14,Mumbai,Andheri,9,9,5.95,108
2026-07-08,15,Mumbai,Andheri,8,8,6.15,96
2026-07-08,16,Mumbai,Andheri,7,7,5.74,84
2026-07-08,17,Mumbai,Andheri,8,8,6.25,96
2026-07-08,18,Mumbai,Andheri,6,6,6.37,72
2026-07-08,19,Mumbai,Andheri,9,9,6.49,108
2026-07-08,20,Mumbai,Andheri,8,8,5.99,96
2026-07-08,7,Bengaluru,Indiranagar,6,6,6.67,72
2026-07-08,8,Bengaluru,Indiranagar,8,8,6.08,96
2026-07-08,9,Bengaluru,Indiranagar,9,9,5.7,108
2026-07-08,10,Bengaluru,Indiranagar,6,6,6.29,72
2026-07-08,11,Bengaluru,Indiranagar,9,9,5.51,108
2026-07-08,12,Bengaluru,Indiranagar,6,6,5.87,72
2026-07-08,13,Bengaluru,Indiranagar,7,7,6.62,84
2026-07-08,14,Bengaluru,Indiranagar,8,8,5.54,96
2026-07-08,15,Bengaluru,Indiranagar,7,7,6.59,84
2026-07-08,16,Bengaluru,Indiranagar,9,9,6.38,108
2026-07-08,17,Bengaluru,Indiranagar,7,7,6.44,84
2026-07-08,18,Bengaluru,Indiranagar,8,8,6.71,96
2026-07-08,19,Bengaluru,Indiranagar,9,9,5.4,108
2026-07-08,20,Bengaluru,Indiranagar,6,6,6.76,72
2026-07-08,7,Bengaluru,Koramangala,7,7,6.29,84
2026-07-08,8,Bengaluru,Koramangala,6,6,5.51,72
2026-07-08,9,Bengaluru,Koramangala,6,6,5.95,72
2026-07-08,10,Bengaluru,Koramangala,8,8,5.81,96
2026-07-08,11,Bengaluru,Koramangala,6,6,6.09,72
2026-07-08,12,Bengaluru,Koramangala,6,6,6.11,72
2026-07-08,13,Bengaluru,Koramangala,7,7,6.4,84
2026-07-08,14,Bengaluru,Koramangala,9,9,6.1,108
2026-07-08,15,Bengaluru,Koramangala,6,6,6.12,72
2026-07-08,16,Bengaluru,Koramangala,9,9,6.2,108
2026-07-08,17,Bengaluru,Koramangala,7,7,5.88,84
2026-07-08,18,Bengaluru,Koramangala,8,8,6.88,96
2026-07-08,19,Bengaluru,Koramangala,9,9,5.2,108
2026-07-08,20,Bengaluru,Koramangala,7,7,6.33,84
2026-07-08,7,Hyderabad,Banjara Hills,6,6,6.46,72
2026-07-08,8,Hyderabad,Banjara Hills,7,7,6.14,84
2026-07-08,9,Hyderabad,Banjara Hills,6,6,6.37,72
2026-07-08,10,Hyderabad,Banjara Hills,9,9,6.61,108
2026-07-08,11,Hyderabad,Banjara Hills,7,7,6.06,84
2026-07-08,12,Hyderabad,Banjara Hills,9,9,6.96,108
2026-07-08,13,Hyderabad,Banjara Hills,7,7,6.91,84
2026-07-08,14,Hyderabad,Banjara Hills,8,8,7.49,96
2026-07-08,15,Hyderabad,Banjara Hills,6,6,5.82,72
2026-07-08,16,Hyderabad,Banjara Hills,6,6,6.19,72
2026-07-08,17,Hyderabad,Banjara Hills,7,7,6.8,84
2026-07-08,18,Hyderabad,Banjara Hills,7,7,7.21,84
2026-07-08,19,Hyderabad,Banjara Hills,6,6,6.5,72
2026-07-08,20,Hyderabad,Banjara Hills,6,6,6.02,72
2026-07-08,7,Hyderabad,Gachibowli,6,6,6.28,72
2026-07-08,8,Hyderabad,Gachibowli,6,6,5.84,72
2026-07-08,9,Hyderabad,Gachibowli,9,9,5.55,108
2026-07-08,10,Hyderabad,Gachibowli,9,9,6.0,108
2026-07-08,11,Hyderabad,Gachibowli,8,8,6.45,96
2026-07-08,12,Hyderabad,Gachibowli,7,7,6.28,84
2026-07-08,13,Hyderabad,Gachibowli,7,7,6.93,84
2026-07-08,14,Hyderabad,Gachibowli,7,7,6.03,84
2026-07-08,15,Hyderabad,Gachibowli,9,9,7.0,108
2026-07-08,16,Hyderabad,Gachibowli,9,9,6.25,108
2026-07-08,17,Hyderabad,Gachibowli,6,6,6.28,72
2026-07-08,18,Hyderabad,Gachibowli,9,9,6.04,108
2026-07-08,19,Hyderabad,Gachibowli,7,7,6.83,84
2026-07-08,20,Hyderabad,Gachibowli,7,7,6.47,84
2026-07-09,7,Ahmedabad,Satellite,7,7,5.93,84
2026-07-09,8,Ahmedabad,Satellite,6,6,6.0,72
2026-07-09,9,Ahmedabad,Satellite,8,8,6.67,96
2026-07-09,10,Ahmedabad,Satellite,6,6,5.96,72
2026-07-09,11,Ahmedabad,Satellite,7,7,6.38,84
2026-07-09,12,Ahmedabad,Satellite,6,6,6.36,72
2026-07-09,13,Ahmedabad,Satellite,7,7,6.64,84
2026-07-09,14,Ahmedabad,Satellite,9,9,5.74,108
2026-07-09,15,Ahmedabad,Satellite,9,9,6.21,108
2026-07-09,16,Ahmedabad,Satellite,7,7,6.44,84
2026-07-09,17,Ahmedabad,Satellite,8,8,6.33,96
2026-07-09,18,Ahmedabad,Satellite,8,8,6.98,96
2026-07-09,19,Ahmedabad,Satellite,6,6,6.08,72
2026-07-09,20,Ahmedabad,Satellite,9,9,6.18,108
2026-07-09,7,Ahmedabad,Navrangpura,7,7,6.76,84
2026-07-09,8,Ahmedabad,Navrangpura,6,6,5.19,72
2026-07-09,9,Ahmedabad,Navrangpura,9,9,6.76,108
2026-07-09,10,Ahmedabad,Navrangpura,6,6,6.18,72
2026-07-09,11,Ahmedabad,Navrangpura,9,9,7.18,108
2026-07-09,12,Ahmedabad,Navrangpura,9,9,6.33,108
2026-07-09,13,Ahmedabad,Navrangpura,6,6,7.27,72
2026-07-09,14,Ahmedabad,Navrangpura,8,8,6.46,96
2026-07-09,15,Ahmedabad,Navrangpura,8,8,6.66,96
2026-07-09,16,Ahmedabad,Navrangpura,7,7,6.77,84
2026-07-09,17,Ahmedabad,Navrangpura,8,8,6.11,96
2026-07-09,18,Ahmedabad,Navrangpura,7,7,6.99,84
2026-07-09,19,Ahmedabad,Navrangpura,6,6,6.78,72
2026-07-09,20,Ahmedabad,Navrangpura,6,6,6.41,72
2026-07-09,7,Jaipur,C-Scheme,7,7,5.96,84
2026-07-09,8,Jaipur,C-Scheme,6,6,5.96,72
2026-07-09,9,Jaipur,C-Scheme,8,8,5.85,96
2026-07-09,10,Jaipur,C-Scheme,7,7,6.35,84
2026-07-09,11,Jaipur,C-Scheme,8,8,5.59,96
2026-07-09,12,Jaipur,C-Scheme,6,6,6.46,72
2026-07-09,13,Jaipur,C-Scheme,7,7,6.29,84
2026-07-09,14,Jaipur,C-Scheme,6,6,5.93,72
2026-07-09,15,Jaipur,C-Scheme,9,9,5.96,108
2026-07-09,16,Jaipur,C-Scheme,9,9,6.33,108
2026-07-09,17,Jaipur,C-Scheme,9,9,6.09,108
2026-07-09,18,Jaipur,C-Scheme,6,6,6.49,72
2026-07-09,19,Jaipur,C-Scheme,8,8,6.43,96
2026-07-09,20,Jaipur,C-Scheme,6,6,6.84,72
2026-07-09,7,Jaipur,Malviya Nagar,6,6,6.07,72
2026-07-09,8,Jaipur,Malviya Nagar,8,8,6.41,96
2026-07-09,9,Jaipur,Malviya Nagar,9,9,5.71,108
2026-07-09,10,Jaipur,Malviya Nagar,7,7,6.44,84
2026-07-09,11,Jaipur,Malviya Nagar,9,9,6.49,108
2026-07-09,12,Jaipur,Malviya Nagar,9,9,5.68,108
2026-07-09,13,Jaipur,Malviya Nagar,8,8,5.67,96
2026-07-09,14,Jaipur,Malviya Nagar,7,7,6.57,84
2026-07-09,15,Jaipur,Malviya Nagar,8,8,6.1,96
2026-07-09,16,Jaipur,Malviya Nagar,9,9,6.75,108
2026-07-09,17,Jaipur,Malviya Nagar,6,6,6.34,72
2026-07-09,18,Jaipur,Malviya Nagar,7,7,6.22,84
2026-07-09,19,Jaipur,Malviya Nagar,8,8,6.72,96
2026-07-09,20,Jaipur,Malviya Nagar,6,6,6.63,72
2026-07-09,7,Delhi,Connaught Place,7,7,6.78,84
2026-07-09,8,Delhi,Connaught Place,7,7,5.93,84
2026-07-09,9,Delhi,Connaught Place,9,9,6.25,108
2026-07-09,10,Delhi,Connaught Place,8,8,6.72,96
2026-07-09,11,Delhi,Connaught Place,8,8,6.66,96
2026-07-09,12,Delhi,Connaught Place,7,7,6.28,84
2026-07-09,13,Delhi,Connaught Place,7,7,6.74,84
2026-07-09,14,Delhi,Connaught Place,6,6,5.98,72
2026-07-09,15,Delhi,Connaught Place,6,6,6.23,72
2026-07-09,16,Delhi,Connaught Place,9,9,6.36,108
2026-07-09,17,Delhi,Connaught Place,7,7,6.37,84
2026-07-09,18,Delhi,Connaught Place,8,8,6.78,96
2026-07-09,19,Delhi,Connaught Place,9,9,6.12,108
2026-07-09,20,Delhi,Connaught Place,9,9,6.46,108
2026-07-09,7,Delhi,Saket,8,8,6.61,96
2026-07-09,8,Delhi,Saket,9,9,6.57,108
2026-07-09,9,Delhi,Saket,9,9,6.49,108
2026-07-09,10,Delhi,Saket,8,8,5.44,96
2026-07-09,11,Delhi,Saket,8,8,5.96,96
2026-07-09,12,Delhi,Saket,7,7,6.43,84
2026-07-09,13,Delhi,Saket,9,9,6.32,108
2026-07-09,14,Delhi,Saket,7,7,5.86,84
2026-07-09,15,Delhi,Saket,9,9,5.9,108
2026-07-09,16,Delhi,Saket,6,6,6.63,72
2026-07-09,17,Delhi,Saket,7,7,5.95,84
2026-07-09,18,Delhi,Saket,9,9,6.47,108
2026-07-09,19,Delhi,Saket,8,8,6.08,96
2026-07-09,20,Delhi,Saket,9,9,6.33,108
2026-07-09,7,Mumbai,Bandra,6,6,5.88,72
2026-07-09,8,Mumbai,Bandra,8,8,6.36,96
2026-07-09,9,Mumbai,Bandra,7,7,5.79,84
2026-07-09,11,Mumbai,Bandra,9,9,6.35,108
2026-07-09,13,Mumbai,Bandra,7,7,6.67,84
2026-07-09,14,Mumbai,Bandra,8,8,6.62,96
2026-07-09,19,Mumbai,Bandra,5,8,8.07,60
2026-07-09,7,Mumbai,Andheri,9,9,7.1,108
2026-07-09,8,Mumbai,Andheri,9,9,6.26,108
2026-07-09,9,Mumbai,Andheri,6,6,6.03,72
2026-07-09,10,Mumbai,Andheri,8,8,5.9,96
2026-07-09,11,Mumbai,Andheri,9,9,6.31,108
2026-07-09,12,Mumbai,Andheri,8,8,6.27,96
2026-07-09,13,Mumbai,Andheri,9,9,6.25,108
2026-07-09,14,Mumbai,Andheri,9,9,6.27,108
2026-07-09,15,Mumbai,Andheri,7,7,6.23,84
2026-07-09,16,Mumbai,Andheri,9,9,6.52,108
2026-07-09,17,Mumbai,Andheri,8,8,5.79,96
2026-07-09,18,Mumbai,Andheri,9,9,6.35,108
2026-07-09,19,Mumbai,Andheri,9,9,5.98,108
2026-07-09,20,Mumbai,Andheri,6,6,6.35,72
2026-07-09,7,Bengaluru,Indiranagar,9,9,6.02,108
2026-07-09,8,Bengaluru,Indiranagar,7,7,6.09,84
2026-07-09,9,Bengaluru,Indiranagar,7,7,5.89,84
2026-07-09,10,Bengaluru,Indiranagar,8,8,6.06,96
2026-07-09,11,Bengaluru,Indiranagar,7,7,6.29,84
2026-07-09,12,Bengaluru,Indiranagar,8,8,6.11,96
2026-07-09,13,Bengaluru,Indiranagar,9,9,5.89,108
2026-07-09,14,Bengaluru,Indiranagar,9,9,6.25,108
2026-07-09,15,Bengaluru,Indiranagar,7,7,6.53,84
2026-07-09,16,Bengaluru,Indiranagar,6,6,5.77,72
2026-07-09,17,Bengaluru,Indiranagar,9,9,6.0,108
2026-07-09,18,Bengaluru,Indiranagar,6,6,6.3,72
2026-07-09,19,Bengaluru,Indiranagar,7,7,7.11,84
2026-07-09,20,Bengaluru,Indiranagar,8,8,5.85,96
2026-07-09,7,Bengaluru,Koramangala,6,6,6.03,72
2026-07-09,8,Bengaluru,Koramangala,9,9,6.6,108
2026-07-09,9,Bengaluru,Koramangala,8,8,6.8,96
2026-07-09,10,Bengaluru,Koramangala,9,9,6.59,108
2026-07-09,11,Bengaluru,Koramangala,9,9,7.47,108
2026-07-09,12,Bengaluru,Koramangala,8,8,6.52,96
2026-07-09,13,Bengaluru,Koramangala,9,9,6.38,108
2026-07-09,14,Bengaluru,Koramangala,7,7,6.55,84
2026-07-09,15,Bengaluru,Koramangala,9,9,6.5,108
2026-07-09,16,Bengaluru,Koramangala,6,6,6.69,72
2026-07-09,17,Bengaluru,Koramangala,6,6,5.96,72
2026-07-09,18,Bengaluru,Koramangala,6,6,7.14,72
2026-07-09,19,Bengaluru,Koramangala,8,8,6.62,96
2026-07-09,20,Bengaluru,Koramangala,9,9,6.32,108
2026-07-09,7,Hyderabad,Banjara Hills,7,7,6.17,84
2026-07-09,8,Hyderabad,Banjara Hills,6,6,6.22,72
2026-07-09,9,Hyderabad,Banjara Hills,7,7,6.91,84
2026-07-09,10,Hyderabad,Banjara Hills,7,7,6.77,84
2026-07-09,11,Hyderabad,Banjara Hills,8,8,6.66,96
2026-07-09,12,Hyderabad,Banjara Hills,6,6,6.3,72
2026-07-09,13,Hyderabad,Banjara Hills,7,7,6.5,84
2026-07-09,14,Hyderabad,Banjara Hills,8,8,5.6,96
2026-07-09,15,Hyderabad,Banjara Hills,9,9,6.33,108
2026-07-09,16,Hyderabad,Banjara Hills,8,8,6.33,96
2026-07-09,17,Hyderabad,Banjara Hills,9,9,6.48,108
2026-07-09,18,Hyderabad,Banjara Hills,9,9,6.72,108
2026-07-09,19,Hyderabad,Banjara Hills,7,7,6.21,84
2026-07-09,20,Hyderabad,Banjara Hills,6,6,7.38,72
2026-07-09,7,Hyderabad,Gachibowli,6,6,6.61,72
2026-07-09,8,Hyderabad,Gachibowli,9,9,6.4,108
2026-07-09,9,Hyderabad,Gachibowli,9,9,6.45,108
2026-07-09,10,Hyderabad,Gachibowli,8,8,6.54,96
2026-07-09,11,Hyderabad,Gachibowli,8,8,5.88,96
2026-07-09,12,Hyderabad,Gachibowli,6,6,5.95,72
2026-07-09,13,Hyderabad,Gachibowli,7,7,6.68,84
2026-07-09,14,Hyderabad,Gachibowli,7,7,6.39,84
2026-07-09,15,Hyderabad,Gachibowli,8,8,6.85,96
2026-07-09,16,Hyderabad,Gachibowli,8,8,5.51,96
2026-07-09,17,Hyderabad,Gachibowli,6,6,5.3,72
2026-07-09,18,Hyderabad,Gachibowli,7,7,6.78,84
2026-07-09,19,Hyderabad,Gachibowli,7,7,6.69,84
2026-07-09,20,Hyderabad,Gachibowli,8,8,6.26,96
2026-07-10,7,Ahmedabad,Satellite,7,7,6.25,84
2026-07-10,8,Ahmedabad,Satellite,8,8,6.46,96
2026-07-10,9,Ahmedabad,Satellite,8,8,6.44,96
2026-07-10,10,Ahmedabad,Satellite,9,9,6.97,108
2026-07-10,11,Ahmedabad,Satellite,9,9,6.27,108
2026-07-10,12,Ahmedabad,Satellite,6,6,6.38,72
2026-07-10,13,Ahmedabad,Satellite,7,7,6.14,84
2026-07-10,14,Ahmedabad,Satellite,6,6,6.09,72
2026-07-10,15,Ahmedabad,Satellite,8,8,6.27,96
2026-07-10,16,Ahmedabad,Satellite,8,8,7.28,96
2026-07-10,17,Ahmedabad,Satellite,6,6,6.18,72
2026-07-10,18,Ahmedabad,Satellite,7,7,6.52,84
2026-07-10,19,Ahmedabad,Satellite,8,8,6.84,96
2026-07-10,20,Ahmedabad,Satellite,8,8,5.83,96
2026-07-10,7,Ahmedabad,Navrangpura,8,8,6.44,96
2026-07-10,8,Ahmedabad,Navrangpura,6,6,6.63,72
2026-07-10,9,Ahmedabad,Navrangpura,7,7,6.57,84
2026-07-10,10,Ahmedabad,Navrangpura,9,9,6.51,108
2026-07-10,11,Ahmedabad,Navrangpura,9,9,6.41,108
2026-07-10,12,Ahmedabad,Navrangpura,7,7,6.83,84
2026-07-10,13,Ahmedabad,Navrangpura,9,9,5.78,108
2026-07-10,14,Ahmedabad,Navrangpura,8,8,6.17,96
2026-07-10,15,Ahmedabad,Navrangpura,9,9,7.02,108
2026-07-10,16,Ahmedabad,Navrangpura,7,7,5.52,84
2026-07-10,17,Ahmedabad,Navrangpura,6,6,5.93,72
2026-07-10,18,Ahmedabad,Navrangpura,7,7,6.5,84
2026-07-10,19,Ahmedabad,Navrangpura,8,8,6.21,96
2026-07-10,20,Ahmedabad,Navrangpura,9,9,6.55,108
2026-07-10,7,Jaipur,C-Scheme,8,8,6.23,96
2026-07-10,8,Jaipur,C-Scheme,9,9,5.77,108
2026-07-10,9,Jaipur,C-Scheme,7,7,6.45,84
2026-07-10,10,Jaipur,C-Scheme,7,7,6.87,84
2026-07-10,11,Jaipur,C-Scheme,9,9,6.53,108
2026-07-10,12,Jaipur,C-Scheme,6,6,6.02,72
2026-07-10,13,Jaipur,C-Scheme,8,8,7.12,96
2026-07-10,14,Jaipur,C-Scheme,8,8,6.25,96
2026-07-10,15,Jaipur,C-Scheme,6,6,5.87,72
2026-07-10,16,Jaipur,C-Scheme,9,9,6.01,108
2026-07-10,17,Jaipur,C-Scheme,9,9,6.35,108
2026-07-10,18,Jaipur,C-Scheme,9,9,6.16,108
2026-07-10,19,Jaipur,C-Scheme,7,7,5.94,84
2026-07-10,20,Jaipur,C-Scheme,8,8,6.23,96
2026-07-10,7,Jaipur,Malviya Nagar,7,7,6.38,84
2026-07-10,8,Jaipur,Malviya Nagar,6,6,5.65,72
2026-07-10,9,Jaipur,Malviya Nagar,9,9,6.19,108
2026-07-10,10,Jaipur,Malviya Nagar,7,7,6.37,84
2026-07-10,11,Jaipur,Malviya Nagar,8,8,6.56,96
2026-07-10,12,Jaipur,Malviya Nagar,7,7,6.18,84
2026-07-10,13,Jaipur,Malviya Nagar,6,6,5.55,72
2026-07-10,14,Jaipur,Malviya Nagar,6,6,5.8,72
2026-07-10,15,Jaipur,Malviya Nagar,6,6,6.85,72
2026-07-10,16,Jaipur,Malviya Nagar,6,6,6.51,72
2026-07-10,17,Jaipur,Malviya Nagar,8,8,5.93,96
2026-07-10,18,Jaipur,Malviya Nagar,9,9,5.86,108
2026-07-10,19,Jaipur,Malviya Nagar,6,6,6.58,72
2026-07-10,20,Jaipur,Malviya Nagar,9,9,6.38,108
2026-07-10,7,Delhi,Connaught Place,6,6,6.03,72
2026-07-10,8,Delhi,Connaught Place,8,8,6.37,96
2026-07-10,9,Delhi,Connaught Place,8,8,6.38,96
2026-07-10,10,Delhi,Connaught Place,6,6,6.89,72
2026-07-10,11,Delhi,Connaught Place,9,9,6.64,108
2026-07-10,12,Delhi,Connaught Place,9,9,6.88,108
2026-07-10,13,Delhi,Connaught Place,9,9,6.49,108
2026-07-10,14,Delhi,Connaught Place,8,8,6.93,96
2026-07-10,15,Delhi,Connaught Place,7,7,6.61,84
2026-07-10,16,Delhi,Connaught Place,7,7,5.59,84
2026-07-10,17,Delhi,Connaught Place,6,6,6.51,72
2026-07-10,18,Delhi,Connaught Place,6,6,5.77,72
2026-07-10,19,Delhi,Connaught Place,7,7,6.54,84
2026-07-10,20,Delhi,Connaught Place,9,9,6.18,108
2026-07-10,7,Delhi,Saket,8,8,6.42,96
2026-07-10,8,Delhi,Saket,9,9,6.32,108
2026-07-10,9,Delhi,Saket,7,7,6.42,84
2026-07-10,10,Delhi,Saket,6,6,6.62,72
2026-07-10,11,Delhi,Saket,7,7,6.13,84
2026-07-10,12,Delhi,Saket,9,9,6.8,108
2026-07-10,13,Delhi,Saket,8,8,6.45,96
2026-07-10,14,Delhi,Saket,9,9,6.34,108
2026-07-10,15,Delhi,Saket,7,7,5.57,84
2026-07-10,16,Delhi,Saket,6,6,6.4,72
2026-07-10,17,Delhi,Saket,8,8,6.95,96
2026-07-10,18,Delhi,Saket,8,8,6.39,96
2026-07-10,19,Delhi,Saket,8,8,6.06,96
2026-07-10,20,Delhi,Saket,7,7,6.5,84
2026-07-10,8,Mumbai,Bandra,8,8,5.95,96
2026-07-10,9,Mumbai,Bandra,7,7,6.06,84
2026-07-10,11,Mumbai,Bandra,6,6,6.08,72
2026-07-10,12,Mumbai,Bandra,6,6,5.46,72
2026-07-10,14,Mumbai,Bandra,6,6,6.51,72
2026-07-10,15,Mumbai,Bandra,9,9,6.06,108
2026-07-10,18,Mumbai,Bandra,6,9,8.72,72
2026-07-10,19,Mumbai,Bandra,5,8,8.99,60
2026-07-10,20,Mumbai,Bandra,5,8,7.98,60
2026-07-10,7,Mumbai,Andheri,7,7,7.03,84
2026-07-10,8,Mumbai,Andheri,9,9,5.91,108
2026-07-10,9,Mumbai,Andheri,9,9,5.9,108
2026-07-10,10,Mumbai,Andheri,8,8,6.25,96
2026-07-10,11,Mumbai,Andheri,8,8,5.73,96
2026-07-10,12,Mumbai,Andheri,8,8,6.05,96
2026-07-10,13,Mumbai,Andheri,8,8,6.72,96
2026-07-10,14,Mumbai,Andheri,9,9,6.3,108
2026-07-10,15,Mumbai,Andheri,7,7,6.49,84
2026-07-10,16,Mumbai,Andheri,6,6,6.22,72
2026-07-10,17,Mumbai,Andheri,9,9,6.48,108
2026-07-10,18,Mumbai,Andheri,9,9,6.17,108
2026-07-10,19,Mumbai,Andheri,6,6,6.51,72
2026-07-10,20,Mumbai,Andheri,6,6,5.8,72
2026-07-10,7,Bengaluru,Indiranagar,7,7,6.33,84
2026-07-10,8,Bengaluru,Indiranagar,8,8,5.76,96
2026-07-10,9,Bengaluru,Indiranagar,6,6,6.38,72
2026-07-10,10,Bengaluru,Indiranagar,7,7,6.38,84
2026-07-10,11,Bengaluru,Indiranagar,7,7,6.04,84
2026-07-10,12,Bengaluru,Indiranagar,6,6,6.54,72
2026-07-10,13,Bengaluru,Indiranagar,6,6,5.87,72
2026-07-10,14,Bengaluru,Indiranagar,6,6,6.57,72
2026-07-10,15,Bengaluru,Indiranagar,6,6,6.54,72
2026-07-10,16,Bengaluru,Indiranagar,9,9,6.22,108
2026-07-10,17,Bengaluru,Indiranagar,7,7,6.89,84
2026-07-10,18,Bengaluru,Indiranagar,9,9,5.52,108
2026-07-10,19,Bengaluru,Indiranagar,8,8,7.14,96
2026-07-10,20,Bengaluru,Indiranagar,8,8,6.36,96
2026-07-10,7,Bengaluru,Koramangala,6,6,6.45,72
2026-07-10,8,Bengaluru,Koramangala,9,9,6.38,108
2026-07-10,9,Bengaluru,Koramangala,6,6,5.96,72
2026-07-10,10,Bengaluru,Koramangala,8,8,5.91,96
2026-07-10,11,Bengaluru,Koramangala,8,8,7.0,96
2026-07-10,12,Bengaluru,Koramangala,9,9,6.07,108
2026-07-10,13,Bengaluru,Koramangala,7,7,6.73,84
2026-07-10,14,Bengaluru,Koramangala,9,9,6.61,108
2026-07-10,15,Bengaluru,Koramangala,6,6,6.87,72
2026-07-10,16,Bengaluru,Koramangala,7,7,6.42,84
2026-07-10,17,Bengaluru,Koramangala,6,6,6.36,72
2026-07-10,18,Bengaluru,Koramangala,9,9,6.16,108
2026-07-10,19,Bengaluru,Koramangala,9,9,6.09,108
2026-07-10,20,Bengaluru,Koramangala,8,8,6.49,96
2026-07-10,7,Hyderabad,Banjara Hills,9,9,6.35,108
2026-07-10,8,Hyderabad,Banjara Hills,8,8,6.19,96
2026-07-10,9,Hyderabad,Banjara Hills,9,9,6.58,108
2026-07-10,10,Hyderabad,Banjara Hills,6,6,6.87,72
2026-07-10,11,Hyderabad,Banjara Hills,9,9,6.27,108
2026-07-10,12,Hyderabad,Banjara Hills,7,7,5.92,84
2026-07-10,13,Hyderabad,Banjara Hills,6,6,6.42,72
2026-07-10,14,Hyderabad,Banjara Hills,8,8,6.36,96
2026-07-10,15,Hyderabad,Banjara Hills,8,8,6.09,96
2026-07-10,16,Hyderabad,Banjara Hills,9,9,6.87,108
2026-07-10,17,Hyderabad,Banjara Hills,7,7,6.06,84
2026-07-10,18,Hyderabad,Banjara Hills,8,8,5.87,96
2026-07-10,19,Hyderabad,Banjara Hills,7,7,6.8,84
2026-07-10,20,Hyderabad,Banjara Hills,8,8,6.18,96
2026-07-10,7,Hyderabad,Gachibowli,6,6,6.57,72
2026-07-10,8,Hyderabad,Gachibowli,8,8,6.17,96
2026-07-10,9,Hyderabad,Gachibowli,9,9,6.4,108
2026-07-10,10,Hyderabad,Gachibowli,6,6,5.85,72
2026-07-10,11,Hyderabad,Gachibowli,9,9,6.44,108
2026-07-10,12,Hyderabad,Gachibowli,9,9,6.81,108
2026-07-10,13,Hyderabad,Gachibowli,7,7,7.14,84
2026-07-10,14,Hyderabad,Gachibowli,6,6,6.49,72
2026-07-10,15,Hyderabad,Gachibowli,8,8,6.27,96
2026-07-10,16,Hyderabad,Gachibowli,7,7,6.25,84
2026-07-10,17,Hyderabad,Gachibowli,6,6,6.45,72
2026-07-10,18,Hyderabad,Gachibowli,8,8,6.47,96
2026-07-10,19,Hyderabad,Gachibowli,6,6,6.74,72
2026-07-10,20,Hyderabad,Gachibowli,9,9,5.57,108
2026-07-11,7,Ahmedabad,Satellite,9,9,6.76,108
2026-07-11,8,Ahmedabad,Satellite,9,9,6.54,108
2026-07-11,9,Ahmedabad,Satellite,8,8,7.09,96
2026-07-11,10,Ahmedabad,Satellite,9,9,6.12,108
2026-07-11,11,Ahmedabad,Satellite,8,8,6.48,96
2026-07-11,12,Ahmedabad,Satellite,6,6,5.59,72
2026-07-11,13,Ahmedabad,Satellite,9,9,6.55,108
2026-07-11,14,Ahmedabad,Satellite,7,7,6.12,84
2026-07-11,15,Ahmedabad,Satellite,7,7,5.84,84
2026-07-11,16,Ahmedabad,Satellite,9,9,6.64,108
2026-07-11,17,Ahmedabad,Satellite,8,8,6.83,96
2026-07-11,18,Ahmedabad,Satellite,6,6,6.11,72
2026-07-11,19,Ahmedabad,Satellite,8,8,5.96,96
2026-07-11,20,Ahmedabad,Satellite,7,7,7.07,84
2026-07-11,7,Ahmedabad,Navrangpura,9,9,5.58,108
2026-07-11,8,Ahmedabad,Navrangpura,7,7,6.32,84
2026-07-11,9,Ahmedabad,Navrangpura,7,7,6.62,84
2026-07-11,10,Ahmedabad,Navrangpura,6,6,6.77,72
2026-07-11,11,Ahmedabad,Navrangpura,7,7,5.97,84
2026-07-11,12,Ahmedabad,Navrangpura,6,6,6.61,72
2026-07-11,13,Ahmedabad,Navrangpura,8,8,6.02,96
2026-07-11,14,Ahmedabad,Navrangpura,8,8,6.37,96
2026-07-11,15,Ahmedabad,Navrangpura,9,9,6.87,108
2026-07-11,16,Ahmedabad,Navrangpura,7,7,6.09,84
2026-07-11,17,Ahmedabad,Navrangpura,9,9,6.02,108
2026-07-11,18,Ahmedabad,Navrangpura,6,6,7.06,72
2026-07-11,19,Ahmedabad,Navrangpura,6,6,6.82,72
2026-07-11,20,Ahmedabad,Navrangpura,6,6,5.89,72
2026-07-11,7,Jaipur,C-Scheme,6,6,6.41,72
2026-07-11,8,Jaipur,C-Scheme,9,9,6.79,108
2026-07-11,9,Jaipur,C-Scheme,6,6,6.33,72
2026-07-11,10,Jaipur,C-Scheme,9,9,6.09,108
2026-07-11,11,Jaipur,C-Scheme,7,7,6.05,84
2026-07-11,12,Jaipur,C-Scheme,6,6,5.39,72
2026-07-11,13,Jaipur,C-Scheme,6,6,5.65,72
2026-07-11,14,Jaipur,C-Scheme,8,8,6.54,96
2026-07-11,15,Jaipur,C-Scheme,6,6,5.48,72
2026-07-11,16,Jaipur,C-Scheme,9,9,5.99,108
2026-07-11,17,Jaipur,C-Scheme,9,9,6.92,108
2026-07-11,18,Jaipur,C-Scheme,6,6,5.98,72
2026-07-11,19,Jaipur,C-Scheme,6,6,6.2,72
2026-07-11,20,Jaipur,C-Scheme,8,8,7.34,96
2026-07-11,7,Jaipur,Malviya Nagar,9,9,6.44,108
2026-07-11,8,Jaipur,Malviya Nagar,7,7,6.33,84
2026-07-11,9,Jaipur,Malviya Nagar,6,6,6.68,72
2026-07-11,10,Jaipur,Malviya Nagar,9,9,5.84,108
2026-07-11,11,Jaipur,Malviya Nagar,6,6,6.24,72
2026-07-11,12,Jaipur,Malviya Nagar,8,8,6.63,96
2026-07-11,13,Jaipur,Malviya Nagar,7,7,6.37,84
2026-07-11,14,Jaipur,Malviya Nagar,9,9,5.81,108
2026-07-11,15,Jaipur,Malviya Nagar,8,8,6.56,96
2026-07-11,16,Jaipur,Malviya Nagar,7,7,6.31,84
2026-07-11,17,Jaipur,Malviya Nagar,6,6,5.74,72
2026-07-11,18,Jaipur,Malviya Nagar,9,9,5.76,108
2026-07-11,19,Jaipur,Malviya Nagar,9,9,6.51,108
2026-07-11,20,Jaipur,Malviya Nagar,8,8,6.53,96
2026-07-11,7,Delhi,Connaught Place,6,6,6.6,72
2026-07-11,8,Delhi,Connaught Place,8,8,6.87,96
2026-07-11,9,Delhi,Connaught Place,7,7,6.42,84
2026-07-11,10,Delhi,Connaught Place,8,8,6.22,96
2026-07-11,11,Delhi,Connaught Place,7,7,6.37,84
2026-07-11,12,Delhi,Connaught Place,7,7,6.98,84
2026-07-11,13,Delhi,Connaught Place,6,6,6.63,72
2026-07-11,14,Delhi,Connaught Place,6,6,6.12,72
2026-07-11,15,Delhi,Connaught Place,7,7,6.46,84
2026-07-11,16,Delhi,Connaught Place,6,6,6.8,72
2026-07-11,17,Delhi,Connaught Place,8,8,5.32,96
2026-07-11,18,Delhi,Connaught Place,8,8,7.28,96
2026-07-11,19,Delhi,Connaught Place,6,6,6.66,72
2026-07-11,20,Delhi,Connaught Place,7,7,5.6,84
2026-07-11,7,Delhi,Saket,9,9,6.63,108
2026-07-11,8,Delhi,Saket,6,6,5.83,72
2026-07-11,9,Delhi,Saket,6,6,6.43,72
2026-07-11,10,Delhi,Saket,7,7,6.28,84
2026-07-11,11,Delhi,Saket,9,9,6.24,108
2026-07-11,12,Delhi,Saket,9,9,6.27,108
2026-07-11,13,Delhi,Saket,7,7,6.71,84
2026-07-11,14,Delhi,Saket,8,8,6.02,96
2026-07-11,15,Delhi,Saket,7,7,6.09,84
2026-07-11,16,Delhi,Saket,7,7,6.31,84
2026-07-11,17,Delhi,Saket,8,8,6.64,96
2026-07-11,18,Delhi,Saket,8,8,6.43,96
2026-07-11,19,Delhi,Saket,9,9,5.55,108
2026-07-11,20,Delhi,Saket,8,8,6.22,96
2026-07-11,7,Mumbai,Bandra,9,9,6.48,108
2026-07-11,9,Mumbai,Bandra,6,6,6.42,72
2026-07-11,10,Mumbai,Bandra,6,6,5.9,72
2026-07-11,12,Mumbai,Bandra,8,8,6.16,96
2026-07-11,15,Mumbai,Bandra,7,7,6.8,84
2026-07-11,16,Mumbai,Bandra,7,7,6.22,84
2026-07-11,7,Mumbai,Andheri,6,6,6.1,72
2026-07-11,8,Mumbai,Andheri,6,6,6.17,72
2026-07-11,9,Mumbai,Andheri,6,6,5.5,72
2026-07-11,10,Mumbai,Andheri,6,6,6.26,72
2026-07-11,11,Mumbai,Andheri,6,6,6.73,72
2026-07-11,12,Mumbai,Andheri,7,7,5.43,84
2026-07-11,13,Mumbai,Andheri,7,7,7.15,84
2026-07-11,14,Mumbai,Andheri,8,8,6.23,96
2026-07-11,15,Mumbai,Andheri,6,6,6.47,72
2026-07-11,16,Mumbai,Andheri,6,6,6.5,72
2026-07-11,17,Mumbai,Andheri,7,7,5.9,84
2026-07-11,18,Mumbai,Andheri,9,9,6.56,108
2026-07-11,19,Mumbai,Andheri,8,8,6.63,96
2026-07-11,20,Mumbai,Andheri,9,9,6.14,108
2026-07-11,7,Bengaluru,Indiranagar,8,8,6.09,96
2026-07-11,8,Bengaluru,Indiranagar,9,9,6.87,108
2026-07-11,9,Bengaluru,Indiranagar,7,7,6.17,84
2026-07-11,10,Bengaluru,Indiranagar,8,8,6.16,96
2026-07-11,11,Bengaluru,Indiranagar,7,7,7.26,84
2026-07-11,12,Bengaluru,Indiranagar,7,7,5.77,84
2026-07-11,13,Bengaluru,Indiranagar,9,9,6.53,108
2026-07-11,14,Bengaluru,Indiranagar,8,8,6.92,96
2026-07-11,15,Bengaluru,Indiranagar,8,8,6.3,96
2026-07-11,16,Bengaluru,Indiranagar,7,7,6.71,84
2026-07-11,17,Bengaluru,Indiranagar,8,8,6.6,96
2026-07-11,18,Bengaluru,Indiranagar,7,7,6.87,84
2026-07-11,19,Bengaluru,Indiranagar,6,6,6.13,72
2026-07-11,20,Bengaluru,Indiranagar,9,9,6.04,108
2026-07-11,7,Bengaluru,Koramangala,7,7,5.95,84
2026-07-11,8,Bengaluru,Koramangala,6,6,6.16,72
2026-07-11,9,Bengaluru,Koramangala,8,8,6.5,96
2026-07-11,10,Bengaluru,Koramangala,8,8,6.0,96
2026-07-11,11,Bengaluru,Koramangala,6,6,5.86,72
2026-07-11,12,Bengaluru,Koramangala,6,6,6.07,72
2026-07-11,13,Bengaluru,Koramangala,6,6,6.4,72
2026-07-11,14,Bengaluru,Koramangala,8,8,6.24,96
2026-07-11,15,Bengaluru,Koramangala,9,9,6.48,108
2026-07-11,16,Bengaluru,Koramangala,8,8,6.6,96
2026-07-11,17,Bengaluru,Koramangala,7,7,5.85,84
2026-07-11,18,Bengaluru,Koramangala,9,9,6.52,108
2026-07-11,19,Bengaluru,Koramangala,9,9,6.69,108
2026-07-11,20,Bengaluru,Koramangala,7,7,5.68,84
2026-07-11,7,Hyderabad,Banjara Hills,8,8,6.18,96
2026-07-11,8,Hyderabad,Banjara Hills,8,8,6.37,96
2026-07-11,9,Hyderabad,Banjara Hills,9,9,6.49,108
2026-07-11,10,Hyderabad,Banjara Hills,6,6,6.25,72
2026-07-11,11,Hyderabad,Banjara Hills,6,6,6.98,72
2026-07-11,12,Hyderabad,Banjara Hills,6,6,5.85,72
2026-07-11,13,Hyderabad,Banjara Hills,9,9,6.62,108
2026-07-11,14,Hyderabad,Banjara Hills,7,7,6.53,84
2026-07-11,15,Hyderabad,Banjara Hills,7,7,6.4,84
2026-07-11,16,Hyderabad,Banjara Hills,8,8,5.67,96
2026-07-11,17,Hyderabad,Banjara Hills,8,8,5.72,96
2026-07-11,18,Hyderabad,Banjara Hills,7,7,6.5,84
2026-07-11,19,Hyderabad,Banjara Hills,7,7,6.37,84
2026-07-11,20,Hyderabad,Banjara Hills,7,7,6.43,84
2026-07-11,7,Hyderabad,Gachibowli,6,6,6.05,72
2026-07-11,8,Hyderabad,Gachibowli,6,6,6.22,72
2026-07-11,9,Hyderabad,Gachibowli,7,7,6.13,84
2026-07-11,10,Hyderabad,Gachibowli,6,6,6.31,72
2026-07-11,11,Hyderabad,Gachibowli,6,6,6.71,72
2026-07-11,12,Hyderabad,Gachibowli,6,6,6.33,72
2026-07-11,13,Hyderabad,Gachibowli,6,6,6.3,72
2026-07-11,14,Hyderabad,Gachibowli,6,6,6.2,72
2026-07-11,15,Hyderabad,Gachibowli,7,7,6.28,84
2026-07-11,16,Hyderabad,Gachibowli,9,9,5.75,108
2026-07-11,17,Hyderabad,Gachibowli,6,6,7.01,72
2026-07-11,18,Hyderabad,Gachibowli,6,6,6.78,72
2026-07-11,19,Hyderabad,Gachibowli,9,9,6.19,108
2026-07-11,20,Hyderabad,Gachibowli,8,8,6.29,96
2026-07-12,7,Ahmedabad,Satellite,9,9,6.45,108
2026-07-12,8,Ahmedabad,Satellite,9,9,6.16,108
2026-07-12,9,Ahmedabad,Satellite,7,7,6.68,84
2026-07-12,10,Ahmedabad,Satellite,9,9,5.85,108
2026-07-12,11,Ahmedabad,Satellite,9,9,6.24,108
2026-07-12,12,Ahmedabad,Satellite,7,7,5.85,84
2026-07-12,13,Ahmedabad,Satellite,9,9,6.34,108
2026-07-12,14,Ahmedabad,Satellite,8,8,6.65,96
2026-07-12,15,Ahmedabad,Satellite,9,9,5.8,108
2026-07-12,16,Ahmedabad,Satellite,9,9,6.12,108
2026-07-12,17,Ahmedabad,Satellite,9,9,6.38,108
2026-07-12,18,Ahmedabad,Satellite,9,9,5.63,108
2026-07-12,19,Ahmedabad,Satellite,7,7,5.94,84
2026-07-12,20,Ahmedabad,Satellite,7,7,6.04,84
2026-07-12,7,Ahmedabad,Navrangpura,8,8,5.43,96
2026-07-12,8,Ahmedabad,Navrangpura,9,9,6.43,108
2026-07-12,9,Ahmedabad,Navrangpura,9,9,5.97,108
2026-07-12,10,Ahmedabad,Navrangpura,7,7,6.12,84
2026-07-12,11,Ahmedabad,Navrangpura,6,6,7.09,72
2026-07-12,12,Ahmedabad,Navrangpura,9,9,6.73,108
2026-07-12,13,Ahmedabad,Navrangpura,7,7,6.02,84
2026-07-12,14,Ahmedabad,Navrangpura,9,9,5.67,108
2026-07-12,15,Ahmedabad,Navrangpura,6,6,6.62,72
2026-07-12,16,Ahmedabad,Navrangpura,6,6,5.56,72
2026-07-12,17,Ahmedabad,Navrangpura,7,7,5.97,84
2026-07-12,18,Ahmedabad,Navrangpura,6,6,6.44,72
2026-07-12,19,Ahmedabad,Navrangpura,6,6,5.99,72
2026-07-12,20,Ahmedabad,Navrangpura,7,7,6.37,84
2026-07-12,7,Jaipur,C-Scheme,8,8,6.13,96
2026-07-12,8,Jaipur,C-Scheme,8,8,5.79,96
2026-07-12,9,Jaipur,C-Scheme,8,8,5.98,96
2026-07-12,10,Jaipur,C-Scheme,7,7,6.58,84
2026-07-12,11,Jaipur,C-Scheme,7,7,6.21,84
2026-07-12,12,Jaipur,C-Scheme,9,9,7.01,108
2026-07-12,13,Jaipur,C-Scheme,7,7,6.15,84
2026-07-12,14,Jaipur,C-Scheme,6,6,6.07,72
2026-07-12,15,Jaipur,C-Scheme,8,8,6.27,96
2026-07-12,16,Jaipur,C-Scheme,8,8,6.42,96
2026-07-12,17,Jaipur,C-Scheme,6,6,5.75,72
2026-07-12,18,Jaipur,C-Scheme,7,7,6.09,84
2026-07-12,19,Jaipur,C-Scheme,9,9,6.32,108
2026-07-12,20,Jaipur,C-Scheme,7,7,6.37,84
2026-07-12,7,Jaipur,Malviya Nagar,8,8,6.52,96
2026-07-12,8,Jaipur,Malviya Nagar,9,9,6.07,108
2026-07-12,9,Jaipur,Malviya Nagar,8,8,5.9,96
2026-07-12,10,Jaipur,Malviya Nagar,7,7,6.41,84
2026-07-12,11,Jaipur,Malviya Nagar,9,9,5.82,108
2026-07-12,12,Jaipur,Malviya Nagar,6,6,6.24,72
2026-07-12,13,Jaipur,Malviya Nagar,7,7,6.41,84
2026-07-12,14,Jaipur,Malviya Nagar,9,9,6.43,108
2026-07-12,15,Jaipur,Malviya Nagar,6,6,6.61,72
2026-07-12,16,Jaipur,Malviya Nagar,8,8,6.51,96
2026-07-12,17,Jaipur,Malviya Nagar,7,7,5.84,84
2026-07-12,18,Jaipur,Malviya Nagar,7,7,6.04,84
2026-07-12,19,Jaipur,Malviya Nagar,6,6,6.38,72
2026-07-12,20,Jaipur,Malviya Nagar,9,9,6.77,108
2026-07-12,7,Delhi,Connaught Place,6,6,5.86,72
2026-07-12,8,Delhi,Connaught Place,9,9,6.61,108
2026-07-12,9,Delhi,Connaught Place,6,6,5.34,72
2026-07-12,10,Delhi,Connaught Place,7,7,6.17,84
2026-07-12,11,Delhi,Connaught Place,7,7,6.78,84
2026-07-12,12,Delhi,Connaught Place,8,8,5.95,96
2026-07-12,13,Delhi,Connaught Place,9,9,6.26,108
2026-07-12,14,Delhi,Connaught Place,7,7,5.72,84
2026-07-12,15,Delhi,Connaught Place,8,8,6.91,96
2026-07-12,16,Delhi,Connaught Place,7,7,6.23,84
2026-07-12,17,Delhi,Connaught Place,7,7,6.64,84
2026-07-12,18,Delhi,Connaught Place,9,9,6.12,108
2026-07-12,19,Delhi,Connaught Place,8,8,5.84,96
2026-07-12,20,Delhi,Connaught Place,9,9,6.88,108
2026-07-12,7,Delhi,Saket,7,7,5.61,84
2026-07-12,8,Delhi,Saket,7,7,6.63,84
2026-07-12,9,Delhi,Saket,7,7,5.97,84
2026-07-12,10,Delhi,Saket,9,9,6.33,108
2026-07-12,11,Delhi,Saket,8,8,6.63,96
2026-07-12,12,Delhi,Saket,8,8,6.11,96
2026-07-12,13,Delhi,Saket,8,8,6.67,96
2026-07-12,14,Delhi,Saket,9,9,6.87,108
2026-07-12,15,Delhi,Saket,7,7,6.21,84
2026-07-12,16,Delhi,Saket,6,6,5.97,72
2026-07-12,17,Delhi,Saket,9,9,6.71,108
2026-07-12,18,Delhi,Saket,9,9,5.52,108
2026-07-12,19,Delhi,Saket,9,9,5.81,108
2026-07-12,20,Delhi,Saket,7,7,6.36,84
2026-07-12,10,Mumbai,Bandra,6,6,6.47,72
2026-07-12,12,Mumbai,Bandra,9,9,6.14,108
2026-07-12,19,Mumbai,Bandra,4,7,8.57,48
2026-07-12,7,Mumbai,Andheri,7,7,5.57,84
2026-07-12,8,Mumbai,Andheri,8,8,6.69,96
2026-07-12,9,Mumbai,Andheri,8,8,5.58,96
2026-07-12,10,Mumbai,Andheri,6,6,6.78,72
2026-07-12,11,Mumbai,Andheri,6,6,6.06,72
2026-07-12,12,Mumbai,Andheri,6,6,6.17,72
2026-07-12,13,Mumbai,Andheri,6,6,5.69,72
2026-07-12,14,Mumbai,Andheri,9,9,6.5,108
2026-07-12,15,Mumbai,Andheri,8,8,6.28,96
2026-07-12,16,Mumbai,Andheri,6,6,6.13,72
2026-07-12,17,Mumbai,Andheri,7,7,5.82,84
2026-07-12,18,Mumbai,Andheri,6,6,6.01,72
2026-07-12,19,Mumbai,Andheri,9,9,5.89,108
2026-07-12,20,Mumbai,Andheri,8,8,5.86,96
2026-07-12,7,Bengaluru,Indiranagar,8,8,6.54,96
2026-07-12,8,Bengaluru,Indiranagar,9,9,6.49,108
2026-07-12,9,Bengaluru,Indiranagar,6,6,6.02,72
2026-07-12,10,Bengaluru,Indiranagar,8,8,6.2,96
2026-07-12,11,Bengaluru,Indiranagar,7,7,6.64,84
2026-07-12,12,Bengaluru,Indiranagar,7,7,6.47,84
2026-07-12,13,Bengaluru,Indiranagar,9,9,6.62,108
2026-07-12,14,Bengaluru,Indiranagar,9,9,5.63,108
2026-07-12,15,Bengaluru,Indiranagar,7,7,5.84,84
2026-07-12,16,Bengaluru,Indiranagar,7,7,5.96,84
2026-07-12,17,Bengaluru,Indiranagar,9,9,5.71,108
2026-07-12,18,Bengaluru,Indiranagar,6,6,5.97,72
2026-07-12,19,Bengaluru,Indiranagar,8,8,6.11,96
2026-07-12,20,Bengaluru,Indiranagar,8,8,6.36,96
2026-07-12,7,Bengaluru,Koramangala,7,7,6.56,84
2026-07-12,8,Bengaluru,Koramangala,9,9,6.11,108
2026-07-12,9,Bengaluru,Koramangala,7,7,6.51,84
2026-07-12,10,Bengaluru,Koramangala,6,6,6.55,72
2026-07-12,11,Bengaluru,Koramangala,9,9,6.44,108
2026-07-12,12,Bengaluru,Koramangala,8,8,6.44,96
2026-07-12,13,Bengaluru,Koramangala,9,9,6.06,108
2026-07-12,14,Bengaluru,Koramangala,9,9,6.6,108
2026-07-12,15,Bengaluru,Koramangala,9,9,5.47,108
2026-07-12,16,Bengaluru,Koramangala,9,9,5.97,108
2026-07-12,17,Bengaluru,Koramangala,7,7,6.22,84
2026-07-12,18,Bengaluru,Koramangala,9,9,6.78,108
2026-07-12,19,Bengaluru,Koramangala,7,7,5.98,84
2026-07-12,20,Bengaluru,Koramangala,9,9,7.58,108
2026-07-12,7,Hyderabad,Banjara Hills,9,9,6.42,108
2026-07-12,8,Hyderabad,Banjara Hills,9,9,6.33,108
2026-07-12,9,Hyderabad,Banjara Hills,6,6,6.52,72
2026-07-12,10,Hyderabad,Banjara Hills,9,9,6.36,108
2026-07-12,11,Hyderabad,Banjara Hills,7,7,6.31,84
2026-07-12,12,Hyderabad,Banjara Hills,9,9,6.52,108
2026-07-12,13,Hyderabad,Banjara Hills,9,9,6.38,108
2026-07-12,14,Hyderabad,Banjara Hills,8,8,6.07,96
2026-07-12,15,Hyderabad,Banjara Hills,8,8,6.44,96
2026-07-12,16,Hyderabad,Banjara Hills,8,8,6.6,96
2026-07-12,17,Hyderabad,Banjara Hills,7,7,6.38,84
2026-07-12,18,Hyderabad,Banjara Hills,6,6,6.37,72
2026-07-12,19,Hyderabad,Banjara Hills,9,9,6.01,108
2026-07-12,20,Hyderabad,Banjara Hills,6,6,6.01,72
2026-07-12,7,Hyderabad,Gachibowli,7,7,5.87,84
2026-07-12,8,Hyderabad,Gachibowli,7,7,6.32,84
2026-07-12,9,Hyderabad,Gachibowli,7,7,6.35,84
2026-07-12,10,Hyderabad,Gachibowli,6,6,5.83,72
2026-07-12,11,Hyderabad,Gachibowli,7,7,6.15,84
2026-07-12,12,Hyderabad,Gachibowli,8,8,5.73,96
2026-07-12,13,Hyderabad,Gachibowli,6,6,6.84,72
2026-07-12,14,Hyderabad,Gachibowli,9,9,6.07,108
2026-07-12,15,Hyderabad,Gachibowli,7,7,6.13,84
2026-07-12,16,Hyderabad,Gachibowli,7,7,6.05,84
2026-07-12,17,Hyderabad,Gachibowli,8,8,6.03,96
2026-07-12,18,Hyderabad,Gachibowli,8,8,5.98,96
2026-07-12,19,Hyderabad,Gachibowli,6,6,6.33,72
2026-07-12,20,Hyderabad,Gachibowli,7,7,6.73,84
2026-07-13,7,Ahmedabad,Satellite,6,6,6.9,72
2026-07-13,8,Ahmedabad,Satellite,9,9,6.03,108
2026-07-13,9,Ahmedabad,Satellite,6,6,5.86,72
2026-07-13,10,Ahmedabad,Satellite,7,7,6.58,84
2026-07-13,11,Ahmedabad,Satellite,9,9,6.5,108
2026-07-13,12,Ahmedabad,Satellite,9,9,6.96,108
2026-07-13,13,Ahmedabad,Satellite,7,7,6.25,84
2026-07-13,14,Ahmedabad,Satellite,7,7,5.93,84
2026-07-13,15,Ahmedabad,Satellite,8,8,6.41,96
2026-07-13,16,Ahmedabad,Satellite,8,8,6.31,96
2026-07-13,17,Ahmedabad,Satellite,9,9,6.1,108
2026-07-13,18,Ahmedabad,Satellite,6,6,6.44,72
2026-07-13,19,Ahmedabad,Satellite,7,7,5.84,84
2026-07-13,20,Ahmedabad,Satellite,6,6,5.54,72
2026-07-13,7,Ahmedabad,Navrangpura,6,6,5.75,72
2026-07-13,8,Ahmedabad,Navrangpura,7,7,5.97,84
2026-07-13,9,Ahmedabad,Navrangpura,6,6,6.24,72
2026-07-13,10,Ahmedabad,Navrangpura,8,8,6.03,96
2026-07-13,11,Ahmedabad,Navrangpura,8,8,5.8,96
2026-07-13,12,Ahmedabad,Navrangpura,8,8,6.78,96
2026-07-13,13,Ahmedabad,Navrangpura,7,7,6.04,84
2026-07-13,14,Ahmedabad,Navrangpura,7,7,6.54,84
2026-07-13,15,Ahmedabad,Navrangpura,7,7,5.98,84
2026-07-13,16,Ahmedabad,Navrangpura,7,7,7.02,84
2026-07-13,17,Ahmedabad,Navrangpura,8,8,6.2,96
2026-07-13,18,Ahmedabad,Navrangpura,8,8,6.38,96
2026-07-13,19,Ahmedabad,Navrangpura,8,8,6.14,96
2026-07-13,20,Ahmedabad,Navrangpura,7,7,7.36,84
2026-07-13,7,Jaipur,C-Scheme,6,6,5.35,72
2026-07-13,8,Jaipur,C-Scheme,9,9,5.72,108
2026-07-13,9,Jaipur,C-Scheme,7,7,5.84,84
2026-07-13,10,Jaipur,C-Scheme,8,8,6.52,96
2026-07-13,11,Jaipur,C-Scheme,8,8,5.82,96
2026-07-13,12,Jaipur,C-Scheme,9,9,5.91,108
2026-07-13,13,Jaipur,C-Scheme,6,6,5.49,72
2026-07-13,14,Jaipur,C-Scheme,9,9,6.72,108
2026-07-13,15,Jaipur,C-Scheme,6,6,6.17,72
2026-07-13,16,Jaipur,C-Scheme,7,7,5.74,84
2026-07-13,17,Jaipur,C-Scheme,8,8,6.11,96
2026-07-13,18,Jaipur,C-Scheme,7,7,5.69,84
2026-07-13,19,Jaipur,C-Scheme,8,8,5.95,96
2026-07-13,20,Jaipur,C-Scheme,8,8,5.71,96
2026-07-13,7,Jaipur,Malviya Nagar,7,7,6.27,84
2026-07-13,8,Jaipur,Malviya Nagar,8,8,6.89,96
2026-07-13,9,Jaipur,Malviya Nagar,6,6,6.15,72
2026-07-13,10,Jaipur,Malviya Nagar,6,6,6.43,72
2026-07-13,11,Jaipur,Malviya Nagar,6,6,6.39,72
2026-07-13,12,Jaipur,Malviya Nagar,8,8,6.41,96
2026-07-13,13,Jaipur,Malviya Nagar,8,8,6.13,96
2026-07-13,14,Jaipur,Malviya Nagar,7,7,6.63,84
2026-07-13,15,Jaipur,Malviya Nagar,6,6,6.62,72
2026-07-13,16,Jaipur,Malviya Nagar,7,7,6.86,84
2026-07-13,17,Jaipur,Malviya Nagar,9,9,7.26,108
2026-07-13,18,Jaipur,Malviya Nagar,7,7,6.01,84
2026-07-13,19,Jaipur,Malviya Nagar,6,6,6.52,72
2026-07-13,20,Jaipur,Malviya Nagar,7,7,6.48,84
2026-07-13,7,Delhi,Connaught Place,9,9,6.63,108
2026-07-13,8,Delhi,Connaught Place,6,6,6.4,72
2026-07-13,9,Delhi,Connaught Place,7,7,6.28,84
2026-07-13,10,Delhi,Connaught Place,6,6,5.96,72
2026-07-13,11,Delhi,Connaught Place,8,8,6.49,96
2026-07-13,12,Delhi,Connaught Place,7,7,6.49,84
2026-07-13,13,Delhi,Connaught Place,8,8,5.96,96
2026-07-13,14,Delhi,Connaught Place,7,7,6.74,84
2026-07-13,15,Delhi,Connaught Place,7,7,6.31,84
2026-07-13,16,Delhi,Connaught Place,7,7,7.02,84
2026-07-13,17,Delhi,Connaught Place,7,7,7.19,84
2026-07-13,18,Delhi,Connaught Place,7,7,6.49,84
2026-07-13,19,Delhi,Connaught Place,8,8,6.64,96
2026-07-13,20,Delhi,Connaught Place,7,7,6.13,84
2026-07-13,7,Delhi,Saket,6,6,6.83,72
2026-07-13,8,Delhi,Saket,6,6,6.63,72
2026-07-13,9,Delhi,Saket,8,8,6.38,96
2026-07-13,10,Delhi,Saket,9,9,6.6,108
2026-07-13,11,Delhi,Saket,8,8,6.6,96
2026-07-13,12,Delhi,Saket,7,7,6.44,84
2026-07-13,13,Delhi,Saket,8,8,6.03,96
2026-07-13,14,Delhi,Saket,8,8,6.48,96
2026-07-13,15,Delhi,Saket,8,8,6.58,96
2026-07-13,16,Delhi,Saket,7,7,6.03,84
2026-07-13,17,Delhi,Saket,7,7,5.83,84
2026-07-13,18,Delhi,Saket,6,6,5.74,72
2026-07-13,19,Delhi,Saket,6,6,6.84,72
2026-07-13,20,Delhi,Saket,9,9,6.34,108
2026-07-13,7,Mumbai,Bandra,7,7,6.23,84
2026-07-13,11,Mumbai,Bandra,7,7,5.83,84
2026-07-13,13,Mumbai,Bandra,6,6,6.1,72
2026-07-13,14,Mumbai,Bandra,9,9,6.46,108
2026-07-13,20,Mumbai,Bandra,6,9,8.76,72
2026-07-13,7,Mumbai,Andheri,9,9,6.26,108
2026-07-13,8,Mumbai,Andheri,9,9,6.53,108
2026-07-13,9,Mumbai,Andheri,7,7,6.39,84
2026-07-13,10,Mumbai,Andheri,9,9,6.2,108
2026-07-13,11,Mumbai,Andheri,6,6,6.7,72
2026-07-13,12,Mumbai,Andheri,8,8,5.52,96
2026-07-13,13,Mumbai,Andheri,8,8,6.11,96
2026-07-13,14,Mumbai,Andheri,6,6,5.54,72
2026-07-13,15,Mumbai,Andheri,9,9,6.29,108
2026-07-13,16,Mumbai,Andheri,6,6,6.34,72
2026-07-13,17,Mumbai,Andheri,7,7,6.62,84
2026-07-13,18,Mumbai,Andheri,6,6,5.68,72
2026-07-13,19,Mumbai,Andheri,7,7,6.59,84
2026-07-13,20,Mumbai,Andheri,8,8,6.39,96
2026-07-13,7,Bengaluru,Indiranagar,8,8,5.53,96
2026-07-13,8,Bengaluru,Indiranagar,7,7,5.9,84
2026-07-13,9,Bengaluru,Indiranagar,8,8,6.19,96
2026-07-13,10,Bengaluru,Indiranagar,7,7,7.19,84
2026-07-13,11,Bengaluru,Indiranagar,7,7,6.93,84
2026-07-13,12,Bengaluru,Indiranagar,7,7,6.06,84
2026-07-13,13,Bengaluru,Indiranagar,9,9,6.18,108
2026-07-13,14,Bengaluru,Indiranagar,8,8,6.35,96
2026-07-13,15,Bengaluru,Indiranagar,6,6,6.05,72
2026-07-13,16,Bengaluru,Indiranagar,7,7,6.62,84
2026-07-13,17,Bengaluru,Indiranagar,7,7,6.37,84
2026-07-13,18,Bengaluru,Indiranagar,8,8,5.24,96
2026-07-13,19,Bengaluru,Indiranagar,7,7,6.81,84
2026-07-13,20,Bengaluru,Indiranagar,6,6,6.58,72
2026-07-13,7,Bengaluru,Koramangala,9,9,6.32,108
2026-07-13,8,Bengaluru,Koramangala,8,8,6.97,96
2026-07-13,9,Bengaluru,Koramangala,6,6,6.04,72
2026-07-13,10,Bengaluru,Koramangala,6,6,6.64,72
2026-07-13,11,Bengaluru,Koramangala,8,8,6.55,96
2026-07-13,12,Bengaluru,Koramangala,7,7,6.14,84
2026-07-13,13,Bengaluru,Koramangala,8,8,6.86,96
2026-07-13,14,Bengaluru,Koramangala,7,7,6.49,84
2026-07-13,15,Bengaluru,Koramangala,9,9,6.05,108
2026-07-13,16,Bengaluru,Koramangala,7,7,6.03,84
2026-07-13,17,Bengaluru,Koramangala,9,9,5.46,108
2026-07-13,18,Bengaluru,Koramangala,9,9,7.06,108
2026-07-13,19,Bengaluru,Koramangala,8,8,5.98,96
2026-07-13,20,Bengaluru,Koramangala,7,7,5.52,84
2026-07-13,7,Hyderabad,Banjara Hills,7,7,6.26,84
2026-07-13,8,Hyderabad,Banjara Hills,6,6,6.16,72
2026-07-13,9,Hyderabad,Banjara Hills,7,7,6.54,84
2026-07-13,10,Hyderabad,Banjara Hills,9,9,6.11,108
2026-07-13,11,Hyderabad,Banjara Hills,7,7,5.78,84
2026-07-13,12,Hyderabad,Banjara Hills,7,7,5.76,84
2026-07-13,13,Hyderabad,Banjara Hills,7,7,6.67,84
2026-07-13,14,Hyderabad,Banjara Hills,8,8,6.89,96
2026-07-13,15,Hyderabad,Banjara Hills,6,6,6.55,72
2026-07-13,16,Hyderabad,Banjara Hills,6,6,6.05,72
2026-07-13,17,Hyderabad,Banjara Hills,9,9,6.85,108
2026-07-13,18,Hyderabad,Banjara Hills,6,6,6.98,72
2026-07-13,19,Hyderabad,Banjara Hills,8,8,6.45,96
2026-07-13,20,Hyderabad,Banjara Hills,8,8,6.14,96
2026-07-13,7,Hyderabad,Gachibowli,6,6,5.98,72
2026-07-13,8,Hyderabad,Gachibowli,9,9,6.55,108
2026-07-13,9,Hyderabad,Gachibowli,6,6,6.16,72
2026-07-13,10,Hyderabad,Gachibowli,7,7,6.01,84
2026-07-13,11,Hyderabad,Gachibowli,7,7,6.4,84
2026-07-13,12,Hyderabad,Gachibowli,6,6,6.79,72
2026-07-13,13,Hyderabad,Gachibowli,9,9,6.85,108
2026-07-13,14,Hyderabad,Gachibowli,6,6,6.47,72
2026-07-13,15,Hyderabad,Gachibowli,8,8,6.81,96
2026-07-13,16,Hyderabad,Gachibowli,6,6,5.86,72
2026-07-13,17,Hyderabad,Gachibowli,8,8,6.98,96
2026-07-13,18,Hyderabad,Gachibowli,8,8,5.87,96
2026-07-13,19,Hyderabad,Gachibowli,8,8,6.55,96
2026-07-13,20,Hyderabad,Gachibowli,9,9,6.33,108
2026-07-14,7,Ahmedabad,Satellite,6,6,6.91,72
2026-07-14,8,Ahmedabad,Satellite,8,8,6.49,96
2026-07-14,9,Ahmedabad,Satellite,8,8,5.93,96
2026-07-14,10,Ahmedabad,Satellite,8,8,6.24,96
2026-07-14,11,Ahmedabad,Satellite,9,9,6.49,108
2026-07-14,12,Ahmedabad,Satellite,9,9,7.08,108
2026-07-14,13,Ahmedabad,Satellite,8,8,6.29,96
2026-07-14,14,Ahmedabad,Satellite,6,6,6.35,72
2026-07-14,15,Ahmedabad,Satellite,7,7,6.81,84
2026-07-14,16,Ahmedabad,Satellite,6,6,7.04,72
2026-07-14,17,Ahmedabad,Satellite,9,9,6.75,108
2026-07-14,18,Ahmedabad,Satellite,7,7,6.56,84
2026-07-14,19,Ahmedabad,Satellite,6,6,5.62,72
2026-07-14,20,Ahmedabad,Satellite,9,9,6.71,108
2026-07-14,7,Ahmedabad,Navrangpura,7,7,6.46,84
2026-07-14,8,Ahmedabad,Navrangpura,9,9,5.91,108
2026-07-14,9,Ahmedabad,Navrangpura,6,6,6.36,72
2026-07-14,10,Ahmedabad,Navrangpura,7,7,5.84,84
2026-07-14,11,Ahmedabad,Navrangpura,6,6,6.57,72
2026-07-14,12,Ahmedabad,Navrangpura,9,9,6.58,108
2026-07-14,13,Ahmedabad,Navrangpura,7,7,6.49,84
2026-07-14,14,Ahmedabad,Navrangpura,6,6,6.57,72
2026-07-14,15,Ahmedabad,Navrangpura,8,8,6.02,96
2026-07-14,16,Ahmedabad,Navrangpura,6,6,6.68,72
2026-07-14,17,Ahmedabad,Navrangpura,7,7,6.53,84
2026-07-14,18,Ahmedabad,Navrangpura,9,9,5.97,108
2026-07-14,19,Ahmedabad,Navrangpura,7,7,6.33,84
2026-07-14,20,Ahmedabad,Navrangpura,7,7,6.67,84
2026-07-14,7,Jaipur,C-Scheme,8,8,6.53,96
2026-07-14,8,Jaipur,C-Scheme,6,6,6.12,72
2026-07-14,9,Jaipur,C-Scheme,9,9,6.29,108
2026-07-14,10,Jaipur,C-Scheme,6,6,6.3,72
2026-07-14,11,Jaipur,C-Scheme,6,6,6.11,72
2026-07-14,12,Jaipur,C-Scheme,7,7,6.14,84
2026-07-14,13,Jaipur,C-Scheme,6,6,6.92,72
2026-07-14,14,Jaipur,C-Scheme,6,6,5.95,72
2026-07-14,15,Jaipur,C-Scheme,8,8,5.86,96
2026-07-14,16,Jaipur,C-Scheme,9,9,5.85,108
2026-07-14,17,Jaipur,C-Scheme,7,7,6.17,84
2026-07-14,18,Jaipur,C-Scheme,7,7,6.27,84
2026-07-14,19,Jaipur,C-Scheme,7,7,6.34,84
2026-07-14,20,Jaipur,C-Scheme,8,8,6.55,96
2026-07-14,7,Jaipur,Malviya Nagar,6,6,6.45,72
2026-07-14,8,Jaipur,Malviya Nagar,6,6,6.33,72
2026-07-14,9,Jaipur,Malviya Nagar,7,7,6.49,84
2026-07-14,10,Jaipur,Malviya Nagar,7,7,6.34,84
2026-07-14,11,Jaipur,Malviya Nagar,7,7,6.13,84
2026-07-14,12,Jaipur,Malviya Nagar,8,8,6.14,96
2026-07-14,13,Jaipur,Malviya Nagar,9,9,7.0,108
2026-07-14,14,Jaipur,Malviya Nagar,8,8,7.14,96
2026-07-14,15,Jaipur,Malviya Nagar,8,8,6.5,96
2026-07-14,16,Jaipur,Malviya Nagar,7,7,6.68,84
2026-07-14,17,Jaipur,Malviya Nagar,7,7,6.67,84
2026-07-14,18,Jaipur,Malviya Nagar,9,9,6.96,108
2026-07-14,19,Jaipur,Malviya Nagar,6,6,6.35,72
2026-07-14,20,Jaipur,Malviya Nagar,9,9,7.08,108
2026-07-14,7,Delhi,Connaught Place,9,9,6.25,108
2026-07-14,8,Delhi,Connaught Place,8,8,6.12,96
2026-07-14,9,Delhi,Connaught Place,6,6,6.78,72
2026-07-14,10,Delhi,Connaught Place,8,8,6.36,96
2026-07-14,11,Delhi,Connaught Place,7,7,5.61,84
2026-07-14,12,Delhi,Connaught Place,6,6,6.87,72
2026-07-14,13,Delhi,Connaught Place,8,8,6.24,96
2026-07-14,14,Delhi,Connaught Place,7,7,6.69,84
2026-07-14,15,Delhi,Connaught Place,8,8,6.7,96
2026-07-14,16,Delhi,Connaught Place,9,9,6.54,108
2026-07-14,17,Delhi,Connaught Place,6,6,6.42,72
2026-07-14,18,Delhi,Connaught Place,9,9,5.85,108
2026-07-14,19,Delhi,Connaught Place,8,8,6.73,96
2026-07-14,20,Delhi,Connaught Place,7,7,5.94,84
2026-07-14,7,Delhi,Saket,8,8,5.95,96
2026-07-14,8,Delhi,Saket,9,9,6.36,108
2026-07-14,9,Delhi,Saket,9,9,6.52,108
2026-07-14,10,Delhi,Saket,6,6,5.43,72
2026-07-14,11,Delhi,Saket,6,6,6.12,72
2026-07-14,12,Delhi,Saket,7,7,6.5,84
2026-07-14,13,Delhi,Saket,8,8,5.96,96
2026-07-14,14,Delhi,Saket,9,9,6.27,108
2026-07-14,15,Delhi,Saket,9,9,6.42,108
2026-07-14,16,Delhi,Saket,9,9,5.95,108
2026-07-14,17,Delhi,Saket,8,8,6.59,96
2026-07-14,18,Delhi,Saket,6,6,6.74,72
2026-07-14,19,Delhi,Saket,7,7,6.04,84
2026-07-14,20,Delhi,Saket,9,9,6.0,108
2026-07-14,7,Mumbai,Bandra,7,7,6.66,84
2026-07-14,8,Mumbai,Bandra,6,6,5.97,72
2026-07-14,11,Mumbai,Bandra,9,9,6.52,108
2026-07-14,12,Mumbai,Bandra,6,6,5.71,72
2026-07-14,15,Mumbai,Bandra,7,7,6.24,84
2026-07-14,19,Mumbai,Bandra,4,7,7.77,48
2026-07-14,7,Mumbai,Andheri,8,8,5.89,96
2026-07-14,8,Mumbai,Andheri,8,8,5.56,96
2026-07-14,9,Mumbai,Andheri,7,7,6.05,84
2026-07-14,10,Mumbai,Andheri,7,7,6.29,84
2026-07-14,11,Mumbai,Andheri,9,9,6.33,108
2026-07-14,12,Mumbai,Andheri,6,6,6.9,72
2026-07-14,13,Mumbai,Andheri,9,9,6.7,108
2026-07-14,14,Mumbai,Andheri,6,6,6.08,72
2026-07-14,15,Mumbai,Andheri,6,6,5.93,72
2026-07-14,16,Mumbai,Andheri,9,9,5.97,108
2026-07-14,17,Mumbai,Andheri,9,9,5.77,108
2026-07-14,18,Mumbai,Andheri,6,6,6.36,72
2026-07-14,19,Mumbai,Andheri,7,7,6.39,84
2026-07-14,20,Mumbai,Andheri,7,7,5.77,84
2026-07-14,7,Bengaluru,Indiranagar,7,7,6.98,84
2026-07-14,8,Bengaluru,Indiranagar,7,7,6.89,84
2026-07-14,9,Bengaluru,Indiranagar,9,9,6.32,108
2026-07-14,10,Bengaluru,Indiranagar,9,9,6.16,108
2026-07-14,11,Bengaluru,Indiranagar,6,6,6.2,72
2026-07-14,12,Bengaluru,Indiranagar,6,6,5.6,72
2026-07-14,13,Bengaluru,Indiranagar,9,9,6.21,108
2026-07-14,14,Bengaluru,Indiranagar,7,7,5.71,84
2026-07-14,15,Bengaluru,Indiranagar,6,6,6.22,72
2026-07-14,16,Bengaluru,Indiranagar,9,9,6.3,108
2026-07-14,17,Bengaluru,Indiranagar,8,8,6.85,96
2026-07-14,18,Bengaluru,Indiranagar,9,9,5.78,108
2026-07-14,19,Bengaluru,Indiranagar,8,8,5.95,96
2026-07-14,20,Bengaluru,Indiranagar,6,6,6.8,72
2026-07-14,7,Bengaluru,Koramangala,9,9,6.16,108
2026-07-14,8,Bengaluru,Koramangala,6,6,6.72,72
2026-07-14,9,Bengaluru,Koramangala,9,9,6.89,108
2026-07-14,10,Bengaluru,Koramangala,7,7,5.64,84
2026-07-14,11,Bengaluru,Koramangala,8,8,6.41,96
2026-07-14,12,Bengaluru,Koramangala,7,7,6.28,84
2026-07-14,13,Bengaluru,Koramangala,7,7,6.81,84
2026-07-14,14,Bengaluru,Koramangala,7,7,6.72,84
2026-07-14,15,Bengaluru,Koramangala,6,6,6.38,72
2026-07-14,16,Bengaluru,Koramangala,9,9,7.21,108
2026-07-14,17,Bengaluru,Koramangala,6,6,5.65,72
2026-07-14,18,Bengaluru,Koramangala,6,6,6.19,72
2026-07-14,19,Bengaluru,Koramangala,6,6,6.82,72
2026-07-14,20,Bengaluru,Koramangala,6,6,6.1,72
2026-07-14,7,Hyderabad,Banjara Hills,8,8,5.71,96
2026-07-14,8,Hyderabad,Banjara Hills,8,8,6.73,96
2026-07-14,9,Hyderabad,Banjara Hills,8,8,6.19,96
2026-07-14,10,Hyderabad,Banjara Hills,7,7,7.15,84
2026-07-14,11,Hyderabad,Banjara Hills,7,7,5.88,84
2026-07-14,12,Hyderabad,Banjara Hills,6,6,6.26,72
2026-07-14,13,Hyderabad,Banjara Hills,7,7,7.09,84
2026-07-14,14,Hyderabad,Banjara Hills,7,7,6.67,84
2026-07-14,15,Hyderabad,Banjara Hills,7,7,6.83,84
2026-07-14,16,Hyderabad,Banjara Hills,6,6,6.05,72
2026-07-14,17,Hyderabad,Banjara Hills,9,9,6.01,108
2026-07-14,18,Hyderabad,Banjara Hills,9,9,6.5,108
2026-07-14,19,Hyderabad,Banjara Hills,7,7,6.15,84
2026-07-14,20,Hyderabad,Banjara Hills,6,6,6.55,72
2026-07-14,7,Hyderabad,Gachibowli,9,9,7.25,108
2026-07-14,8,Hyderabad,Gachibowli,6,6,5.89,72
2026-07-14,9,Hyderabad,Gachibowli,9,9,6.55,108
2026-07-14,10,Hyderabad,Gachibowli,7,7,6.82,84
2026-07-14,11,Hyderabad,Gachibowli,7,7,5.87,84
2026-07-14,12,Hyderabad,Gachibowli,8,8,5.93,96
2026-07-14,13,Hyderabad,Gachibowli,8,8,6.42,96
2026-07-14,14,Hyderabad,Gachibowli,7,7,6.27,84
2026-07-14,15,Hyderabad,Gachibowli,8,8,6.45,96
2026-07-14,16,Hyderabad,Gachibowli,8,8,6.63,96
2026-07-14,17,Hyderabad,Gachibowli,9,9,6.0,108
2026-07-14,18,Hyderabad,Gachibowli,9,9,6.36,108
2026-07-14,19,Hyderabad,Gachibowli,7,7,6.4,84
2026-07-14,20,Hyderabad,Gachibowli,8,8,6.02,96
2026-07-15,7,Ahmedabad,Satellite,8,8,5.83,96
2026-07-15,8,Ahmedabad,Satellite,6,6,6.12,72
2026-07-15,9,Ahmedabad,Satellite,6,6,5.85,72
2026-07-15,10,Ahmedabad,Satellite,6,6,6.72,72
2026-07-15,11,Ahmedabad,Satellite,8,8,5.67,96
2026-07-15,12,Ahmedabad,Satellite,9,9,5.7,108
2026-07-15,13,Ahmedabad,Satellite,8,8,6.59,96
2026-07-15,14,Ahmedabad,Satellite,9,9,6.82,108
2026-07-15,15,Ahmedabad,Satellite,7,7,6.65,84
2026-07-15,16,Ahmedabad,Satellite,9,9,5.97,108
2026-07-15,17,Ahmedabad,Satellite,8,8,6.62,96
2026-07-15,18,Ahmedabad,Satellite,7,7,6.87,84
2026-07-15,19,Ahmedabad,Satellite,9,9,6.82,108
2026-07-15,20,Ahmedabad,Satellite,7,7,5.53,84
2026-07-15,7,Ahmedabad,Navrangpura,7,7,6.26,84
2026-07-15,8,Ahmedabad,Navrangpura,6,6,6.22,72
2026-07-15,9,Ahmedabad,Navrangpura,7,7,5.96,84
2026-07-15,10,Ahmedabad,Navrangpura,6,6,6.48,72
2026-07-15,11,Ahmedabad,Navrangpura,6,6,6.67,72
2026-07-15,12,Ahmedabad,Navrangpura,9,9,6.94,108
2026-07-15,13,Ahmedabad,Navrangpura,6,6,5.97,72
2026-07-15,14,Ahmedabad,Navrangpura,8,8,5.84,96
2026-07-15,15,Ahmedabad,Navrangpura,6,6,6.93,72
2026-07-15,16,Ahmedabad,Navrangpura,7,7,6.65,84
2026-07-15,17,Ahmedabad,Navrangpura,9,9,6.63,108
2026-07-15,18,Ahmedabad,Navrangpura,8,8,6.82,96
2026-07-15,19,Ahmedabad,Navrangpura,9,9,6.31,108
2026-07-15,20,Ahmedabad,Navrangpura,9,9,5.86,108
2026-07-15,7,Jaipur,C-Scheme,8,8,6.92,96
2026-07-15,8,Jaipur,C-Scheme,9,9,6.73,108
2026-07-15,9,Jaipur,C-Scheme,6,6,5.22,72
2026-07-15,10,Jaipur,C-Scheme,8,8,6.04,96
2026-07-15,11,Jaipur,C-Scheme,8,8,6.21,96
2026-07-15,12,Jaipur,C-Scheme,9,9,6.31,108
2026-07-15,13,Jaipur,C-Scheme,9,9,6.09,108
2026-07-15,14,Jaipur,C-Scheme,7,7,6.3,84
2026-07-15,15,Jaipur,C-Scheme,8,8,6.02,96
2026-07-15,16,Jaipur,C-Scheme,8,8,7.04,96
2026-07-15,17,Jaipur,C-Scheme,6,6,5.4,72
2026-07-15,18,Jaipur,C-Scheme,9,9,7.01,108
2026-07-15,19,Jaipur,C-Scheme,8,8,6.66,96
2026-07-15,20,Jaipur,C-Scheme,8,8,6.03,96
2026-07-15,7,Jaipur,Malviya Nagar,7,7,6.28,84
2026-07-15,8,Jaipur,Malviya Nagar,7,7,6.7,84
2026-07-15,9,Jaipur,Malviya Nagar,9,9,6.04,108
2026-07-15,10,Jaipur,Malviya Nagar,7,7,6.4,84
2026-07-15,11,Jaipur,Malviya Nagar,6,6,5.53,72
2026-07-15,12,Jaipur,Malviya Nagar,6,6,6.06,72
2026-07-15,13,Jaipur,Malviya Nagar,9,9,5.57,108
2026-07-15,14,Jaipur,Malviya Nagar,6,6,6.4,72
2026-07-15,15,Jaipur,Malviya Nagar,9,9,7.03,108
2026-07-15,16,Jaipur,Malviya Nagar,7,7,5.86,84
2026-07-15,17,Jaipur,Malviya Nagar,7,7,6.57,84
2026-07-15,18,Jaipur,Malviya Nagar,8,8,6.23,96
2026-07-15,19,Jaipur,Malviya Nagar,9,9,6.29,108
2026-07-15,20,Jaipur,Malviya Nagar,8,8,6.18,96
2026-07-15,7,Delhi,Connaught Place,7,7,6.67,84
2026-07-15,8,Delhi,Connaught Place,7,7,6.46,84
2026-07-15,9,Delhi,Connaught Place,8,8,6.43,96
2026-07-15,10,Delhi,Connaught Place,8,8,6.68,96
2026-07-15,11,Delhi,Connaught Place,9,9,6.19,108
2026-07-15,12,Delhi,Connaught Place,6,6,6.63,72
2026-07-15,13,Delhi,Connaught Place,9,9,5.4,108
2026-07-15,14,Delhi,Connaught Place,6,6,7.03,72
2026-07-15,15,Delhi,Connaught Place,6,6,6.4,72
2026-07-15,16,Delhi,Connaught Place,9,9,5.81,108
2026-07-15,17,Delhi,Connaught Place,8,8,6.01,96
2026-07-15,18,Delhi,Connaught Place,9,9,6.56,108
2026-07-15,19,Delhi,Connaught Place,6,6,6.17,72
2026-07-15,20,Delhi,Connaught Place,6,6,6.0,72
2026-07-15,7,Delhi,Saket,6,6,6.65,72
2026-07-15,8,Delhi,Saket,6,6,6.11,72
2026-07-15,9,Delhi,Saket,6,6,6.2,72
2026-07-15,10,Delhi,Saket,7,7,6.16,84
2026-07-15,11,Delhi,Saket,7,7,6.56,84
2026-07-15,12,Delhi,Saket,8,8,5.94,96
2026-07-15,13,Delhi,Saket,9,9,7.3,108
2026-07-15,14,Delhi,Saket,8,8,6.37,96
2026-07-15,15,Delhi,Saket,7,7,6.27,84
2026-07-15,16,Delhi,Saket,8,8,6.49,96
2026-07-15,17,Delhi,Saket,8,8,6.98,96
2026-07-15,18,Delhi,Saket,6,6,6.69,72
2026-07-15,19,Delhi,Saket,6,6,6.31,72
2026-07-15,20,Delhi,Saket,8,8,6.08,96
2026-07-15,8,Mumbai,Bandra,9,9,6.39,108
2026-07-15,9,Mumbai,Bandra,8,8,6.11,96
2026-07-15,11,Mumbai,Bandra,8,8,5.24,96
2026-07-15,17,Mumbai,Bandra,8,8,6.46,96
2026-07-15,20,Mumbai,Bandra,6,9,7.8,72
2026-07-15,7,Mumbai,Andheri,8,8,6.6,96
2026-07-15,8,Mumbai,Andheri,8,8,6.52,96
2026-07-15,9,Mumbai,Andheri,7,7,6.58,84
2026-07-15,10,Mumbai,Andheri,8,8,6.38,96
2026-07-15,11,Mumbai,Andheri,9,9,6.21,108
2026-07-15,12,Mumbai,Andheri,8,8,6.12,96
2026-07-15,13,Mumbai,Andheri,9,9,5.58,108
2026-07-15,14,Mumbai,Andheri,7,7,5.81,84
2026-07-15,15,Mumbai,Andheri,9,9,5.4,108
2026-07-15,16,Mumbai,Andheri,9,9,5.5,108
2026-07-15,17,Mumbai,Andheri,9,9,6.25,108
2026-07-15,18,Mumbai,Andheri,7,7,6.17,84
2026-07-15,19,Mumbai,Andheri,8,8,6.92,96
2026-07-15,20,Mumbai,Andheri,9,9,5.73,108
2026-07-15,7,Bengaluru,Indiranagar,8,8,5.8,96
2026-07-15,8,Bengaluru,Indiranagar,7,7,6.82,84
2026-07-15,9,Bengaluru,Indiranagar,9,9,6.11,108
2026-07-15,10,Bengaluru,Indiranagar,9,9,6.08,108
2026-07-15,11,Bengaluru,Indiranagar,7,7,5.8,84
2026-07-15,12,Bengaluru,Indiranagar,7,7,6.45,84
2026-07-15,13,Bengaluru,Indiranagar,6,6,6.51,72
2026-07-15,14,Bengaluru,Indiranagar,8,8,6.49,96
2026-07-15,15,Bengaluru,Indiranagar,9,9,5.48,108
2026-07-15,16,Bengaluru,Indiranagar,7,7,6.2,84
2026-07-15,17,Bengaluru,Indiranagar,8,8,6.33,96
2026-07-15,18,Bengaluru,Indiranagar,8,8,6.2,96
2026-07-15,19,Bengaluru,Indiranagar,9,9,5.78,108
2026-07-15,20,Bengaluru,Indiranagar,8,8,6.77,96
2026-07-15,7,Bengaluru,Koramangala,7,7,7.24,84
2026-07-15,8,Bengaluru,Koramangala,9,9,6.31,108
2026-07-15,9,Bengaluru,Koramangala,8,8,6.32,96
2026-07-15,10,Bengaluru,Koramangala,7,7,6.44,84
2026-07-15,11,Bengaluru,Koramangala,7,7,6.74,84
2026-07-15,12,Bengaluru,Koramangala,7,7,5.59,84
2026-07-15,13,Bengaluru,Koramangala,6,6,6.5,72
2026-07-15,14,Bengaluru,Koramangala,9,9,6.31,108
2026-07-15,15,Bengaluru,Koramangala,9,9,7.0,108
2026-07-15,16,Bengaluru,Koramangala,9,9,6.66,108
2026-07-15,17,Bengaluru,Koramangala,7,7,5.82,84
2026-07-15,18,Bengaluru,Koramangala,8,8,6.6,96
2026-07-15,19,Bengaluru,Koramangala,9,9,5.49,108
2026-07-15,20,Bengaluru,Koramangala,9,9,6.73,108
2026-07-15,7,Hyderabad,Banjara Hills,6,6,5.58,72
2026-07-15,8,Hyderabad,Banjara Hills,7,7,6.49,84
2026-07-15,9,Hyderabad,Banjara Hills,7,7,6.16,84
2026-07-15,10,Hyderabad,Banjara Hills,8,8,5.88,96
2026-07-15,11,Hyderabad,Banjara Hills,6,6,6.03,72
2026-07-15,12,Hyderabad,Banjara Hills,9,9,6.76,108
2026-07-15,13,Hyderabad,Banjara Hills,6,6,6.47,72
2026-07-15,14,Hyderabad,Banjara Hills,7,7,6.46,84
2026-07-15,15,Hyderabad,Banjara Hills,7,7,6.9,84
2026-07-15,16,Hyderabad,Banjara Hills,7,7,5.97,84
2026-07-15,17,Hyderabad,Banjara Hills,6,6,5.75,72
2026-07-15,18,Hyderabad,Banjara Hills,7,7,5.75,84
2026-07-15,19,Hyderabad,Banjara Hills,9,9,6.46,108
2026-07-15,20,Hyderabad,Banjara Hills,9,9,6.97,108
2026-07-15,7,Hyderabad,Gachibowli,9,9,6.16,108
2026-07-15,8,Hyderabad,Gachibowli,6,6,6.42,72
2026-07-15,9,Hyderabad,Gachibowli,8,8,6.61,96
2026-07-15,10,Hyderabad,Gachibowli,9,9,6.23,108
2026-07-15,11,Hyderabad,Gachibowli,6,6,6.26,72
2026-07-15,12,Hyderabad,Gachibowli,6,6,6.22,72
2026-07-15,13,Hyderabad,Gachibowli,6,6,6.25,72
2026-07-15,14,Hyderabad,Gachibowli,6,6,6.14,72
2026-07-15,15,Hyderabad,Gachibowli,9,9,6.65,108
2026-07-15,16,Hyderabad,Gachibowli,7,7,6.51,84
2026-07-15,17,Hyderabad,Gachibowli,7,7,6.45,84
2026-07-15,18,Hyderabad,Gachibowli,7,7,6.13,84
2026-07-15,19,Hyderabad,Gachibowli,6,6,6.32,72
2026-07-15,20,Hyderabad,Gachibowli,9,9,6.52,108
2026-07-16,7,Ahmedabad,Satellite,7,7,5.71,84
2026-07-16,8,Ahmedabad,Satellite,9,9,6.0,108
2026-07-16,9,Ahmedabad,Satellite,8,8,6.6,96
2026-07-16,10,Ahmedabad,Satellite,8,8,5.71,96
2026-07-16,11,Ahmedabad,Satellite,9,9,6.39,108
2026-07-16,12,Ahmedabad,Satellite,9,9,6.12,108
2026-07-16,13,Ahmedabad,Satellite,9,9,6.01,108
2026-07-16,14,Ahmedabad,Satellite,7,7,6.36,84
2026-07-16,15,Ahmedabad,Satellite,9,9,6.78,108
2026-07-16,16,Ahmedabad,Satellite,9,9,5.85,108
2026-07-16,17,Ahmedabad,Satellite,8,8,5.42,96
2026-07-16,18,Ahmedabad,Satellite,7,7,6.34,84
2026-07-16,19,Ahmedabad,Satellite,8,8,6.93,96
2026-07-16,20,Ahmedabad,Satellite,9,9,5.59,108
2026-07-16,7,Ahmedabad,Navrangpura,9,9,6.36,108
2026-07-16,8,Ahmedabad,Navrangpura,6,6,5.65,72
2026-07-16,9,Ahmedabad,Navrangpura,9,9,6.55,108
2026-07-16,10,Ahmedabad,Navrangpura,9,9,5.79,108
2026-07-16,11,Ahmedabad,Navrangpura,8,8,5.82,96
2026-07-16,12,Ahmedabad,Navrangpura,9,9,6.85,108
2026-07-16,13,Ahmedabad,Navrangpura,7,7,6.04,84
2026-07-16,14,Ahmedabad,Navrangpura,7,7,5.8,84
2026-07-16,15,Ahmedabad,Navrangpura,9,9,6.84,108
2026-07-16,16,Ahmedabad,Navrangpura,8,8,5.99,96
2026-07-16,17,Ahmedabad,Navrangpura,8,8,6.0,96
2026-07-16,18,Ahmedabad,Navrangpura,9,9,6.92,108
2026-07-16,19,Ahmedabad,Navrangpura,9,9,6.81,108
2026-07-16,20,Ahmedabad,Navrangpura,9,9,6.15,108
2026-07-16,7,Jaipur,C-Scheme,6,6,6.16,72
2026-07-16,8,Jaipur,C-Scheme,9,9,6.4,108
2026-07-16,9,Jaipur,C-Scheme,6,6,6.72,72
2026-07-16,10,Jaipur,C-Scheme,7,7,6.74,84
2026-07-16,11,Jaipur,C-Scheme,7,7,6.57,84
2026-07-16,12,Jaipur,C-Scheme,6,6,6.16,72
2026-07-16,13,Jaipur,C-Scheme,8,8,6.91,96
2026-07-16,14,Jaipur,C-Scheme,9,9,6.03,108
2026-07-16,15,Jaipur,C-Scheme,7,7,6.48,84
2026-07-16,16,Jaipur,C-Scheme,9,9,6.22,108
2026-07-16,17,Jaipur,C-Scheme,9,9,6.4,108
2026-07-16,18,Jaipur,C-Scheme,7,7,5.84,84
2026-07-16,19,Jaipur,C-Scheme,9,9,5.88,108
2026-07-16,20,Jaipur,C-Scheme,7,7,6.19,84
2026-07-16,7,Jaipur,Malviya Nagar,6,6,6.53,72
2026-07-16,8,Jaipur,Malviya Nagar,6,6,5.73,72
2026-07-16,9,Jaipur,Malviya Nagar,9,9,6.39,108
2026-07-16,10,Jaipur,Malviya Nagar,8,8,6.6,96
2026-07-16,11,Jaipur,Malviya Nagar,6,6,5.81,72
2026-07-16,12,Jaipur,Malviya Nagar,9,9,6.28,108
2026-07-16,13,Jaipur,Malviya Nagar,7,7,6.39,84
2026-07-16,14,Jaipur,Malviya Nagar,8,8,5.95,96
2026-07-16,15,Jaipur,Malviya Nagar,6,6,6.26,72
2026-07-16,16,Jaipur,Malviya Nagar,9,9,6.38,108
2026-07-16,17,Jaipur,Malviya Nagar,7,7,6.74,84
2026-07-16,18,Jaipur,Malviya Nagar,7,7,6.53,84
2026-07-16,19,Jaipur,Malviya Nagar,9,9,5.84,108
2026-07-16,20,Jaipur,Malviya Nagar,8,8,6.74,96
2026-07-16,7,Delhi,Connaught Place,8,8,6.71,96
2026-07-16,8,Delhi,Connaught Place,8,8,6.31,96
2026-07-16,9,Delhi,Connaught Place,6,6,6.23,72
2026-07-16,10,Delhi,Connaught Place,8,8,7.21,96
2026-07-16,11,Delhi,Connaught Place,6,6,5.83,72
2026-07-16,12,Delhi,Connaught Place,9,9,6.15,108
2026-07-16,13,Delhi,Connaught Place,8,8,6.8,96
2026-07-16,14,Delhi,Connaught Place,7,7,5.76,84
2026-07-16,15,Delhi,Connaught Place,8,8,6.38,96
2026-07-16,16,Delhi,Connaught Place,6,6,6.81,72
2026-07-16,17,Delhi,Connaught Place,9,9,6.95,108
2026-07-16,18,Delhi,Connaught Place,8,8,6.44,96
2026-07-16,19,Delhi,Connaught Place,8,8,6.64,96
2026-07-16,20,Delhi,Connaught Place,8,8,5.75,96
2026-07-16,7,Delhi,Saket,7,7,6.69,84
2026-07-16,8,Delhi,Saket,6,6,6.38,72
2026-07-16,9,Delhi,Saket,6,6,5.96,72
2026-07-16,10,Delhi,Saket,9,9,6.81,108
2026-07-16,11,Delhi,Saket,6,6,6.29,72
2026-07-16,12,Delhi,Saket,9,9,6.38,108
2026-07-16,13,Delhi,Saket,8,8,5.96,96
2026-07-16,14,Delhi,Saket,9,9,6.15,108
2026-07-16,15,Delhi,Saket,7,7,6.13,84
2026-07-16,16,Delhi,Saket,7,7,5.71,84
2026-07-16,17,Delhi,Saket,8,8,5.49,96
2026-07-16,18,Delhi,Saket,7,7,6.63,84
2026-07-16,19,Delhi,Saket,6,6,6.51,72
2026-07-16,20,Delhi,Saket,9,9,6.63,108
2026-07-16,7,Mumbai,Bandra,6,6,6.33,72
2026-07-16,8,Mumbai,Bandra,8,8,5.45,96
2026-07-16,13,Mumbai,Bandra,6,6,6.03,72
2026-07-16,14,Mumbai,Bandra,7,7,6.3,84
2026-07-16,16,Mumbai,Bandra,8,8,5.93,96
2026-07-16,17,Mumbai,Bandra,7,7,6.06,84
2026-07-16,18,Mumbai,Bandra,4,7,8.52,48
2026-07-16,7,Mumbai,Andheri,8,8,6.11,96
2026-07-16,8,Mumbai,Andheri,8,8,6.59,96
2026-07-16,9,Mumbai,Andheri,9,9,6.78,108
2026-07-16,10,Mumbai,Andheri,9,9,6.58,108
2026-07-16,11,Mumbai,Andheri,7,7,5.62,84
2026-07-16,12,Mumbai,Andheri,9,9,6.37,108
2026-07-16,13,Mumbai,Andheri,9,9,6.32,108
2026-07-16,14,Mumbai,Andheri,9,9,5.1,108
2026-07-16,15,Mumbai,Andheri,8,8,5.94,96
2026-07-16,16,Mumbai,Andheri,6,6,6.57,72
2026-07-16,17,Mumbai,Andheri,8,8,6.2,96
2026-07-16,18,Mumbai,Andheri,8,8,6.48,96
2026-07-16,19,Mumbai,Andheri,7,7,6.51,84
2026-07-16,20,Mumbai,Andheri,8,8,6.34,96
2026-07-16,7,Bengaluru,Indiranagar,7,7,5.94,84
2026-07-16,8,Bengaluru,Indiranagar,7,7,6.94,84
2026-07-16,9,Bengaluru,Indiranagar,9,9,6.63,108
2026-07-16,10,Bengaluru,Indiranagar,8,8,6.46,96
2026-07-16,11,Bengaluru,Indiranagar,7,7,5.94,84
2026-07-16,12,Bengaluru,Indiranagar,6,6,6.33,72
2026-07-16,13,Bengaluru,Indiranagar,9,9,6.82,108
2026-07-16,14,Bengaluru,Indiranagar,7,7,7.37,84
2026-07-16,15,Bengaluru,Indiranagar,8,8,6.04,96
2026-07-16,16,Bengaluru,Indiranagar,8,8,5.82,96
2026-07-16,17,Bengaluru,Indiranagar,8,8,5.99,96
2026-07-16,18,Bengaluru,Indiranagar,6,6,5.14,72
2026-07-16,19,Bengaluru,Indiranagar,6,6,6.59,72
2026-07-16,20,Bengaluru,Indiranagar,9,9,6.33,108
2026-07-16,7,Bengaluru,Koramangala,7,7,5.65,84
2026-07-16,8,Bengaluru,Koramangala,7,7,6.72,84
2026-07-16,9,Bengaluru,Koramangala,9,9,6.29,108
2026-07-16,10,Bengaluru,Koramangala,6,6,5.42,72
2026-07-16,11,Bengaluru,Koramangala,6,6,6.47,72
2026-07-16,12,Bengaluru,Koramangala,9,9,6.29,108
2026-07-16,13,Bengaluru,Koramangala,8,8,6.57,96
2026-07-16,14,Bengaluru,Koramangala,9,9,6.36,108
2026-07-16,15,Bengaluru,Koramangala,6,6,5.96,72
2026-07-16,16,Bengaluru,Koramangala,7,7,5.81,84
2026-07-16,17,Bengaluru,Koramangala,9,9,6.57,108
2026-07-16,18,Bengaluru,Koramangala,8,8,6.51,96
2026-07-16,19,Bengaluru,Koramangala,8,8,6.17,96
2026-07-16,20,Bengaluru,Koramangala,6,6,6.38,72
2026-07-16,7,Hyderabad,Banjara Hills,6,6,6.48,72
2026-07-16,8,Hyderabad,Banjara Hills,6,6,7.34,72
2026-07-16,9,Hyderabad,Banjara Hills,9,9,7.59,108
2026-07-16,10,Hyderabad,Banjara Hills,6,6,5.8,72
2026-07-16,11,Hyderabad,Banjara Hills,7,7,5.82,84
2026-07-16,12,Hyderabad,Banjara Hills,8,8,6.42,96
2026-07-16,13,Hyderabad,Banjara Hills,9,9,6.31,108
2026-07-16,14,Hyderabad,Banjara Hills,8,8,6.69,96
2026-07-16,15,Hyderabad,Banjara Hills,9,9,5.48,108
2026-07-16,16,Hyderabad,Banjara Hills,9,9,6.55,108
2026-07-16,17,Hyderabad,Banjara Hills,8,8,6.11,96
2026-07-16,18,Hyderabad,Banjara Hills,8,8,6.14,96
2026-07-16,19,Hyderabad,Banjara Hills,9,9,5.97,108
2026-07-16,20,Hyderabad,Banjara Hills,6,6,6.45,72
2026-07-16,7,Hyderabad,Gachibowli,7,7,7.12,84
2026-07-16,8,Hyderabad,Gachibowli,7,7,6.86,84
2026-07-16,9,Hyderabad,Gachibowli,7,7,6.4,84
2026-07-16,10,Hyderabad,Gachibowli,7,7,6.14,84
2026-07-16,11,Hyderabad,Gachibowli,6,6,6.65,72
2026-07-16,12,Hyderabad,Gachibowli,9,9,6.18,108
2026-07-16,13,Hyderabad,Gachibowli,8,8,5.91,96
2026-07-16,14,Hyderabad,Gachibowli,7,7,6.85,84
2026-07-16,15,Hyderabad,Gachibowli,7,7,6.74,84
2026-07-16,16,Hyderabad,Gachibowli,7,7,6.02,84
2026-07-16,17,Hyderabad,Gachibowli,9,9,6.83,108
2026-07-16,18,Hyderabad,Gachibowli,6,6,6.05,72
2026-07-16,19,Hyderabad,Gachibowli,7,7,5.88,84
2026-07-16,20,Hyderabad,Gachibowli,6,6,6.64,72
2026-07-17,7,Ahmedabad,Satellite,8,8,5.99,96
2026-07-17,8,Ahmedabad,Satellite,6,6,6.05,72
2026-07-17,9,Ahmedabad,Satellite,9,9,6.83,108
2026-07-17,10,Ahmedabad,Satellite,9,9,6.27,108
2026-07-17,11,Ahmedabad,Satellite,6,6,6.65,72
2026-07-17,12,Ahmedabad,Satellite,8,8,7.16,96
2026-07-17,13,Ahmedabad,Satellite,8,8,6.03,96
2026-07-17,14,Ahmedabad,Satellite,7,7,6.1,84
2026-07-17,15,Ahmedabad,Satellite,9,9,6.2,108
2026-07-17,16,Ahmedabad,Satellite,8,8,6.42,96
2026-07-17,17,Ahmedabad,Satellite,8,8,6.3,96
2026-07-17,18,Ahmedabad,Satellite,8,8,6.34,96
2026-07-17,19,Ahmedabad,Satellite,8,8,5.91,96
2026-07-17,20,Ahmedabad,Satellite,7,7,6.24,84
2026-07-17,7,Ahmedabad,Navrangpura,6,6,6.39,72
2026-07-17,8,Ahmedabad,Navrangpura,6,6,6.22,72
2026-07-17,9,Ahmedabad,Navrangpura,8,8,6.3,96
2026-07-17,10,Ahmedabad,Navrangpura,9,9,6.12,108
2026-07-17,11,Ahmedabad,Navrangpura,6,6,6.99,72
2026-07-17,12,Ahmedabad,Navrangpura,7,7,5.67,84
2026-07-17,13,Ahmedabad,Navrangpura,7,7,6.31,84
2026-07-17,14,Ahmedabad,Navrangpura,6,6,6.05,72
2026-07-17,15,Ahmedabad,Navrangpura,9,9,6.28,108
2026-07-17,16,Ahmedabad,Navrangpura,9,9,6.4,108
2026-07-17,17,Ahmedabad,Navrangpura,7,7,6.26,84
2026-07-17,18,Ahmedabad,Navrangpura,6,6,5.78,72
2026-07-17,19,Ahmedabad,Navrangpura,7,7,5.59,84
2026-07-17,20,Ahmedabad,Navrangpura,7,7,6.03,84
2026-07-17,7,Jaipur,C-Scheme,8,8,6.78,96
2026-07-17,8,Jaipur,C-Scheme,6,6,7.24,72
2026-07-17,9,Jaipur,C-Scheme,8,8,5.95,96
2026-07-17,10,Jaipur,C-Scheme,9,9,6.51,108
2026-07-17,11,Jaipur,C-Scheme,8,8,6.91,96
2026-07-17,12,Jaipur,C-Scheme,9,9,5.89,108
2026-07-17,13,Jaipur,C-Scheme,8,8,6.64,96
2026-07-17,14,Jaipur,C-Scheme,9,9,6.67,108
2026-07-17,15,Jaipur,C-Scheme,8,8,6.12,96
2026-07-17,16,Jaipur,C-Scheme,7,7,6.53,84
2026-07-17,17,Jaipur,C-Scheme,8,8,5.93,96
2026-07-17,18,Jaipur,C-Scheme,8,8,6.83,96
2026-07-17,19,Jaipur,C-Scheme,8,8,6.0,96
2026-07-17,20,Jaipur,C-Scheme,8,8,6.67,96
2026-07-17,7,Jaipur,Malviya Nagar,7,7,6.64,84
2026-07-17,8,Jaipur,Malviya Nagar,6,6,6.93,72
2026-07-17,9,Jaipur,Malviya Nagar,9,9,6.43,108
2026-07-17,10,Jaipur,Malviya Nagar,6,6,5.24,72
2026-07-17,11,Jaipur,Malviya Nagar,7,7,6.71,84
2026-07-17,12,Jaipur,Malviya Nagar,7,7,6.84,84
2026-07-17,13,Jaipur,Malviya Nagar,6,6,6.68,72
2026-07-17,14,Jaipur,Malviya Nagar,6,6,6.71,72
2026-07-17,15,Jaipur,Malviya Nagar,8,8,6.72,96
2026-07-17,16,Jaipur,Malviya Nagar,8,8,6.49,96
2026-07-17,17,Jaipur,Malviya Nagar,9,9,6.53,108
2026-07-17,18,Jaipur,Malviya Nagar,8,8,5.99,96
2026-07-17,19,Jaipur,Malviya Nagar,7,7,6.45,84
2026-07-17,20,Jaipur,Malviya Nagar,6,6,6.27,72
2026-07-17,7,Delhi,Connaught Place,8,8,6.37,96
2026-07-17,8,Delhi,Connaught Place,9,9,6.61,108
2026-07-17,9,Delhi,Connaught Place,7,7,6.71,84
2026-07-17,10,Delhi,Connaught Place,7,7,5.95,84
2026-07-17,11,Delhi,Connaught Place,9,9,6.24,108
2026-07-17,12,Delhi,Connaught Place,7,7,6.56,84
2026-07-17,13,Delhi,Connaught Place,9,9,6.05,108
2026-07-17,14,Delhi,Connaught Place,7,7,6.16,84
2026-07-17,15,Delhi,Connaught Place,7,7,5.62,84
2026-07-17,16,Delhi,Connaught Place,8,8,6.58,96
2026-07-17,17,Delhi,Connaught Place,7,7,6.53,84
2026-07-17,18,Delhi,Connaught Place,8,8,7.09,96
2026-07-17,19,Delhi,Connaught Place,8,8,6.45,96
2026-07-17,20,Delhi,Connaught Place,8,8,6.11,96
2026-07-17,7,Delhi,Saket,7,7,6.57,84
2026-07-17,8,Delhi,Saket,7,7,6.3,84
2026-07-17,9,Delhi,Saket,8,8,5.82,96
2026-07-17,10,Delhi,Saket,7,7,6.37,84
2026-07-17,11,Delhi,Saket,7,7,6.11,84
2026-07-17,12,Delhi,Saket,9,9,5.33,108
2026-07-17,13,Delhi,Saket,9,9,6.76,108
2026-07-17,14,Delhi,Saket,8,8,6.33,96
2026-07-17,15,Delhi,Saket,6,6,6.84,72
2026-07-17,16,Delhi,Saket,7,7,6.49,84
2026-07-17,17,Delhi,Saket,6,6,6.16,72
2026-07-17,18,Delhi,Saket,7,7,6.52,84
2026-07-17,19,Delhi,Saket,7,7,6.52,84
2026-07-17,20,Delhi,Saket,9,9,6.55,108
2026-07-17,8,Mumbai,Bandra,9,9,6.21,108
2026-07-17,9,Mumbai,Bandra,8,8,5.91,96
2026-07-17,10,Mumbai,Bandra,7,7,6.19,84
2026-07-17,13,Mumbai,Bandra,7,7,5.41,84
2026-07-17,14,Mumbai,Bandra,8,8,6.52,96
2026-07-17,17,Mumbai,Bandra,6,6,6.43,72
2026-07-17,18,Mumbai,Bandra,4,7,7.75,48
2026-07-17,20,Mumbai,Bandra,3,6,7.3,36
2026-07-17,7,Mumbai,Andheri,9,9,6.75,108
2026-07-17,8,Mumbai,Andheri,8,8,6.89,96
2026-07-17,9,Mumbai,Andheri,6,6,6.61,72
2026-07-17,10,Mumbai,Andheri,6,6,6.51,72
2026-07-17,11,Mumbai,Andheri,6,6,5.95,72
2026-07-17,12,Mumbai,Andheri,8,8,5.63,96
2026-07-17,13,Mumbai,Andheri,7,7,6.81,84
2026-07-17,14,Mumbai,Andheri,9,9,6.04,108
2026-07-17,15,Mumbai,Andheri,8,8,6.53,96
2026-07-17,16,Mumbai,Andheri,7,7,6.4,84
2026-07-17,17,Mumbai,Andheri,7,7,6.44,84
2026-07-17,18,Mumbai,Andheri,9,9,6.13,108
2026-07-17,19,Mumbai,Andheri,7,7,6.75,84
2026-07-17,20,Mumbai,Andheri,8,8,6.15,96
2026-07-17,7,Bengaluru,Indiranagar,7,7,6.44,84
2026-07-17,8,Bengaluru,Indiranagar,8,8,5.63,96
2026-07-17,9,Bengaluru,Indiranagar,6,6,6.95,72
2026-07-17,10,Bengaluru,Indiranagar,8,8,5.97,96
2026-07-17,11,Bengaluru,Indiranagar,8,8,5.76,96
2026-07-17,12,Bengaluru,Indiranagar,6,6,5.82,72
2026-07-17,13,Bengaluru,Indiranagar,9,9,6.27,108
2026-07-17,14,Bengaluru,Indiranagar,6,6,5.97,72
2026-07-17,15,Bengaluru,Indiranagar,8,8,6.05,96
2026-07-17,16,Bengaluru,Indiranagar,7,7,7.0,84
2026-07-17,17,Bengaluru,Indiranagar,9,9,6.57,108
2026-07-17,18,Bengaluru,Indiranagar,7,7,6.61,84
2026-07-17,19,Bengaluru,Indiranagar,6,6,5.86,72
2026-07-17,20,Bengaluru,Indiranagar,9,9,5.97,108
2026-07-17,7,Bengaluru,Koramangala,8,8,6.05,96
2026-07-17,8,Bengaluru,Koramangala,9,9,6.58,108
2026-07-17,9,Bengaluru,Koramangala,9,9,5.72,108
2026-07-17,10,Bengaluru,Koramangala,7,7,6.16,84
2026-07-17,11,Bengaluru,Koramangala,8,8,6.09,96
2026-07-17,12,Bengaluru,Koramangala,6,6,6.06,72
2026-07-17,13,Bengaluru,Koramangala,7,7,6.29,84
2026-07-17,14,Bengaluru,Koramangala,9,9,6.37,108
2026-07-17,15,Bengaluru,Koramangala,6,6,6.29,72
2026-07-17,16,Bengaluru,Koramangala,9,9,6.75,108
2026-07-17,17,Bengaluru,Koramangala,6,6,5.82,72
2026-07-17,18,Bengaluru,Koramangala,9,9,6.18,108
2026-07-17,19,Bengaluru,Koramangala,6,6,6.64,72
2026-07-17,20,Bengaluru,Koramangala,7,7,6.88,84
2026-07-17,7,Hyderabad,Banjara Hills,9,9,6.6,108
2026-07-17,8,Hyderabad,Banjara Hills,9,9,6.85,108
2026-07-17,9,Hyderabad,Banjara Hills,7,7,6.22,84
2026-07-17,10,Hyderabad,Banjara Hills,9,9,7.41,108
2026-07-17,11,Hyderabad,Banjara Hills,9,9,6.5,108
2026-07-17,12,Hyderabad,Banjara Hills,7,7,6.66,84
2026-07-17,13,Hyderabad,Banjara Hills,8,8,6.04,96
2026-07-17,14,Hyderabad,Banjara Hills,7,7,5.9,84
2026-07-17,15,Hyderabad,Banjara Hills,8,8,6.15,96
2026-07-17,16,Hyderabad,Banjara Hills,8,8,6.34,96
2026-07-17,17,Hyderabad,Banjara Hills,8,8,5.65,96
2026-07-17,18,Hyderabad,Banjara Hills,6,6,6.65,72
2026-07-17,19,Hyderabad,Banjara Hills,9,9,6.01,108
2026-07-17,20,Hyderabad,Banjara Hills,8,8,5.77,96
2026-07-17,7,Hyderabad,Gachibowli,8,8,6.38,96
2026-07-17,8,Hyderabad,Gachibowli,7,7,6.79,84
2026-07-17,9,Hyderabad,Gachibowli,8,8,6.08,96
2026-07-17,10,Hyderabad,Gachibowli,8,8,5.6,96
2026-07-17,11,Hyderabad,Gachibowli,8,8,6.33,96
2026-07-17,12,Hyderabad,Gachibowli,6,6,6.61,72
2026-07-17,13,Hyderabad,Gachibowli,7,7,6.52,84
2026-07-17,14,Hyderabad,Gachibowli,9,9,5.91,108
2026-07-17,15,Hyderabad,Gachibowli,6,6,6.33,72
2026-07-17,16,Hyderabad,Gachibowli,8,8,6.55,96
2026-07-17,17,Hyderabad,Gachibowli,9,9,5.86,108
2026-07-17,18,Hyderabad,Gachibowli,7,7,6.26,84
2026-07-17,19,Hyderabad,Gachibowli,6,6,6.54,72
2026-07-17,20,Hyderabad,Gachibowli,7,7,6.73,84
2026-07-18,7,Ahmedabad,Satellite,7,7,6.29,84
2026-07-18,8,Ahmedabad,Satellite,7,7,6.75,84
2026-07-18,9,Ahmedabad,Satellite,8,8,7.01,96
2026-07-18,10,Ahmedabad,Satellite,8,8,5.89,96
2026-07-18,11,Ahmedabad,Satellite,6,6,6.85,72
2026-07-18,12,Ahmedabad,Satellite,8,8,6.02,96
2026-07-18,13,Ahmedabad,Satellite,7,7,5.89,84
2026-07-18,14,Ahmedabad,Satellite,7,7,7.25,84
2026-07-18,15,Ahmedabad,Satellite,9,9,6.92,108
2026-07-18,16,Ahmedabad,Satellite,6,6,6.34,72
2026-07-18,17,Ahmedabad,Satellite,9,9,6.28,108
2026-07-18,18,Ahmedabad,Satellite,9,9,6.75,108
2026-07-18,19,Ahmedabad,Satellite,8,8,6.93,96
2026-07-18,20,Ahmedabad,Satellite,8,8,6.12,96
2026-07-18,7,Ahmedabad,Navrangpura,6,6,6.11,72
2026-07-18,8,Ahmedabad,Navrangpura,6,6,6.38,72
2026-07-18,9,Ahmedabad,Navrangpura,9,9,6.49,108
2026-07-18,10,Ahmedabad,Navrangpura,9,9,6.11,108
2026-07-18,11,Ahmedabad,Navrangpura,9,9,6.91,108
2026-07-18,12,Ahmedabad,Navrangpura,7,7,6.33,84
2026-07-18,13,Ahmedabad,Navrangpura,7,7,6.75,84
2026-07-18,14,Ahmedabad,Navrangpura,9,9,7.16,108
2026-07-18,15,Ahmedabad,Navrangpura,9,9,5.64,108
2026-07-18,16,Ahmedabad,Navrangpura,8,8,6.02,96
2026-07-18,17,Ahmedabad,Navrangpura,9,9,5.92,108
2026-07-18,18,Ahmedabad,Navrangpura,7,7,5.42,84
2026-07-18,19,Ahmedabad,Navrangpura,8,8,5.56,96
2026-07-18,20,Ahmedabad,Navrangpura,9,9,6.67,108
2026-07-18,7,Jaipur,C-Scheme,6,6,5.99,72
2026-07-18,8,Jaipur,C-Scheme,9,9,6.46,108
2026-07-18,9,Jaipur,C-Scheme,6,6,6.63,72
2026-07-18,10,Jaipur,C-Scheme,6,6,5.82,72
2026-07-18,11,Jaipur,C-Scheme,8,8,6.75,96
2026-07-18,12,Jaipur,C-Scheme,7,7,6.28,84
2026-07-18,13,Jaipur,C-Scheme,7,7,6.8,84
2026-07-18,14,Jaipur,C-Scheme,7,7,5.78,84
2026-07-18,15,Jaipur,C-Scheme,7,7,6.53,84
2026-07-18,16,Jaipur,C-Scheme,9,9,6.35,108
2026-07-18,17,Jaipur,C-Scheme,8,8,6.59,96
2026-07-18,18,Jaipur,C-Scheme,7,7,6.22,84
2026-07-18,19,Jaipur,C-Scheme,8,8,6.38,96
2026-07-18,20,Jaipur,C-Scheme,8,8,6.32,96
2026-07-18,7,Jaipur,Malviya Nagar,6,6,6.13,72
2026-07-18,8,Jaipur,Malviya Nagar,8,8,6.39,96
2026-07-18,9,Jaipur,Malviya Nagar,6,6,5.54,72
2026-07-18,10,Jaipur,Malviya Nagar,6,6,6.76,72
2026-07-18,11,Jaipur,Malviya Nagar,9,9,6.36,108
2026-07-18,12,Jaipur,Malviya Nagar,8,8,6.0,96
2026-07-18,13,Jaipur,Malviya Nagar,7,7,5.88,84
2026-07-18,14,Jaipur,Malviya Nagar,6,6,6.68,72
2026-07-18,15,Jaipur,Malviya Nagar,7,7,6.31,84
2026-07-18,16,Jaipur,Malviya Nagar,6,6,6.09,72
2026-07-18,17,Jaipur,Malviya Nagar,8,8,6.62,96
2026-07-18,18,Jaipur,Malviya Nagar,7,7,6.03,84
2026-07-18,19,Jaipur,Malviya Nagar,7,7,6.31,84
2026-07-18,20,Jaipur,Malviya Nagar,6,6,6.17,72
2026-07-18,7,Delhi,Connaught Place,6,6,5.75,72
2026-07-18,8,Delhi,Connaught Place,7,7,6.43,84
2026-07-18,9,Delhi,Connaught Place,7,7,6.5,84
2026-07-18,10,Delhi,Connaught Place,6,6,6.36,72
2026-07-18,11,Delhi,Connaught Place,9,9,5.97,108
2026-07-18,12,Delhi,Connaught Place,9,9,6.39,108
2026-07-18,13,Delhi,Connaught Place,8,8,6.05,96
2026-07-18,14,Delhi,Connaught Place,7,7,6.75,84
2026-07-18,15,Delhi,Connaught Place,8,8,5.97,96
2026-07-18,16,Delhi,Connaught Place,9,9,5.62,108
2026-07-18,17,Delhi,Connaught Place,6,6,6.24,72
2026-07-18,18,Delhi,Connaught Place,8,8,6.63,96
2026-07-18,19,Delhi,Connaught Place,8,8,6.06,96
2026-07-18,20,Delhi,Connaught Place,6,6,5.68,72
2026-07-18,7,Delhi,Saket,7,7,6.42,84
2026-07-18,8,Delhi,Saket,8,8,6.65,96
2026-07-18,9,Delhi,Saket,6,6,6.78,72
2026-07-18,10,Delhi,Saket,6,6,5.92,72
2026-07-18,11,Delhi,Saket,7,7,5.82,84
2026-07-18,12,Delhi,Saket,6,6,6.18,72
2026-07-18,13,Delhi,Saket,8,8,6.35,96
2026-07-18,14,Delhi,Saket,9,9,5.58,108
2026-07-18,15,Delhi,Saket,6,6,7.04,72
2026-07-18,16,Delhi,Saket,8,8,6.2,96
2026-07-18,17,Delhi,Saket,8,8,6.65,96
2026-07-18,18,Delhi,Saket,8,8,7.09,96
2026-07-18,19,Delhi,Saket,8,8,5.65,96
2026-07-18,20,Delhi,Saket,6,6,6.6,72
2026-07-18,16,Mumbai,Bandra,7,7,6.77,84
2026-07-18,19,Mumbai,Bandra,6,9,7.38,72
2026-07-18,20,Mumbai,Bandra,5,8,9.23,60
2026-07-18,7,Mumbai,Andheri,8,8,5.76,96
2026-07-18,8,Mumbai,Andheri,7,7,6.43,84
2026-07-18,9,Mumbai,Andheri,6,6,6.7,72
2026-07-18,10,Mumbai,Andheri,9,9,6.67,108
2026-07-18,11,Mumbai,Andheri,8,8,5.61,96
2026-07-18,12,Mumbai,Andheri,6,6,6.48,72
2026-07-18,13,Mumbai,Andheri,7,7,6.79,84
2026-07-18,14,Mumbai,Andheri,8,8,6.01,96
2026-07-18,15,Mumbai,Andheri,7,7,6.04,84
2026-07-18,16,Mumbai,Andheri,6,6,6.1,72
2026-07-18,17,Mumbai,Andheri,6,6,6.59,72
2026-07-18,18,Mumbai,Andheri,6,6,6.05,72
2026-07-18,19,Mumbai,Andheri,9,9,6.06,108
2026-07-18,20,Mumbai,Andheri,6,6,6.21,72
2026-07-18,7,Bengaluru,Indiranagar,8,8,6.36,96
2026-07-18,8,Bengaluru,Indiranagar,7,7,5.93,84
2026-07-18,9,Bengaluru,Indiranagar,9,9,6.19,108
2026-07-18,10,Bengaluru,Indiranagar,6,6,6.52,72
2026-07-18,11,Bengaluru,Indiranagar,6,6,6.53,72
2026-07-18,12,Bengaluru,Indiranagar,7,7,6.14,84
2026-07-18,13,Bengaluru,Indiranagar,6,6,6.47,72
2026-07-18,14,Bengaluru,Indiranagar,8,8,6.1,96
2026-07-18,15,Bengaluru,Indiranagar,6,6,6.33,72
2026-07-18,16,Bengaluru,Indiranagar,7,7,5.75,84
2026-07-18,17,Bengaluru,Indiranagar,8,8,5.9,96
2026-07-18,18,Bengaluru,Indiranagar,8,8,6.73,96
2026-07-18,19,Bengaluru,Indiranagar,8,8,6.28,96
2026-07-18,20,Bengaluru,Indiranagar,6,6,6.42,72
2026-07-18,7,Bengaluru,Koramangala,9,9,6.64,108
2026-07-18,8,Bengaluru,Koramangala,6,6,6.51,72
2026-07-18,9,Bengaluru,Koramangala,7,7,6.22,84
2026-07-18,10,Bengaluru,Koramangala,8,8,6.05,96
2026-07-18,11,Bengaluru,Koramangala,6,6,6.92,72
2026-07-18,12,Bengaluru,Koramangala,9,9,6.74,108
2026-07-18,13,Bengaluru,Koramangala,9,9,6.36,108
2026-07-18,14,Bengaluru,Koramangala,7,7,5.91,84
2026-07-18,15,Bengaluru,Koramangala,8,8,6.85,96
2026-07-18,16,Bengaluru,Koramangala,7,7,5.56,84
2026-07-18,17,Bengaluru,Koramangala,6,6,5.98,72
2026-07-18,18,Bengaluru,Koramangala,8,8,7.07,96
2026-07-18,19,Bengaluru,Koramangala,9,9,6.59,108
2026-07-18,20,Bengaluru,Koramangala,8,8,7.25,96
2026-07-18,7,Hyderabad,Banjara Hills,7,7,6.16,84
2026-07-18,8,Hyderabad,Banjara Hills,8,8,6.02,96
2026-07-18,9,Hyderabad,Banjara Hills,8,8,6.17,96
2026-07-18,10,Hyderabad,Banjara Hills,8,8,6.08,96
2026-07-18,11,Hyderabad,Banjara Hills,8,8,6.22,96
2026-07-18,12,Hyderabad,Banjara Hills,9,9,6.48,108
2026-07-18,13,Hyderabad,Banjara Hills,8,8,6.24,96
2026-07-18,14,Hyderabad,Banjara Hills,8,8,6.86,96
2026-07-18,15,Hyderabad,Banjara Hills,7,7,7.07,84
2026-07-18,16,Hyderabad,Banjara Hills,8,8,6.03,96
2026-07-18,17,Hyderabad,Banjara Hills,8,8,6.81,96
2026-07-18,18,Hyderabad,Banjara Hills,9,9,6.93,108
2026-07-18,19,Hyderabad,Banjara Hills,9,9,6.02,108
2026-07-18,20,Hyderabad,Banjara Hills,9,9,5.99,108
2026-07-18,7,Hyderabad,Gachibowli,9,9,7.06,108
2026-07-18,8,Hyderabad,Gachibowli,9,9,6.15,108
2026-07-18,9,Hyderabad,Gachibowli,9,9,5.88,108
2026-07-18,10,Hyderabad,Gachibowli,6,6,5.84,72
2026-07-18,11,Hyderabad,Gachibowli,7,7,6.17,84
2026-07-18,12,Hyderabad,Gachibowli,8,8,6.2,96
2026-07-18,13,Hyderabad,Gachibowli,6,6,6.27,72
2026-07-18,14,Hyderabad,Gachibowli,6,6,6.92,72
2026-07-18,15,Hyderabad,Gachibowli,9,9,6.66,108
2026-07-18,16,Hyderabad,Gachibowli,7,7,4.91,84
2026-07-18,17,Hyderabad,Gachibowli,6,6,5.54,72
2026-07-18,18,Hyderabad,Gachibowli,8,8,6.79,96
2026-07-18,19,Hyderabad,Gachibowli,7,7,5.89,84
2026-07-18,20,Hyderabad,Gachibowli,8,8,6.42,96
2026-07-19,7,Ahmedabad,Satellite,7,7,6.84,84
2026-07-19,8,Ahmedabad,Satellite,6,6,6.14,72
2026-07-19,9,Ahmedabad,Satellite,9,9,5.94,108
2026-07-19,10,Ahmedabad,Satellite,9,9,6.61,108
2026-07-19,11,Ahmedabad,Satellite,6,6,6.28,72
2026-07-19,12,Ahmedabad,Satellite,8,8,6.06,96
2026-07-19,13,Ahmedabad,Satellite,8,8,6.46,96
2026-07-19,14,Ahmedabad,Satellite,6,6,5.81,72
2026-07-19,15,Ahmedabad,Satellite,8,8,6.7,96
2026-07-19,16,Ahmedabad,Satellite,9,9,6.27,108
2026-07-19,17,Ahmedabad,Satellite,9,9,5.66,108
2026-07-19,18,Ahmedabad,Satellite,9,9,5.73,108
2026-07-19,19,Ahmedabad,Satellite,7,7,6.19,84
2026-07-19,20,Ahmedabad,Satellite,6,6,6.43,72
2026-07-19,7,Ahmedabad,Navrangpura,8,8,7.29,96
2026-07-19,8,Ahmedabad,Navrangpura,6,6,6.0,72
2026-07-19,9,Ahmedabad,Navrangpura,9,9,6.02,108
2026-07-19,10,Ahmedabad,Navrangpura,6,6,6.73,72
2026-07-19,11,Ahmedabad,Navrangpura,9,9,6.12,108
2026-07-19,12,Ahmedabad,Navrangpura,8,8,7.13,96
2026-07-19,13,Ahmedabad,Navrangpura,8,8,6.71,96
2026-07-19,14,Ahmedabad,Navrangpura,6,6,6.88,72
2026-07-19,15,Ahmedabad,Navrangpura,7,7,6.53,84
2026-07-19,16,Ahmedabad,Navrangpura,6,6,5.21,72
2026-07-19,17,Ahmedabad,Navrangpura,8,8,5.86,96
2026-07-19,18,Ahmedabad,Navrangpura,6,6,6.53,72
2026-07-19,19,Ahmedabad,Navrangpura,9,9,6.75,108
2026-07-19,20,Ahmedabad,Navrangpura,7,7,6.66,84
2026-07-19,7,Jaipur,C-Scheme,6,6,6.15,72
2026-07-19,8,Jaipur,C-Scheme,7,7,6.27,84
2026-07-19,9,Jaipur,C-Scheme,9,9,6.22,108
2026-07-19,10,Jaipur,C-Scheme,7,7,6.18,84
2026-07-19,11,Jaipur,C-Scheme,9,9,5.6,108
2026-07-19,12,Jaipur,C-Scheme,6,6,5.79,72
2026-07-19,13,Jaipur,C-Scheme,6,6,6.63,72
2026-07-19,14,Jaipur,C-Scheme,7,7,6.18,84
2026-07-19,15,Jaipur,C-Scheme,8,8,5.23,96
2026-07-19,16,Jaipur,C-Scheme,7,7,6.39,84
2026-07-19,17,Jaipur,C-Scheme,6,6,5.83,72
2026-07-19,18,Jaipur,C-Scheme,9,9,6.13,108
2026-07-19,19,Jaipur,C-Scheme,7,7,5.91,84
2026-07-19,20,Jaipur,C-Scheme,8,8,6.33,96
2026-07-19,7,Jaipur,Malviya Nagar,7,7,5.97,84
2026-07-19,8,Jaipur,Malviya Nagar,7,7,6.7,84
2026-07-19,9,Jaipur,Malviya Nagar,7,7,6.2,84
2026-07-19,10,Jaipur,Malviya Nagar,7,7,7.25,84
2026-07-19,11,Jaipur,Malviya Nagar,7,7,5.63,84
2026-07-19,12,Jaipur,Malviya Nagar,8,8,6.14,96
2026-07-19,13,Jaipur,Malviya Nagar,9,9,5.91,108
2026-07-19,14,Jaipur,Malviya Nagar,9,9,6.33,108
2026-07-19,15,Jaipur,Malviya Nagar,9,9,6.56,108
2026-07-19,16,Jaipur,Malviya Nagar,7,7,6.62,84
2026-07-19,17,Jaipur,Malviya Nagar,8,8,6.31,96
2026-07-19,18,Jaipur,Malviya Nagar,8,8,5.98,96
2026-07-19,19,Jaipur,Malviya Nagar,8,8,6.14,96
2026-07-19,20,Jaipur,Malviya Nagar,7,7,6.11,84
2026-07-19,7,Delhi,Connaught Place,7,7,6.15,84
2026-07-19,8,Delhi,Connaught Place,9,9,6.98,108
2026-07-19,9,Delhi,Connaught Place,7,7,6.24,84
2026-07-19,10,Delhi,Connaught Place,8,8,5.57,96
2026-07-19,11,Delhi,Connaught Place,8,8,6.3,96
2026-07-19,12,Delhi,Connaught Place,6,6,5.39,72
2026-07-19,13,Delhi,Connaught Place,7,7,6.28,84
2026-07-19,14,Delhi,Connaught Place,9,9,5.93,108
2026-07-19,15,Delhi,Connaught Place,8,8,5.28,96
2026-07-19,16,Delhi,Connaught Place,6,6,6.01,72
2026-07-19,17,Delhi,Connaught Place,7,7,6.64,84
2026-07-19,18,Delhi,Connaught Place,6,6,7.2,72
2026-07-19,19,Delhi,Connaught Place,7,7,6.48,84
2026-07-19,20,Delhi,Connaught Place,6,6,7.4,72
2026-07-19,7,Delhi,Saket,7,7,6.49,84
2026-07-19,8,Delhi,Saket,6,6,5.81,72
2026-07-19,9,Delhi,Saket,9,9,6.01,108
2026-07-19,10,Delhi,Saket,7,7,6.41,84
2026-07-19,11,Delhi,Saket,9,9,6.33,108
2026-07-19,12,Delhi,Saket,6,6,6.13,72
2026-07-19,13,Delhi,Saket,6,6,7.0,72
2026-07-19,14,Delhi,Saket,9,9,7.21,108
2026-07-19,15,Delhi,Saket,8,8,6.12,96
2026-07-19,16,Delhi,Saket,6,6,5.98,72
2026-07-19,17,Delhi,Saket,7,7,6.35,84
2026-07-19,18,Delhi,Saket,6,6,6.75,72
2026-07-19,19,Delhi,Saket,8,8,7.18,96
2026-07-19,20,Delhi,Saket,8,8,6.2,96
2026-07-19,16,Mumbai,Bandra,9,9,6.12,108
2026-07-19,18,Mumbai,Bandra,5,8,8.18,60
2026-07-19,19,Mumbai,Bandra,4,7,7.87,48
2026-07-19,20,Mumbai,Bandra,4,7,7.99,48
2026-07-19,7,Mumbai,Andheri,8,8,6.25,96
2026-07-19,8,Mumbai,Andheri,9,9,5.91,108
2026-07-19,9,Mumbai,Andheri,8,8,6.01,96
2026-07-19,10,Mumbai,Andheri,6,6,5.48,72
2026-07-19,11,Mumbai,Andheri,9,9,6.21,108
2026-07-19,12,Mumbai,Andheri,8,8,6.88,96
2026-07-19,13,Mumbai,Andheri,6,6,6.98,72
2026-07-19,14,Mumbai,Andheri,6,6,5.84,72
2026-07-19,15,Mumbai,Andheri,6,6,5.86,72
2026-07-19,16,Mumbai,Andheri,6,6,7.34,72
2026-07-19,17,Mumbai,Andheri,7,7,6.63,84
2026-07-19,18,Mumbai,Andheri,8,8,6.48,96
2026-07-19,19,Mumbai,Andheri,6,6,6.51,72
2026-07-19,20,Mumbai,Andheri,8,8,6.84,96
2026-07-19,7,Bengaluru,Indiranagar,8,8,6.36,96
2026-07-19,8,Bengaluru,Indiranagar,9,9,6.51,108
2026-07-19,9,Bengaluru,Indiranagar,8,8,6.13,96
2026-07-19,10,Bengaluru,Indiranagar,8,8,5.56,96
2026-07-19,11,Bengaluru,Indiranagar,7,7,5.89,84
2026-07-19,12,Bengaluru,Indiranagar,7,7,5.95,84
2026-07-19,13,Bengaluru,Indiranagar,6,6,6.29,72
2026-07-19,14,Bengaluru,Indiranagar,8,8,6.4,96
2026-07-19,15,Bengaluru,Indiranagar,8,8,6.01,96
2026-07-19,16,Bengaluru,Indiranagar,8,8,6.7,96
2026-07-19,17,Bengaluru,Indiranagar,8,8,6.93,96
2026-07-19,18,Bengaluru,Indiranagar,7,7,6.64,84
2026-07-19,19,Bengaluru,Indiranagar,9,9,6.82,108
2026-07-19,20,Bengaluru,Indiranagar,8,8,6.41,96
2026-07-19,7,Bengaluru,Koramangala,7,7,6.59,84
2026-07-19,8,Bengaluru,Koramangala,7,7,6.25,84
2026-07-19,9,Bengaluru,Koramangala,9,9,6.25,108
2026-07-19,10,Bengaluru,Koramangala,8,8,5.96,96
2026-07-19,11,Bengaluru,Koramangala,9,9,6.02,108
2026-07-19,12,Bengaluru,Koramangala,6,6,6.38,72
2026-07-19,13,Bengaluru,Koramangala,9,9,6.62,108
2026-07-19,14,Bengaluru,Koramangala,7,7,6.19,84
2026-07-19,15,Bengaluru,Koramangala,6,6,6.23,72
2026-07-19,16,Bengaluru,Koramangala,9,9,5.91,108
2026-07-19,17,Bengaluru,Koramangala,7,7,5.68,84
2026-07-19,18,Bengaluru,Koramangala,8,8,6.85,96
2026-07-19,19,Bengaluru,Koramangala,8,8,6.6,96
2026-07-19,20,Bengaluru,Koramangala,8,8,6.28,96
2026-07-19,7,Hyderabad,Banjara Hills,9,9,6.24,108
2026-07-19,8,Hyderabad,Banjara Hills,9,9,6.54,108
2026-07-19,9,Hyderabad,Banjara Hills,9,9,6.58,108
2026-07-19,10,Hyderabad,Banjara Hills,7,7,6.78,84
2026-07-19,11,Hyderabad,Banjara Hills,8,8,6.14,96
2026-07-19,12,Hyderabad,Banjara Hills,8,8,7.42,96
2026-07-19,13,Hyderabad,Banjara Hills,6,6,5.99,72
2026-07-19,14,Hyderabad,Banjara Hills,9,9,6.38,108
2026-07-19,15,Hyderabad,Banjara Hills,6,6,6.23,72
2026-07-19,16,Hyderabad,Banjara Hills,7,7,6.1,84
2026-07-19,17,Hyderabad,Banjara Hills,8,8,6.08,96
2026-07-19,18,Hyderabad,Banjara Hills,9,9,5.89,108
2026-07-19,19,Hyderabad,Banjara Hills,6,6,6.64,72
2026-07-19,20,Hyderabad,Banjara Hills,8,8,6.74,96
2026-07-19,7,Hyderabad,Gachibowli,8,8,5.75,96
2026-07-19,8,Hyderabad,Gachibowli,6,6,6.33,72
2026-07-19,9,Hyderabad,Gachibowli,9,9,6.4,108
2026-07-19,10,Hyderabad,Gachibowli,6,6,6.56,72
2026-07-19,11,Hyderabad,Gachibowli,6,6,6.26,72
2026-07-19,12,Hyderabad,Gachibowli,6,6,6.6,72
2026-07-19,13,Hyderabad,Gachibowli,9,9,6.69,108
2026-07-19,14,Hyderabad,Gachibowli,9,9,6.57,108
2026-07-19,15,Hyderabad,Gachibowli,6,6,6.51,72
2026-07-19,16,Hyderabad,Gachibowli,6,6,6.74,72
2026-07-19,17,Hyderabad,Gachibowli,9,9,5.97,108
2026-07-19,18,Hyderabad,Gachibowli,7,7,6.37,84
2026-07-19,19,Hyderabad,Gachibowli,8,8,5.97,96
2026-07-19,20,Hyderabad,Gachibowli,7,7,5.9,84
2026-07-20,7,Ahmedabad,Satellite,6,6,6.63,72
2026-07-20,8,Ahmedabad,Satellite,6,6,7.16,72
2026-07-20,9,Ahmedabad,Satellite,8,8,5.82,96
2026-07-20,10,Ahmedabad,Satellite,7,7,7.12,84
2026-07-20,11,Ahmedabad,Satellite,6,6,5.5,72
2026-07-20,12,Ahmedabad,Satellite,8,8,5.89,96
2026-07-20,13,Ahmedabad,Satellite,9,9,6.64,108
2026-07-20,14,Ahmedabad,Satellite,9,9,5.35,108
2026-07-20,15,Ahmedabad,Satellite,7,7,6.61,84
2026-07-20,16,Ahmedabad,Satellite,8,8,5.17,96
2026-07-20,17,Ahmedabad,Satellite,6,6,6.65,72
2026-07-20,18,Ahmedabad,Satellite,9,9,5.96,108
2026-07-20,19,Ahmedabad,Satellite,6,6,5.96,72
2026-07-20,20,Ahmedabad,Satellite,9,9,5.23,108
2026-07-20,7,Ahmedabad,Navrangpura,7,7,6.39,84
2026-07-20,8,Ahmedabad,Navrangpura,8,8,5.81,96
2026-07-20,9,Ahmedabad,Navrangpura,7,7,6.34,84
2026-07-20,10,Ahmedabad,Navrangpura,7,7,6.4,84
2026-07-20,11,Ahmedabad,Navrangpura,7,7,6.6,84
2026-07-20,12,Ahmedabad,Navrangpura,8,8,6.82,96
2026-07-20,13,Ahmedabad,Navrangpura,7,7,6.6,84
2026-07-20,14,Ahmedabad,Navrangpura,7,7,6.61,84
2026-07-20,15,Ahmedabad,Navrangpura,6,6,6.97,72
2026-07-20,16,Ahmedabad,Navrangpura,8,8,6.01,96
2026-07-20,17,Ahmedabad,Navrangpura,6,6,6.68,72
2026-07-20,18,Ahmedabad,Navrangpura,9,9,5.99,108
2026-07-20,19,Ahmedabad,Navrangpura,8,8,6.19,96
2026-07-20,20,Ahmedabad,Navrangpura,9,9,6.02,108
2026-07-20,7,Jaipur,C-Scheme,7,7,7.02,84
2026-07-20,8,Jaipur,C-Scheme,8,8,6.17,96
2026-07-20,9,Jaipur,C-Scheme,7,7,7.05,84
2026-07-20,10,Jaipur,C-Scheme,9,9,6.49,108
2026-07-20,11,Jaipur,C-Scheme,8,8,6.34,96
2026-07-20,12,Jaipur,C-Scheme,6,6,5.98,72
2026-07-20,13,Jaipur,C-Scheme,8,8,6.57,96
2026-07-20,14,Jaipur,C-Scheme,9,9,6.12,108
2026-07-20,15,Jaipur,C-Scheme,7,7,6.31,84
2026-07-20,16,Jaipur,C-Scheme,6,6,5.88,72
2026-07-20,17,Jaipur,C-Scheme,8,8,6.54,96
2026-07-20,18,Jaipur,C-Scheme,7,7,6.43,84
2026-07-20,19,Jaipur,C-Scheme,8,8,5.58,96
2026-07-20,20,Jaipur,C-Scheme,9,9,6.1,108
2026-07-20,7,Jaipur,Malviya Nagar,6,6,6.35,72
2026-07-20,8,Jaipur,Malviya Nagar,7,7,6.43,84
2026-07-20,9,Jaipur,Malviya Nagar,6,6,6.77,72
2026-07-20,10,Jaipur,Malviya Nagar,6,6,5.7,72
2026-07-20,11,Jaipur,Malviya Nagar,6,6,6.47,72
2026-07-20,12,Jaipur,Malviya Nagar,9,9,6.41,108
2026-07-20,13,Jaipur,Malviya Nagar,9,9,6.78,108
2026-07-20,14,Jaipur,Malviya Nagar,9,9,6.92,108
2026-07-20,15,Jaipur,Malviya Nagar,9,9,5.7,108
2026-07-20,16,Jaipur,Malviya Nagar,7,7,6.36,84
2026-07-20,17,Jaipur,Malviya Nagar,7,7,6.19,84
2026-07-20,18,Jaipur,Malviya Nagar,7,7,6.84,84
2026-07-20,19,Jaipur,Malviya Nagar,8,8,7.14,96
2026-07-20,20,Jaipur,Malviya Nagar,8,8,6.61,96
2026-07-20,7,Delhi,Connaught Place,8,8,6.67,96
2026-07-20,8,Delhi,Connaught Place,9,9,6.91,108
2026-07-20,9,Delhi,Connaught Place,6,6,6.27,72
2026-07-20,10,Delhi,Connaught Place,9,9,6.04,108
2026-07-20,11,Delhi,Connaught Place,7,7,5.32,84
2026-07-20,12,Delhi,Connaught Place,9,9,6.37,108
2026-07-20,13,Delhi,Connaught Place,9,9,6.17,108
2026-07-20,14,Delhi,Connaught Place,8,8,6.71,96
2026-07-20,15,Delhi,Connaught Place,8,8,7.06,96
2026-07-20,16,Delhi,Connaught Place,6,6,6.07,72
2026-07-20,17,Delhi,Connaught Place,9,9,5.8,108
2026-07-20,18,Delhi,Connaught Place,7,7,6.59,84
2026-07-20,19,Delhi,Connaught Place,6,6,6.06,72
2026-07-20,20,Delhi,Connaught Place,9,9,5.87,108
2026-07-20,7,Delhi,Saket,9,9,5.72,108
2026-07-20,8,Delhi,Saket,9,9,6.7,108
2026-07-20,9,Delhi,Saket,9,9,6.46,108
2026-07-20,10,Delhi,Saket,9,9,6.73,108
2026-07-20,11,Delhi,Saket,6,6,6.18,72
2026-07-20,12,Delhi,Saket,7,7,6.86,84
2026-07-20,13,Delhi,Saket,7,7,7.77,84
2026-07-20,14,Delhi,Saket,7,7,5.62,84
2026-07-20,15,Delhi,Saket,9,9,6.7,108
2026-07-20,16,Delhi,Saket,7,7,6.29,84
2026-07-20,17,Delhi,Saket,7,7,5.86,84
2026-07-20,18,Delhi,Saket,6,6,6.32,72
2026-07-20,19,Delhi,Saket,7,7,6.08,84
2026-07-20,20,Delhi,Saket,7,7,6.39,84
2026-07-20,7,Mumbai,Bandra,6,6,6.46,72
2026-07-20,11,Mumbai,Bandra,9,9,6.64,108
2026-07-20,12,Mumbai,Bandra,6,6,6.32,72
2026-07-20,15,Mumbai,Bandra,9,9,5.44,108
2026-07-20,16,Mumbai,Bandra,7,7,6.58,84
2026-07-20,18,Mumbai,Bandra,3,6,8.1,36
2026-07-20,20,Mumbai,Bandra,3,6,7.53,36
2026-07-20,7,Mumbai,Andheri,8,8,6.59,96
2026-07-20,8,Mumbai,Andheri,9,9,6.61,108
2026-07-20,9,Mumbai,Andheri,8,8,6.99,96
2026-07-20,10,Mumbai,Andheri,6,6,5.94,72
2026-07-20,11,Mumbai,Andheri,7,7,6.64,84
2026-07-20,12,Mumbai,Andheri,8,8,6.2,96
2026-07-20,13,Mumbai,Andheri,9,9,5.85,108
2026-07-20,14,Mumbai,Andheri,7,7,6.53,84
2026-07-20,15,Mumbai,Andheri,6,6,6.24,72
2026-07-20,16,Mumbai,Andheri,7,7,5.74,84
2026-07-20,17,Mumbai,Andheri,7,7,6.4,84
2026-07-20,18,Mumbai,Andheri,7,7,6.75,84
2026-07-20,19,Mumbai,Andheri,7,7,6.32,84
2026-07-20,20,Mumbai,Andheri,6,6,6.01,72
2026-07-20,7,Bengaluru,Indiranagar,8,8,6.68,96
2026-07-20,8,Bengaluru,Indiranagar,6,6,6.45,72
2026-07-20,9,Bengaluru,Indiranagar,6,6,6.31,72
2026-07-20,10,Bengaluru,Indiranagar,7,7,5.68,84
2026-07-20,11,Bengaluru,Indiranagar,8,8,6.75,96
2026-07-20,12,Bengaluru,Indiranagar,7,7,6.1,84
2026-07-20,13,Bengaluru,Indiranagar,8,8,6.63,96
2026-07-20,14,Bengaluru,Indiranagar,8,8,6.65,96
2026-07-20,15,Bengaluru,Indiranagar,7,7,6.13,84
2026-07-20,16,Bengaluru,Indiranagar,7,7,6.24,84
2026-07-20,17,Bengaluru,Indiranagar,9,9,5.45,108
2026-07-20,18,Bengaluru,Indiranagar,8,8,6.8,96
2026-07-20,19,Bengaluru,Indiranagar,9,9,6.27,108
2026-07-20,20,Bengaluru,Indiranagar,6,6,6.27,72
2026-07-20,7,Bengaluru,Koramangala,8,8,5.77,96
2026-07-20,8,Bengaluru,Koramangala,7,7,6.36,84
2026-07-20,9,Bengaluru,Koramangala,9,9,5.48,108
2026-07-20,10,Bengaluru,Koramangala,9,9,5.78,108
2026-07-20,11,Bengaluru,Koramangala,9,9,6.58,108
2026-07-20,12,Bengaluru,Koramangala,9,9,6.42,108
2026-07-20,13,Bengaluru,Koramangala,7,7,6.59,84
2026-07-20,14,Bengaluru,Koramangala,7,7,5.82,84
2026-07-20,15,Bengaluru,Koramangala,6,6,5.78,72
2026-07-20,16,Bengaluru,Koramangala,9,9,6.24,108
2026-07-20,17,Bengaluru,Koramangala,6,6,6.6,72
2026-07-20,18,Bengaluru,Koramangala,8,8,6.47,96
2026-07-20,19,Bengaluru,Koramangala,9,9,6.74,108
2026-07-20,20,Bengaluru,Koramangala,9,9,5.92,108
2026-07-20,7,Hyderabad,Banjara Hills,6,6,6.05,72
2026-07-20,8,Hyderabad,Banjara Hills,6,6,6.6,72
2026-07-20,9,Hyderabad,Banjara Hills,9,9,6.82,108
2026-07-20,10,Hyderabad,Banjara Hills,8,8,6.33,96
2026-07-20,11,Hyderabad,Banjara Hills,8,8,6.13,96
2026-07-20,12,Hyderabad,Banjara Hills,8,8,6.93,96
2026-07-20,13,Hyderabad,Banjara Hills,9,9,5.53,108
2026-07-20,14,Hyderabad,Banjara Hills,7,7,6.48,84
2026-07-20,15,Hyderabad,Banjara Hills,8,8,6.01,96
2026-07-20,16,Hyderabad,Banjara Hills,6,6,6.2,72
2026-07-20,17,Hyderabad,Banjara Hills,6,6,6.51,72
2026-07-20,18,Hyderabad,Banjara Hills,6,6,6.32,72
2026-07-20,19,Hyderabad,Banjara Hills,6,6,6.3,72
2026-07-20,20,Hyderabad,Banjara Hills,6,6,6.01,72
2026-07-20,7,Hyderabad,Gachibowli,8,8,6.66,96
2026-07-20,8,Hyderabad,Gachibowli,6,6,6.25,72
2026-07-20,9,Hyderabad,Gachibowli,9,9,6.71,108
2026-07-20,10,Hyderabad,Gachibowli,9,9,6.23,108
2026-07-20,11,Hyderabad,Gachibowli,6,6,6.89,72
2026-07-20,12,Hyderabad,Gachibowli,6,6,6.1,72
2026-07-20,13,Hyderabad,Gachibowli,9,9,6.84,108
2026-07-20,14,Hyderabad,Gachibowli,7,7,6.4,84
2026-07-20,15,Hyderabad,Gachibowli,9,9,6.39,108
2026-07-20,16,Hyderabad,Gachibowli,7,7,6.2,84
2026-07-20,17,Hyderabad,Gachibowli,7,7,6.51,84
2026-07-20,18,Hyderabad,Gachibowli,7,7,5.89,84
2026-07-20,19,Hyderabad,Gachibowli,9,9,6.17,108
2026-07-20,20,Hyderabad,Gachibowli,6,6,5.75,72
2026-07-21,7,Ahmedabad,Satellite,8,8,6.21,96
2026-07-21,8,Ahmedabad,Satellite,8,8,6.82,96
2026-07-21,9,Ahmedabad,Satellite,6,6,6.14,72
2026-07-21,10,Ahmedabad,Satellite,6,6,5.94,72
2026-07-21,11,Ahmedabad,Satellite,9,9,6.32,108
2026-07-21,12,Ahmedabad,Satellite,7,7,6.6,84
2026-07-21,13,Ahmedabad,Satellite,9,9,7.14,108
2026-07-21,14,Ahmedabad,Satellite,8,8,6.48,96
2026-07-21,15,Ahmedabad,Satellite,7,7,5.87,84
2026-07-21,16,Ahmedabad,Satellite,6,6,6.51,72
2026-07-21,17,Ahmedabad,Satellite,9,9,6.54,108
2026-07-21,18,Ahmedabad,Satellite,8,8,6.66,96
2026-07-21,19,Ahmedabad,Satellite,7,7,5.95,84
2026-07-21,20,Ahmedabad,Satellite,9,9,6.67,108
2026-07-21,7,Ahmedabad,Navrangpura,6,6,6.06,72
2026-07-21,8,Ahmedabad,Navrangpura,9,9,6.24,108
2026-07-21,9,Ahmedabad,Navrangpura,8,8,6.03,96
2026-07-21,10,Ahmedabad,Navrangpura,7,7,6.42,84
2026-07-21,11,Ahmedabad,Navrangpura,6,6,6.69,72
2026-07-21,12,Ahmedabad,Navrangpura,9,9,6.33,108
2026-07-21,13,Ahmedabad,Navrangpura,8,8,6.08,96
2026-07-21,14,Ahmedabad,Navrangpura,9,9,6.1,108
2026-07-21,15,Ahmedabad,Navrangpura,7,7,6.4,84
2026-07-21,16,Ahmedabad,Navrangpura,8,8,6.57,96
2026-07-21,17,Ahmedabad,Navrangpura,6,6,5.95,72
2026-07-21,18,Ahmedabad,Navrangpura,9,9,6.33,108
2026-07-21,19,Ahmedabad,Navrangpura,9,9,6.66,108
2026-07-21,20,Ahmedabad,Navrangpura,7,7,6.29,84
2026-07-21,7,Jaipur,C-Scheme,6,6,7.38,72
2026-07-21,8,Jaipur,C-Scheme,6,6,6.11,72
2026-07-21,9,Jaipur,C-Scheme,9,9,6.58,108
2026-07-21,10,Jaipur,C-Scheme,8,8,5.93,96
2026-07-21,11,Jaipur,C-Scheme,9,9,6.34,108
2026-07-21,12,Jaipur,C-Scheme,6,6,6.45,72
2026-07-21,13,Jaipur,C-Scheme,6,6,5.98,72
2026-07-21,14,Jaipur,C-Scheme,6,6,5.51,72
2026-07-21,15,Jaipur,C-Scheme,7,7,6.68,84
2026-07-21,16,Jaipur,C-Scheme,7,7,6.57,84
2026-07-21,17,Jaipur,C-Scheme,7,7,5.38,84
2026-07-21,18,Jaipur,C-Scheme,6,6,6.0,72
2026-07-21,19,Jaipur,C-Scheme,6,6,5.87,72
2026-07-21,20,Jaipur,C-Scheme,9,9,5.62,108
2026-07-21,7,Jaipur,Malviya Nagar,8,8,6.32,96
2026-07-21,8,Jaipur,Malviya Nagar,8,8,6.32,96
2026-07-21,9,Jaipur,Malviya Nagar,9,9,7.13,108
2026-07-21,10,Jaipur,Malviya Nagar,9,9,6.57,108
2026-07-21,11,Jaipur,Malviya Nagar,7,7,7.02,84
2026-07-21,12,Jaipur,Malviya Nagar,9,9,5.67,108
2026-07-21,13,Jaipur,Malviya Nagar,8,8,5.95,96
2026-07-21,14,Jaipur,Malviya Nagar,6,6,6.62,72
2026-07-21,15,Jaipur,Malviya Nagar,7,7,5.85,84
2026-07-21,16,Jaipur,Malviya Nagar,9,9,6.01,108
2026-07-21,17,Jaipur,Malviya Nagar,6,6,5.8,72
2026-07-21,18,Jaipur,Malviya Nagar,6,6,6.92,72
2026-07-21,19,Jaipur,Malviya Nagar,9,9,7.01,108
2026-07-21,20,Jaipur,Malviya Nagar,6,6,5.94,72
2026-07-21,7,Delhi,Connaught Place,6,6,6.39,72
2026-07-21,8,Delhi,Connaught Place,6,6,6.65,72
2026-07-21,9,Delhi,Connaught Place,9,9,6.69,108
2026-07-21,10,Delhi,Connaught Place,6,6,6.52,72
2026-07-21,11,Delhi,Connaught Place,8,8,6.59,96
2026-07-21,12,Delhi,Connaught Place,8,8,6.26,96
2026-07-21,13,Delhi,Connaught Place,6,6,6.58,72
2026-07-21,14,Delhi,Connaught Place,9,9,6.67,108
2026-07-21,15,Delhi,Connaught Place,8,8,6.16,96
2026-07-21,16,Delhi,Connaught Place,8,8,5.75,96
2026-07-21,17,Delhi,Connaught Place,8,8,6.2,96
2026-07-21,18,Delhi,Connaught Place,9,9,6.62,108
2026-07-21,19,Delhi,Connaught Place,6,6,6.87,72
2026-07-21,20,Delhi,Connaught Place,9,9,6.22,108
2026-07-21,7,Delhi,Saket,6,6,6.18,72
2026-07-21,8,Delhi,Saket,9,9,6.69,108
2026-07-21,9,Delhi,Saket,9,9,6.25,108
2026-07-21,10,Delhi,Saket,9,9,6.08,108
2026-07-21,11,Delhi,Saket,7,7,6.31,84
2026-07-21,12,Delhi,Saket,7,7,6.25,84
2026-07-21,13,Delhi,Saket,6,6,6.3,72
2026-07-21,14,Delhi,Saket,8,8,6.52,96
2026-07-21,15,Delhi,Saket,7,7,6.86,84
2026-07-21,16,Delhi,Saket,7,7,6.18,84
2026-07-21,17,Delhi,Saket,7,7,6.6,84
2026-07-21,18,Delhi,Saket,7,7,6.17,84
2026-07-21,19,Delhi,Saket,9,9,7.24,108
2026-07-21,20,Delhi,Saket,6,6,5.91,72
2026-07-21,10,Mumbai,Bandra,8,8,6.24,96
2026-07-21,11,Mumbai,Bandra,9,9,6.01,108
2026-07-21,12,Mumbai,Bandra,8,8,6.3,96
2026-07-21,13,Mumbai,Bandra,7,7,6.38,84
2026-07-21,15,Mumbai,Bandra,6,6,6.81,72
2026-07-21,16,Mumbai,Bandra,8,8,6.68,96
2026-07-21,19,Mumbai,Bandra,6,9,7.52,72
2026-07-21,20,Mumbai,Bandra,3,6,7.94,36
2026-07-21,7,Mumbai,Andheri,7,7,6.15,84
2026-07-21,8,Mumbai,Andheri,6,6,5.69,72
2026-07-21,9,Mumbai,Andheri,9,9,6.46,108
2026-07-21,10,Mumbai,Andheri,7,7,6.63,84
2026-07-21,11,Mumbai,Andheri,6,6,5.9,72
2026-07-21,12,Mumbai,Andheri,6,6,6.23,72
2026-07-21,13,Mumbai,Andheri,9,9,6.27,108
2026-07-21,14,Mumbai,Andheri,7,7,6.46,84
2026-07-21,15,Mumbai,Andheri,9,9,6.47,108
2026-07-21,16,Mumbai,Andheri,9,9,6.3,108
2026-07-21,17,Mumbai,Andheri,6,6,6.36,72
2026-07-21,18,Mumbai,Andheri,9,9,6.15,108
2026-07-21,19,Mumbai,Andheri,8,8,6.65,96
2026-07-21,20,Mumbai,Andheri,6,6,6.5,72
2026-07-21,7,Bengaluru,Indiranagar,7,7,5.91,84
2026-07-21,8,Bengaluru,Indiranagar,6,6,6.05,72
2026-07-21,9,Bengaluru,Indiranagar,7,7,6.08,84
2026-07-21,10,Bengaluru,Indiranagar,8,8,6.67,96
2026-07-21,11,Bengaluru,Indiranagar,8,8,6.13,96
2026-07-21,12,Bengaluru,Indiranagar,8,8,6.54,96
2026-07-21,13,Bengaluru,Indiranagar,6,6,6.29,72
2026-07-21,14,Bengaluru,Indiranagar,9,9,6.76,108
2026-07-21,15,Bengaluru,Indiranagar,7,7,6.32,84
2026-07-21,16,Bengaluru,Indiranagar,9,9,5.88,108
2026-07-21,17,Bengaluru,Indiranagar,8,8,5.76,96
2026-07-21,18,Bengaluru,Indiranagar,9,9,5.91,108
2026-07-21,19,Bengaluru,Indiranagar,7,7,6.18,84
2026-07-21,20,Bengaluru,Indiranagar,6,6,6.19,72
2026-07-21,7,Bengaluru,Koramangala,6,6,7.01,72
2026-07-21,8,Bengaluru,Koramangala,8,8,5.85,96
2026-07-21,9,Bengaluru,Koramangala,9,9,5.96,108
2026-07-21,10,Bengaluru,Koramangala,9,9,6.27,108
2026-07-21,11,Bengaluru,Koramangala,8,8,6.55,96
2026-07-21,12,Bengaluru,Koramangala,9,9,6.68,108
2026-07-21,13,Bengaluru,Koramangala,7,7,6.14,84
2026-07-21,14,Bengaluru,Koramangala,8,8,6.95,96
2026-07-21,15,Bengaluru,Koramangala,8,8,6.33,96
2026-07-21,16,Bengaluru,Koramangala,7,7,6.47,84
2026-07-21,17,Bengaluru,Koramangala,9,9,5.64,108
2026-07-21,18,Bengaluru,Koramangala,8,8,6.13,96
2026-07-21,19,Bengaluru,Koramangala,6,6,5.58,72
2026-07-21,20,Bengaluru,Koramangala,7,7,6.22,84
2026-07-21,7,Hyderabad,Banjara Hills,9,9,6.78,108
2026-07-21,8,Hyderabad,Banjara Hills,7,7,6.09,84
2026-07-21,9,Hyderabad,Banjara Hills,8,8,6.22,96
2026-07-21,10,Hyderabad,Banjara Hills,8,8,6.52,96
2026-07-21,11,Hyderabad,Banjara Hills,6,6,6.22,72
2026-07-21,12,Hyderabad,Banjara Hills,6,6,6.73,72
2026-07-21,13,Hyderabad,Banjara Hills,6,6,6.56,72
2026-07-21,14,Hyderabad,Banjara Hills,7,7,6.71,84
2026-07-21,15,Hyderabad,Banjara Hills,9,9,5.83,108
2026-07-21,16,Hyderabad,Banjara Hills,7,7,6.22,84
2026-07-21,17,Hyderabad,Banjara Hills,6,6,6.48,72
2026-07-21,18,Hyderabad,Banjara Hills,6,6,6.35,72
2026-07-21,19,Hyderabad,Banjara Hills,6,6,5.78,72
2026-07-21,20,Hyderabad,Banjara Hills,6,6,6.2,72
2026-07-21,7,Hyderabad,Gachibowli,6,6,6.55,72
2026-07-21,8,Hyderabad,Gachibowli,6,6,6.52,72
2026-07-21,9,Hyderabad,Gachibowli,7,7,6.29,84
2026-07-21,10,Hyderabad,Gachibowli,7,7,7.64,84
2026-07-21,11,Hyderabad,Gachibowli,7,7,6.43,84
2026-07-21,12,Hyderabad,Gachibowli,6,6,6.4,72
2026-07-21,13,Hyderabad,Gachibowli,9,9,6.35,108
2026-07-21,14,Hyderabad,Gachibowli,7,7,6.41,84
2026-07-21,15,Hyderabad,Gachibowli,7,7,6.38,84
2026-07-21,16,Hyderabad,Gachibowli,8,8,6.34,96
2026-07-21,17,Hyderabad,Gachibowli,9,9,6.25,108
2026-07-21,18,Hyderabad,Gachibowli,7,7,5.99,84
2026-07-21,19,Hyderabad,Gachibowli,7,7,6.33,84
2026-07-21,20,Hyderabad,Gachibowli,7,7,6.25,84
2026-07-22,7,Ahmedabad,Satellite,7,7,6.24,84
2026-07-22,8,Ahmedabad,Satellite,9,9,6.07,108
2026-07-22,9,Ahmedabad,Satellite,8,8,6.59,96
2026-07-22,10,Ahmedabad,Satellite,8,8,6.03,96
2026-07-22,11,Ahmedabad,Satellite,7,7,6.52,84
2026-07-22,12,Ahmedabad,Satellite,9,9,6.19,108
2026-07-22,13,Ahmedabad,Satellite,8,8,6.4,96
2026-07-22,14,Ahmedabad,Satellite,6,6,5.8,72
2026-07-22,15,Ahmedabad,Satellite,8,8,5.92,96
2026-07-22,16,Ahmedabad,Satellite,7,7,5.97,84
2026-07-22,17,Ahmedabad,Satellite,7,7,5.86,84
2026-07-22,18,Ahmedabad,Satellite,7,7,6.17,84
2026-07-22,19,Ahmedabad,Satellite,7,7,6.09,84
2026-07-22,20,Ahmedabad,Satellite,9,9,6.57,108
2026-07-22,7,Ahmedabad,Navrangpura,6,6,6.15,72
2026-07-22,8,Ahmedabad,Navrangpura,6,6,5.95,72
2026-07-22,9,Ahmedabad,Navrangpura,8,8,5.89,96
2026-07-22,10,Ahmedabad,Navrangpura,9,9,7.13,108
2026-07-22,11,Ahmedabad,Navrangpura,8,8,6.75,96
2026-07-22,12,Ahmedabad,Navrangpura,7,7,6.65,84
2026-07-22,13,Ahmedabad,Navrangpura,7,7,6.32,84
2026-07-22,14,Ahmedabad,Navrangpura,6,6,7.04,72
2026-07-22,15,Ahmedabad,Navrangpura,9,9,6.22,108
2026-07-22,16,Ahmedabad,Navrangpura,8,8,6.36,96
2026-07-22,17,Ahmedabad,Navrangpura,8,8,5.83,96
2026-07-22,18,Ahmedabad,Navrangpura,6,6,6.49,72
2026-07-22,19,Ahmedabad,Navrangpura,9,9,5.66,108
2026-07-22,20,Ahmedabad,Navrangpura,6,6,6.48,72
2026-07-22,7,Jaipur,C-Scheme,8,8,6.06,96
2026-07-22,8,Jaipur,C-Scheme,6,6,6.03,72
2026-07-22,9,Jaipur,C-Scheme,6,6,6.94,72
2026-07-22,10,Jaipur,C-Scheme,7,7,6.46,84
2026-07-22,11,Jaipur,C-Scheme,7,7,5.97,84
2026-07-22,12,Jaipur,C-Scheme,6,6,6.13,72
2026-07-22,13,Jaipur,C-Scheme,8,8,5.76,96
2026-07-22,14,Jaipur,C-Scheme,9,9,6.38,108
2026-07-22,15,Jaipur,C-Scheme,9,9,6.28,108
2026-07-22,16,Jaipur,C-Scheme,7,7,6.43,84
2026-07-22,17,Jaipur,C-Scheme,7,7,6.05,84
2026-07-22,18,Jaipur,C-Scheme,7,7,5.83,84
2026-07-22,19,Jaipur,C-Scheme,8,8,6.82,96
2026-07-22,20,Jaipur,C-Scheme,8,8,6.71,96
2026-07-22,7,Jaipur,Malviya Nagar,8,8,6.15,96
2026-07-22,8,Jaipur,Malviya Nagar,8,8,6.12,96
2026-07-22,9,Jaipur,Malviya Nagar,9,9,6.42,108
2026-07-22,10,Jaipur,Malviya Nagar,7,7,6.72,84
2026-07-22,11,Jaipur,Malviya Nagar,6,6,5.97,72
2026-07-22,12,Jaipur,Malviya Nagar,9,9,6.56,108
2026-07-22,13,Jaipur,Malviya Nagar,8,8,6.17,96
2026-07-22,14,Jaipur,Malviya Nagar,6,6,5.89,72
2026-07-22,15,Jaipur,Malviya Nagar,7,7,7.15,84
2026-07-22,16,Jaipur,Malviya Nagar,8,8,6.41,96
2026-07-22,17,Jaipur,Malviya Nagar,7,7,6.28,84
2026-07-22,18,Jaipur,Malviya Nagar,7,7,6.24,84
2026-07-22,19,Jaipur,Malviya Nagar,6,6,6.31,72
2026-07-22,20,Jaipur,Malviya Nagar,8,8,6.57,96
2026-07-22,7,Delhi,Connaught Place,8,8,5.0,96
2026-07-22,8,Delhi,Connaught Place,8,8,6.41,96
2026-07-22,9,Delhi,Connaught Place,8,8,6.0,96
2026-07-22,10,Delhi,Connaught Place,9,9,6.0,108
2026-07-22,11,Delhi,Connaught Place,9,9,6.14,108
2026-07-22,12,Delhi,Connaught Place,7,7,6.67,84
2026-07-22,13,Delhi,Connaught Place,6,6,6.19,72
2026-07-22,14,Delhi,Connaught Place,7,7,6.09,84
2026-07-22,15,Delhi,Connaught Place,6,6,6.24,72
2026-07-22,16,Delhi,Connaught Place,7,7,5.6,84
2026-07-22,17,Delhi,Connaught Place,9,9,6.59,108
2026-07-22,18,Delhi,Connaught Place,9,9,6.11,108
2026-07-22,19,Delhi,Connaught Place,9,9,6.23,108
2026-07-22,20,Delhi,Connaught Place,6,6,6.06,72
2026-07-22,7,Delhi,Saket,7,7,5.43,84
2026-07-22,8,Delhi,Saket,7,7,6.11,84
2026-07-22,9,Delhi,Saket,9,9,6.22,108
2026-07-22,10,Delhi,Saket,6,6,6.21,72
2026-07-22,11,Delhi,Saket,6,6,6.91,72
2026-07-22,12,Delhi,Saket,7,7,6.09,84
2026-07-22,13,Delhi,Saket,8,8,5.61,96
2026-07-22,14,Delhi,Saket,6,6,6.1,72
2026-07-22,15,Delhi,Saket,8,8,6.68,96
2026-07-22,16,Delhi,Saket,9,9,6.26,108
2026-07-22,17,Delhi,Saket,6,6,6.89,72
2026-07-22,18,Delhi,Saket,6,6,5.95,72
2026-07-22,19,Delhi,Saket,7,7,6.83,84
2026-07-22,20,Delhi,Saket,6,6,6.38,72
2026-07-22,10,Mumbai,Bandra,6,6,6.27,72
2026-07-22,11,Mumbai,Bandra,7,7,6.23,84
2026-07-22,12,Mumbai,Bandra,8,8,6.71,96
2026-07-22,13,Mumbai,Bandra,9,9,5.63,108
2026-07-22,19,Mumbai,Bandra,5,8,8.37,60
2026-07-22,20,Mumbai,Bandra,3,6,8.31,36
2026-07-22,7,Mumbai,Andheri,9,9,6.23,108
2026-07-22,8,Mumbai,Andheri,8,8,6.14,96
2026-07-22,9,Mumbai,Andheri,6,6,6.02,72
2026-07-22,10,Mumbai,Andheri,9,9,6.43,108
2026-07-22,11,Mumbai,Andheri,8,8,6.62,96
2026-07-22,12,Mumbai,Andheri,8,8,5.74,96
2026-07-22,13,Mumbai,Andheri,8,8,6.15,96
2026-07-22,14,Mumbai,Andheri,9,9,5.89,108
2026-07-22,15,Mumbai,Andheri,6,6,5.78,72
2026-07-22,16,Mumbai,Andheri,9,9,6.77,108
2026-07-22,17,Mumbai,Andheri,6,6,6.94,72
2026-07-22,18,Mumbai,Andheri,6,6,6.51,72
2026-07-22,19,Mumbai,Andheri,9,9,7.14,108
2026-07-22,20,Mumbai,Andheri,8,8,6.41,96
2026-07-22,7,Bengaluru,Indiranagar,8,8,6.27,96
2026-07-22,8,Bengaluru,Indiranagar,8,8,6.49,96
2026-07-22,9,Bengaluru,Indiranagar,6,6,5.95,72
2026-07-22,10,Bengaluru,Indiranagar,7,7,6.21,84
2026-07-22,11,Bengaluru,Indiranagar,8,8,6.53,96
2026-07-22,12,Bengaluru,Indiranagar,9,9,6.54,108
2026-07-22,13,Bengaluru,Indiranagar,8,8,6.08,96
2026-07-22,14,Bengaluru,Indiranagar,8,8,6.06,96
2026-07-22,15,Bengaluru,Indiranagar,7,7,6.54,84
2026-07-22,16,Bengaluru,Indiranagar,7,7,6.05,84
2026-07-22,17,Bengaluru,Indiranagar,8,8,6.4,96
2026-07-22,18,Bengaluru,Indiranagar,6,6,6.3,72
2026-07-22,19,Bengaluru,Indiranagar,7,7,5.94,84
2026-07-22,20,Bengaluru,Indiranagar,7,7,6.41,84
2026-07-22,7,Bengaluru,Koramangala,6,6,6.27,72
2026-07-22,8,Bengaluru,Koramangala,9,9,6.76,108
2026-07-22,9,Bengaluru,Koramangala,7,7,6.07,84
2026-07-22,10,Bengaluru,Koramangala,6,6,6.24,72
2026-07-22,11,Bengaluru,Koramangala,6,6,6.18,72
2026-07-22,12,Bengaluru,Koramangala,8,8,6.32,96
2026-07-22,13,Bengaluru,Koramangala,9,9,6.39,108
2026-07-22,14,Bengaluru,Koramangala,8,8,6.15,96
2026-07-22,15,Bengaluru,Koramangala,9,9,6.3,108
2026-07-22,16,Bengaluru,Koramangala,8,8,6.56,96
2026-07-22,17,Bengaluru,Koramangala,6,6,5.71,72
2026-07-22,18,Bengaluru,Koramangala,8,8,7.01,96
2026-07-22,19,Bengaluru,Koramangala,6,6,6.67,72
2026-07-22,20,Bengaluru,Koramangala,6,6,6.0,72
2026-07-22,7,Hyderabad,Banjara Hills,9,9,5.77,108
2026-07-22,8,Hyderabad,Banjara Hills,7,7,6.17,84
2026-07-22,9,Hyderabad,Banjara Hills,6,6,6.31,72
2026-07-22,10,Hyderabad,Banjara Hills,7,7,6.2,84
2026-07-22,11,Hyderabad,Banjara Hills,9,9,6.3,108
2026-07-22,12,Hyderabad,Banjara Hills,7,7,6.41,84
2026-07-22,13,Hyderabad,Banjara Hills,7,7,6.3,84
2026-07-22,14,Hyderabad,Banjara Hills,8,8,6.02,96
2026-07-22,15,Hyderabad,Banjara Hills,8,8,6.59,96
2026-07-22,16,Hyderabad,Banjara Hills,7,7,6.42,84
2026-07-22,17,Hyderabad,Banjara Hills,8,8,6.89,96
2026-07-22,18,Hyderabad,Banjara Hills,9,9,6.84,108
2026-07-22,19,Hyderabad,Banjara Hills,7,7,6.04,84
2026-07-22,20,Hyderabad,Banjara Hills,9,9,6.47,108
2026-07-22,7,Hyderabad,Gachibowli,8,8,6.65,96
2026-07-22,8,Hyderabad,Gachibowli,8,8,6.47,96
2026-07-22,9,Hyderabad,Gachibowli,6,6,6.89,72
2026-07-22,10,Hyderabad,Gachibowli,8,8,5.87,96
2026-07-22,11,Hyderabad,Gachibowli,8,8,5.53,96
2026-07-22,12,Hyderabad,Gachibowli,8,8,5.44,96
2026-07-22,13,Hyderabad,Gachibowli,6,6,5.82,72
2026-07-22,14,Hyderabad,Gachibowli,7,7,6.96,84
2026-07-22,15,Hyderabad,Gachibowli,6,6,6.19,72
2026-07-22,16,Hyderabad,Gachibowli,8,8,6.17,96
2026-07-22,17,Hyderabad,Gachibowli,9,9,6.99,108
2026-07-22,18,Hyderabad,Gachibowli,8,8,5.93,96
2026-07-22,19,Hyderabad,Gachibowli,7,7,6.18,84
2026-07-22,20,Hyderabad,Gachibowli,8,8,6.47,96
2026-07-23,7,Ahmedabad,Satellite,8,8,6.48,96
2026-07-23,8,Ahmedabad,Satellite,7,7,7.08,84
2026-07-23,9,Ahmedabad,Satellite,6,6,6.12,72
2026-07-23,10,Ahmedabad,Satellite,8,8,5.75,96
2026-07-23,11,Ahmedabad,Satellite,6,6,6.18,72
2026-07-23,12,Ahmedabad,Satellite,9,9,6.01,108
2026-07-23,13,Ahmedabad,Satellite,9,9,6.36,108
2026-07-23,14,Ahmedabad,Satellite,8,8,6.42,96
2026-07-23,15,Ahmedabad,Satellite,9,9,6.21,108
2026-07-23,16,Ahmedabad,Satellite,7,7,6.16,84
2026-07-23,17,Ahmedabad,Satellite,7,7,6.47,84
2026-07-23,18,Ahmedabad,Satellite,9,9,5.53,108
2026-07-23,19,Ahmedabad,Satellite,7,7,5.95,84
2026-07-23,20,Ahmedabad,Satellite,9,9,6.16,108
2026-07-23,7,Ahmedabad,Navrangpura,9,9,6.16,108
2026-07-23,8,Ahmedabad,Navrangpura,6,6,6.41,72
2026-07-23,9,Ahmedabad,Navrangpura,7,7,5.83,84
2026-07-23,10,Ahmedabad,Navrangpura,6,6,6.46,72
2026-07-23,11,Ahmedabad,Navrangpura,6,6,6.1,72
2026-07-23,12,Ahmedabad,Navrangpura,8,8,6.3,96
2026-07-23,13,Ahmedabad,Navrangpura,8,8,5.94,96
2026-07-23,14,Ahmedabad,Navrangpura,6,6,6.41,72
2026-07-23,15,Ahmedabad,Navrangpura,8,8,6.06,96
2026-07-23,16,Ahmedabad,Navrangpura,7,7,7.37,84
2026-07-23,17,Ahmedabad,Navrangpura,6,6,5.79,72
2026-07-23,18,Ahmedabad,Navrangpura,9,9,6.81,108
2026-07-23,19,Ahmedabad,Navrangpura,6,6,6.43,72
2026-07-23,20,Ahmedabad,Navrangpura,6,6,5.93,72
2026-07-23,7,Jaipur,C-Scheme,9,9,6.68,108
2026-07-23,8,Jaipur,C-Scheme,9,9,6.2,108
2026-07-23,9,Jaipur,C-Scheme,8,8,5.89,96
2026-07-23,10,Jaipur,C-Scheme,9,9,5.68,108
2026-07-23,11,Jaipur,C-Scheme,6,6,7.46,72
2026-07-23,12,Jaipur,C-Scheme,7,7,6.63,84
2026-07-23,13,Jaipur,C-Scheme,8,8,6.53,96
2026-07-23,14,Jaipur,C-Scheme,9,9,6.11,108
2026-07-23,15,Jaipur,C-Scheme,6,6,6.48,72
2026-07-23,16,Jaipur,C-Scheme,8,8,6.45,96
2026-07-23,17,Jaipur,C-Scheme,8,8,5.79,96
2026-07-23,18,Jaipur,C-Scheme,8,8,5.95,96
2026-07-23,19,Jaipur,C-Scheme,9,9,6.7,108
2026-07-23,20,Jaipur,C-Scheme,7,7,5.78,84
2026-07-23,7,Jaipur,Malviya Nagar,8,8,6.22,96
2026-07-23,8,Jaipur,Malviya Nagar,6,6,5.67,72
2026-07-23,9,Jaipur,Malviya Nagar,8,8,6.52,96
2026-07-23,10,Jaipur,Malviya Nagar,7,7,5.71,84
2026-07-23,11,Jaipur,Malviya Nagar,8,8,6.49,96
2026-07-23,12,Jaipur,Malviya Nagar,7,7,6.44,84
2026-07-23,13,Jaipur,Malviya Nagar,7,7,5.86,84
2026-07-23,14,Jaipur,Malviya Nagar,8,8,6.04,96
2026-07-23,15,Jaipur,Malviya Nagar,8,8,6.04,96
2026-07-23,16,Jaipur,Malviya Nagar,7,7,6.38,84
2026-07-23,17,Jaipur,Malviya Nagar,9,9,6.48,108
2026-07-23,18,Jaipur,Malviya Nagar,6,6,6.51,72
2026-07-23,19,Jaipur,Malviya Nagar,7,7,6.33,84
2026-07-23,20,Jaipur,Malviya Nagar,9,9,5.69,108
2026-07-23,7,Delhi,Connaught Place,8,8,6.06,96
2026-07-23,8,Delhi,Connaught Place,7,7,7.42,84
2026-07-23,9,Delhi,Connaught Place,6,6,6.86,72
2026-07-23,10,Delhi,Connaught Place,9,9,6.54,108
2026-07-23,11,Delhi,Connaught Place,8,8,6.66,96
2026-07-23,12,Delhi,Connaught Place,9,9,6.04,108
2026-07-23,13,Delhi,Connaught Place,8,8,6.77,96
2026-07-23,14,Delhi,Connaught Place,7,7,6.58,84
2026-07-23,15,Delhi,Connaught Place,6,6,6.37,72
2026-07-23,16,Delhi,Connaught Place,8,8,6.98,96
2026-07-23,17,Delhi,Connaught Place,6,6,7.15,72
2026-07-23,18,Delhi,Connaught Place,8,8,6.53,96
2026-07-23,19,Delhi,Connaught Place,7,7,5.83,84
2026-07-23,20,Delhi,Connaught Place,9,9,5.98,108
2026-07-23,7,Delhi,Saket,6,6,6.26,72
2026-07-23,8,Delhi,Saket,8,8,5.79,96
2026-07-23,9,Delhi,Saket,6,6,6.34,72
2026-07-23,10,Delhi,Saket,8,8,6.33,96
2026-07-23,11,Delhi,Saket,9,9,5.24,108
2026-07-23,12,Delhi,Saket,8,8,5.83,96
2026-07-23,13,Delhi,Saket,8,8,5.41,96
2026-07-23,14,Delhi,Saket,8,8,6.95,96
2026-07-23,15,Delhi,Saket,7,7,5.76,84
2026-07-23,16,Delhi,Saket,9,9,6.87,108
2026-07-23,17,Delhi,Saket,6,6,6.35,72
2026-07-23,18,Delhi,Saket,6,6,6.44,72
2026-07-23,19,Delhi,Saket,8,8,6.34,96
2026-07-23,20,Delhi,Saket,7,7,5.68,84
2026-07-23,7,Mumbai,Bandra,8,8,6.47,96
2026-07-23,8,Mumbai,Bandra,9,9,6.77,108
2026-07-23,9,Mumbai,Bandra,6,6,6.01,72
2026-07-23,11,Mumbai,Bandra,9,9,5.36,108
2026-07-23,12,Mumbai,Bandra,7,7,6.38,84
2026-07-23,13,Mumbai,Bandra,6,6,6.25,72
2026-07-23,14,Mumbai,Bandra,6,6,6.52,72
2026-07-23,17,Mumbai,Bandra,9,9,5.91,108
2026-07-23,19,Mumbai,Bandra,3,6,7.78,36
2026-07-23,20,Mumbai,Bandra,4,7,8.58,48
2026-07-23,7,Mumbai,Andheri,8,8,6.2,96
2026-07-23,8,Mumbai,Andheri,7,7,7.24,84
2026-07-23,9,Mumbai,Andheri,6,6,6.01,72
2026-07-23,10,Mumbai,Andheri,6,6,6.07,72
2026-07-23,11,Mumbai,Andheri,9,9,6.82,108
2026-07-23,12,Mumbai,Andheri,8,8,5.9,96
2026-07-23,13,Mumbai,Andheri,7,7,6.59,84
2026-07-23,14,Mumbai,Andheri,8,8,5.63,96
2026-07-23,15,Mumbai,Andheri,7,7,6.27,84
2026-07-23,16,Mumbai,Andheri,6,6,6.29,72
2026-07-23,17,Mumbai,Andheri,9,9,6.44,108
2026-07-23,18,Mumbai,Andheri,8,8,6.52,96
2026-07-23,19,Mumbai,Andheri,9,9,6.96,108
2026-07-23,20,Mumbai,Andheri,8,8,6.44,96
2026-07-23,7,Bengaluru,Indiranagar,7,7,6.95,84
2026-07-23,8,Bengaluru,Indiranagar,9,9,6.09,108
2026-07-23,9,Bengaluru,Indiranagar,6,6,6.11,72
2026-07-23,10,Bengaluru,Indiranagar,8,8,6.55,96
2026-07-23,11,Bengaluru,Indiranagar,7,7,6.13,84
2026-07-23,12,Bengaluru,Indiranagar,7,7,6.24,84
2026-07-23,13,Bengaluru,Indiranagar,9,9,6.73,108
2026-07-23,14,Bengaluru,Indiranagar,6,6,5.8,72
2026-07-23,15,Bengaluru,Indiranagar,7,7,6.34,84
2026-07-23,16,Bengaluru,Indiranagar,6,6,6.25,72
2026-07-23,17,Bengaluru,Indiranagar,6,6,5.7,72
2026-07-23,18,Bengaluru,Indiranagar,7,7,6.53,84
2026-07-23,19,Bengaluru,Indiranagar,9,9,6.1,108
2026-07-23,20,Bengaluru,Indiranagar,8,8,5.76,96
2026-07-23,7,Bengaluru,Koramangala,9,9,6.07,108
2026-07-23,8,Bengaluru,Koramangala,9,9,6.96,108
2026-07-23,9,Bengaluru,Koramangala,7,7,6.48,84
2026-07-23,10,Bengaluru,Koramangala,7,7,5.86,84
2026-07-23,11,Bengaluru,Koramangala,9,9,6.96,108
2026-07-23,12,Bengaluru,Koramangala,8,8,6.65,96
2026-07-23,13,Bengaluru,Koramangala,9,9,6.11,108
2026-07-23,14,Bengaluru,Koramangala,9,9,6.34,108
2026-07-23,15,Bengaluru,Koramangala,8,8,7.31,96
2026-07-23,16,Bengaluru,Koramangala,8,8,6.11,96
2026-07-23,17,Bengaluru,Koramangala,8,8,6.06,96
2026-07-23,18,Bengaluru,Koramangala,8,8,6.39,96
2026-07-23,19,Bengaluru,Koramangala,6,6,6.35,72
2026-07-23,20,Bengaluru,Koramangala,7,7,6.21,84
2026-07-23,7,Hyderabad,Banjara Hills,8,8,6.78,96
2026-07-23,8,Hyderabad,Banjara Hills,8,8,6.24,96
2026-07-23,9,Hyderabad,Banjara Hills,8,8,5.36,96
2026-07-23,10,Hyderabad,Banjara Hills,7,7,6.25,84
2026-07-23,11,Hyderabad,Banjara Hills,6,6,5.57,72
2026-07-23,12,Hyderabad,Banjara Hills,8,8,6.7,96
2026-07-23,13,Hyderabad,Banjara Hills,8,8,7.06,96
2026-07-23,14,Hyderabad,Banjara Hills,6,6,6.87,72
2026-07-23,15,Hyderabad,Banjara Hills,7,7,6.85,84
2026-07-23,16,Hyderabad,Banjara Hills,7,7,6.94,84
2026-07-23,17,Hyderabad,Banjara Hills,9,9,5.89,108
2026-07-23,18,Hyderabad,Banjara Hills,6,6,5.44,72
2026-07-23,19,Hyderabad,Banjara Hills,6,6,5.91,72
2026-07-23,20,Hyderabad,Banjara Hills,6,6,6.46,72
2026-07-23,7,Hyderabad,Gachibowli,6,6,5.99,72
2026-07-23,8,Hyderabad,Gachibowli,7,7,6.08,84
2026-07-23,9,Hyderabad,Gachibowli,9,9,6.08,108
2026-07-23,10,Hyderabad,Gachibowli,6,6,6.01,72
2026-07-23,11,Hyderabad,Gachibowli,9,9,6.34,108
2026-07-23,12,Hyderabad,Gachibowli,7,7,5.87,84
2026-07-23,13,Hyderabad,Gachibowli,7,7,6.24,84
2026-07-23,14,Hyderabad,Gachibowli,8,8,6.9,96
2026-07-23,15,Hyderabad,Gachibowli,7,7,6.33,84
2026-07-23,16,Hyderabad,Gachibowli,9,9,6.1,108
2026-07-23,17,Hyderabad,Gachibowli,9,9,6.31,108
2026-07-23,18,Hyderabad,Gachibowli,6,6,6.64,72
2026-07-23,19,Hyderabad,Gachibowli,6,6,6.01,72
2026-07-23,20,Hyderabad,Gachibowli,8,8,6.55,96
2026-07-24,7,Ahmedabad,Satellite,9,9,6.48,108
2026-07-24,8,Ahmedabad,Satellite,9,9,6.13,108
2026-07-24,9,Ahmedabad,Satellite,6,6,6.07,72
2026-07-24,10,Ahmedabad,Satellite,8,8,6.06,96
2026-07-24,11,Ahmedabad,Satellite,7,7,6.26,84
2026-07-24,12,Ahmedabad,Satellite,6,6,6.0,72
2026-07-24,13,Ahmedabad,Satellite,8,8,6.32,96
2026-07-24,14,Ahmedabad,Satellite,6,6,6.37,72
2026-07-24,15,Ahmedabad,Satellite,8,8,6.33,96
2026-07-24,16,Ahmedabad,Satellite,6,6,6.2,72
2026-07-24,17,Ahmedabad,Satellite,7,7,6.12,84
2026-07-24,18,Ahmedabad,Satellite,9,9,6.45,108
2026-07-24,19,Ahmedabad,Satellite,7,7,6.58,84
2026-07-24,20,Ahmedabad,Satellite,8,8,6.08,96
2026-07-24,7,Ahmedabad,Navrangpura,9,9,5.84,108
2026-07-24,8,Ahmedabad,Navrangpura,8,8,5.81,96
2026-07-24,9,Ahmedabad,Navrangpura,8,8,6.9,96
2026-07-24,10,Ahmedabad,Navrangpura,8,8,6.04,96
2026-07-24,11,Ahmedabad,Navrangpura,9,9,6.45,108
2026-07-24,12,Ahmedabad,Navrangpura,6,6,5.85,72
2026-07-24,13,Ahmedabad,Navrangpura,9,9,6.13,108
2026-07-24,14,Ahmedabad,Navrangpura,9,9,6.19,108
2026-07-24,15,Ahmedabad,Navrangpura,9,9,6.55,108
2026-07-24,16,Ahmedabad,Navrangpura,9,9,5.8,108
2026-07-24,17,Ahmedabad,Navrangpura,9,9,5.59,108
2026-07-24,18,Ahmedabad,Navrangpura,7,7,7.34,84
2026-07-24,19,Ahmedabad,Navrangpura,6,6,6.77,72
2026-07-24,20,Ahmedabad,Navrangpura,6,6,6.09,72
2026-07-24,7,Jaipur,C-Scheme,7,7,6.31,84
2026-07-24,8,Jaipur,C-Scheme,6,6,6.17,72
2026-07-24,9,Jaipur,C-Scheme,6,6,6.63,72
2026-07-24,10,Jaipur,C-Scheme,8,8,6.06,96
2026-07-24,11,Jaipur,C-Scheme,8,8,5.82,96
2026-07-24,12,Jaipur,C-Scheme,6,6,5.39,72
2026-07-24,13,Jaipur,C-Scheme,9,9,6.3,108
2026-07-24,14,Jaipur,C-Scheme,8,8,5.84,96
2026-07-24,15,Jaipur,C-Scheme,8,8,6.29,96
2026-07-24,16,Jaipur,C-Scheme,6,6,6.05,72
2026-07-24,17,Jaipur,C-Scheme,6,6,6.15,72
2026-07-24,18,Jaipur,C-Scheme,9,9,6.4,108
2026-07-24,19,Jaipur,C-Scheme,8,8,6.2,96
2026-07-24,20,Jaipur,C-Scheme,6,6,6.07,72
2026-07-24,7,Jaipur,Malviya Nagar,8,8,5.55,96
2026-07-24,8,Jaipur,Malviya Nagar,7,7,6.28,84
2026-07-24,9,Jaipur,Malviya Nagar,7,7,6.23,84
2026-07-24,10,Jaipur,Malviya Nagar,7,7,7.06,84
2026-07-24,11,Jaipur,Malviya Nagar,6,6,6.24,72
2026-07-24,12,Jaipur,Malviya Nagar,8,8,6.5,96
2026-07-24,13,Jaipur,Malviya Nagar,8,8,6.4,96
2026-07-24,14,Jaipur,Malviya Nagar,6,6,5.41,72
2026-07-24,15,Jaipur,Malviya Nagar,9,9,5.95,108
2026-07-24,16,Jaipur,Malviya Nagar,7,7,5.53,84
2026-07-24,17,Jaipur,Malviya Nagar,9,9,6.89,108
2026-07-24,18,Jaipur,Malviya Nagar,7,7,5.94,84
2026-07-24,19,Jaipur,Malviya Nagar,6,6,6.36,72
2026-07-24,20,Jaipur,Malviya Nagar,8,8,5.95,96
2026-07-24,7,Delhi,Connaught Place,9,9,6.01,108
2026-07-24,8,Delhi,Connaught Place,9,9,6.14,108
2026-07-24,9,Delhi,Connaught Place,9,9,6.63,108
2026-07-24,10,Delhi,Connaught Place,7,7,6.78,84
2026-07-24,11,Delhi,Connaught Place,6,6,6.29,72
2026-07-24,12,Delhi,Connaught Place,9,9,6.55,108
2026-07-24,13,Delhi,Connaught Place,9,9,6.99,108
2026-07-24,14,Delhi,Connaught Place,8,8,5.77,96
2026-07-24,15,Delhi,Connaught Place,8,8,6.25,96
2026-07-24,16,Delhi,Connaught Place,8,8,5.85,96
2026-07-24,17,Delhi,Connaught Place,7,7,7.25,84
2026-07-24,18,Delhi,Connaught Place,6,6,6.22,72
2026-07-24,19,Delhi,Connaught Place,6,6,6.11,72
2026-07-24,20,Delhi,Connaught Place,9,9,6.18,108
2026-07-24,7,Delhi,Saket,7,7,5.79,84
2026-07-24,8,Delhi,Saket,6,6,7.04,72
2026-07-24,9,Delhi,Saket,7,7,6.32,84
2026-07-24,10,Delhi,Saket,7,7,5.98,84
2026-07-24,11,Delhi,Saket,8,8,5.7,96
2026-07-24,12,Delhi,Saket,8,8,5.99,96
2026-07-24,13,Delhi,Saket,8,8,6.82,96
2026-07-24,14,Delhi,Saket,8,8,5.64,96
2026-07-24,15,Delhi,Saket,7,7,5.48,84
2026-07-24,16,Delhi,Saket,8,8,5.94,96
2026-07-24,17,Delhi,Saket,7,7,6.69,84
2026-07-24,18,Delhi,Saket,6,6,6.21,72
2026-07-24,19,Delhi,Saket,9,9,6.42,108
2026-07-24,20,Delhi,Saket,6,6,6.12,72
2026-07-24,7,Mumbai,Bandra,7,7,6.06,84
2026-07-24,8,Mumbai,Bandra,7,7,6.47,84
2026-07-24,10,Mumbai,Bandra,8,8,6.37,96
2026-07-24,17,Mumbai,Bandra,8,8,6.6,96
2026-07-24,7,Mumbai,Andheri,9,9,6.72,108
2026-07-24,8,Mumbai,Andheri,9,9,6.64,108
2026-07-24,9,Mumbai,Andheri,7,7,6.23,84
2026-07-24,10,Mumbai,Andheri,7,7,6.4,84
2026-07-24,11,Mumbai,Andheri,8,8,5.64,96
2026-07-24,12,Mumbai,Andheri,7,7,5.79,84
2026-07-24,13,Mumbai,Andheri,6,6,5.82,72
2026-07-24,14,Mumbai,Andheri,7,7,6.32,84
2026-07-24,15,Mumbai,Andheri,7,7,6.24,84
2026-07-24,16,Mumbai,Andheri,9,9,6.17,108
2026-07-24,17,Mumbai,Andheri,9,9,6.31,108
2026-07-24,18,Mumbai,Andheri,6,6,6.05,72
2026-07-24,19,Mumbai,Andheri,7,7,6.15,84
2026-07-24,20,Mumbai,Andheri,6,6,6.32,72
2026-07-24,7,Bengaluru,Indiranagar,9,9,6.49,108
2026-07-24,8,Bengaluru,Indiranagar,6,6,6.03,72
2026-07-24,9,Bengaluru,Indiranagar,8,8,6.51,96
2026-07-24,10,Bengaluru,Indiranagar,8,8,6.14,96
2026-07-24,11,Bengaluru,Indiranagar,8,8,6.77,96
2026-07-24,12,Bengaluru,Indiranagar,9,9,5.91,108
2026-07-24,13,Bengaluru,Indiranagar,6,6,6.74,72
2026-07-24,14,Bengaluru,Indiranagar,7,7,6.5,84
2026-07-24,15,Bengaluru,Indiranagar,6,6,6.77,72
2026-07-24,16,Bengaluru,Indiranagar,9,9,7.17,108
2026-07-24,17,Bengaluru,Indiranagar,9,9,5.95,108
2026-07-24,18,Bengaluru,Indiranagar,9,9,6.63,108
2026-07-24,19,Bengaluru,Indiranagar,8,8,5.98,96
2026-07-24,20,Bengaluru,Indiranagar,9,9,6.49,108
2026-07-24,7,Bengaluru,Koramangala,9,9,6.34,108
2026-07-24,8,Bengaluru,Koramangala,6,6,6.67,72
2026-07-24,9,Bengaluru,Koramangala,6,6,7.3,72
2026-07-24,10,Bengaluru,Koramangala,8,8,6.4,96
2026-07-24,11,Bengaluru,Koramangala,9,9,5.98,108
2026-07-24,12,Bengaluru,Koramangala,8,8,6.31,96
2026-07-24,13,Bengaluru,Koramangala,6,6,5.55,72
2026-07-24,14,Bengaluru,Koramangala,6,6,5.66,72
2026-07-24,15,Bengaluru,Koramangala,6,6,6.48,72
2026-07-24,16,Bengaluru,Koramangala,9,9,5.88,108
2026-07-24,17,Bengaluru,Koramangala,7,7,5.86,84
2026-07-24,18,Bengaluru,Koramangala,9,9,6.4,108
2026-07-24,19,Bengaluru,Koramangala,9,9,6.34,108
2026-07-24,20,Bengaluru,Koramangala,9,9,6.66,108
2026-07-24,7,Hyderabad,Banjara Hills,6,6,6.58,72
2026-07-24,8,Hyderabad,Banjara Hills,7,7,6.53,84
2026-07-24,9,Hyderabad,Banjara Hills,9,9,6.75,108
2026-07-24,10,Hyderabad,Banjara Hills,7,7,5.88,84
2026-07-24,11,Hyderabad,Banjara Hills,7,7,6.16,84
2026-07-24,12,Hyderabad,Banjara Hills,7,7,6.44,84
2026-07-24,13,Hyderabad,Banjara Hills,7,7,6.24,84
2026-07-24,14,Hyderabad,Banjara Hills,9,9,6.95,108
2026-07-24,15,Hyderabad,Banjara Hills,6,6,6.3,72
2026-07-24,16,Hyderabad,Banjara Hills,9,9,5.85,108
2026-07-24,17,Hyderabad,Banjara Hills,8,8,6.01,96
2026-07-24,18,Hyderabad,Banjara Hills,6,6,6.32,72
2026-07-24,19,Hyderabad,Banjara Hills,8,8,6.82,96
2026-07-24,20,Hyderabad,Banjara Hills,9,9,6.33,108
2026-07-24,7,Hyderabad,Gachibowli,6,6,6.63,72
2026-07-24,8,Hyderabad,Gachibowli,8,8,5.8,96
2026-07-24,9,Hyderabad,Gachibowli,9,9,6.37,108
2026-07-24,10,Hyderabad,Gachibowli,9,9,5.6,108
2026-07-24,11,Hyderabad,Gachibowli,7,7,5.97,84
2026-07-24,12,Hyderabad,Gachibowli,8,8,5.84,96
2026-07-24,13,Hyderabad,Gachibowli,6,6,6.51,72
2026-07-24,14,Hyderabad,Gachibowli,7,7,6.6,84
2026-07-24,15,Hyderabad,Gachibowli,6,6,6.29,72
2026-07-24,16,Hyderabad,Gachibowli,6,6,6.36,72
2026-07-24,17,Hyderabad,Gachibowli,7,7,6.43,84
2026-07-24,18,Hyderabad,Gachibowli,8,8,6.46,96
2026-07-24,19,Hyderabad,Gachibowli,7,7,6.67,84
2026-07-24,20,Hyderabad,Gachibowli,6,6,6.51,72
2026-07-25,7,Ahmedabad,Satellite,6,6,6.31,72
2026-07-25,8,Ahmedabad,Satellite,7,7,6.06,84
2026-07-25,9,Ahmedabad,Satellite,8,8,6.26,96
2026-07-25,10,Ahmedabad,Satellite,8,8,5.87,96
2026-07-25,11,Ahmedabad,Satellite,9,9,5.84,108
2026-07-25,12,Ahmedabad,Satellite,8,8,6.44,96
2026-07-25,13,Ahmedabad,Satellite,9,9,5.59,108
2026-07-25,14,Ahmedabad,Satellite,9,9,6.04,108
2026-07-25,15,Ahmedabad,Satellite,7,7,6.55,84
2026-07-25,16,Ahmedabad,Satellite,6,6,6.48,72
2026-07-25,17,Ahmedabad,Satellite,9,9,6.41,108
2026-07-25,18,Ahmedabad,Satellite,6,6,6.29,72
2026-07-25,19,Ahmedabad,Satellite,9,9,6.1,108
2026-07-25,20,Ahmedabad,Satellite,6,6,6.11,72
2026-07-25,7,Ahmedabad,Navrangpura,9,9,5.77,108
2026-07-25,8,Ahmedabad,Navrangpura,7,7,6.22,84
2026-07-25,9,Ahmedabad,Navrangpura,7,7,6.18,84
2026-07-25,10,Ahmedabad,Navrangpura,6,6,5.66,72
2026-07-25,11,Ahmedabad,Navrangpura,9,9,7.13,108
2026-07-25,12,Ahmedabad,Navrangpura,7,7,6.71,84
2026-07-25,13,Ahmedabad,Navrangpura,8,8,6.55,96
2026-07-25,14,Ahmedabad,Navrangpura,7,7,6.41,84
2026-07-25,15,Ahmedabad,Navrangpura,8,8,5.93,96
2026-07-25,16,Ahmedabad,Navrangpura,9,9,6.58,108
2026-07-25,17,Ahmedabad,Navrangpura,6,6,6.11,72
2026-07-25,18,Ahmedabad,Navrangpura,9,9,6.51,108
2026-07-25,19,Ahmedabad,Navrangpura,6,6,6.05,72
2026-07-25,20,Ahmedabad,Navrangpura,8,8,6.61,96
2026-07-25,7,Jaipur,C-Scheme,8,8,6.21,96
2026-07-25,8,Jaipur,C-Scheme,7,7,6.16,84
2026-07-25,9,Jaipur,C-Scheme,8,8,5.57,96
2026-07-25,10,Jaipur,C-Scheme,7,7,6.0,84
2026-07-25,11,Jaipur,C-Scheme,8,8,6.3,96
2026-07-25,12,Jaipur,C-Scheme,6,6,6.74,72
2026-07-25,13,Jaipur,C-Scheme,6,6,6.1,72
2026-07-25,14,Jaipur,C-Scheme,9,9,6.02,108
2026-07-25,15,Jaipur,C-Scheme,8,8,7.1,96
2026-07-25,16,Jaipur,C-Scheme,7,7,6.33,84
2026-07-25,17,Jaipur,C-Scheme,7,7,5.46,84
2026-07-25,18,Jaipur,C-Scheme,6,6,5.83,72
2026-07-25,19,Jaipur,C-Scheme,9,9,6.1,108
2026-07-25,20,Jaipur,C-Scheme,6,6,6.35,72
2026-07-25,7,Jaipur,Malviya Nagar,8,8,6.54,96
2026-07-25,8,Jaipur,Malviya Nagar,7,7,5.55,84
2026-07-25,9,Jaipur,Malviya Nagar,7,7,6.26,84
2026-07-25,10,Jaipur,Malviya Nagar,8,8,6.04,96
2026-07-25,11,Jaipur,Malviya Nagar,7,7,6.34,84
2026-07-25,12,Jaipur,Malviya Nagar,8,8,6.0,96
2026-07-25,13,Jaipur,Malviya Nagar,7,7,6.52,84
2026-07-25,14,Jaipur,Malviya Nagar,8,8,6.33,96
2026-07-25,15,Jaipur,Malviya Nagar,6,6,5.43,72
2026-07-25,16,Jaipur,Malviya Nagar,8,8,6.07,96
2026-07-25,17,Jaipur,Malviya Nagar,7,7,5.95,84
2026-07-25,18,Jaipur,Malviya Nagar,7,7,5.9,84
2026-07-25,19,Jaipur,Malviya Nagar,8,8,6.29,96
2026-07-25,20,Jaipur,Malviya Nagar,9,9,6.09,108
2026-07-25,7,Delhi,Connaught Place,7,7,6.41,84
2026-07-25,8,Delhi,Connaught Place,8,8,5.94,96
2026-07-25,9,Delhi,Connaught Place,9,9,6.46,108
2026-07-25,10,Delhi,Connaught Place,6,6,5.93,72
2026-07-25,11,Delhi,Connaught Place,6,6,6.47,72
2026-07-25,12,Delhi,Connaught Place,7,7,6.52,84
2026-07-25,13,Delhi,Connaught Place,8,8,6.75,96
2026-07-25,14,Delhi,Connaught Place,8,8,5.34,96
2026-07-25,15,Delhi,Connaught Place,8,8,6.71,96
2026-07-25,16,Delhi,Connaught Place,8,8,6.9,96
2026-07-25,17,Delhi,Connaught Place,7,7,5.57,84
2026-07-25,18,Delhi,Connaught Place,9,9,6.37,108
2026-07-25,19,Delhi,Connaught Place,8,8,6.36,96
2026-07-25,20,Delhi,Connaught Place,9,9,6.28,108
2026-07-25,7,Delhi,Saket,6,6,6.15,72
2026-07-25,8,Delhi,Saket,9,9,6.21,108
2026-07-25,9,Delhi,Saket,8,8,5.53,96
2026-07-25,10,Delhi,Saket,9,9,6.53,108
2026-07-25,11,Delhi,Saket,6,6,5.98,72
2026-07-25,12,Delhi,Saket,9,9,6.23,108
2026-07-25,13,Delhi,Saket,6,6,6.11,72
2026-07-25,14,Delhi,Saket,8,8,6.5,96
2026-07-25,15,Delhi,Saket,8,8,6.73,96
2026-07-25,16,Delhi,Saket,7,7,6.72,84
2026-07-25,17,Delhi,Saket,7,7,7.44,84
2026-07-25,18,Delhi,Saket,8,8,6.92,96
2026-07-25,19,Delhi,Saket,8,8,6.35,96
2026-07-25,20,Delhi,Saket,7,7,5.51,84
2026-07-25,11,Mumbai,Bandra,6,6,5.91,72
2026-07-25,12,Mumbai,Bandra,8,8,7.36,96
2026-07-25,13,Mumbai,Bandra,8,8,5.83,96
2026-07-25,14,Mumbai,Bandra,6,6,6.17,72
2026-07-25,17,Mumbai,Bandra,9,9,6.57,108
2026-07-25,18,Mumbai,Bandra,4,7,8.69,48
2026-07-25,7,Mumbai,Andheri,6,6,5.41,72
2026-07-25,8,Mumbai,Andheri,8,8,6.25,96
2026-07-25,9,Mumbai,Andheri,8,8,6.49,96
2026-07-25,10,Mumbai,Andheri,6,6,5.67,72
2026-07-25,11,Mumbai,Andheri,7,7,6.2,84
2026-07-25,12,Mumbai,Andheri,7,7,6.13,84
2026-07-25,13,Mumbai,Andheri,9,9,6.21,108
2026-07-25,14,Mumbai,Andheri,6,6,6.34,72
2026-07-25,15,Mumbai,Andheri,9,9,6.73,108
2026-07-25,16,Mumbai,Andheri,6,6,6.76,72
2026-07-25,17,Mumbai,Andheri,7,7,7.44,84
2026-07-25,18,Mumbai,Andheri,7,7,5.99,84
2026-07-25,19,Mumbai,Andheri,7,7,5.92,84
2026-07-25,20,Mumbai,Andheri,9,9,6.61,108
2026-07-25,7,Bengaluru,Indiranagar,7,7,5.9,84
2026-07-25,8,Bengaluru,Indiranagar,9,9,6.25,108
2026-07-25,9,Bengaluru,Indiranagar,8,8,5.97,96
2026-07-25,10,Bengaluru,Indiranagar,6,6,6.46,72
2026-07-25,11,Bengaluru,Indiranagar,7,7,6.28,84
2026-07-25,12,Bengaluru,Indiranagar,6,6,5.61,72
2026-07-25,13,Bengaluru,Indiranagar,8,8,6.3,96
2026-07-25,14,Bengaluru,Indiranagar,9,9,6.74,108
2026-07-25,15,Bengaluru,Indiranagar,6,6,6.33,72
2026-07-25,16,Bengaluru,Indiranagar,6,6,6.45,72
2026-07-25,17,Bengaluru,Indiranagar,9,9,6.92,108
2026-07-25,18,Bengaluru,Indiranagar,9,9,6.15,108
2026-07-25,19,Bengaluru,Indiranagar,6,6,6.82,72
2026-07-25,20,Bengaluru,Indiranagar,8,8,6.4,96
2026-07-25,7,Bengaluru,Koramangala,6,6,6.47,72
2026-07-25,8,Bengaluru,Koramangala,6,6,6.55,72
2026-07-25,9,Bengaluru,Koramangala,7,7,6.67,84
2026-07-25,10,Bengaluru,Koramangala,9,9,5.79,108
2026-07-25,11,Bengaluru,Koramangala,6,6,6.62,72
2026-07-25,12,Bengaluru,Koramangala,7,7,6.55,84
2026-07-25,13,Bengaluru,Koramangala,7,7,6.25,84
2026-07-25,14,Bengaluru,Koramangala,8,8,5.81,96
2026-07-25,15,Bengaluru,Koramangala,7,7,6.14,84
2026-07-25,16,Bengaluru,Koramangala,8,8,6.77,96
2026-07-25,17,Bengaluru,Koramangala,9,9,6.46,108
2026-07-25,18,Bengaluru,Koramangala,6,6,6.3,72
2026-07-25,19,Bengaluru,Koramangala,6,6,6.77,72
2026-07-25,20,Bengaluru,Koramangala,6,6,6.75,72
2026-07-25,7,Hyderabad,Banjara Hills,6,6,6.41,72
2026-07-25,8,Hyderabad,Banjara Hills,9,9,6.26,108
2026-07-25,9,Hyderabad,Banjara Hills,9,9,6.43,108
2026-07-25,10,Hyderabad,Banjara Hills,9,9,5.19,108
2026-07-25,11,Hyderabad,Banjara Hills,8,8,6.39,96
2026-07-25,12,Hyderabad,Banjara Hills,9,9,6.24,108
2026-07-25,13,Hyderabad,Banjara Hills,8,8,6.24,96
2026-07-25,14,Hyderabad,Banjara Hills,6,6,5.69,72
2026-07-25,15,Hyderabad,Banjara Hills,6,6,6.2,72
2026-07-25,16,Hyderabad,Banjara Hills,7,7,5.47,84
2026-07-25,17,Hyderabad,Banjara Hills,6,6,6.66,72
2026-07-25,18,Hyderabad,Banjara Hills,6,6,6.37,72
2026-07-25,19,Hyderabad,Banjara Hills,6,6,6.03,72
2026-07-25,20,Hyderabad,Banjara Hills,7,7,6.19,84
2026-07-25,7,Hyderabad,Gachibowli,8,8,5.8,96
2026-07-25,8,Hyderabad,Gachibowli,7,7,6.27,84
2026-07-25,9,Hyderabad,Gachibowli,7,7,6.68,84
2026-07-25,10,Hyderabad,Gachibowli,7,7,6.73,84
2026-07-25,11,Hyderabad,Gachibowli,9,9,6.01,108
2026-07-25,12,Hyderabad,Gachibowli,9,9,6.13,108
2026-07-25,13,Hyderabad,Gachibowli,8,8,6.4,96
2026-07-25,14,Hyderabad,Gachibowli,8,8,6.49,96
2026-07-25,15,Hyderabad,Gachibowli,9,9,6.92,108
2026-07-25,16,Hyderabad,Gachibowli,6,6,6.32,72
2026-07-25,17,Hyderabad,Gachibowli,9,9,5.66,108
2026-07-25,18,Hyderabad,Gachibowli,9,9,6.95,108
2026-07-25,19,Hyderabad,Gachibowli,7,7,6.38,84
2026-07-25,20,Hyderabad,Gachibowli,7,7,6.48,84
2026-07-26,7,Ahmedabad,Satellite,7,7,6.47,84
2026-07-26,8,Ahmedabad,Satellite,6,6,6.15,72
2026-07-26,9,Ahmedabad,Satellite,9,9,6.09,108
2026-07-26,10,Ahmedabad,Satellite,9,9,5.94,108
2026-07-26,11,Ahmedabad,Satellite,7,7,6.2,84
2026-07-26,12,Ahmedabad,Satellite,8,8,6.81,96
2026-07-26,13,Ahmedabad,Satellite,7,7,5.75,84
2026-07-26,14,Ahmedabad,Satellite,6,6,6.41,72
2026-07-26,15,Ahmedabad,Satellite,9,9,6.84,108
2026-07-26,16,Ahmedabad,Satellite,8,8,6.04,96
2026-07-26,17,Ahmedabad,Satellite,9,9,6.73,108
2026-07-26,18,Ahmedabad,Satellite,6,6,5.79,72
2026-07-26,19,Ahmedabad,Satellite,9,9,6.0,108
2026-07-26,20,Ahmedabad,Satellite,9,9,5.84,108
2026-07-26,7,Ahmedabad,Navrangpura,6,6,6.63,72
2026-07-26,8,Ahmedabad,Navrangpura,8,8,6.27,96
2026-07-26,9,Ahmedabad,Navrangpura,7,7,5.42,84
2026-07-26,10,Ahmedabad,Navrangpura,6,6,6.03,72
2026-07-26,11,Ahmedabad,Navrangpura,8,8,5.76,96
2026-07-26,12,Ahmedabad,Navrangpura,8,8,6.81,96
2026-07-26,13,Ahmedabad,Navrangpura,6,6,6.38,72
2026-07-26,14,Ahmedabad,Navrangpura,7,7,6.14,84
2026-07-26,15,Ahmedabad,Navrangpura,9,9,6.48,108
2026-07-26,16,Ahmedabad,Navrangpura,8,8,6.06,96
2026-07-26,17,Ahmedabad,Navrangpura,6,6,5.35,72
2026-07-26,18,Ahmedabad,Navrangpura,8,8,6.82,96
2026-07-26,19,Ahmedabad,Navrangpura,6,6,6.74,72
2026-07-26,20,Ahmedabad,Navrangpura,9,9,6.55,108
2026-07-26,7,Jaipur,C-Scheme,8,8,6.07,96
2026-07-26,8,Jaipur,C-Scheme,8,8,5.75,96
2026-07-26,9,Jaipur,C-Scheme,7,7,6.35,84
2026-07-26,10,Jaipur,C-Scheme,9,9,6.11,108
2026-07-26,11,Jaipur,C-Scheme,8,8,6.42,96
2026-07-26,12,Jaipur,C-Scheme,9,9,6.56,108
2026-07-26,13,Jaipur,C-Scheme,8,8,6.69,96
2026-07-26,14,Jaipur,C-Scheme,7,7,6.3,84
2026-07-26,15,Jaipur,C-Scheme,8,8,6.69,96
2026-07-26,16,Jaipur,C-Scheme,6,6,6.57,72
2026-07-26,17,Jaipur,C-Scheme,8,8,6.58,96
2026-07-26,18,Jaipur,C-Scheme,7,7,6.74,84
2026-07-26,19,Jaipur,C-Scheme,8,8,6.38,96
2026-07-26,20,Jaipur,C-Scheme,9,9,6.58,108
2026-07-26,7,Jaipur,Malviya Nagar,9,9,6.91,108
2026-07-26,8,Jaipur,Malviya Nagar,9,9,5.63,108
2026-07-26,9,Jaipur,Malviya Nagar,8,8,6.14,96
2026-07-26,10,Jaipur,Malviya Nagar,6,6,6.04,72
2026-07-26,11,Jaipur,Malviya Nagar,8,8,5.85,96
2026-07-26,12,Jaipur,Malviya Nagar,9,9,7.16,108
2026-07-26,13,Jaipur,Malviya Nagar,8,8,5.92,96
2026-07-26,14,Jaipur,Malviya Nagar,9,9,5.88,108
2026-07-26,15,Jaipur,Malviya Nagar,7,7,6.71,84
2026-07-26,16,Jaipur,Malviya Nagar,8,8,6.51,96
2026-07-26,17,Jaipur,Malviya Nagar,7,7,5.97,84
2026-07-26,18,Jaipur,Malviya Nagar,6,6,6.56,72
2026-07-26,19,Jaipur,Malviya Nagar,9,9,6.39,108
2026-07-26,20,Jaipur,Malviya Nagar,9,9,6.74,108
2026-07-26,7,Delhi,Connaught Place,9,9,7.1,108
2026-07-26,8,Delhi,Connaught Place,6,6,6.24,72
2026-07-26,9,Delhi,Connaught Place,8,8,6.02,96
2026-07-26,10,Delhi,Connaught Place,6,6,6.34,72
2026-07-26,11,Delhi,Connaught Place,7,7,5.48,84
2026-07-26,12,Delhi,Connaught Place,9,9,6.34,108
2026-07-26,13,Delhi,Connaught Place,6,6,6.56,72
2026-07-26,14,Delhi,Connaught Place,6,6,5.87,72
2026-07-26,15,Delhi,Connaught Place,7,7,6.51,84
2026-07-26,16,Delhi,Connaught Place,6,6,6.38,72
2026-07-26,17,Delhi,Connaught Place,6,6,5.57,72
2026-07-26,18,Delhi,Connaught Place,9,9,6.1,108
2026-07-26,19,Delhi,Connaught Place,7,7,6.17,84
2026-07-26,20,Delhi,Connaught Place,6,6,6.27,72
2026-07-26,7,Delhi,Saket,8,8,6.89,96
2026-07-26,8,Delhi,Saket,8,8,6.2,96
2026-07-26,9,Delhi,Saket,9,9,7.33,108
2026-07-26,10,Delhi,Saket,7,7,5.75,84
2026-07-26,11,Delhi,Saket,6,6,5.96,72
2026-07-26,12,Delhi,Saket,9,9,6.02,108
2026-07-26,13,Delhi,Saket,8,8,6.08,96
2026-07-26,14,Delhi,Saket,6,6,6.69,72
2026-07-26,15,Delhi,Saket,8,8,6.8,96
2026-07-26,16,Delhi,Saket,7,7,6.74,84
2026-07-26,17,Delhi,Saket,8,8,6.35,96
2026-07-26,18,Delhi,Saket,7,7,6.41,84
2026-07-26,19,Delhi,Saket,6,6,5.6,72
2026-07-26,20,Delhi,Saket,7,7,6.59,84
2026-07-26,8,Mumbai,Bandra,8,8,6.05,96
2026-07-26,10,Mumbai,Bandra,8,8,5.62,96
2026-07-26,11,Mumbai,Bandra,8,8,6.87,96
2026-07-26,14,Mumbai,Bandra,6,6,6.14,72
2026-07-26,17,Mumbai,Bandra,7,7,6.08,84
2026-07-26,20,Mumbai,Bandra,3,6,8.04,36
2026-07-26,7,Mumbai,Andheri,7,7,5.86,84
2026-07-26,8,Mumbai,Andheri,6,6,6.47,72
2026-07-26,9,Mumbai,Andheri,9,9,6.38,108
2026-07-26,10,Mumbai,Andheri,9,9,6.03,108
2026-07-26,11,Mumbai,Andheri,9,9,6.95,108
2026-07-26,12,Mumbai,Andheri,6,6,6.72,72
2026-07-26,13,Mumbai,Andheri,9,9,5.88,108
2026-07-26,14,Mumbai,Andheri,8,8,6.51,96
2026-07-26,15,Mumbai,Andheri,7,7,5.92,84
2026-07-26,16,Mumbai,Andheri,6,6,5.95,72
2026-07-26,17,Mumbai,Andheri,8,8,5.78,96
2026-07-26,18,Mumbai,Andheri,6,6,5.99,72
2026-07-26,19,Mumbai,Andheri,8,8,6.6,96
2026-07-26,20,Mumbai,Andheri,7,7,6.02,84
2026-07-26,7,Bengaluru,Indiranagar,6,6,6.0,72
2026-07-26,8,Bengaluru,Indiranagar,7,7,6.76,84
2026-07-26,9,Bengaluru,Indiranagar,8,8,5.74,96
2026-07-26,10,Bengaluru,Indiranagar,8,8,5.72,96
2026-07-26,11,Bengaluru,Indiranagar,9,9,6.61,108
2026-07-26,12,Bengaluru,Indiranagar,8,8,6.8,96
2026-07-26,13,Bengaluru,Indiranagar,6,6,6.21,72
2026-07-26,14,Bengaluru,Indiranagar,7,7,7.27,84
2026-07-26,15,Bengaluru,Indiranagar,7,7,6.07,84
2026-07-26,16,Bengaluru,Indiranagar,7,7,6.29,84
2026-07-26,17,Bengaluru,Indiranagar,8,8,6.51,96
2026-07-26,18,Bengaluru,Indiranagar,7,7,6.05,84
2026-07-26,19,Bengaluru,Indiranagar,6,6,6.18,72
2026-07-26,20,Bengaluru,Indiranagar,7,7,6.01,84
2026-07-26,7,Bengaluru,Koramangala,9,9,7.02,108
2026-07-26,8,Bengaluru,Koramangala,6,6,6.14,72
2026-07-26,9,Bengaluru,Koramangala,9,9,6.17,108
2026-07-26,10,Bengaluru,Koramangala,8,8,6.27,96
2026-07-26,11,Bengaluru,Koramangala,7,7,6.11,84
2026-07-26,12,Bengaluru,Koramangala,6,6,6.76,72
2026-07-26,13,Bengaluru,Koramangala,7,7,6.22,84
2026-07-26,14,Bengaluru,Koramangala,8,8,6.03,96
2026-07-26,15,Bengaluru,Koramangala,8,8,6.24,96
2026-07-26,16,Bengaluru,Koramangala,8,8,5.8,96
2026-07-26,17,Bengaluru,Koramangala,6,6,6.01,72
2026-07-26,18,Bengaluru,Koramangala,8,8,6.65,96
2026-07-26,19,Bengaluru,Koramangala,7,7,6.15,84
2026-07-26,20,Bengaluru,Koramangala,6,6,6.76,72
2026-07-26,7,Hyderabad,Banjara Hills,9,9,6.54,108
2026-07-26,8,Hyderabad,Banjara Hills,8,8,5.94,96
2026-07-26,9,Hyderabad,Banjara Hills,8,8,6.3,96
2026-07-26,10,Hyderabad,Banjara Hills,8,8,6.4,96
2026-07-26,11,Hyderabad,Banjara Hills,6,6,6.82,72
2026-07-26,12,Hyderabad,Banjara Hills,7,7,6.62,84
2026-07-26,13,Hyderabad,Banjara Hills,8,8,5.94,96
2026-07-26,14,Hyderabad,Banjara Hills,7,7,6.11,84
2026-07-26,15,Hyderabad,Banjara Hills,6,6,5.79,72
2026-07-26,16,Hyderabad,Banjara Hills,8,8,5.95,96
2026-07-26,17,Hyderabad,Banjara Hills,7,7,5.81,84
2026-07-26,18,Hyderabad,Banjara Hills,9,9,6.28,108
2026-07-26,19,Hyderabad,Banjara Hills,8,8,5.85,96
2026-07-26,20,Hyderabad,Banjara Hills,8,8,6.91,96
2026-07-26,7,Hyderabad,Gachibowli,9,9,6.75,108
2026-07-26,8,Hyderabad,Gachibowli,9,9,5.4,108
2026-07-26,9,Hyderabad,Gachibowli,7,7,5.82,84
2026-07-26,10,Hyderabad,Gachibowli,9,9,6.04,108
2026-07-26,11,Hyderabad,Gachibowli,7,7,6.16,84
2026-07-26,12,Hyderabad,Gachibowli,9,9,5.86,108
2026-07-26,13,Hyderabad,Gachibowli,6,6,6.16,72
2026-07-26,14,Hyderabad,Gachibowli,6,6,6.36,72
2026-07-26,15,Hyderabad,Gachibowli,8,8,5.95,96
2026-07-26,16,Hyderabad,Gachibowli,9,9,5.98,108
2026-07-26,17,Hyderabad,Gachibowli,9,9,6.21,108
2026-07-26,18,Hyderabad,Gachibowli,9,9,5.88,108
2026-07-26,19,Hyderabad,Gachibowli,8,8,6.33,96
2026-07-26,20,Hyderabad,Gachibowli,8,8,6.53,96
2026-07-27,7,Ahmedabad,Satellite,8,8,6.27,96
2026-07-27,8,Ahmedabad,Satellite,8,8,6.47,96
2026-07-27,9,Ahmedabad,Satellite,6,6,6.65,72
2026-07-27,10,Ahmedabad,Satellite,9,9,6.31,108
2026-07-27,11,Ahmedabad,Satellite,9,9,5.86,108
2026-07-27,12,Ahmedabad,Satellite,9,9,6.26,108
2026-07-27,13,Ahmedabad,Satellite,8,8,6.6,96
2026-07-27,14,Ahmedabad,Satellite,7,7,6.19,84
2026-07-27,15,Ahmedabad,Satellite,7,7,5.96,84
2026-07-27,16,Ahmedabad,Satellite,6,6,6.29,72
2026-07-27,17,Ahmedabad,Satellite,9,9,6.24,108
2026-07-27,18,Ahmedabad,Satellite,9,9,6.08,108
2026-07-27,19,Ahmedabad,Satellite,8,8,6.16,96
2026-07-27,20,Ahmedabad,Satellite,7,7,5.95,84
2026-07-27,7,Ahmedabad,Navrangpura,6,6,6.86,72
2026-07-27,8,Ahmedabad,Navrangpura,8,8,5.75,96
2026-07-27,9,Ahmedabad,Navrangpura,8,8,5.61,96
2026-07-27,10,Ahmedabad,Navrangpura,8,8,6.14,96
2026-07-27,11,Ahmedabad,Navrangpura,6,6,5.67,72
2026-07-27,12,Ahmedabad,Navrangpura,7,7,6.12,84
2026-07-27,13,Ahmedabad,Navrangpura,6,6,6.35,72
2026-07-27,14,Ahmedabad,Navrangpura,6,6,6.44,72
2026-07-27,15,Ahmedabad,Navrangpura,7,7,6.42,84
2026-07-27,16,Ahmedabad,Navrangpura,9,9,6.06,108
2026-07-27,17,Ahmedabad,Navrangpura,6,6,5.38,72
2026-07-27,18,Ahmedabad,Navrangpura,9,9,6.18,108
2026-07-27,19,Ahmedabad,Navrangpura,6,6,6.84,72
2026-07-27,20,Ahmedabad,Navrangpura,6,6,6.33,72
2026-07-27,7,Jaipur,C-Scheme,8,8,6.45,96
2026-07-27,8,Jaipur,C-Scheme,8,8,6.8,96
2026-07-27,9,Jaipur,C-Scheme,6,6,5.74,72
2026-07-27,10,Jaipur,C-Scheme,6,6,5.66,72
2026-07-27,11,Jaipur,C-Scheme,7,7,6.39,84
2026-07-27,12,Jaipur,C-Scheme,9,9,6.2,108
2026-07-27,13,Jaipur,C-Scheme,7,7,6.37,84
2026-07-27,14,Jaipur,C-Scheme,7,7,6.38,84
2026-07-27,15,Jaipur,C-Scheme,7,7,5.86,84
2026-07-27,16,Jaipur,C-Scheme,9,9,5.59,108
2026-07-27,17,Jaipur,C-Scheme,8,8,5.76,96
2026-07-27,18,Jaipur,C-Scheme,6,6,5.74,72
2026-07-27,19,Jaipur,C-Scheme,9,9,5.39,108
2026-07-27,20,Jaipur,C-Scheme,7,7,6.49,84
2026-07-27,7,Jaipur,Malviya Nagar,7,7,6.69,84
2026-07-27,8,Jaipur,Malviya Nagar,6,6,6.41,72
2026-07-27,9,Jaipur,Malviya Nagar,8,8,7.01,96
2026-07-27,10,Jaipur,Malviya Nagar,6,6,6.18,72
2026-07-27,11,Jaipur,Malviya Nagar,9,9,6.81,108
2026-07-27,12,Jaipur,Malviya Nagar,9,9,5.96,108
2026-07-27,13,Jaipur,Malviya Nagar,6,6,6.05,72
2026-07-27,14,Jaipur,Malviya Nagar,7,7,6.48,84
2026-07-27,15,Jaipur,Malviya Nagar,8,8,6.87,96
2026-07-27,16,Jaipur,Malviya Nagar,6,6,6.51,72
2026-07-27,17,Jaipur,Malviya Nagar,7,7,5.35,84
2026-07-27,18,Jaipur,Malviya Nagar,8,8,5.88,96
2026-07-27,19,Jaipur,Malviya Nagar,8,8,6.23,96
2026-07-27,20,Jaipur,Malviya Nagar,6,6,5.61,72
2026-07-27,7,Delhi,Connaught Place,7,7,6.57,84
2026-07-27,8,Delhi,Connaught Place,6,6,6.51,72
2026-07-27,9,Delhi,Connaught Place,6,6,6.75,72
2026-07-27,10,Delhi,Connaught Place,8,8,6.02,96
2026-07-27,11,Delhi,Connaught Place,8,8,6.35,96
2026-07-27,12,Delhi,Connaught Place,6,6,6.25,72
2026-07-27,13,Delhi,Connaught Place,6,6,6.16,72
2026-07-27,14,Delhi,Connaught Place,7,7,6.31,84
2026-07-27,15,Delhi,Connaught Place,7,7,6.59,84
2026-07-27,16,Delhi,Connaught Place,6,6,6.09,72
2026-07-27,17,Delhi,Connaught Place,6,6,6.07,72
2026-07-27,18,Delhi,Connaught Place,8,8,6.67,96
2026-07-27,19,Delhi,Connaught Place,9,9,6.37,108
2026-07-27,20,Delhi,Connaught Place,7,7,6.33,84
2026-07-27,7,Delhi,Saket,9,9,6.09,108
2026-07-27,8,Delhi,Saket,9,9,6.39,108
2026-07-27,9,Delhi,Saket,7,7,6.77,84
2026-07-27,10,Delhi,Saket,9,9,6.12,108
2026-07-27,11,Delhi,Saket,6,6,5.63,72
2026-07-27,12,Delhi,Saket,8,8,6.56,96
2026-07-27,13,Delhi,Saket,9,9,6.69,108
2026-07-27,14,Delhi,Saket,9,9,6.71,108
2026-07-27,15,Delhi,Saket,7,7,6.63,84
2026-07-27,16,Delhi,Saket,6,6,6.54,72
2026-07-27,17,Delhi,Saket,8,8,5.56,96
2026-07-27,18,Delhi,Saket,9,9,5.86,108
2026-07-27,19,Delhi,Saket,6,6,6.81,72
2026-07-27,20,Delhi,Saket,6,6,5.99,72
2026-07-27,8,Mumbai,Bandra,9,9,5.8,108
2026-07-27,10,Mumbai,Bandra,9,9,5.83,108
2026-07-27,13,Mumbai,Bandra,7,7,6.75,84
2026-07-27,15,Mumbai,Bandra,6,6,5.9,72
2026-07-27,16,Mumbai,Bandra,6,6,6.67,72
2026-07-27,17,Mumbai,Bandra,7,7,7.13,84
2026-07-27,18,Mumbai,Bandra,4,7,8.43,48
2026-07-27,7,Mumbai,Andheri,7,7,6.83,84
2026-07-27,8,Mumbai,Andheri,8,8,6.24,96
2026-07-27,9,Mumbai,Andheri,9,9,5.56,108
2026-07-27,10,Mumbai,Andheri,6,6,5.84,72
2026-07-27,11,Mumbai,Andheri,7,7,6.9,84
2026-07-27,12,Mumbai,Andheri,9,9,6.91,108
2026-07-27,13,Mumbai,Andheri,7,7,6.79,84
2026-07-27,14,Mumbai,Andheri,7,7,6.02,84
2026-07-27,15,Mumbai,Andheri,6,6,5.9,72
2026-07-27,16,Mumbai,Andheri,7,7,5.49,84
2026-07-27,17,Mumbai,Andheri,7,7,6.1,84
2026-07-27,18,Mumbai,Andheri,9,9,6.37,108
2026-07-27,19,Mumbai,Andheri,9,9,6.02,108
2026-07-27,20,Mumbai,Andheri,8,8,6.53,96
2026-07-27,7,Bengaluru,Indiranagar,6,6,6.3,72
2026-07-27,8,Bengaluru,Indiranagar,9,9,5.86,108
2026-07-27,9,Bengaluru,Indiranagar,9,9,6.31,108
2026-07-27,10,Bengaluru,Indiranagar,7,7,6.57,84
2026-07-27,11,Bengaluru,Indiranagar,9,9,6.37,108
2026-07-27,12,Bengaluru,Indiranagar,8,8,6.53,96
2026-07-27,13,Bengaluru,Indiranagar,7,7,6.77,84
2026-07-27,14,Bengaluru,Indiranagar,7,7,5.8,84
2026-07-27,15,Bengaluru,Indiranagar,9,9,7.02,108
2026-07-27,16,Bengaluru,Indiranagar,7,7,6.68,84
2026-07-27,17,Bengaluru,Indiranagar,9,9,6.23,108
2026-07-27,18,Bengaluru,Indiranagar,9,9,6.79,108
2026-07-27,19,Bengaluru,Indiranagar,8,8,6.16,96
2026-07-27,20,Bengaluru,Indiranagar,7,7,6.14,84
2026-07-27,7,Bengaluru,Koramangala,6,6,5.69,72
2026-07-27,8,Bengaluru,Koramangala,8,8,6.55,96
2026-07-27,9,Bengaluru,Koramangala,6,6,6.3,72
2026-07-27,10,Bengaluru,Koramangala,7,7,6.21,84
2026-07-27,11,Bengaluru,Koramangala,9,9,6.29,108
2026-07-27,12,Bengaluru,Koramangala,6,6,6.88,72
2026-07-27,13,Bengaluru,Koramangala,9,9,5.98,108
2026-07-27,14,Bengaluru,Koramangala,7,7,6.85,84
2026-07-27,15,Bengaluru,Koramangala,9,9,6.37,108
2026-07-27,16,Bengaluru,Koramangala,8,8,6.64,96
2026-07-27,17,Bengaluru,Koramangala,6,6,5.75,72
2026-07-27,18,Bengaluru,Koramangala,9,9,6.31,108
2026-07-27,19,Bengaluru,Koramangala,9,9,7.13,108
2026-07-27,20,Bengaluru,Koramangala,9,9,5.99,108
2026-07-27,7,Hyderabad,Banjara Hills,8,8,6.38,96
2026-07-27,8,Hyderabad,Banjara Hills,6,6,6.79,72
2026-07-27,9,Hyderabad,Banjara Hills,7,7,5.66,84
2026-07-27,10,Hyderabad,Banjara Hills,7,7,6.86,84
2026-07-27,11,Hyderabad,Banjara Hills,8,8,6.62,96
2026-07-27,12,Hyderabad,Banjara Hills,7,7,6.64,84
2026-07-27,13,Hyderabad,Banjara Hills,7,7,6.15,84
2026-07-27,14,Hyderabad,Banjara Hills,7,7,6.04,84
2026-07-27,15,Hyderabad,Banjara Hills,8,8,5.9,96
2026-07-27,16,Hyderabad,Banjara Hills,7,7,6.32,84
2026-07-27,17,Hyderabad,Banjara Hills,7,7,5.84,84
2026-07-27,18,Hyderabad,Banjara Hills,7,7,6.32,84
2026-07-27,19,Hyderabad,Banjara Hills,7,7,6.28,84
2026-07-27,20,Hyderabad,Banjara Hills,8,8,5.85,96
2026-07-27,7,Hyderabad,Gachibowli,7,7,5.99,84
2026-07-27,8,Hyderabad,Gachibowli,8,8,6.89,96
2026-07-27,9,Hyderabad,Gachibowli,8,8,6.34,96
2026-07-27,10,Hyderabad,Gachibowli,9,9,6.92,108
2026-07-27,11,Hyderabad,Gachibowli,9,9,5.88,108
2026-07-27,12,Hyderabad,Gachibowli,9,9,6.17,108
2026-07-27,13,Hyderabad,Gachibowli,6,6,7.36,72
2026-07-27,14,Hyderabad,Gachibowli,8,8,5.94,96
2026-07-27,15,Hyderabad,Gachibowli,8,8,5.93,96
2026-07-27,16,Hyderabad,Gachibowli,7,7,6.39,84
2026-07-27,17,Hyderabad,Gachibowli,9,9,6.02,108
2026-07-27,18,Hyderabad,Gachibowli,8,8,6.31,96
2026-07-27,19,Hyderabad,Gachibowli,9,9,6.31,108
2026-07-27,20,Hyderabad,Gachibowli,8,8,6.43,96
2026-07-28,7,Ahmedabad,Satellite,7,7,6.02,84
2026-07-28,8,Ahmedabad,Satellite,8,8,5.99,96
2026-07-28,9,Ahmedabad,Satellite,7,7,6.09,84
2026-07-28,10,Ahmedabad,Satellite,8,8,5.57,96
2026-07-28,11,Ahmedabad,Satellite,9,9,6.39,108
2026-07-28,12,Ahmedabad,Satellite,9,9,6.23,108
2026-07-28,13,Ahmedabad,Satellite,9,9,6.4,108
2026-07-28,14,Ahmedabad,Satellite,8,8,5.77,96
2026-07-28,15,Ahmedabad,Satellite,7,7,6.52,84
2026-07-28,16,Ahmedabad,Satellite,8,8,5.66,96
2026-07-28,17,Ahmedabad,Satellite,6,6,5.81,72
2026-07-28,18,Ahmedabad,Satellite,7,7,5.84,84
2026-07-28,19,Ahmedabad,Satellite,9,9,6.51,108
2026-07-28,20,Ahmedabad,Satellite,6,6,6.61,72
2026-07-28,7,Ahmedabad,Navrangpura,9,9,6.09,108
2026-07-28,8,Ahmedabad,Navrangpura,8,8,6.34,96
2026-07-28,9,Ahmedabad,Navrangpura,7,7,6.37,84
2026-07-28,10,Ahmedabad,Navrangpura,7,7,6.33,84
2026-07-28,11,Ahmedabad,Navrangpura,9,9,6.16,108
2026-07-28,12,Ahmedabad,Navrangpura,6,6,5.56,72
2026-07-28,13,Ahmedabad,Navrangpura,7,7,6.42,84
2026-07-28,14,Ahmedabad,Navrangpura,9,9,5.38,108
2026-07-28,15,Ahmedabad,Navrangpura,6,6,6.28,72
2026-07-28,16,Ahmedabad,Navrangpura,9,9,5.93,108
2026-07-28,17,Ahmedabad,Navrangpura,9,9,6.02,108
2026-07-28,18,Ahmedabad,Navrangpura,8,8,5.93,96
2026-07-28,19,Ahmedabad,Navrangpura,9,9,6.98,108
2026-07-28,20,Ahmedabad,Navrangpura,9,9,6.45,108
2026-07-28,7,Jaipur,C-Scheme,8,8,6.39,96
2026-07-28,8,Jaipur,C-Scheme,9,9,6.53,108
2026-07-28,9,Jaipur,C-Scheme,6,6,6.23,72
2026-07-28,10,Jaipur,C-Scheme,9,9,6.27,108
2026-07-28,11,Jaipur,C-Scheme,9,9,6.28,108
2026-07-28,12,Jaipur,C-Scheme,7,7,6.44,84
2026-07-28,13,Jaipur,C-Scheme,6,6,6.18,72
2026-07-28,14,Jaipur,C-Scheme,7,7,6.14,84
2026-07-28,15,Jaipur,C-Scheme,6,6,6.73,72
2026-07-28,16,Jaipur,C-Scheme,9,9,6.18,108
2026-07-28,17,Jaipur,C-Scheme,7,7,6.24,84
2026-07-28,18,Jaipur,C-Scheme,7,7,6.73,84
2026-07-28,19,Jaipur,C-Scheme,9,9,6.42,108
2026-07-28,20,Jaipur,C-Scheme,7,7,5.8,84
2026-07-28,7,Jaipur,Malviya Nagar,9,9,6.24,108
2026-07-28,8,Jaipur,Malviya Nagar,8,8,5.71,96
2026-07-28,9,Jaipur,Malviya Nagar,9,9,6.39,108
2026-07-28,10,Jaipur,Malviya Nagar,9,9,6.21,108
2026-07-28,11,Jaipur,Malviya Nagar,6,6,6.54,72
2026-07-28,12,Jaipur,Malviya Nagar,9,9,6.36,108
2026-07-28,13,Jaipur,Malviya Nagar,6,6,6.17,72
2026-07-28,14,Jaipur,Malviya Nagar,7,7,6.71,84
2026-07-28,15,Jaipur,Malviya Nagar,9,9,6.82,108
2026-07-28,16,Jaipur,Malviya Nagar,8,8,6.21,96
2026-07-28,17,Jaipur,Malviya Nagar,7,7,5.86,84
2026-07-28,18,Jaipur,Malviya Nagar,7,7,6.29,84
2026-07-28,19,Jaipur,Malviya Nagar,9,9,6.86,108
2026-07-28,20,Jaipur,Malviya Nagar,9,9,5.95,108
2026-07-28,7,Delhi,Connaught Place,9,9,6.53,108
2026-07-28,8,Delhi,Connaught Place,6,6,6.77,72
2026-07-28,9,Delhi,Connaught Place,8,8,6.72,96
2026-07-28,10,Delhi,Connaught Place,7,7,6.27,84
2026-07-28,11,Delhi,Connaught Place,9,9,7.1,108
2026-07-28,12,Delhi,Connaught Place,6,6,6.98,72
2026-07-28,13,Delhi,Connaught Place,9,9,6.74,108
2026-07-28,14,Delhi,Connaught Place,6,6,6.64,72
2026-07-28,15,Delhi,Connaught Place,6,6,6.28,72
2026-07-28,16,Delhi,Connaught Place,6,6,6.9,72
2026-07-28,17,Delhi,Connaught Place,8,8,6.27,96
2026-07-28,18,Delhi,Connaught Place,7,7,6.9,84
2026-07-28,19,Delhi,Connaught Place,6,6,6.6,72
2026-07-28,20,Delhi,Connaught Place,7,7,6.45,84
2026-07-28,7,Delhi,Saket,6,6,6.55,72
2026-07-28,8,Delhi,Saket,7,7,6.82,84
2026-07-28,9,Delhi,Saket,6,6,6.12,72
2026-07-28,10,Delhi,Saket,7,7,6.44,84
2026-07-28,11,Delhi,Saket,6,6,6.25,72
2026-07-28,12,Delhi,Saket,7,7,5.78,84
2026-07-28,13,Delhi,Saket,7,7,5.96,84
2026-07-28,14,Delhi,Saket,7,7,6.12,84
2026-07-28,15,Delhi,Saket,7,7,6.71,84
2026-07-28,16,Delhi,Saket,9,9,6.19,108
2026-07-28,17,Delhi,Saket,8,8,5.85,96
2026-07-28,18,Delhi,Saket,8,8,6.16,96
2026-07-28,19,Delhi,Saket,6,6,6.62,72
2026-07-28,20,Delhi,Saket,7,7,6.76,84
2026-07-28,7,Mumbai,Bandra,7,7,6.7,84
2026-07-28,8,Mumbai,Bandra,8,8,5.63,96
2026-07-28,9,Mumbai,Bandra,7,7,5.76,84
2026-07-28,10,Mumbai,Bandra,8,8,6.48,96
2026-07-28,12,Mumbai,Bandra,8,8,5.64,96
2026-07-28,13,Mumbai,Bandra,6,6,6.59,72
2026-07-28,15,Mumbai,Bandra,8,8,5.42,96
2026-07-28,18,Mumbai,Bandra,3,6,8.19,36
2026-07-28,7,Mumbai,Andheri,7,7,6.45,84
2026-07-28,8,Mumbai,Andheri,6,6,6.3,72
2026-07-28,9,Mumbai,Andheri,9,9,5.59,108
2026-07-28,10,Mumbai,Andheri,8,8,6.51,96
2026-07-28,11,Mumbai,Andheri,7,7,6.2,84
2026-07-28,12,Mumbai,Andheri,6,6,6.71,72
2026-07-28,13,Mumbai,Andheri,7,7,6.28,84
2026-07-28,14,Mumbai,Andheri,9,9,6.36,108
2026-07-28,15,Mumbai,Andheri,6,6,6.65,72
2026-07-28,16,Mumbai,Andheri,7,7,6.89,84
2026-07-28,17,Mumbai,Andheri,8,8,6.03,96
2026-07-28,18,Mumbai,Andheri,9,9,6.17,108
2026-07-28,19,Mumbai,Andheri,8,8,5.77,96
2026-07-28,20,Mumbai,Andheri,6,6,6.49,72
2026-07-28,7,Bengaluru,Indiranagar,9,9,6.4,108
2026-07-28,8,Bengaluru,Indiranagar,7,7,6.44,84
2026-07-28,9,Bengaluru,Indiranagar,6,6,6.11,72
2026-07-28,10,Bengaluru,Indiranagar,9,9,6.18,108
2026-07-28,11,Bengaluru,Indiranagar,6,6,5.72,72
2026-07-28,12,Bengaluru,Indiranagar,8,8,5.93,96
2026-07-28,13,Bengaluru,Indiranagar,8,8,6.72,96
2026-07-28,14,Bengaluru,Indiranagar,7,7,6.4,84
2026-07-28,15,Bengaluru,Indiranagar,7,7,6.25,84
2026-07-28,16,Bengaluru,Indiranagar,7,7,6.3,84
2026-07-28,17,Bengaluru,Indiranagar,7,7,6.23,84
2026-07-28,18,Bengaluru,Indiranagar,6,6,6.05,72
2026-07-28,19,Bengaluru,Indiranagar,9,9,6.06,108
2026-07-28,20,Bengaluru,Indiranagar,9,9,6.63,108
2026-07-28,7,Bengaluru,Koramangala,8,8,5.99,96
2026-07-28,8,Bengaluru,Koramangala,9,9,5.61,108
2026-07-28,9,Bengaluru,Koramangala,6,6,6.33,72
2026-07-28,10,Bengaluru,Koramangala,7,7,5.76,84
2026-07-28,11,Bengaluru,Koramangala,6,6,5.91,72
2026-07-28,12,Bengaluru,Koramangala,8,8,6.11,96
2026-07-28,13,Bengaluru,Koramangala,8,8,6.58,96
2026-07-28,14,Bengaluru,Koramangala,8,8,5.97,96
2026-07-28,15,Bengaluru,Koramangala,7,7,7.25,84
2026-07-28,16,Bengaluru,Koramangala,9,9,6.35,108
2026-07-28,17,Bengaluru,Koramangala,6,6,6.26,72
2026-07-28,18,Bengaluru,Koramangala,9,9,6.57,108
2026-07-28,19,Bengaluru,Koramangala,7,7,5.9,84
2026-07-28,20,Bengaluru,Koramangala,9,9,6.14,108
2026-07-28,7,Hyderabad,Banjara Hills,7,7,6.19,84
2026-07-28,8,Hyderabad,Banjara Hills,8,8,7.03,96
2026-07-28,9,Hyderabad,Banjara Hills,7,7,6.27,84
2026-07-28,10,Hyderabad,Banjara Hills,8,8,6.8,96
2026-07-28,11,Hyderabad,Banjara Hills,9,9,5.64,108
2026-07-28,12,Hyderabad,Banjara Hills,6,6,6.97,72
2026-07-28,13,Hyderabad,Banjara Hills,9,9,5.4,108
2026-07-28,14,Hyderabad,Banjara Hills,9,9,5.66,108
2026-07-28,15,Hyderabad,Banjara Hills,9,9,5.67,108
2026-07-28,16,Hyderabad,Banjara Hills,9,9,6.84,108
2026-07-28,17,Hyderabad,Banjara Hills,6,6,6.53,72
2026-07-28,18,Hyderabad,Banjara Hills,7,7,6.59,84
2026-07-28,19,Hyderabad,Banjara Hills,6,6,6.51,72
2026-07-28,20,Hyderabad,Banjara Hills,9,9,6.43,108
2026-07-28,7,Hyderabad,Gachibowli,8,8,5.87,96
2026-07-28,8,Hyderabad,Gachibowli,8,8,6.44,96
2026-07-28,9,Hyderabad,Gachibowli,7,7,6.67,84
2026-07-28,10,Hyderabad,Gachibowli,7,7,6.38,84
2026-07-28,11,Hyderabad,Gachibowli,6,6,5.25,72
2026-07-28,12,Hyderabad,Gachibowli,9,9,5.85,108
2026-07-28,13,Hyderabad,Gachibowli,9,9,6.57,108
2026-07-28,14,Hyderabad,Gachibowli,8,8,5.92,96
2026-07-28,15,Hyderabad,Gachibowli,8,8,6.19,96
2026-07-28,16,Hyderabad,Gachibowli,6,6,5.89,72
2026-07-28,17,Hyderabad,Gachibowli,8,8,5.92,96
2026-07-28,18,Hyderabad,Gachibowli,7,7,5.83,84
2026-07-28,19,Hyderabad,Gachibowli,8,8,6.51,96
2026-07-28,20,Hyderabad,Gachibowli,8,8,6.51,96
2026-07-29,7,Ahmedabad,Satellite,7,7,6.49,84
2026-07-29,8,Ahmedabad,Satellite,8,8,5.87,96
2026-07-29,9,Ahmedabad,Satellite,9,9,5.85,108
2026-07-29,10,Ahmedabad,Satellite,9,9,6.11,108
2026-07-29,11,Ahmedabad,Satellite,7,7,6.24,84
2026-07-29,12,Ahmedabad,Satellite,9,9,5.58,108
2026-07-29,13,Ahmedabad,Satellite,8,8,6.29,96
2026-07-29,14,Ahmedabad,Satellite,8,8,6.06,96
2026-07-29,15,Ahmedabad,Satellite,6,6,6.82,72
2026-07-29,16,Ahmedabad,Satellite,9,9,5.85,108
2026-07-29,17,Ahmedabad,Satellite,6,6,6.93,72
2026-07-29,18,Ahmedabad,Satellite,8,8,6.25,96
2026-07-29,19,Ahmedabad,Satellite,6,6,6.24,72
2026-07-29,20,Ahmedabad,Satellite,6,6,6.64,72
2026-07-29,7,Ahmedabad,Navrangpura,6,6,6.81,72
2026-07-29,8,Ahmedabad,Navrangpura,9,9,6.06,108
2026-07-29,9,Ahmedabad,Navrangpura,7,7,6.62,84
2026-07-29,10,Ahmedabad,Navrangpura,9,9,6.34,108
2026-07-29,11,Ahmedabad,Navrangpura,8,8,5.54,96
2026-07-29,12,Ahmedabad,Navrangpura,6,6,6.16,72
2026-07-29,13,Ahmedabad,Navrangpura,7,7,5.99,84
2026-07-29,14,Ahmedabad,Navrangpura,6,6,6.58,72
2026-07-29,15,Ahmedabad,Navrangpura,7,7,6.22,84
2026-07-29,16,Ahmedabad,Navrangpura,9,9,6.84,108
2026-07-29,17,Ahmedabad,Navrangpura,6,6,6.19,72
2026-07-29,18,Ahmedabad,Navrangpura,8,8,6.22,96
2026-07-29,19,Ahmedabad,Navrangpura,7,7,6.61,84
2026-07-29,20,Ahmedabad,Navrangpura,7,7,5.71,84
2026-07-29,7,Jaipur,C-Scheme,7,7,6.33,84
2026-07-29,8,Jaipur,C-Scheme,6,6,6.52,72
2026-07-29,9,Jaipur,C-Scheme,7,7,6.1,84
2026-07-29,10,Jaipur,C-Scheme,7,7,5.81,84
2026-07-29,11,Jaipur,C-Scheme,6,6,6.44,72
2026-07-29,12,Jaipur,C-Scheme,7,7,6.65,84
2026-07-29,13,Jaipur,C-Scheme,8,8,5.97,96
2026-07-29,14,Jaipur,C-Scheme,6,6,5.69,72
2026-07-29,15,Jaipur,C-Scheme,9,9,6.13,108
2026-07-29,16,Jaipur,C-Scheme,6,6,6.25,72
2026-07-29,17,Jaipur,C-Scheme,9,9,5.62,108
2026-07-29,18,Jaipur,C-Scheme,7,7,6.43,84
2026-07-29,19,Jaipur,C-Scheme,7,7,6.39,84
2026-07-29,20,Jaipur,C-Scheme,8,8,6.08,96
2026-07-29,7,Jaipur,Malviya Nagar,6,6,6.71,72
2026-07-29,8,Jaipur,Malviya Nagar,7,7,6.25,84
2026-07-29,9,Jaipur,Malviya Nagar,9,9,6.6,108
2026-07-29,10,Jaipur,Malviya Nagar,7,7,6.86,84
2026-07-29,11,Jaipur,Malviya Nagar,8,8,6.68,96
2026-07-29,12,Jaipur,Malviya Nagar,7,7,5.99,84
2026-07-29,13,Jaipur,Malviya Nagar,7,7,7.17,84
2026-07-29,14,Jaipur,Malviya Nagar,8,8,5.87,96
2026-07-29,15,Jaipur,Malviya Nagar,8,8,5.54,96
2026-07-29,16,Jaipur,Malviya Nagar,6,6,5.96,72
2026-07-29,17,Jaipur,Malviya Nagar,6,6,6.03,72
2026-07-29,18,Jaipur,Malviya Nagar,9,9,6.42,108
2026-07-29,19,Jaipur,Malviya Nagar,9,9,5.9,108
2026-07-29,20,Jaipur,Malviya Nagar,6,6,5.98,72
2026-07-29,7,Delhi,Connaught Place,9,9,6.98,108
2026-07-29,8,Delhi,Connaught Place,9,9,6.8,108
2026-07-29,9,Delhi,Connaught Place,8,8,6.78,96
2026-07-29,10,Delhi,Connaught Place,9,9,7.04,108
2026-07-29,11,Delhi,Connaught Place,6,6,6.73,72
2026-07-29,12,Delhi,Connaught Place,8,8,6.39,96
2026-07-29,13,Delhi,Connaught Place,8,8,6.34,96
2026-07-29,14,Delhi,Connaught Place,8,8,6.48,96
2026-07-29,15,Delhi,Connaught Place,8,8,6.74,96
2026-07-29,16,Delhi,Connaught Place,6,6,5.7,72
2026-07-29,17,Delhi,Connaught Place,6,6,6.34,72
2026-07-29,18,Delhi,Connaught Place,6,6,6.93,72
2026-07-29,19,Delhi,Connaught Place,7,7,6.06,84
2026-07-29,20,Delhi,Connaught Place,9,9,5.69,108
2026-07-29,7,Delhi,Saket,7,7,6.69,84
2026-07-29,8,Delhi,Saket,8,8,6.09,96
2026-07-29,9,Delhi,Saket,9,9,6.24,108
2026-07-29,10,Delhi,Saket,9,9,7.11,108
2026-07-29,11,Delhi,Saket,6,6,6.51,72
2026-07-29,12,Delhi,Saket,7,7,6.93,84
2026-07-29,13,Delhi,Saket,9,9,7.07,108
2026-07-29,14,Delhi,Saket,8,8,6.04,96
2026-07-29,15,Delhi,Saket,9,9,6.78,108
2026-07-29,16,Delhi,Saket,6,6,6.29,72
2026-07-29,17,Delhi,Saket,9,9,5.9,108
2026-07-29,18,Delhi,Saket,9,9,5.36,108
2026-07-29,19,Delhi,Saket,9,9,6.49,108
2026-07-29,20,Delhi,Saket,8,8,6.33,96
2026-07-29,9,Mumbai,Bandra,7,7,6.36,84
2026-07-29,12,Mumbai,Bandra,7,7,6.28,84
2026-07-29,13,Mumbai,Bandra,7,7,6.13,84
2026-07-29,14,Mumbai,Bandra,9,9,6.1,108
2026-07-29,15,Mumbai,Bandra,9,9,6.91,108
2026-07-29,17,Mumbai,Bandra,6,6,6.65,72
2026-07-29,18,Mumbai,Bandra,3,6,8.1,36
2026-07-29,7,Mumbai,Andheri,6,6,6.39,72
2026-07-29,8,Mumbai,Andheri,7,7,5.96,84
2026-07-29,9,Mumbai,Andheri,7,7,5.97,84
2026-07-29,10,Mumbai,Andheri,9,9,6.67,108
2026-07-29,11,Mumbai,Andheri,6,6,6.61,72
2026-07-29,12,Mumbai,Andheri,7,7,6.48,84
2026-07-29,13,Mumbai,Andheri,8,8,6.61,96
2026-07-29,14,Mumbai,Andheri,8,8,6.53,96
2026-07-29,15,Mumbai,Andheri,8,8,6.32,96
2026-07-29,16,Mumbai,Andheri,6,6,6.62,72
2026-07-29,17,Mumbai,Andheri,8,8,6.74,96
2026-07-29,18,Mumbai,Andheri,8,8,6.53,96
2026-07-29,19,Mumbai,Andheri,6,6,6.91,72
2026-07-29,20,Mumbai,Andheri,6,6,5.78,72
2026-07-29,7,Bengaluru,Indiranagar,9,9,6.03,108
2026-07-29,8,Bengaluru,Indiranagar,9,9,6.44,108
2026-07-29,9,Bengaluru,Indiranagar,6,6,5.91,72
2026-07-29,10,Bengaluru,Indiranagar,6,6,7.62,72
2026-07-29,11,Bengaluru,Indiranagar,7,7,6.44,84
2026-07-29,12,Bengaluru,Indiranagar,8,8,6.3,96
2026-07-29,13,Bengaluru,Indiranagar,8,8,5.98,96
2026-07-29,14,Bengaluru,Indiranagar,9,9,6.73,108
2026-07-29,15,Bengaluru,Indiranagar,8,8,5.59,96
2026-07-29,16,Bengaluru,Indiranagar,9,9,5.85,108
2026-07-29,17,Bengaluru,Indiranagar,8,8,6.8,96
2026-07-29,18,Bengaluru,Indiranagar,7,7,5.5,84
2026-07-29,19,Bengaluru,Indiranagar,8,8,5.51,96
2026-07-29,20,Bengaluru,Indiranagar,8,8,6.29,96
2026-07-29,7,Bengaluru,Koramangala,9,9,6.66,108
2026-07-29,8,Bengaluru,Koramangala,6,6,6.52,72
2026-07-29,9,Bengaluru,Koramangala,7,7,6.18,84
2026-07-29,10,Bengaluru,Koramangala,9,9,6.22,108
2026-07-29,11,Bengaluru,Koramangala,8,8,5.89,96
2026-07-29,12,Bengaluru,Koramangala,9,9,6.68,108
2026-07-29,13,Bengaluru,Koramangala,6,6,6.34,72
2026-07-29,14,Bengaluru,Koramangala,6,6,6.8,72
2026-07-29,15,Bengaluru,Koramangala,8,8,6.59,96
2026-07-29,16,Bengaluru,Koramangala,7,7,5.83,84
2026-07-29,17,Bengaluru,Koramangala,6,6,6.52,72
2026-07-29,18,Bengaluru,Koramangala,7,7,6.69,84
2026-07-29,19,Bengaluru,Koramangala,9,9,7.17,108
2026-07-29,20,Bengaluru,Koramangala,8,8,7.1,96
2026-07-29,7,Hyderabad,Banjara Hills,6,6,6.77,72
2026-07-29,8,Hyderabad,Banjara Hills,7,7,6.18,84
2026-07-29,9,Hyderabad,Banjara Hills,6,6,6.62,72
2026-07-29,10,Hyderabad,Banjara Hills,7,7,5.93,84
2026-07-29,11,Hyderabad,Banjara Hills,8,8,6.72,96
2026-07-29,12,Hyderabad,Banjara Hills,9,9,6.39,108
2026-07-29,13,Hyderabad,Banjara Hills,6,6,6.7,72
2026-07-29,14,Hyderabad,Banjara Hills,9,9,6.41,108
2026-07-29,15,Hyderabad,Banjara Hills,6,6,5.69,72
2026-07-29,16,Hyderabad,Banjara Hills,8,8,6.68,96
2026-07-29,17,Hyderabad,Banjara Hills,6,6,7.4,72
2026-07-29,18,Hyderabad,Banjara Hills,6,6,6.26,72
2026-07-29,19,Hyderabad,Banjara Hills,6,6,6.43,72
2026-07-29,20,Hyderabad,Banjara Hills,6,6,6.56,72
2026-07-29,7,Hyderabad,Gachibowli,9,9,6.27,108
2026-07-29,8,Hyderabad,Gachibowli,9,9,6.63,108
2026-07-29,9,Hyderabad,Gachibowli,8,8,6.62,96
2026-07-29,10,Hyderabad,Gachibowli,6,6,6.34,72
2026-07-29,11,Hyderabad,Gachibowli,8,8,6.76,96
2026-07-29,12,Hyderabad,Gachibowli,6,6,6.21,72
2026-07-29,13,Hyderabad,Gachibowli,9,9,6.19,108
2026-07-29,14,Hyderabad,Gachibowli,6,6,5.97,72
2026-07-29,15,Hyderabad,Gachibowli,7,7,6.26,84
2026-07-29,16,Hyderabad,Gachibowli,7,7,6.38,84
2026-07-29,17,Hyderabad,Gachibowli,7,7,5.84,84
2026-07-29,18,Hyderabad,Gachibowli,9,9,6.34,108
2026-07-29,19,Hyderabad,Gachibowli,8,8,6.07,96
2026-07-29,20,Hyderabad,Gachibowli,6,6,6.51,72
2026-07-30,7,Ahmedabad,Satellite,7,7,5.56,84
2026-07-30,8,Ahmedabad,Satellite,8,8,6.41,96
2026-07-30,9,Ahmedabad,Satellite,8,8,6.16,96
2026-07-30,10,Ahmedabad,Satellite,7,7,6.85,84
2026-07-30,11,Ahmedabad,Satellite,8,8,7.01,96
2026-07-30,12,Ahmedabad,Satellite,8,8,6.53,96
2026-07-30,13,Ahmedabad,Satellite,9,9,6.42,108
2026-07-30,14,Ahmedabad,Satellite,6,6,5.75,72
2026-07-30,15,Ahmedabad,Satellite,6,6,6.71,72
2026-07-30,16,Ahmedabad,Satellite,6,6,6.7,72
2026-07-30,17,Ahmedabad,Satellite,6,6,7.02,72
2026-07-30,18,Ahmedabad,Satellite,9,9,6.16,108
2026-07-30,19,Ahmedabad,Satellite,8,8,6.47,96
2026-07-30,20,Ahmedabad,Satellite,9,9,5.77,108
2026-07-30,7,Ahmedabad,Navrangpura,9,9,7.25,108
2026-07-30,8,Ahmedabad,Navrangpura,6,6,5.93,72
2026-07-30,9,Ahmedabad,Navrangpura,9,9,5.84,108
2026-07-30,10,Ahmedabad,Navrangpura,8,8,5.93,96
2026-07-30,11,Ahmedabad,Navrangpura,7,7,6.68,84
2026-07-30,12,Ahmedabad,Navrangpura,8,8,5.95,96
2026-07-30,13,Ahmedabad,Navrangpura,9,9,6.09,108
2026-07-30,14,Ahmedabad,Navrangpura,8,8,6.35,96
2026-07-30,15,Ahmedabad,Navrangpura,9,9,5.65,108
2026-07-30,16,Ahmedabad,Navrangpura,8,8,6.38,96
2026-07-30,17,Ahmedabad,Navrangpura,9,9,6.76,108
2026-07-30,18,Ahmedabad,Navrangpura,6,6,5.92,72
2026-07-30,19,Ahmedabad,Navrangpura,7,7,6.56,84
2026-07-30,20,Ahmedabad,Navrangpura,9,9,6.86,108
2026-07-30,7,Jaipur,C-Scheme,6,6,5.81,72
2026-07-30,8,Jaipur,C-Scheme,8,8,6.17,96
2026-07-30,9,Jaipur,C-Scheme,9,9,6.46,108
2026-07-30,10,Jaipur,C-Scheme,7,7,5.87,84
2026-07-30,11,Jaipur,C-Scheme,7,7,6.39,84
2026-07-30,12,Jaipur,C-Scheme,6,6,6.7,72
2026-07-30,13,Jaipur,C-Scheme,7,7,5.6,84
2026-07-30,14,Jaipur,C-Scheme,6,6,6.82,72
2026-07-30,15,Jaipur,C-Scheme,8,8,5.71,96
2026-07-30,16,Jaipur,C-Scheme,8,8,6.22,96
2026-07-30,17,Jaipur,C-Scheme,8,8,6.24,96
2026-07-30,18,Jaipur,C-Scheme,6,6,6.49,72
2026-07-30,19,Jaipur,C-Scheme,9,9,6.41,108
2026-07-30,20,Jaipur,C-Scheme,9,9,6.84,108
2026-07-30,7,Jaipur,Malviya Nagar,8,8,6.28,96
2026-07-30,8,Jaipur,Malviya Nagar,8,8,6.62,96
2026-07-30,9,Jaipur,Malviya Nagar,8,8,5.94,96
2026-07-30,10,Jaipur,Malviya Nagar,9,9,6.26,108
2026-07-30,11,Jaipur,Malviya Nagar,7,7,6.07,84
2026-07-30,12,Jaipur,Malviya Nagar,8,8,6.08,96
2026-07-30,13,Jaipur,Malviya Nagar,9,9,5.15,108
2026-07-30,14,Jaipur,Malviya Nagar,9,9,6.15,108
2026-07-30,15,Jaipur,Malviya Nagar,7,7,5.86,84
2026-07-30,16,Jaipur,Malviya Nagar,9,9,6.85,108
2026-07-30,17,Jaipur,Malviya Nagar,8,8,6.67,96
2026-07-30,18,Jaipur,Malviya Nagar,9,9,6.47,108
2026-07-30,19,Jaipur,Malviya Nagar,8,8,6.52,96
2026-07-30,20,Jaipur,Malviya Nagar,6,6,5.72,72
2026-07-30,7,Delhi,Connaught Place,6,6,6.98,72
2026-07-30,8,Delhi,Connaught Place,8,8,5.59,96
2026-07-30,9,Delhi,Connaught Place,6,6,6.64,72
2026-07-30,10,Delhi,Connaught Place,9,9,6.21,108
2026-07-30,11,Delhi,Connaught Place,6,6,6.18,72
2026-07-30,12,Delhi,Connaught Place,6,6,6.07,72
2026-07-30,13,Delhi,Connaught Place,8,8,6.26,96
2026-07-30,14,Delhi,Connaught Place,7,7,6.14,84
2026-07-30,15,Delhi,Connaught Place,9,9,6.43,108
2026-07-30,16,Delhi,Connaught Place,8,8,6.32,96
2026-07-30,17,Delhi,Connaught Place,6,6,6.41,72
2026-07-30,18,Delhi,Connaught Place,6,6,6.08,72
2026-07-30,19,Delhi,Connaught Place,8,8,6.57,96
2026-07-30,20,Delhi,Connaught Place,6,6,6.53,72
2026-07-30,7,Delhi,Saket,6,6,6.12,72
2026-07-30,8,Delhi,Saket,6,6,6.27,72
2026-07-30,9,Delhi,Saket,9,9,6.05,108
2026-07-30,10,Delhi,Saket,8,8,6.64,96
2026-07-30,11,Delhi,Saket,8,8,6.37,96
2026-07-30,12,Delhi,Saket,6,6,6.31,72
2026-07-30,13,Delhi,Saket,8,8,5.93,96
2026-07-30,14,Delhi,Saket,9,9,5.98,108
2026-07-30,15,Delhi,Saket,9,9,6.07,108
2026-07-30,16,Delhi,Saket,8,8,6.4,96
2026-07-30,17,Delhi,Saket,9,9,6.12,108
2026-07-30,18,Delhi,Saket,7,7,6.54,84
2026-07-30,19,Delhi,Saket,6,6,6.33,72
2026-07-30,20,Delhi,Saket,9,9,5.7,108
2026-07-30,7,Mumbai,Bandra,7,7,6.21,84
2026-07-30,10,Mumbai,Bandra,8,8,6.18,96
2026-07-30,12,Mumbai,Bandra,6,6,6.69,72
2026-07-30,14,Mumbai,Bandra,8,8,7.03,96
2026-07-30,15,Mumbai,Bandra,9,9,6.5,108
2026-07-30,16,Mumbai,Bandra,6,6,6.4,72
2026-07-30,17,Mumbai,Bandra,9,9,5.94,108
2026-07-30,20,Mumbai,Bandra,4,7,8.42,48
2026-07-30,7,Mumbai,Andheri,6,6,6.24,72
2026-07-30,8,Mumbai,Andheri,6,6,6.38,72
2026-07-30,9,Mumbai,Andheri,6,6,7.2,72
2026-07-30,10,Mumbai,Andheri,7,7,6.13,84
2026-07-30,11,Mumbai,Andheri,8,8,6.13,96
2026-07-30,12,Mumbai,Andheri,9,9,6.12,108
2026-07-30,13,Mumbai,Andheri,7,7,5.8,84
2026-07-30,14,Mumbai,Andheri,9,9,5.31,108
2026-07-30,15,Mumbai,Andheri,9,9,6.52,108
2026-07-30,16,Mumbai,Andheri,6,6,5.93,72
2026-07-30,17,Mumbai,Andheri,6,6,6.63,72
2026-07-30,18,Mumbai,Andheri,9,9,6.02,108
2026-07-30,19,Mumbai,Andheri,8,8,6.7,96
2026-07-30,20,Mumbai,Andheri,7,7,5.72,84
2026-07-30,7,Bengaluru,Indiranagar,9,9,6.45,108
2026-07-30,8,Bengaluru,Indiranagar,8,8,7.05,96
2026-07-30,9,Bengaluru,Indiranagar,6,6,6.14,72
2026-07-30,10,Bengaluru,Indiranagar,8,8,6.18,96
2026-07-30,11,Bengaluru,Indiranagar,6,6,6.16,72
2026-07-30,12,Bengaluru,Indiranagar,6,6,6.53,72
2026-07-30,13,Bengaluru,Indiranagar,6,6,6.73,72
2026-07-30,14,Bengaluru,Indiranagar,6,6,6.75,72
2026-07-30,15,Bengaluru,Indiranagar,7,7,6.14,84
2026-07-30,16,Bengaluru,Indiranagar,9,9,6.13,108
2026-07-30,17,Bengaluru,Indiranagar,6,6,6.34,72
2026-07-30,18,Bengaluru,Indiranagar,8,8,6.33,96
2026-07-30,19,Bengaluru,Indiranagar,9,9,5.57,108
2026-07-30,20,Bengaluru,Indiranagar,8,8,6.38,96
2026-07-30,7,Bengaluru,Koramangala,8,8,6.46,96
2026-07-30,8,Bengaluru,Koramangala,9,9,5.9,108
2026-07-30,9,Bengaluru,Koramangala,6,6,6.23,72
2026-07-30,10,Bengaluru,Koramangala,8,8,6.65,96
2026-07-30,11,Bengaluru,Koramangala,6,6,6.76,72
2026-07-30,12,Bengaluru,Koramangala,9,9,6.9,108
2026-07-30,13,Bengaluru,Koramangala,9,9,6.46,108
2026-07-30,14,Bengaluru,Koramangala,9,9,6.61,108
2026-07-30,15,Bengaluru,Koramangala,6,6,6.11,72
2026-07-30,16,Bengaluru,Koramangala,9,9,6.37,108
2026-07-30,17,Bengaluru,Koramangala,8,8,5.82,96
2026-07-30,18,Bengaluru,Koramangala,7,7,6.96,84
2026-07-30,19,Bengaluru,Koramangala,6,6,6.29,72
2026-07-30,20,Bengaluru,Koramangala,8,8,6.79,96
2026-07-30,7,Hyderabad,Banjara Hills,8,8,6.47,96
2026-07-30,8,Hyderabad,Banjara Hills,6,6,6.77,72
2026-07-30,9,Hyderabad,Banjara Hills,7,7,6.09,84
2026-07-30,10,Hyderabad,Banjara Hills,6,6,5.76,72
2026-07-30,11,Hyderabad,Banjara Hills,9,9,6.53,108
2026-07-30,12,Hyderabad,Banjara Hills,7,7,6.38,84
2026-07-30,13,Hyderabad,Banjara Hills,7,7,7.12,84
2026-07-30,14,Hyderabad,Banjara Hills,8,8,6.25,96
2026-07-30,15,Hyderabad,Banjara Hills,7,7,6.76,84
2026-07-30,16,Hyderabad,Banjara Hills,6,6,6.81,72
2026-07-30,17,Hyderabad,Banjara Hills,7,7,6.58,84
2026-07-30,18,Hyderabad,Banjara Hills,6,6,6.52,72
2026-07-30,19,Hyderabad,Banjara Hills,9,9,5.81,108
2026-07-30,20,Hyderabad,Banjara Hills,6,6,6.28,72
2026-07-30,7,Hyderabad,Gachibowli,6,6,6.41,72
2026-07-30,8,Hyderabad,Gachibowli,7,7,6.25,84
2026-07-30,9,Hyderabad,Gachibowli,8,8,5.46,96
2026-07-30,10,Hyderabad,Gachibowli,6,6,6.59,72
2026-07-30,11,Hyderabad,Gachibowli,7,7,6.21,84
2026-07-30,12,Hyderabad,Gachibowli,9,9,6.08,108
2026-07-30,13,Hyderabad,Gachibowli,8,8,5.92,96
2026-07-30,14,Hyderabad,Gachibowli,6,6,6.71,72
2026-07-30,15,Hyderabad,Gachibowli,6,6,6.55,72
2026-07-30,16,Hyderabad,Gachibowli,8,8,6.61,96
2026-07-30,17,Hyderabad,Gachibowli,8,8,6.62,96
2026-07-30,18,Hyderabad,Gachibowli,8,8,6.31,96
2026-07-30,19,Hyderabad,Gachibowli,8,8,6.63,96
2026-07-30,20,Hyderabad,Gachibowli,7,7,6.68,84
2026-07-31,7,Ahmedabad,Satellite,9,9,6.41,108
2026-07-31,8,Ahmedabad,Satellite,9,9,5.57,108
2026-07-31,9,Ahmedabad,Satellite,6,6,6.05,72
2026-07-31,10,Ahmedabad,Satellite,9,9,6.11,108
2026-07-31,11,Ahmedabad,Satellite,8,8,6.29,96
2026-07-31,12,Ahmedabad,Satellite,6,6,6.19,72
2026-07-31,13,Ahmedabad,Satellite,9,9,6.64,108
2026-07-31,14,Ahmedabad,Satellite,9,9,6.09,108
2026-07-31,15,Ahmedabad,Satellite,9,9,5.39,108
2026-07-31,16,Ahmedabad,Satellite,7,7,5.89,84
2026-07-31,17,Ahmedabad,Satellite,6,6,5.89,72
2026-07-31,18,Ahmedabad,Satellite,6,6,5.77,72
2026-07-31,19,Ahmedabad,Satellite,9,9,6.24,108
2026-07-31,20,Ahmedabad,Satellite,9,9,6.31,108
2026-07-31,7,Ahmedabad,Navrangpura,7,7,6.36,84
2026-07-31,8,Ahmedabad,Navrangpura,7,7,5.73,84
2026-07-31,9,Ahmedabad,Navrangpura,6,6,6.63,72
2026-07-31,10,Ahmedabad,Navrangpura,9,9,6.15,108
2026-07-31,11,Ahmedabad,Navrangpura,7,7,5.51,84
2026-07-31,12,Ahmedabad,Navrangpura,7,7,5.48,84
2026-07-31,13,Ahmedabad,Navrangpura,9,9,6.72,108
2026-07-31,14,Ahmedabad,Navrangpura,8,8,6.2,96
2026-07-31,15,Ahmedabad,Navrangpura,8,8,5.72,96
2026-07-31,16,Ahmedabad,Navrangpura,6,6,6.03,72
2026-07-31,17,Ahmedabad,Navrangpura,6,6,6.49,72
2026-07-31,18,Ahmedabad,Navrangpura,8,8,6.07,96
2026-07-31,19,Ahmedabad,Navrangpura,8,8,6.55,96
2026-07-31,20,Ahmedabad,Navrangpura,8,8,6.35,96
2026-07-31,7,Jaipur,C-Scheme,6,6,6.5,72
2026-07-31,8,Jaipur,C-Scheme,9,9,6.25,108
2026-07-31,9,Jaipur,C-Scheme,9,9,6.23,108
2026-07-31,10,Jaipur,C-Scheme,7,7,5.97,84
2026-07-31,11,Jaipur,C-Scheme,8,8,6.09,96
2026-07-31,12,Jaipur,C-Scheme,7,7,6.31,84
2026-07-31,13,Jaipur,C-Scheme,9,9,6.68,108
2026-07-31,14,Jaipur,C-Scheme,9,9,6.31,108
2026-07-31,15,Jaipur,C-Scheme,7,7,6.95,84
2026-07-31,16,Jaipur,C-Scheme,7,7,6.32,84
2026-07-31,17,Jaipur,C-Scheme,8,8,6.93,96
2026-07-31,18,Jaipur,C-Scheme,9,9,6.84,108
2026-07-31,19,Jaipur,C-Scheme,6,6,6.17,72
2026-07-31,20,Jaipur,C-Scheme,7,7,6.12,84
2026-07-31,7,Jaipur,Malviya Nagar,7,7,6.43,84
2026-07-31,8,Jaipur,Malviya Nagar,7,7,6.64,84
2026-07-31,9,Jaipur,Malviya Nagar,8,8,6.31,96
2026-07-31,10,Jaipur,Malviya Nagar,8,8,6.68,96
2026-07-31,11,Jaipur,Malviya Nagar,7,7,7.03,84
2026-07-31,12,Jaipur,Malviya Nagar,6,6,5.99,72
2026-07-31,13,Jaipur,Malviya Nagar,6,6,6.07,72
2026-07-31,14,Jaipur,Malviya Nagar,8,8,6.04,96
2026-07-31,15,Jaipur,Malviya Nagar,7,7,6.21,84
2026-07-31,16,Jaipur,Malviya Nagar,7,7,6.35,84
2026-07-31,17,Jaipur,Malviya Nagar,9,9,6.37,108
2026-07-31,18,Jaipur,Malviya Nagar,8,8,5.86,96
2026-07-31,19,Jaipur,Malviya Nagar,8,8,6.59,96
2026-07-31,20,Jaipur,Malviya Nagar,8,8,6.3,96
2026-07-31,7,Delhi,Connaught Place,9,9,6.42,108
2026-07-31,8,Delhi,Connaught Place,9,9,5.94,108
2026-07-31,9,Delhi,Connaught Place,9,9,6.24,108
2026-07-31,10,Delhi,Connaught Place,6,6,7.35,72
2026-07-31,11,Delhi,Connaught Place,8,8,5.23,96
2026-07-31,12,Delhi,Connaught Place,9,9,6.04,108
2026-07-31,13,Delhi,Connaught Place,8,8,6.01,96
2026-07-31,14,Delhi,Connaught Place,9,9,5.78,108
2026-07-31,15,Delhi,Connaught Place,6,6,5.87,72
2026-07-31,16,Delhi,Connaught Place,8,8,6.69,96
2026-07-31,17,Delhi,Connaught Place,6,6,6.73,72
2026-07-31,18,Delhi,Connaught Place,7,7,6.32,84
2026-07-31,19,Delhi,Connaught Place,8,8,6.18,96
2026-07-31,20,Delhi,Connaught Place,9,9,6.94,108
2026-07-31,7,Delhi,Saket,9,9,5.99,108
2026-07-31,8,Delhi,Saket,9,9,6.55,108
2026-07-31,9,Delhi,Saket,9,9,6.22,108
2026-07-31,10,Delhi,Saket,8,8,6.34,96
2026-07-31,11,Delhi,Saket,8,8,5.45,96
2026-07-31,12,Delhi,Saket,9,9,6.16,108
2026-07-31,13,Delhi,Saket,9,9,6.4,108
2026-07-31,14,Delhi,Saket,8,8,5.85,96
2026-07-31,15,Delhi,Saket,8,8,6.98,96
2026-07-31,16,Delhi,Saket,9,9,6.23,108
2026-07-31,17,Delhi,Saket,6,6,6.62,72
2026-07-31,18,Delhi,Saket,7,7,5.98,84
2026-07-31,19,Delhi,Saket,8,8,6.12,96
2026-07-31,20,Delhi,Saket,6,6,6.29,72
2026-07-31,7,Mumbai,Bandra,9,9,5.86,108
2026-07-31,9,Mumbai,Bandra,7,7,6.69,84
2026-07-31,11,Mumbai,Bandra,6,6,6.42,72
2026-07-31,12,Mumbai,Bandra,7,7,6.65,84
2026-07-31,13,Mumbai,Bandra,7,7,6.59,84
2026-07-31,14,Mumbai,Bandra,6,6,5.97,72
2026-07-31,15,Mumbai,Bandra,8,8,6.21,96
2026-07-31,16,Mumbai,Bandra,8,8,6.21,96
2026-07-31,19,Mumbai,Bandra,5,8,8.14,60
2026-07-31,7,Mumbai,Andheri,6,6,6.75,72
2026-07-31,8,Mumbai,Andheri,9,9,6.22,108
2026-07-31,9,Mumbai,Andheri,9,9,5.77,108
2026-07-31,10,Mumbai,Andheri,7,7,6.3,84
2026-07-31,11,Mumbai,Andheri,7,7,6.05,84
2026-07-31,12,Mumbai,Andheri,9,9,5.72,108
2026-07-31,13,Mumbai,Andheri,9,9,7.09,108
2026-07-31,14,Mumbai,Andheri,6,6,6.16,72
2026-07-31,15,Mumbai,Andheri,9,9,6.22,108
2026-07-31,16,Mumbai,Andheri,7,7,6.18,84
2026-07-31,17,Mumbai,Andheri,6,6,6.84,72
2026-07-31,18,Mumbai,Andheri,9,9,6.45,108
2026-07-31,19,Mumbai,Andheri,8,8,6.14,96
2026-07-31,20,Mumbai,Andheri,9,9,6.73,108
2026-07-31,7,Bengaluru,Indiranagar,8,8,6.42,96
2026-07-31,8,Bengaluru,Indiranagar,8,8,6.52,96
2026-07-31,9,Bengaluru,Indiranagar,6,6,6.36,72
2026-07-31,10,Bengaluru,Indiranagar,7,7,6.5,84
2026-07-31,11,Bengaluru,Indiranagar,8,8,6.64,96
2026-07-31,12,Bengaluru,Indiranagar,8,8,6.42,96
2026-07-31,13,Bengaluru,Indiranagar,6,6,6.34,72
2026-07-31,14,Bengaluru,Indiranagar,7,7,6.58,84
2026-07-31,15,Bengaluru,Indiranagar,6,6,6.54,72
2026-07-31,16,Bengaluru,Indiranagar,6,6,6.62,72
2026-07-31,17,Bengaluru,Indiranagar,8,8,7.06,96
2026-07-31,18,Bengaluru,Indiranagar,6,6,5.71,72
2026-07-31,19,Bengaluru,Indiranagar,8,8,6.36,96
2026-07-31,20,Bengaluru,Indiranagar,7,7,6.56,84
2026-07-31,7,Bengaluru,Koramangala,9,9,6.3,108
2026-07-31,8,Bengaluru,Koramangala,6,6,6.23,72
2026-07-31,9,Bengaluru,Koramangala,7,7,6.47,84
2026-07-31,10,Bengaluru,Koramangala,8,8,5.58,96
2026-07-31,11,Bengaluru,Koramangala,9,9,5.98,108
2026-07-31,12,Bengaluru,Koramangala,8,8,6.6,96
2026-07-31,13,Bengaluru,Koramangala,9,9,6.05,108
2026-07-31,14,Bengaluru,Koramangala,7,7,6.36,84
2026-07-31,15,Bengaluru,Koramangala,8,8,7.12,96
2026-07-31,16,Bengaluru,Koramangala,6,6,6.53,72
2026-07-31,17,Bengaluru,Koramangala,9,9,6.85,108
2026-07-31,18,Bengaluru,Koramangala,6,6,6.71,72
2026-07-31,19,Bengaluru,Koramangala,9,9,6.23,108
2026-07-31,20,Bengaluru,Koramangala,6,6,6.82,72
2026-07-31,7,Hyderabad,Banjara Hills,8,8,6.0,96
2026-07-31,8,Hyderabad,Banjara Hills,8,8,7.09,96
2026-07-31,9,Hyderabad,Banjara Hills,6,6,5.61,72
2026-07-31,10,Hyderabad,Banjara Hills,8,8,6.7,96
2026-07-31,11,Hyderabad,Banjara Hills,7,7,6.47,84
2026-07-31,12,Hyderabad,Banjara Hills,7,7,7.03,84
2026-07-31,13,Hyderabad,Banjara Hills,9,9,6.28,108
2026-07-31,14,Hyderabad,Banjara Hills,9,9,6.89,108
2026-07-31,15,Hyderabad,Banjara Hills,9,9,6.23,108
2026-07-31,16,Hyderabad,Banjara Hills,6,6,7.26,72
2026-07-31,17,Hyderabad,Banjara Hills,6,6,5.6,72
2026-07-31,18,Hyderabad,Banjara Hills,9,9,6.46,108
2026-07-31,19,Hyderabad,Banjara Hills,6,6,6.69,72
2026-07-31,20,Hyderabad,Banjara Hills,8,8,6.83,96
2026-07-31,7,Hyderabad,Gachibowli,9,9,6.79,108
2026-07-31,8,Hyderabad,Gachibowli,6,6,6.37,72
2026-07-31,9,Hyderabad,Gachibowli,9,9,6.39,108
2026-07-31,10,Hyderabad,Gachibowli,6,6,6.38,72
2026-07-31,11,Hyderabad,Gachibowli,9,9,6.45,108
2026-07-31,12,Hyderabad,Gachibowli,7,7,5.99,84
2026-07-31,13,Hyderabad,Gachibowli,9,9,6.28,108
2026-07-31,14,Hyderabad,Gachibowli,9,9,5.76,108
2026-07-31,15,Hyderabad,Gachibowli,8,8,6.2,96
2026-07-31,16,Hyderabad,Gachibowli,6,6,6.13,72
2026-07-31,17,Hyderabad,Gachibowli,7,7,6.0,84
2026-07-31,18,Hyderabad,Gachibowli,8,8,5.31,96
2026-07-31,19,Hyderabad,Gachibowli,9,9,6.29,108
2026-07-31,20,Hyderabad,Gachibowli,6,6,6.07,72
